id,year,stats_type,SOG,PPP,SHG,HIT,STP,FOL,SHA,GWG,P_M,GP,PPG,SHP,G,ATOI,PTS,STPA,PPA,PIM,TTOI,BLK,A,STPG,FOW,_25,DEF,HAT,MIN,FP,FP_AVG
2300,2023,projected,225.0,23.0,0.0,81.0,24.0,0.0,1.0,2.0,8.0,82.0,5.0,1.0,12.0,1506.0,65.0,19.0,18.0,44.0,123492.0,143.0,53.0,5.0,1.0,24.0,53.0,,,369.85,4.51
2300,2023,actual,255.0,23.0,0.0,40.0,23.0,0.0,0.0,2.0,19.0,82.0,4.0,0.0,18.0,1392.91,61.0,19.0,19.0,44.0,114219.0,86.0,43.0,4.0,1.0,2193.0,61.0,,,349.25,4.26
2300,2024,projected,207.0,16.0,1.0,42.0,16.0,0.0,0.0,0.0,21.0,82.0,3.0,1.0,11.0,1350.0,51.0,13.0,13.0,42.0,110700.0,85.0,40.0,3.0,0.0,2045.0,40.0,,,283.95,3.46
2300,2024,actual,185.0,20.0,1.0,33.0,21.0,0.0,0.0,0.0,19.0,82.0,4.0,1.0,10.0,1290.05,43.0,16.0,16.0,20.0,105784.0,87.0,33.0,5.0,0.0,2045.0,43.0,,,256.05,3.12
2300,2025,projected,198.0,21.0,1.0,42.0,23.0,,1.0,,19.0,82.0,4.0,2.0,12.0,1338.0,45.0,18.0,17.0,32.0,109716.0,85.0,33.0,5.0,,,45.0,,,274.7,3.35
2300,2025,actual,175.0,3.0,0.0,11.0,3.0,0.0,0.0,0.0,7.0,82.0,0.0,0.0,6.0,1257.33,29.0,3.0,3.0,28.0,103101.0,98.0,23.0,0.0,0.0,2071.0,29.0,,,202.35,2.47
2300,2026,projected,192.0,8.0,,29.0,8.0,,,,15.0,82.0,1.0,,7.0,1236.0,33.0,7.0,7.0,26.0,101352.0,91.0,26.0,1.0,,,33.0,,,219.9,2.68
2300,2026,actual,172.0,1.0,0.0,20.0,1.0,0.0,0.0,5.0,33.0,82.0,0.0,0.0,12.0,1132.57,35.0,1.0,1.0,32.0,92871.0,91.0,23.0,0.0,0.0,2018.0,35.0,,,229.0,2.79
2300,2027,projected,185.0,3.0,,23.0,3.0,,,,28.0,84.0,,,11.0,1112.19,35.0,3.0,3.0,30.0,93423.96,95.0,24.0,,,,35.0,,,228.55,2.72
2300,2027,actual,,,,,,,,,,,,,,,,,,,,,,,,,,,,,
3539,2023,projected,209.0,19.0,1.0,123.0,21.0,0.0,2.0,3.0,19.0,74.0,3.0,2.0,12.0,1524.0,54.0,18.0,16.0,44.0,112776.0,110.0,42.0,3.0,0.0,60.0,42.0,,,321.55,4.35
3539,2023,actual,161.0,21.0,1.0,162.0,22.0,0.0,0.0,3.0,-13.0,64.0,6.0,1.0,12.0,1491.45,41.0,15.0,15.0,30.0,95453.0,108.0,29.0,7.0,0.0,1731.0,41.0,,,278.95,4.36
3539,2024,projected,151.0,18.0,0.0,166.0,19.0,0.0,1.0,2.0,8.0,68.0,3.0,1.0,10.0,1380.0,44.0,16.0,15.0,36.0,93840.0,118.0,34.0,3.0,0.0,2254.0,34.0,,,276.85,4.07
3539,2024,actual,164.0,5.0,0.0,125.0,6.0,0.0,1.0,2.0,13.0,82.0,0.0,1.0,10.0,1481.3,51.0,6.0,5.0,62.0,121467.0,136.0,41.0,0.0,0.0,2254.0,51.0,,,321.0,3.91
3539,2025,projected,157.0,20.0,,151.0,20.0,,,,18.0,76.0,2.0,,10.0,1488.0,46.0,18.0,18.0,40.0,113088.0,117.0,36.0,2.0,,,46.0,,,291.85,3.84
3539,2025,actual,164.0,12.0,1.0,119.0,13.0,0.0,0.0,0.0,-15.0,74.0,4.0,1.0,9.0,1411.5,30.0,8.0,8.0,52.0,104451.0,99.0,21.0,5.0,0.0,2014.0,30.0,,,237.4,3.21
3539,2026,projected,165.0,15.0,1.0,125.0,17.0,,1.0,,-7.0,77.0,2.0,2.0,11.0,1428.0,44.0,14.0,13.0,54.0,109956.0,129.0,33.0,3.0,,,44.0,,,299.75,3.89
3539,2026,actual,104.0,10.0,0.0,95.0,10.0,0.0,0.0,2.0,-4.0,74.0,1.0,0.0,3.0,1300.95,34.0,9.0,9.0,38.0,96270.0,94.0,31.0,1.0,0.0,1667.0,34.0,,,214.0,2.89
3539,2027,projected,127.0,12.0,,117.0,12.0,,,,-4.0,83.0,2.0,,4.0,1333.02,39.0,10.0,10.0,47.0,110640.66,107.0,35.0,2.0,,,39.0,,,248.45,2.99
3539,2027,actual,,,,,,,,,,,,,,,,,,,,,,,,,,,,,
3995,2023,projected,144.0,21.0,0.0,128.0,23.0,0.0,2.0,2.0,6.0,80.0,5.0,2.0,11.0,1548.0,47.0,18.0,16.0,34.0,123840.0,119.0,36.0,5.0,0.0,70.0,36.0,,,283.3,3.54
3995,2023,actual,145.0,27.0,0.0,115.0,27.0,0.0,0.0,2.0,12.0,81.0,4.0,0.0,9.0,1573.74,52.0,23.0,23.0,34.0,127473.0,104.0,43.0,4.0,0.0,2061.0,52.0,,,299.25,3.69
3995,2024,projected,81.0,12.0,0.0,62.0,12.0,0.0,0.0,3.0,7.0,45.0,2.0,0.0,5.0,1536.0,29.0,10.0,10.0,26.0,69120.0,58.0,24.0,2.0,0.0,2071.0,24.0,,,165.45,3.68
3995,2024,actual,135.0,20.0,0.0,104.0,20.0,0.0,0.0,3.0,15.0,82.0,7.0,0.0,15.0,1547.61,50.0,13.0,13.0,44.0,126904.0,142.0,35.0,7.0,0.0,2071.0,50.0,,,318.65,3.89
3995,2025,projected,143.0,22.0,,111.0,22.0,,,,16.0,80.0,5.0,,9.0,1548.0,47.0,17.0,17.0,48.0,123840.0,127.0,38.0,5.0,,,47.0,,,297.85,3.72
3995,2025,actual,46.0,6.0,1.0,26.0,7.0,0.0,0.0,1.0,9.0,30.0,0.0,1.0,4.0,1448.2,17.0,6.0,6.0,20.0,43446.0,45.0,13.0,1.0,0.0,792.0,17.0,,,107.6,3.59
3995,2026,projected,128.0,21.0,,108.0,21.0,,,,13.0,77.0,5.0,,8.0,1464.0,39.0,16.0,16.0,36.0,112728.0,118.0,31.0,5.0,,,39.0,,,257.8,3.35
3995,2026,actual,101.0,1.0,0.0,52.0,2.0,0.0,1.0,0.0,4.0,72.0,0.0,1.0,5.0,1385.18,23.0,2.0,1.0,40.0,99733.0,76.0,18.0,0.0,0.0,1867.0,23.0,,,163.95,2.28
3995,2027,projected,96.0,9.0,,65.0,9.0,,,,8.0,63.0,3.0,,7.0,1464.48,28.0,6.0,6.0,34.0,92262.24,88.0,21.0,3.0,,,28.0,,,188.5,2.99
3995,2027,actual,,,,,,,,,,,,,,,,,,,,,,,,,,,,,
4002,2023,projected,,,,,,,,,,,,,,,,,,,,,,,,,,,,,
4002,2023,actual,54.0,0.0,0.0,114.0,0.0,0.0,0.0,0.0,-4.0,46.0,0.0,0.0,1.0,898.5,5.0,0.0,0.0,42.0,41331.0,50.0,4.0,0.0,1.0,832.0,5.0,,,86.9,1.89
4002,2024,projected,,,,,,,,,,,,,,,,,,,,,,,,,,,,,
4002,2024,actual,83.0,0.0,0.0,95.0,1.0,0.0,1.0,1.0,11.0,65.0,0.0,1.0,3.0,1072.83,14.0,1.0,0.0,63.0,69734.0,83.0,11.0,0.0,0.0,1384.0,14.0,,,150.25,2.31
4002,2025,projected,,,,,,,,,,,,,,,,,,,,,,,,,,,,,
4002,2025,actual,79.0,0.0,0.0,81.0,0.0,0.0,0.0,0.0,-6.0,81.0,0.0,0.0,4.0,948.42,16.0,0.0,0.0,43.0,76822.0,80.0,12.0,0.0,0.0,1577.0,16.0,,,141.35,1.75
4002,2026,projected,,,,,,,,,,,,,,,,,,,,,,,,,,,,,
4002,2026,actual,30.0,0.0,0.0,47.0,0.0,1.0,0.0,0.0,8.0,41.0,0.0,0.0,2.0,872.66,6.0,0.0,0.0,18.0,35779.0,37.0,4.0,0.0,0.0,717.0,6.0,,,59.7,1.46
4002,2027,projected,,,,,,,,,,,,,,,,,,,,,,,,,,,,,
4002,2027,actual,,,,,,,,,,,,,,,,,,,,,,,,,,,,,
4954,2023,projected,91.0,1.0,0.0,105.0,2.0,0.0,1.0,1.0,8.0,73.0,0.0,1.0,5.0,1362.0,23.0,2.0,1.0,26.0,99426.0,144.0,18.0,0.0,0.0,191.0,18.0,,,189.75,2.6
4954,2023,actual,78.0,0.0,0.0,63.0,0.0,0.0,0.0,1.0,12.0,71.0,0.0,0.0,2.0,1291.75,20.0,0.0,0.0,22.0,91714.0,165.0,18.0,0.0,0.0,1771.0,20.0,,,182.3,2.57
4954,2024,projected,76.0,4.0,0.0,65.0,4.0,0.0,0.0,1.0,14.0,70.0,0.0,0.0,2.0,1290.0,18.0,4.0,4.0,18.0,90300.0,133.0,16.0,0.0,0.0,1918.0,16.0,,,158.0,2.26
4954,2024,actual,91.0,4.0,0.0,35.0,4.0,0.0,0.0,1.0,19.0,74.0,0.0,0.0,3.0,1307.28,32.0,4.0,4.0,31.0,96739.0,139.0,29.0,0.0,0.0,1918.0,32.0,,,213.25,2.88
4954,2025,projected,94.0,1.0,,51.0,1.0,,,,17.0,75.0,,,4.0,1308.0,22.0,1.0,1.0,26.0,98100.0,147.0,18.0,,,,22.0,,,185.6,2.47
4954,2025,actual,78.0,1.0,1.0,23.0,4.0,0.0,2.0,2.0,43.0,82.0,0.0,3.0,4.0,1222.22,31.0,3.0,1.0,22.0,100222.0,152.0,27.0,1.0,0.0,2099.0,31.0,,,212.3,2.59
4954,2026,projected,87.0,2.0,,27.0,2.0,,,,21.0,80.0,,,3.0,1230.0,27.0,2.0,2.0,24.0,98400.0,150.0,24.0,,,,27.0,,,196.45,2.46
4954,2026,actual,39.0,0.0,0.0,19.0,0.0,0.0,0.0,0.0,14.0,48.0,0.0,0.0,6.0,1155.38,21.0,0.0,0.0,6.0,55458.0,76.0,15.0,0.0,0.0,1166.0,21.0,,,121.65,2.53
4954,2027,projected,,,,,,,,,,,,,,,,,,,,,,,,,,,,,
4954,2027,actual,,,,,,,,,,,,,,,,,,,,,,,,,,,,,
4973,2023,projected,,,,,,,,,,,,,,,,,,,,,,,,,,,,,
4973,2023,actual,58.0,0.0,0.0,102.0,1.0,0.0,1.0,0.0,3.0,60.0,0.0,1.0,0.0,933.2,5.0,1.0,0.0,63.0,55992.0,76.0,5.0,0.0,1.0,1206.0,5.0,,,110.2,1.84
4973,2024,projected,,,,,,,,,,,,,,,,,,,,,,,,,,,,,
4973,2024,actual,60.0,0.0,0.0,98.0,0.0,0.0,0.0,0.0,-3.0,63.0,0.0,0.0,5.0,966.03,15.0,0.0,0.0,61.0,60860.0,101.0,10.0,0.0,0.0,1306.0,15.0,,,155.8,2.47
4973,2025,projected,,,,,,,,,,,,,,,,,,,,,,,,,,,,,
4973,2025,actual,27.0,0.0,1.0,41.0,1.0,0.0,0.0,0.0,-9.0,32.0,0.0,1.0,1.0,792.53,6.0,0.0,0.0,33.0,25361.0,23.0,5.0,1.0,0.0,577.0,6.0,,,59.85,1.87
4973,2026,projected,,,,,,,,,,,,,,,,,,,,,,,,,,,,,
4973,2026,actual,10.0,0.0,0.0,12.0,0.0,0.0,0.0,0.0,-1.0,15.0,0.0,0.0,0.0,664.67,2.0,0.0,0.0,11.0,9970.0,11.0,2.0,0.0,0.0,230.0,2.0,,,20.7,1.38
4973,2027,projected,,,,,,,,,,,,,,,,,,,,,,,,,,,,,
4973,2027,actual,,,,,,,,,,,,,,,,,,,,,,,,,,,,,
4991,2023,projected,,,,,,,,,,,,,,,,,,,,,,,,,,,,,
4991,2023,actual,109.0,0.0,0.0,117.0,0.0,0.0,0.0,0.0,12.0,78.0,0.0,0.0,3.0,1163.33,17.0,0.0,0.0,61.0,90740.0,123.0,14.0,0.0,0.0,1831.0,17.0,,,184.95,2.37
4991,2024,projected,,,,,,,,,,,,,,,,,,,,,,,,,,,,,
4991,2024,actual,61.0,0.0,0.0,71.0,0.0,0.0,0.0,0.0,10.0,78.0,0.0,0.0,2.0,1121.36,11.0,0.0,0.0,61.0,87466.0,166.0,9.0,0.0,0.0,1916.0,11.0,,,170.85,2.19
4991,2025,projected,,,,,,,,,,,,,,,,,,,,,,,,,,,,,
4991,2025,actual,66.0,0.0,0.0,106.0,1.0,0.0,1.0,0.0,-2.0,82.0,0.0,1.0,1.0,1216.93,17.0,1.0,0.0,77.0,99788.0,211.0,16.0,0.0,0.0,2212.0,17.0,,,224.1,2.73
4991,2026,projected,,,,,,,,,,,,,,,,,,,,,,,,,,,,,
4991,2026,actual,62.0,0.0,0.0,73.0,1.0,0.0,1.0,0.0,16.0,82.0,0.0,1.0,3.0,1096.13,23.0,1.0,0.0,50.0,89883.0,151.0,20.0,0.0,0.0,1974.0,23.0,,,196.3,2.39
4991,2027,projected,,,,,,,,,,,,,,,,,,,,,,,,,,,,,
4991,2027,actual,,,,,,,,,,,,,,,,,,,,,,,,,,,,,
5052,2023,projected,121.0,2.0,1.0,119.0,4.0,0.0,1.0,0.0,13.0,80.0,0.0,2.0,6.0,1320.0,25.0,3.0,2.0,61.0,105600.0,126.0,19.0,1.0,0.0,197.0,19.0,,,214.65,2.68
5052,2023,actual,100.0,0.0,0.0,93.0,1.0,0.0,1.0,0.0,-16.0,78.0,0.0,1.0,1.0,1254.38,17.0,1.0,0.0,76.0,97842.0,144.0,16.0,0.0,0.0,2081.0,17.0,,,197.3,2.53
5052,2024,projected,103.0,0.0,2.0,91.0,2.0,0.0,0.0,0.0,-9.0,80.0,0.0,2.0,1.0,1278.0,16.0,0.0,0.0,72.0,102240.0,118.0,15.0,2.0,0.0,1953.0,15.0,,,181.85,2.27
5052,2024,actual,93.0,0.0,2.0,95.0,2.0,0.0,0.0,0.0,16.0,77.0,0.0,2.0,5.0,1136.94,29.0,0.0,0.0,77.0,87544.0,136.0,24.0,2.0,0.0,1953.0,29.0,,,235.25,3.06
5052,2025,projected,109.0,,1.0,126.0,2.0,,1.0,,12.0,79.0,,2.0,4.0,1158.0,23.0,1.0,,78.0,91482.0,141.0,19.0,1.0,,,23.0,,,225.35,2.85
5052,2025,actual,87.0,1.0,1.0,86.0,3.0,0.0,1.0,0.0,2.0,71.0,0.0,2.0,6.0,1247.51,24.0,2.0,1.0,74.0,88573.0,125.0,18.0,1.0,0.0,1962.0,24.0,,,211.35,2.98
5052,2026,projected,94.0,1.0,1.0,102.0,3.0,,1.0,,8.0,76.0,,2.0,5.0,1212.0,25.0,2.0,1.0,76.0,92112.0,131.0,20.0,1.0,,,25.0,,,220.7,2.9
5052,2026,actual,88.0,0.0,0.0,85.0,0.0,0.0,0.0,0.0,-23.0,73.0,0.0,0.0,1.0,1171.03,11.0,0.0,0.0,52.0,85485.0,121.0,10.0,0.0,0.0,1739.0,11.0,,,151.0,2.07
5052,2027,projected,,,,,,,,,,,,,,,,,,,,,,,,,,,,,
5052,2027,actual,,,,,,,,,,,,,,,,,,,,,,,,,,,,,
5073,2023,projected,,,,,,,,,,,,,,,,,,,,,,,,,,,,,
5073,2023,actual,136.0,1.0,0.0,109.0,4.0,0.0,3.0,1.0,-5.0,75.0,0.0,3.0,6.0,1113.61,21.0,4.0,1.0,71.0,83521.0,143.0,15.0,0.0,0.0,1897.0,21.0,,,225.4,3.01
5073,2024,projected,,,,,,,,,,,,,,,,,,,,,,,,,,,,,
5073,2024,actual,50.0,0.0,0.0,47.0,0.0,0.0,0.0,0.0,-10.0,48.0,0.0,0.0,2.0,884.12,6.0,0.0,0.0,40.0,42438.0,75.0,4.0,0.0,0.0,1011.0,6.0,,,94.7,1.97
5073,2025,projected,,,,,,,,,,,,,,,,,,,,,,,,,,,,,
5073,2025,actual,72.0,0.0,0.0,73.0,0.0,0.0,0.0,0.0,-16.0,59.0,0.0,0.0,1.0,1024.02,7.0,0.0,0.0,19.0,60417.0,92.0,6.0,0.0,0.0,1365.0,7.0,,,102.8,1.74
5073,2026,projected,,,,,,,,,,,,,,,,,,,,,,,,,,,,,
5073,2026,actual,21.0,0.0,0.0,32.0,0.0,0.0,0.0,0.0,-11.0,26.0,0.0,0.0,0.0,862.69,2.0,0.0,0.0,29.0,22430.0,41.0,2.0,0.0,0.0,528.0,2.0,,,49.45,1.9
5073,2027,projected,,,,,,,,,,,,,,,,,,,,,,,,,,,,,
5073,2027,actual,,,,,,,,,,,,,,,,,,,,,,,,,,,,,
5079,2023,projected,125.0,12.0,0.0,45.0,13.0,0.0,1.0,3.0,22.0,71.0,3.0,1.0,10.0,1284.0,38.0,10.0,9.0,6.0,91164.0,95.0,28.0,3.0,0.0,182.0,28.0,,,211.75,2.98
5079,2023,actual,149.0,4.0,0.0,66.0,5.0,0.0,1.0,3.0,32.0,79.0,1.0,1.0,11.0,1308.72,34.0,4.0,3.0,14.0,103389.0,179.0,23.0,1.0,0.0,2019.0,34.0,,,259.85,3.29
5079,2024,projected,120.0,6.0,0.0,54.0,7.0,0.0,1.0,0.0,26.0,70.0,1.0,1.0,9.0,1296.0,31.0,6.0,5.0,12.0,90720.0,134.0,22.0,1.0,0.0,435.0,22.0,,,205.9,2.94
5079,2024,actual,21.0,3.0,0.0,12.0,3.0,0.0,0.0,0.0,5.0,16.0,0.0,0.0,0.0,1399.62,5.0,3.0,3.0,2.0,22394.0,29.0,5.0,0.0,0.0,435.0,5.0,,,38.45,2.4
5079,2025,projected,121.0,6.0,,54.0,6.0,,,,25.0,68.0,1.0,,9.0,1326.0,28.0,5.0,5.0,12.0,90168.0,109.0,19.0,1.0,,,28.0,,,192.65,2.83
5079,2025,actual,107.0,9.0,0.0,53.0,9.0,0.0,0.0,3.0,8.0,66.0,1.0,0.0,7.0,1227.06,32.0,8.0,8.0,14.0,80986.0,119.0,25.0,1.0,0.0,1663.0,32.0,,,209.55,3.18
5079,2026,projected,137.0,8.0,,55.0,8.0,,,,15.0,71.0,1.0,,9.0,1218.0,33.0,7.0,7.0,14.0,86478.0,136.0,24.0,1.0,,,33.0,,,227.25,3.2
5079,2026,actual,90.0,6.0,0.0,82.0,6.0,0.0,0.0,2.0,2.0,79.0,2.0,0.0,6.0,1175.51,22.0,4.0,4.0,14.0,92865.0,137.0,16.0,2.0,0.0,1882.0,22.0,,,184.2,2.33
5079,2027,projected,,,,,,,,,,,,,,,,,,,,,,,,,,,,,
5079,2027,actual,,,,,,,,,,,,,,,,,,,,,,,,,,,,,
5092,2023,projected,,,,,,,,,,,,,,,,,,,,,,,,,,,,,
5092,2023,actual,81.0,0.0,0.0,318.0,2.0,0.0,2.0,0.0,8.0,70.0,0.0,2.0,4.0,981.29,22.0,2.0,0.0,84.0,68690.0,98.0,18.0,0.0,0.0,1627.0,22.0,,,215.05,3.07
5092,2024,projected,62.0,0.0,0.0,275.0,0.0,0.0,0.0,0.0,-4.0,66.0,0.0,0.0,2.0,990.0,12.0,0.0,0.0,66.0,65340.0,87.0,10.0,0.0,0.0,1286.0,10.0,,,155.5,2.36
5092,2024,actual,81.0,0.0,0.0,193.0,0.0,0.0,0.0,0.0,1.0,63.0,0.0,0.0,1.0,911.06,7.0,0.0,0.0,43.0,57397.0,76.0,6.0,0.0,0.0,1286.0,7.0,,,121.05,1.92
5092,2025,projected,78.0,,,245.0,,,,,5.0,69.0,,,2.0,948.0,9.0,,,52.0,65412.0,85.0,7.0,,,,9.0,,,141.5,2.05
5092,2025,actual,77.0,0.0,0.0,300.0,0.0,0.0,0.0,0.0,-4.0,76.0,0.0,0.0,1.0,957.2,7.0,0.0,0.0,45.0,72747.0,104.0,6.0,0.0,0.0,1680.0,7.0,,,145.75,1.92
5092,2026,projected,,,,,,,,,,,,,,,,,,,,,,,,,,,,,
5092,2026,actual,35.0,0.0,0.0,149.0,0.0,0.0,0.0,0.0,-12.0,50.0,0.0,0.0,1.0,819.88,7.0,0.0,0.0,43.0,40994.0,57.0,6.0,0.0,0.0,920.0,7.0,,,95.65,1.91
5092,2027,projected,,,,,,,,,,,,,,,,,,,,,,,,,,,,,
5092,2027,actual,,,,,,,,,,,,,,,,,,,,,,,,,,,,,
5118,2023,projected,188.0,27.0,1.0,59.0,29.0,0.0,2.0,0.0,12.0,77.0,5.0,2.0,15.0,1428.0,71.0,24.0,22.0,22.0,109956.0,126.0,56.0,5.0,0.0,19.0,56.0,,,359.9,4.67
5118,2023,actual,124.0,12.0,1.0,42.0,13.0,0.0,0.0,0.0,-7.0,40.0,3.0,1.0,9.0,1403.38,29.0,9.0,9.0,12.0,56135.0,87.0,20.0,4.0,0.0,1053.0,29.0,,,190.2,4.75
5118,2024,projected,216.0,26.0,0.0,81.0,28.0,0.0,2.0,5.0,6.0,78.0,7.0,2.0,17.0,1416.0,70.0,21.0,19.0,24.0,110448.0,155.0,53.0,7.0,0.0,2290.0,53.0,,,385.1,4.94
5118,2024,actual,176.0,21.0,0.0,63.0,21.0,0.0,0.0,5.0,-7.0,82.0,6.0,0.0,10.0,1553.5,52.0,15.0,15.0,40.0,127387.0,194.0,42.0,6.0,0.0,2290.0,52.0,,,351.8,4.29
5118,2025,projected,181.0,18.0,,58.0,18.0,,,,-8.0,74.0,5.0,,12.0,1482.0,63.0,13.0,13.0,24.0,109668.0,143.0,51.0,5.0,,,63.0,,,347.05,4.69
5118,2025,actual,167.0,14.0,0.0,48.0,14.0,0.0,0.0,0.0,17.0,79.0,1.0,0.0,5.0,1413.85,51.0,13.0,13.0,22.0,111694.0,131.0,46.0,1.0,0.0,1927.0,51.0,,,288.55,3.65
5118,2026,projected,179.0,19.0,,51.0,19.0,,,,6.0,80.0,5.0,,8.0,1422.0,55.0,14.0,14.0,32.0,113760.0,169.0,47.0,5.0,,,55.0,,,335.35,4.19
5118,2026,actual,153.0,14.0,0.0,26.0,14.0,1.0,0.0,1.0,9.0,71.0,2.0,0.0,14.0,1389.62,60.0,12.0,12.0,32.0,98663.0,106.0,46.0,2.0,0.0,1752.0,60.0,1.0,,315.85,4.45
5118,2027,projected,179.0,23.0,,34.0,23.0,,,,13.0,75.0,6.0,,17.0,1354.65,60.0,17.0,17.0,33.0,101598.75,121.0,43.0,6.0,,,60.0,,,336.65,4.49
5118,2027,actual,,,,,,,,,,,,,,,,,,,,,,,,,,,,,
5157,2023,projected,218.0,28.0,1.0,83.0,31.0,0.0,3.0,1.0,25.0,78.0,4.0,3.0,18.0,1500.0,68.0,27.0,24.0,32.0,117000.0,113.0,50.0,4.0,0.0,22.0,50.0,,,361.3,4.63
5157,2023,actual,185.0,14.0,1.0,95.0,17.0,0.0,2.0,1.0,10.0,76.0,1.0,3.0,9.0,1423.14,49.0,15.0,13.0,42.0,108159.0,136.0,40.0,2.0,0.0,2012.0,49.0,,,313.25,4.12
5157,2024,projected,191.0,16.0,0.0,93.0,18.0,0.0,2.0,2.0,18.0,78.0,2.0,2.0,10.0,1464.0,51.0,16.0,14.0,38.0,114192.0,127.0,41.0,2.0,0.0,2036.0,41.0,,,305.55,3.92
5157,2024,actual,168.0,31.0,0.0,56.0,31.0,0.0,0.0,2.0,18.0,78.0,4.0,0.0,13.0,1488.26,76.0,27.0,27.0,76.0,116084.0,102.0,63.0,4.0,0.0,2036.0,76.0,,,397.1,5.09
5157,2025,projected,189.0,29.0,,93.0,29.0,,,,20.0,77.0,5.0,,11.0,1452.0,68.0,24.0,24.0,44.0,111804.0,118.0,57.0,5.0,,,68.0,,,369.55,4.8
5157,2025,actual,181.0,26.0,0.0,39.0,26.0,0.0,0.0,1.0,18.0,79.0,4.0,0.0,15.0,1384.78,66.0,22.0,22.0,30.0,109398.0,133.0,51.0,4.0,0.0,2053.0,66.0,,,359.65,4.55
5157,2026,projected,191.0,32.0,,58.0,32.0,,,,18.0,77.0,6.0,,15.0,1416.0,69.0,26.0,26.0,42.0,109032.0,127.0,54.0,6.0,,,69.0,,,379.05,4.92
5157,2026,actual,50.0,6.0,0.0,19.0,6.0,0.0,0.0,0.0,-1.0,33.0,0.0,0.0,1.0,1132.03,17.0,6.0,6.0,10.0,37357.0,44.0,16.0,0.0,0.0,762.0,17.0,,,96.4,2.92
5157,2027,projected,136.0,22.0,,41.0,22.0,,,,14.0,61.0,3.0,,10.0,1447.1,51.0,19.0,19.0,42.0,88273.1,92.0,41.0,3.0,,,51.0,,,280.6,4.6
5157,2027,actual,,,,,,,,,,,,,,,,,,,,,,,,,,,,,
5162,2023,projected,64.0,1.0,0.0,46.0,2.0,0.0,1.0,0.0,18.0,80.0,0.0,1.0,3.0,1260.0,26.0,2.0,1.0,28.0,100800.0,101.0,23.0,0.0,0.0,308.0,23.0,,,164.6,2.06
5162,2023,actual,58.0,0.0,0.0,47.0,1.0,0.0,1.0,0.0,10.0,58.0,0.0,1.0,2.0,1273.05,14.0,1.0,0.0,14.0,73837.0,111.0,12.0,0.0,0.0,1497.0,14.0,,,126.7,2.18
5162,2024,projected,,,,,,,,,,,,,,,,,,,,,,,,,,,,,
5162,2024,actual,52.0,0.0,0.0,38.0,0.0,0.0,0.0,0.0,17.0,78.0,0.0,0.0,1.0,1303.27,26.0,0.0,0.0,40.0,101655.0,159.0,25.0,0.0,0.0,2265.0,26.0,,,195.3,2.5
5162,2025,projected,57.0,,,48.0,,,,,-6.0,77.0,,,2.0,1296.0,21.0,,,38.0,99792.0,136.0,19.0,,,,21.0,,,171.05,2.22
5162,2025,actual,23.0,0.0,0.0,16.0,0.0,0.0,0.0,0.0,-18.0,54.0,0.0,0.0,2.0,937.94,10.0,0.0,0.0,18.0,50649.0,58.0,8.0,0.0,0.0,1049.0,10.0,,,77.35,1.43
5162,2026,projected,72.0,,,39.0,,,,,14.0,74.0,,,2.0,1302.0,25.0,,,54.0,96348.0,140.0,23.0,,,,25.0,,,195.9,2.65
5162,2026,actual,,,,,,,,,,,,,,,,,,,,,,,,,,,,,
5162,2027,projected,,,,,,,,,,,,,,,,,,,,,,,,,,,,,
5162,2027,actual,,,,,,,,,,,,,,,,,,,,,,,,,,,,,
5164,2023,projected,133.0,13.0,0.0,21.0,14.0,1.0,1.0,4.0,-15.0,64.0,2.0,1.0,9.0,1458.0,40.0,12.0,11.0,18.0,93312.0,62.0,31.0,2.0,0.0,252.0,31.0,1.0,,210.85,3.29
5164,2023,actual,209.0,27.0,0.0,33.0,27.0,1.0,0.0,4.0,-26.0,82.0,5.0,0.0,25.0,1536.9,101.0,22.0,22.0,36.0,126026.0,90.0,76.0,5.0,0.0,2067.0,101.0,1.0,,469.55,5.73
5164,2024,projected,213.0,29.0,0.0,36.0,29.0,0.0,0.0,4.0,8.0,81.0,5.0,0.0,23.0,1380.0,97.0,24.0,24.0,32.0,111780.0,104.0,74.0,5.0,0.0,2147.0,74.0,,,436.85,5.39
5164,2024,actual,213.0,17.0,0.0,38.0,17.0,0.0,0.0,4.0,4.0,82.0,2.0,0.0,11.0,1456.11,56.0,15.0,15.0,44.0,119401.0,99.0,45.0,2.0,0.0,2147.0,56.0,,,321.05,3.92
5164,2025,projected,199.0,25.0,,37.0,25.0,,,,14.0,82.0,4.0,,14.0,1482.0,69.0,21.0,21.0,38.0,121524.0,97.0,55.0,4.0,,,69.0,,,356.45,4.35
5164,2025,actual,191.0,15.0,0.0,29.0,15.0,0.0,0.0,1.0,-24.0,82.0,2.0,0.0,11.0,1394.15,53.0,13.0,13.0,20.0,114320.0,94.0,42.0,2.0,0.0,2146.0,53.0,,,287.15,3.5
5164,2026,projected,201.0,20.0,,33.0,20.0,,,,-18.0,82.0,3.0,,12.0,1428.0,64.0,17.0,17.0,24.0,117096.0,95.0,52.0,3.0,,,64.0,,,328.55,4.01
5164,2026,actual,176.0,26.0,0.0,20.0,26.0,0.0,0.0,0.0,8.0,75.0,4.0,0.0,15.0,1416.03,66.0,22.0,22.0,22.0,106202.0,64.0,51.0,4.0,0.0,1782.0,66.0,,,317.0,4.23
5164,2027,projected,196.0,23.0,,24.0,23.0,,,,2.0,78.0,3.0,,14.0,1458.58,62.0,20.0,20.0,26.0,113769.24,72.0,48.0,3.0,,,62.0,,,313.4,4.02
5164,2027,actual,,,,,,,,,,,,,,,,,,,,,,,,,,,,,
5202,2023,projected,,,,,,,,,,,,,,,,,,,,,,,,,,,,,
5202,2023,actual,89.0,0.0,0.0,201.0,2.0,0.0,2.0,0.0,17.0,82.0,0.0,2.0,1.0,1190.62,17.0,2.0,0.0,51.0,97631.0,198.0,16.0,0.0,0.0,2011.0,17.0,,,220.85,2.69
5202,2024,projected,86.0,1.0,0.0,161.0,1.0,0.0,1.0,0.0,13.0,75.0,0.0,1.0,1.0,1182.0,12.0,1.0,1.0,42.0,88650.0,169.0,11.0,0.0,0.0,1951.0,11.0,,,180.6,2.41
5202,2024,actual,86.0,1.0,0.0,140.0,2.0,0.0,1.0,0.0,18.0,82.0,0.0,1.0,4.0,1161.26,26.0,2.0,1.0,37.0,95223.0,207.0,22.0,0.0,0.0,1951.0,26.0,,,241.0,2.94
5202,2025,projected,87.0,,,187.0,,,,,17.0,82.0,,,2.0,1170.0,21.0,,,42.0,95940.0,203.0,19.0,,,,21.0,,,227.95,2.78
5202,2025,actual,97.0,0.0,1.0,129.0,2.0,0.0,1.0,0.0,42.0,82.0,0.0,2.0,5.0,1206.77,20.0,1.0,0.0,32.0,98955.0,167.0,15.0,1.0,0.0,2007.0,20.0,,,204.65,2.5
5202,2026,projected,82.0,,,155.0,,,,,19.0,82.0,,,4.0,1188.0,22.0,,,40.0,97416.0,187.0,18.0,,,,22.0,,,219.5,2.68
5202,2026,actual,81.0,0.0,0.0,110.0,0.0,0.0,0.0,1.0,2.0,63.0,0.0,0.0,5.0,1231.4,12.0,0.0,0.0,26.0,77578.0,143.0,7.0,0.0,0.0,1673.0,12.0,,,157.75,2.5
5202,2027,projected,,,,,,,,,,,,,,,,,,,,,,,,,,,,,
5202,2027,actual,,,,,,,,,,,,,,,,,,,,,,,,,,,,,
5246,2023,projected,,,,,,,,,,,,,,,,,,,,,,,,,,,,,
5246,2023,actual,110.0,0.0,0.0,147.0,0.0,0.0,0.0,0.0,-30.0,76.0,0.0,0.0,5.0,1236.3,19.0,0.0,0.0,51.0,93959.0,163.0,14.0,0.0,0.0,1976.0,19.0,,,211.2,2.78
5246,2024,projected,104.0,0.0,0.0,141.0,0.0,0.0,0.0,1.0,-21.0,72.0,0.0,0.0,3.0,1230.0,15.0,0.0,0.0,50.0,88560.0,138.0,12.0,0.0,0.0,1926.0,12.0,,,180.1,2.5
5246,2024,actual,107.0,0.0,0.0,142.0,0.0,0.0,0.0,1.0,-4.0,77.0,0.0,0.0,5.0,1186.66,20.0,0.0,0.0,56.0,91373.0,167.0,15.0,0.0,0.0,1926.0,20.0,,,218.45,2.84
5246,2025,projected,99.0,,,161.0,,,,,-23.0,78.0,,,4.0,1182.0,18.0,,,52.0,92196.0,165.0,14.0,,,,18.0,,,207.35,2.66
5246,2025,actual,109.0,1.0,0.0,127.0,1.0,0.0,0.0,0.0,-14.0,81.0,0.0,0.0,4.0,1273.94,13.0,1.0,1.0,69.0,103189.0,142.0,9.0,0.0,0.0,2107.0,13.0,,,188.95,2.33
5246,2026,projected,111.0,,,149.0,,,,,-18.0,79.0,,,5.0,1248.0,17.0,,,62.0,98592.0,151.0,12.0,,,,17.0,,,205.15,2.6
5246,2026,actual,103.0,0.0,0.0,170.0,0.0,0.0,0.0,0.0,-9.0,82.0,0.0,0.0,5.0,1250.2,15.0,0.0,0.0,75.0,102516.0,160.0,10.0,0.0,0.0,2135.0,15.0,,,210.25,2.56
5246,2027,projected,,,,,,,,,,,,,,,,,,,,,,,,,,,,,
5246,2027,actual,,,,,,,,,,,,,,,,,,,,,,,,,,,,,
5328,2023,projected,,,,,,,,,,,,,,,,,,,,,,,,,,,,,
5328,2023,actual,84.0,0.0,0.0,96.0,0.0,0.0,0.0,0.0,-12.0,67.0,0.0,0.0,3.0,1168.45,16.0,0.0,0.0,34.0,78286.0,108.0,13.0,0.0,0.0,1568.0,16.0,,,152.6,2.28
5328,2024,projected,69.0,0.0,0.0,85.0,2.0,0.0,2.0,0.0,8.0,61.0,0.0,2.0,1.0,1098.0,11.0,2.0,0.0,32.0,66978.0,69.0,10.0,0.0,0.0,1758.0,10.0,,,111.25,1.82
5328,2024,actual,74.0,0.0,0.0,120.0,2.0,0.0,2.0,0.0,15.0,76.0,0.0,2.0,1.0,990.83,20.0,2.0,0.0,63.0,75303.0,84.0,19.0,0.0,0.0,1758.0,20.0,,,167.0,2.2
5328,2025,projected,89.0,,,120.0,,,,,13.0,73.0,,,1.0,1008.0,16.0,,,52.0,73584.0,73.0,15.0,,,,16.0,,,145.75,2.0
5328,2025,actual,64.0,1.0,0.0,114.0,1.0,0.0,0.0,0.0,12.0,70.0,0.0,0.0,4.0,1156.1,13.0,1.0,1.0,38.0,80927.0,71.0,9.0,0.0,0.0,1863.0,13.0,,,125.4,1.79
5328,2026,projected,,,,,,,,,,,,,,,,,,,,,,,,,,,,,
5328,2026,actual,15.0,0.0,0.0,22.0,0.0,0.0,0.0,0.0,-5.0,19.0,0.0,0.0,0.0,1081.95,0.0,0.0,0.0,10.0,20557.0,17.0,0.0,0.0,0.0,438.0,0.0,,,19.45,1.02
5328,2027,projected,,,,,,,,,,,,,,,,,,,,,,,,,,,,,
5328,2027,actual,,,,,,,,,,,,,,,,,,,,,,,,,,,,,
5407,2023,projected,169.0,16.0,0.0,182.0,16.0,0.0,0.0,0.0,10.0,75.0,4.0,0.0,13.0,1284.0,44.0,12.0,12.0,30.0,96300.0,119.0,31.0,4.0,0.0,71.0,31.0,,,276.95,3.69
5407,2023,actual,113.0,9.0,0.0,190.0,9.0,0.0,0.0,0.0,2.0,61.0,2.0,0.0,5.0,1340.59,31.0,7.0,7.0,24.0,81776.0,111.0,26.0,2.0,0.0,1610.0,31.0,,,218.25,3.58
5407,2024,projected,122.0,12.0,0.0,178.0,12.0,0.0,1.0,0.0,-8.0,65.0,3.0,1.0,7.0,1326.0,34.0,9.0,9.0,30.0,86190.0,115.0,27.0,3.0,0.0,1761.0,27.0,,,231.3,3.56
5407,2024,actual,84.0,0.0,0.0,134.0,1.0,0.0,1.0,0.0,-7.0,73.0,0.0,1.0,3.0,1127.71,24.0,1.0,0.0,39.0,82323.0,134.0,21.0,0.0,0.0,1761.0,24.0,,,196.9,2.7
5407,2025,projected,89.0,,,168.0,,,,,-10.0,72.0,,,4.0,1164.0,23.0,,,34.0,83808.0,123.0,19.0,,,,23.0,,,190.55,2.65
5407,2025,actual,33.0,1.0,0.0,51.0,1.0,0.0,0.0,1.0,-2.0,44.0,0.0,0.0,1.0,1133.8,8.0,1.0,1.0,16.0,49887.0,77.0,7.0,0.0,0.0,1056.0,8.0,,,86.35,1.96
5407,2026,projected,,,,,,,,,,,,,,,,,,,,,,,,,,,,,
5407,2026,actual,54.0,2.0,0.0,66.0,2.0,0.0,0.0,0.0,-15.0,67.0,0.0,0.0,0.0,885.72,9.0,2.0,2.0,24.0,59343.0,65.0,9.0,0.0,0.0,1313.0,9.0,,,92.6,1.38
5407,2027,projected,,,,,,,,,,,,,,,,,,,,,,,,,,,,,
5407,2027,actual,,,,,,,,,,,,,,,,,,,,,,,,,,,,,
5436,2023,projected,256.0,22.0,0.0,58.0,24.0,0.0,2.0,5.0,17.0,75.0,7.0,2.0,16.0,1530.0,64.0,17.0,15.0,44.0,114750.0,123.0,48.0,7.0,0.0,33.0,48.0,,,366.8,4.89
5436,2023,actual,269.0,24.0,0.0,51.0,24.0,0.0,0.0,5.0,5.0,67.0,8.0,0.0,18.0,1510.03,59.0,16.0,16.0,36.0,101172.0,146.0,41.0,8.0,0.0,1722.0,59.0,,,379.35,5.66
5436,2024,projected,275.0,31.0,0.0,59.0,32.0,0.0,1.0,5.0,9.0,77.0,9.0,1.0,21.0,1512.0,74.0,23.0,22.0,42.0,116424.0,144.0,53.0,9.0,0.0,2106.0,53.0,,,415.65,5.4
5436,2024,actual,268.0,33.0,0.0,41.0,34.0,0.0,1.0,5.0,12.0,82.0,9.0,1.0,23.0,1477.87,85.0,25.0,24.0,45.0,121185.0,151.0,62.0,9.0,0.0,2106.0,85.0,,,474.1,5.78
5436,2025,projected,276.0,34.0,,55.0,34.0,,,,10.0,80.0,10.0,,21.0,1512.0,79.0,24.0,24.0,44.0,120960.0,143.0,58.0,10.0,,,79.0,,,448.0,5.6
5436,2025,actual,150.0,17.0,0.0,42.0,17.0,0.0,0.0,1.0,-26.0,53.0,2.0,0.0,9.0,1501.94,38.0,15.0,15.0,18.0,79603.0,95.0,29.0,2.0,0.0,1441.0,38.0,,,231.7,4.37
5436,2026,projected,264.0,26.0,,49.0,26.0,,,,-6.0,71.0,7.0,,15.0,1488.0,53.0,19.0,19.0,42.0,105648.0,147.0,38.0,7.0,,,53.0,,,355.9,5.01
5436,2026,actual,181.0,24.0,0.0,24.0,24.0,0.0,0.0,3.0,-15.0,68.0,4.0,0.0,13.0,1492.65,55.0,20.0,20.0,30.0,101500.0,101.0,42.0,4.0,0.0,1810.0,55.0,,,308.15,4.53
5436,2027,projected,210.0,26.0,,34.0,26.0,,,,-14.0,76.0,4.0,,14.0,1485.43,63.0,22.0,22.0,36.0,112892.68,120.0,49.0,4.0,,,63.0,,,351.9,4.63
5436,2027,actual,,,,,,,,,,,,,,,,,,,,,,,,,,,,,
5447,2023,projected,94.0,9.0,0.0,44.0,9.0,0.0,0.0,1.0,-12.0,80.0,1.0,0.0,4.0,1290.0,27.0,8.0,8.0,22.0,103200.0,72.0,23.0,1.0,0.0,319.0,23.0,,,161.9,2.02
5447,2023,actual,79.0,0.0,0.0,43.0,0.0,0.0,0.0,1.0,4.0,78.0,0.0,0.0,2.0,1267.49,23.0,0.0,0.0,20.0,98864.0,96.0,21.0,0.0,0.0,2155.0,23.0,,,154.05,1.98
5447,2024,projected,,,,,,,,,,,,,,,,,,,,,,,,,,,,,
5447,2024,actual,82.0,1.0,1.0,47.0,3.0,0.0,1.0,0.0,14.0,82.0,0.0,2.0,3.0,1341.7,28.0,2.0,1.0,14.0,110019.0,127.0,25.0,1.0,0.0,2123.0,28.0,,,186.2,2.27
5447,2025,projected,89.0,1.0,1.0,49.0,3.0,,1.0,,13.0,79.0,,2.0,1.0,1308.0,23.0,2.0,1.0,16.0,103332.0,113.0,22.0,1.0,,,23.0,,,165.15,2.09
5447,2025,actual,21.0,0.0,0.0,5.0,0.0,0.0,0.0,0.0,6.0,31.0,0.0,0.0,2.0,1120.23,5.0,0.0,0.0,2.0,34727.0,26.0,3.0,0.0,0.0,715.0,5.0,,,36.75,1.19
5447,2026,projected,,,,,,,,,,,,,,,,,,,,,,,,,,,,,
5447,2026,actual,16.0,0.0,0.0,7.0,0.0,0.0,0.0,0.0,-9.0,32.0,0.0,0.0,1.0,1072.22,7.0,0.0,0.0,6.0,34311.0,40.0,6.0,0.0,0.0,654.0,7.0,,,49.7,1.55
5447,2027,projected,,,,,,,,,,,,,,,,,,,,,,,,,,,,,
5447,2027,actual,,,,,,,,,,,,,,,,,,,,,,,,,,,,,
5488,2023,projected,158.0,12.0,0.0,117.0,13.0,0.0,1.0,0.0,3.0,78.0,3.0,1.0,7.0,1332.0,32.0,10.0,9.0,46.0,103896.0,74.0,25.0,3.0,0.0,221.0,25.0,,,215.7,2.77
5488,2023,actual,90.0,4.0,0.0,58.0,5.0,0.0,1.0,0.0,-24.0,54.0,0.0,1.0,2.0,1210.56,22.0,5.0,4.0,22.0,65370.0,43.0,20.0,0.0,0.0,1419.0,22.0,,,131.8,2.44
5488,2024,projected,91.0,4.0,0.0,61.0,5.0,0.0,1.0,3.0,-9.0,56.0,1.0,1.0,3.0,1200.0,24.0,4.0,3.0,24.0,67200.0,46.0,21.0,1.0,0.0,1953.0,21.0,,,142.35,2.54
5488,2024,actual,123.0,11.0,0.0,94.0,11.0,0.0,0.0,3.0,10.0,80.0,1.0,0.0,9.0,1103.62,32.0,10.0,10.0,76.0,88290.0,70.0,23.0,1.0,0.0,1953.0,32.0,,,227.15,2.84
5488,2025,projected,112.0,8.0,,98.0,8.0,,,,11.0,73.0,1.0,,7.0,1122.0,29.0,7.0,7.0,54.0,81906.0,67.0,22.0,1.0,,,29.0,,,196.8,2.7
5488,2025,actual,118.0,4.0,0.0,108.0,4.0,0.0,0.0,1.0,14.0,77.0,2.0,0.0,4.0,1264.12,29.0,2.0,2.0,52.0,97337.0,83.0,25.0,2.0,0.0,2236.0,29.0,,,202.8,2.63
5488,2026,projected,,,,,,,,,,,,,,,,,,,,,,,,,,,,,
5488,2026,actual,108.0,9.0,0.0,86.0,9.0,0.0,0.0,0.0,-6.0,78.0,0.0,0.0,8.0,1235.76,39.0,9.0,9.0,70.0,96389.0,72.0,31.0,0.0,0.0,2204.0,39.0,,,236.1,3.03
5488,2027,projected,111.0,8.0,,90.0,8.0,,,,-2.0,81.0,,,7.0,1184.49,33.0,8.0,8.0,73.0,95943.69,73.0,26.0,,,,33.0,,,219.75,2.71
5488,2027,actual,,,,,,,,,,,,,,,,,,,,,,,,,,,,,
5495,2023,projected,118.0,11.0,0.0,33.0,14.0,0.0,1.0,1.0,-7.0,74.0,2.0,1.0,7.0,1446.0,36.0,10.0,9.0,16.0,107004.0,111.0,29.0,4.0,0.0,186.0,29.0,,,212.8,2.88
5495,2023,actual,130.0,14.0,0.0,18.0,14.0,0.0,0.0,1.0,-23.0,82.0,4.0,0.0,10.0,1450.4,48.0,10.0,10.0,14.0,118933.0,104.0,38.0,4.0,0.0,2103.0,48.0,,,257.3,3.14
5495,2024,projected,112.0,10.0,0.0,22.0,11.0,0.0,1.0,0.0,-16.0,72.0,3.0,1.0,7.0,1458.0,33.0,8.0,7.0,14.0,104976.0,92.0,26.0,3.0,0.0,2175.0,26.0,,,189.7,2.63
5495,2024,actual,109.0,18.0,0.0,30.0,19.0,0.0,1.0,0.0,-36.0,81.0,2.0,1.0,5.0,1465.37,39.0,17.0,16.0,24.0,118695.0,119.0,34.0,2.0,0.0,2175.0,39.0,,,234.75,2.9
5495,2025,projected,124.0,11.0,,37.0,11.0,,,,-29.0,81.0,3.0,,8.0,1464.0,43.0,8.0,8.0,18.0,118584.0,111.0,35.0,3.0,,,43.0,,,243.2,3.0
5495,2025,actual,88.0,8.0,0.0,8.0,8.0,0.0,0.0,1.0,12.0,68.0,2.0,0.0,9.0,1292.59,40.0,6.0,6.0,14.0,87896.0,87.0,31.0,2.0,0.0,1777.0,40.0,,,208.3,3.06
5495,2026,projected,91.0,11.0,,23.0,11.0,,,,15.0,76.0,2.0,,6.0,1296.0,37.0,9.0,9.0,16.0,98496.0,93.0,31.0,2.0,,,37.0,,,203.05,2.67
5495,2026,actual,91.0,9.0,0.0,9.0,10.0,0.0,1.0,1.0,-11.0,82.0,1.0,1.0,4.0,1264.76,30.0,9.0,8.0,14.0,103710.0,72.0,26.0,1.0,0.0,2140.0,30.0,,,167.65,2.04
5495,2027,projected,109.0,12.0,,13.0,12.0,,,,-10.0,84.0,1.0,,6.0,1428.12,41.0,11.0,11.0,19.0,119962.08,91.0,35.0,1.0,,,41.0,,,219.05,2.61
5495,2027,actual,,,,,,,,,,,,,,,,,,,,,,,,,,,,,
5502,2023,projected,,,,,,,,,,,,,,,,,,,,,,,,,,,,,
5502,2023,actual,110.0,0.0,0.0,312.0,0.0,0.0,0.0,0.0,14.0,72.0,0.0,0.0,2.0,1042.18,17.0,0.0,0.0,79.0,75037.0,125.0,15.0,0.0,0.0,1640.0,17.0,,,213.7,2.97
5502,2024,projected,97.0,0.0,0.0,304.0,1.0,0.0,1.0,0.0,-18.0,70.0,0.0,1.0,1.0,1110.0,12.0,1.0,0.0,83.0,77700.0,113.0,11.0,0.0,0.0,1576.0,11.0,,,189.65,2.71
5502,2024,actual,88.0,0.0,0.0,205.0,1.0,0.0,1.0,0.0,14.0,66.0,0.0,1.0,6.0,1170.27,18.0,1.0,0.0,128.0,77238.0,154.0,12.0,0.0,0.0,1576.0,18.0,,,244.5,3.7
5502,2025,projected,112.0,,,293.0,,,,,14.0,74.0,,,3.0,1158.0,17.0,,,94.0,85692.0,149.0,14.0,,,,17.0,,,232.8,3.15
5502,2025,actual,89.0,0.0,0.0,258.0,0.0,0.0,0.0,0.0,4.0,81.0,0.0,0.0,1.0,1191.93,16.0,0.0,0.0,86.0,96546.0,178.0,15.0,0.0,0.0,1936.0,16.0,,,229.05,2.83
5502,2026,projected,91.0,,,279.0,,,,,8.0,77.0,,,2.0,1188.0,16.0,,,102.0,91476.0,162.0,14.0,,,,16.0,,,232.65,3.02
5502,2026,actual,63.0,0.0,0.0,164.0,0.0,0.0,0.0,0.0,-2.0,56.0,0.0,0.0,2.0,970.98,13.0,0.0,0.0,67.0,54375.0,88.0,11.0,0.0,0.0,1174.0,13.0,,,150.65,2.69
5502,2027,projected,,,,,,,,,,,,,,,,,,,,,,,,,,,,,
5502,2027,actual,,,,,,,,,,,,,,,,,,,,,,,,,,,,,
5503,2023,projected,,,,,,,,,,,,,,,,,,,,,,,,,,,,,
5503,2023,actual,102.0,0.0,0.0,119.0,0.0,0.0,0.0,1.0,-25.0,70.0,0.0,0.0,1.0,1277.91,13.0,0.0,0.0,57.0,89454.0,137.0,12.0,0.0,0.0,1815.0,13.0,,,175.4,2.51
5503,2024,projected,111.0,0.0,0.0,132.0,1.0,0.0,1.0,1.0,-22.0,74.0,0.0,1.0,2.0,1266.0,13.0,1.0,0.0,61.0,93684.0,113.0,11.0,0.0,0.0,1738.0,11.0,,,168.95,2.28
5503,2024,actual,91.0,0.0,0.0,81.0,1.0,0.0,1.0,1.0,-14.0,78.0,0.0,1.0,6.0,1179.6,26.0,1.0,0.0,74.0,92009.0,170.0,20.0,0.0,0.0,1738.0,26.0,,,238.85,3.06
5503,2025,projected,95.0,,,113.0,,,,,-19.0,77.0,,,4.0,1200.0,21.0,,,70.0,92400.0,152.0,17.0,,,,21.0,,,213.05,2.77
5503,2025,actual,12.0,0.0,0.0,25.0,0.0,0.0,0.0,0.0,1.0,16.0,0.0,0.0,0.0,1066.25,4.0,0.0,0.0,6.0,17060.0,19.0,4.0,0.0,0.0,330.0,4.0,,,30.0,1.88
5503,2026,projected,103.0,,,121.0,,,,,10.0,74.0,,,4.0,1176.0,20.0,,,70.0,87024.0,158.0,16.0,,,,20.0,,,215.85,2.92
5503,2026,actual,34.0,0.0,0.0,45.0,0.0,0.0,0.0,0.0,6.0,37.0,0.0,0.0,1.0,1066.27,3.0,0.0,0.0,19.0,39452.0,64.0,2.0,0.0,0.0,765.0,3.0,,,64.5,1.74
5503,2027,projected,,,,,,,,,,,,,,,,,,,,,,,,,,,,,
5503,2027,actual,,,,,,,,,,,,,,,,,,,,,,,,,,,,,
5592,2023,projected,,,,,,,,,,,,,,,,,,,,,,,,,,,,,
5592,2023,actual,75.0,1.0,0.0,51.0,1.0,0.0,0.0,1.0,7.0,65.0,0.0,0.0,1.0,1207.22,13.0,1.0,1.0,21.0,78469.0,130.0,12.0,0.0,0.0,2025.0,13.0,,,140.85,2.17
5592,2024,projected,56.0,0.0,0.0,31.0,0.0,0.0,0.0,0.0,11.0,54.0,0.0,0.0,1.0,1181.03,9.0,0.0,0.0,19.0,88577.0,97.0,8.0,0.0,0.0,2117.0,8.0,,,102.1,1.89
5592,2024,actual,56.0,0.0,0.0,41.0,0.0,0.0,0.0,0.0,22.0,75.0,0.0,0.0,2.0,1181.03,19.0,0.0,0.0,24.0,88577.0,207.0,17.0,0.0,0.0,2117.0,19.0,,,192.6,2.57
5592,2025,projected,68.0,,,49.0,,,,,24.0,72.0,,,2.0,1206.0,18.0,,,22.0,86832.0,187.0,16.0,,,,18.0,,,182.4,2.53
5592,2025,actual,43.0,0.0,0.0,20.0,1.0,0.0,1.0,0.0,31.0,75.0,0.0,1.0,3.0,1184.96,18.0,1.0,0.0,24.0,88872.0,189.0,15.0,0.0,0.0,2207.0,18.0,,,177.25,2.36
5592,2026,projected,49.0,,,19.0,,,,,19.0,71.0,,,2.0,1182.0,19.0,,,32.0,83922.0,192.0,17.0,,,,19.0,,,185.15,2.61
5592,2026,actual,8.0,0.0,0.0,2.0,0.0,0.0,0.0,0.0,8.0,11.0,0.0,0.0,0.0,1078.36,2.0,0.0,0.0,0.0,11862.0,15.0,2.0,0.0,0.0,302.0,2.0,,,15.7,1.43
5592,2027,projected,,,,,,,,,,,,,,,,,,,,,,,,,,,,,
5592,2027,actual,,,,,,,,,,,,,,,,,,,,,,,,,,,,,
5620,2023,projected,,,,,,,,,,,,,,,,,,,,,,,,,,,,,
5620,2023,actual,,,,,,,,,,,,,,,,,,,,,,,,,,,,,
5620,2024,projected,,,,,,,,,,,,,,,,,,,,,,,,,,,,,
5620,2024,actual,2.0,0.0,0.0,2.0,0.0,0.0,0.0,0.0,-1.0,1.0,0.0,0.0,0.0,772.0,0.0,0.0,0.0,0.0,772.0,0.0,0.0,0.0,0.0,19.0,0.0,,,0.7,0.7
5620,2025,projected,,,,,,,,,,,,,,,,,,,,,,,,,,,,,
5620,2025,actual,5.0,0.0,0.0,10.0,0.0,0.0,0.0,0.0,-2.0,5.0,0.0,0.0,0.0,846.4,0.0,0.0,0.0,4.0,4232.0,6.0,0.0,0.0,0.0,88.0,0.0,,,7.25,1.45
5620,2026,projected,,,,,,,,,,,,,,,,,,,,,,,,,,,,,
5620,2026,actual,57.0,0.0,0.0,88.0,0.0,0.0,0.0,0.0,2.0,54.0,0.0,0.0,2.0,921.19,10.0,0.0,0.0,47.0,49744.0,77.0,8.0,0.0,0.0,1021.0,10.0,,,117.05,2.17
5620,2027,projected,,,,,,,,,,,,,,,,,,,,,,,,,,,,,
5620,2027,actual,,,,,,,,,,,,,,,,,,,,,,,,,,,,,
5646,2023,projected,126.0,4.0,0.0,129.0,5.0,0.0,1.0,2.0,17.0,78.0,1.0,1.0,8.0,1248.0,30.0,4.0,3.0,36.0,97344.0,98.0,22.0,1.0,0.0,211.0,22.0,,,206.9,2.65
5646,2023,actual,124.0,8.0,0.0,137.0,9.0,0.0,1.0,2.0,12.0,66.0,1.0,1.0,7.0,1352.73,36.0,8.0,7.0,22.0,89280.0,85.0,29.0,1.0,0.0,1690.0,36.0,,,220.7,3.34
5646,2024,projected,127.0,5.0,1.0,129.0,6.0,0.0,1.0,1.0,24.0,67.0,2.0,1.0,8.0,1230.0,28.0,4.0,3.0,40.0,82410.0,87.0,20.0,2.0,0.0,1713.0,20.0,,,199.65,2.98
5646,2024,actual,129.0,5.0,1.0,98.0,6.0,0.0,0.0,1.0,4.0,82.0,0.0,1.0,6.0,1038.89,26.0,5.0,5.0,36.0,85189.0,60.0,20.0,1.0,0.0,1713.0,26.0,,,179.55,2.19
5646,2025,projected,128.0,4.0,,108.0,4.0,,,,13.0,76.0,,,7.0,1098.0,26.0,4.0,4.0,42.0,83448.0,71.0,19.0,,,,26.0,,,186.3,2.45
5646,2025,actual,117.0,1.0,0.0,101.0,1.0,0.0,0.0,2.0,16.0,76.0,0.0,0.0,6.0,1199.8,28.0,1.0,1.0,24.0,91185.0,60.0,22.0,0.0,0.0,1818.0,28.0,,,173.85,2.29
5646,2026,projected,,,,,,,,,,,,,,,,,,,,,,,,,,,,,
5646,2026,actual,91.0,18.0,0.0,123.0,18.0,0.0,0.0,0.0,-28.0,82.0,1.0,0.0,3.0,1271.74,37.0,17.0,17.0,48.0,104283.0,77.0,34.0,1.0,0.0,1894.0,37.0,,,221.05,2.7
5646,2027,projected,102.0,15.0,,126.0,15.0,,,,-19.0,83.0,1.0,,4.0,1185.58,37.0,14.0,14.0,43.0,98403.14,78.0,33.0,1.0,,,37.0,,,221.6,2.67
5646,2027,actual,,,,,,,,,,,,,,,,,,,,,,,,,,,,,
5738,2023,projected,,,,,,,,,,,,,,,,,,,,,,,,,,,,,
5738,2023,actual,82.0,0.0,0.0,123.0,2.0,0.0,2.0,0.0,-4.0,82.0,0.0,2.0,1.0,1238.45,25.0,2.0,0.0,16.0,101553.0,142.0,24.0,0.0,0.0,2179.0,25.0,,,189.8,2.31
5738,2024,projected,84.0,0.0,0.0,97.0,1.0,0.0,1.0,1.0,6.0,79.0,0.0,1.0,1.0,1212.0,17.0,1.0,0.0,20.0,95748.0,134.0,16.0,0.0,0.0,1757.0,16.0,,,160.7,2.03
5738,2024,actual,69.0,0.0,0.0,64.0,0.0,0.0,0.0,1.0,3.0,80.0,0.0,0.0,6.0,1020.94,16.0,0.0,0.0,20.0,81675.0,79.0,10.0,0.0,0.0,1757.0,16.0,,,128.15,1.6
5738,2025,projected,83.0,,,76.0,,,,,-4.0,81.0,,,3.0,1068.0,15.0,,,22.0,86508.0,127.0,12.0,,,,15.0,,,150.85,1.86
5738,2025,actual,69.0,0.0,0.0,74.0,0.0,0.0,0.0,1.0,-1.0,80.0,0.0,0.0,3.0,1172.62,22.0,0.0,0.0,14.0,93810.0,109.0,19.0,0.0,0.0,1982.0,22.0,,,156.15,1.95
5738,2026,projected,,,,,,,,,,,,,,,,,,,,,,,,,,,,,
5738,2026,actual,61.0,0.0,0.0,36.0,1.0,0.0,1.0,0.0,-1.0,82.0,0.0,1.0,2.0,1065.07,17.0,1.0,0.0,22.0,87336.0,89.0,15.0,0.0,0.0,1753.0,17.0,,,128.35,1.57
5738,2027,projected,,,,,,,,,,,,,,,,,,,,,,,,,,,,,
5738,2027,actual,,,,,,,,,,,,,,,,,,,,,,,,,,,,,
5746,2023,projected,158.0,6.0,0.0,153.0,6.0,0.0,0.0,3.0,24.0,75.0,1.0,0.0,10.0,1380.0,34.0,5.0,5.0,39.0,103500.0,116.0,24.0,1.0,0.0,144.0,24.0,,,240.8,3.21
5746,2023,actual,196.0,10.0,0.0,112.0,10.0,0.0,0.0,3.0,-4.0,82.0,2.0,0.0,11.0,1402.63,50.0,8.0,8.0,34.0,115016.0,140.0,39.0,2.0,0.0,2465.0,50.0,,,317.2,3.87
5746,2024,projected,187.0,7.0,0.0,127.0,7.0,0.0,1.0,1.0,15.0,79.0,1.0,1.0,12.0,1386.0,46.0,6.0,6.0,39.0,109494.0,129.0,34.0,1.0,0.0,1605.0,34.0,,,287.45,3.64
5746,2024,actual,132.0,7.0,0.0,77.0,8.0,0.0,1.0,1.0,-2.0,60.0,1.0,1.0,2.0,1317.73,30.0,7.0,6.0,39.0,79064.0,104.0,28.0,1.0,0.0,1605.0,30.0,,,210.2,3.5
5746,2025,projected,159.0,8.0,,109.0,8.0,,,,-5.0,76.0,1.0,,8.0,1344.0,40.0,7.0,7.0,36.0,102144.0,117.0,32.0,1.0,,,40.0,,,259.65,3.42
5746,2025,actual,124.0,12.0,0.0,78.0,12.0,0.0,0.0,1.0,-9.0,78.0,1.0,0.0,4.0,1347.03,32.0,11.0,11.0,30.0,105068.0,108.0,28.0,1.0,0.0,2057.0,32.0,,,215.3,2.76
5746,2026,projected,134.0,10.0,,89.0,10.0,,,,-11.0,75.0,1.0,,5.0,1332.0,33.0,9.0,9.0,36.0,99900.0,110.0,28.0,1.0,,,33.0,,,224.9,3.0
5746,2026,actual,148.0,9.0,0.0,70.0,10.0,0.0,1.0,3.0,-8.0,78.0,2.0,1.0,16.0,1320.63,40.0,8.0,7.0,42.0,103009.0,132.0,24.0,2.0,0.0,2111.0,40.0,,,276.5,3.54
5746,2027,projected,143.0,10.0,,75.0,10.0,,,,-7.0,79.0,2.0,,13.0,1259.61,39.0,8.0,8.0,41.0,99509.19,131.0,26.0,2.0,,,39.0,,,265.25,3.36
5746,2027,actual,,,,,,,,,,,,,,,,,,,,,,,,,,,,,
5763,2023,projected,77.0,0.0,0.0,147.0,0.0,0.0,2.0,1.0,13.0,79.0,0.0,2.0,3.0,1218.0,24.0,0.0,0.0,42.0,96222.0,111.0,21.0,0.0,0.0,260.0,21.0,,,185.45,2.35
5763,2023,actual,60.0,0.0,0.0,151.0,0.0,0.0,0.0,1.0,15.0,80.0,0.0,0.0,2.0,1214.49,18.0,0.0,0.0,39.0,97159.0,139.0,16.0,0.0,0.0,2047.0,18.0,,,176.1,2.2
5763,2024,projected,41.0,0.0,0.0,94.0,0.0,0.0,0.0,0.0,-8.0,55.0,0.0,0.0,1.0,1206.0,11.0,0.0,0.0,27.0,66330.0,85.0,10.0,0.0,0.0,747.0,10.0,,,108.65,1.98
5763,2024,actual,14.0,0.0,0.0,47.0,0.0,0.0,0.0,0.0,8.0,38.0,0.0,0.0,0.0,904.92,5.0,0.0,0.0,22.0,34387.0,39.0,5.0,0.0,0.0,747.0,5.0,,,53.7,1.41
5763,2025,projected,49.0,,,99.0,,,,,11.0,54.0,,,,1032.0,7.0,,,28.0,55728.0,87.0,7.0,,,,7.0,,,100.65,1.86
5763,2025,actual,41.0,0.0,0.0,35.0,0.0,0.0,0.0,0.0,-7.0,73.0,0.0,0.0,2.0,887.52,8.0,0.0,0.0,16.0,64789.0,78.0,6.0,0.0,0.0,1422.0,8.0,,,86.75,1.19
5763,2026,projected,,,,,,,,,,,,,,,,,,,,,,,,,,,,,
5763,2026,actual,7.0,0.0,0.0,5.0,0.0,0.0,0.0,1.0,5.0,9.0,0.0,0.0,1.0,940.33,2.0,0.0,0.0,6.0,8463.0,5.0,1.0,0.0,0.0,171.0,2.0,,,15.75,1.75
5763,2027,projected,,,,,,,,,,,,,,,,,,,,,,,,,,,,,
5763,2027,actual,,,,,,,,,,,,,,,,,,,,,,,,,,,,,
5829,2023,projected,,,,,,,,,,,,,,,,,,,,,,,,,,,,,
5829,2023,actual,38.0,0.0,2.0,106.0,2.0,0.0,0.0,2.0,13.0,54.0,0.0,2.0,5.0,1063.96,12.0,0.0,0.0,23.0,57454.0,88.0,7.0,2.0,0.0,1335.0,12.0,,,122.6,2.27
5829,2024,projected,,,,,,,,,,,,,,,,,,,,,,,,,,,,,
5829,2024,actual,22.0,0.0,0.0,58.0,0.0,0.0,0.0,0.0,8.0,35.0,0.0,0.0,0.0,1067.63,4.0,0.0,0.0,17.0,37367.0,65.0,4.0,0.0,0.0,895.0,4.0,,,64.3,1.84
5829,2025,projected,,,,,,,,,,,,,,,,,,,,,,,,,,,,,
5829,2025,actual,39.0,1.0,0.0,65.0,1.0,0.0,0.0,1.0,-7.0,54.0,0.0,0.0,2.0,1026.09,11.0,1.0,1.0,45.0,55409.0,77.0,9.0,0.0,0.0,1343.0,11.0,,,113.75,2.11
5829,2026,projected,,,,,,,,,,,,,,,,,,,,,,,,,,,,,
5829,2026,actual,1.0,0.0,0.0,2.0,0.0,0.0,0.0,0.0,0.0,2.0,0.0,0.0,0.0,836.0,0.0,0.0,0.0,2.0,1672.0,4.0,0.0,0.0,0.0,39.0,0.0,,,3.45,1.73
5829,2027,projected,,,,,,,,,,,,,,,,,,,,,,,,,,,,,
5829,2027,actual,,,,,,,,,,,,,,,,,,,,,,,,,,,,,
2529256,2023,projected,,,,,,,,,,,,,,,,,,,,,,,,,,,,,
2529256,2023,actual,,,,,,,,,,,,,,,,,,,,,,,,,,,,,
2529256,2024,projected,,,,,,,,,,,,,,,,,,,,,,,,,,,,,
2529256,2024,actual,,,,,,,,,,,,,,,,,,,,,,,,,,,,,
2529256,2025,projected,,,,,,,,,,,,,,,,,,,,,,,,,,,,,
2529256,2025,actual,,,,,,,,,,,,,,,,,,,,,,,,,,,,,
2529256,2026,projected,,,,,,,,,,,,,,,,,,,,,,,,,,,,,
2529256,2026,actual,5.0,0.0,0.0,26.0,0.0,0.0,0.0,0.0,-1.0,13.0,0.0,0.0,0.0,558.77,0.0,0.0,0.0,10.0,7264.0,9.0,0.0,0.0,0.0,164.0,0.0,,,13.35,1.03
2529256,2027,projected,,,,,,,,,,,,,,,,,,,,,,,,,,,,,
2529256,2027,actual,,,,,,,,,,,,,,,,,,,,,,,,,,,,,
2554903,2023,projected,84.0,0.0,0.0,206.0,1.0,0.0,1.0,0.0,13.0,80.0,0.0,1.0,2.0,1134.0,18.0,1.0,0.0,65.0,90720.0,110.0,16.0,0.0,0.0,265.0,16.0,,,184.1,2.3
2554903,2023,actual,83.0,0.0,0.0,198.0,1.0,0.0,1.0,0.0,2.0,82.0,0.0,1.0,2.0,1175.3,23.0,1.0,0.0,76.0,96375.0,108.0,21.0,0.0,0.0,2125.0,23.0,,,204.55,2.49
2554903,2024,projected,61.0,0.0,0.0,141.0,0.0,0.0,0.0,2.0,7.0,62.0,0.0,0.0,1.0,1134.0,12.0,0.0,0.0,56.0,70308.0,67.0,11.0,0.0,0.0,1897.0,11.0,,,128.85,2.08
2554903,2024,actual,79.0,0.0,0.0,220.0,0.0,0.0,0.0,2.0,20.0,77.0,0.0,0.0,8.0,1124.48,20.0,0.0,0.0,92.0,86585.0,111.0,12.0,0.0,0.0,1897.0,20.0,,,213.25,2.77
2554903,2025,projected,89.0,,,233.0,,,,,15.0,79.0,,,4.0,1134.0,20.0,,,88.0,89586.0,110.0,16.0,,,,20.0,,,208.55,2.64
2554903,2025,actual,48.0,0.0,0.0,188.0,1.0,0.0,1.0,0.0,8.0,82.0,0.0,1.0,2.0,1114.54,16.0,1.0,0.0,67.0,91392.0,108.0,14.0,0.0,0.0,1941.0,16.0,,,169.3,2.06
2554903,2026,projected,79.0,,,203.0,,,,,14.0,80.0,,,3.0,1116.0,18.0,,,72.0,89280.0,109.0,15.0,,,,18.0,,,187.55,2.34
2554903,2026,actual,55.0,0.0,0.0,202.0,1.0,0.0,1.0,2.0,-13.0,82.0,0.0,1.0,3.0,1079.85,15.0,1.0,0.0,89.0,88548.0,103.0,12.0,0.0,0.0,1768.0,15.0,,,180.95,2.21
2554903,2027,projected,,,,,,,,,,,,,,,,,,,,,,,,,,,,,
2554903,2027,actual,,,,,,,,,,,,,,,,,,,,,,,,,,,,,
2558631,2023,projected,149.0,6.0,1.0,76.0,8.0,0.0,1.0,0.0,16.0,78.0,1.0,2.0,8.0,1404.0,33.0,6.0,5.0,38.0,109512.0,102.0,25.0,2.0,0.0,200.0,25.0,,,220.35,2.82
2558631,2023,actual,135.0,4.0,0.0,91.0,5.0,0.0,1.0,0.0,28.0,78.0,0.0,1.0,9.0,1288.14,32.0,5.0,4.0,28.0,100475.0,104.0,23.0,0.0,0.0,1946.0,32.0,,,216.85,2.78
2558631,2024,projected,137.0,3.0,1.0,81.0,3.0,0.0,0.0,3.0,25.0,77.0,2.0,1.0,6.0,1284.0,28.0,3.0,3.0,36.0,98868.0,98.0,22.0,3.0,0.0,1870.0,22.0,,,201.85,2.62
2558631,2024,actual,177.0,3.0,1.0,127.0,4.0,0.0,0.0,3.0,44.0,79.0,2.0,1.0,11.0,1262.96,45.0,1.0,1.0,47.0,99774.0,93.0,34.0,3.0,0.0,1870.0,45.0,,,280.45,3.55
2558631,2025,projected,159.0,2.0,1.0,121.0,4.0,,1.0,,33.0,77.0,1.0,2.0,9.0,1266.0,32.0,2.0,1.0,38.0,97482.0,95.0,23.0,2.0,,,32.0,,,227.85,2.96
2558631,2025,actual,143.0,7.0,0.0,41.0,7.0,0.0,0.0,1.0,11.0,65.0,3.0,0.0,9.0,1331.77,33.0,4.0,4.0,30.0,86565.0,95.0,24.0,3.0,0.0,1635.0,33.0,,,216.35,3.33
2558631,2026,projected,166.0,5.0,,61.0,5.0,,,,25.0,68.0,2.0,,11.0,1308.0,38.0,3.0,3.0,34.0,88944.0,94.0,27.0,2.0,,,38.0,,,240.1,3.53
2558631,2026,actual,131.0,3.0,0.0,65.0,3.0,0.0,0.0,2.0,32.0,82.0,0.0,0.0,6.0,1234.34,41.0,3.0,3.0,30.0,101216.0,125.0,35.0,0.0,0.0,2040.0,41.0,1.0,,252.25,3.08
2558631,2027,projected,138.0,3.0,,70.0,3.0,,,,32.0,82.0,,,7.0,1264.5,40.0,3.0,3.0,32.0,103689.0,121.0,33.0,,,,40.0,,,246.5,3.01
2558631,2027,actual,,,,,,,,,,,,,,,,,,,,,,,,,,,,,
2562600,2023,projected,112.0,5.0,0.0,43.0,2.0,0.0,1.0,0.0,8.0,75.0,1.0,1.0,4.0,1404.0,28.0,2.0,4.0,20.0,105300.0,131.0,24.0,0.0,0.0,205.0,24.0,,,195.8,2.61
2562600,2023,actual,90.0,0.0,0.0,50.0,2.0,0.0,2.0,0.0,13.0,60.0,0.0,2.0,3.0,1371.85,14.0,2.0,0.0,30.0,82311.0,130.0,11.0,0.0,0.0,1500.0,14.0,,,154.5,2.58
2562600,2024,projected,91.0,1.0,0.0,41.0,2.0,0.0,1.0,1.0,11.0,62.0,0.0,1.0,3.0,1386.0,15.0,2.0,1.0,22.0,85932.0,123.0,12.0,0.0,0.0,1576.0,12.0,,,146.85,2.37
2562600,2024,actual,117.0,1.0,0.0,19.0,1.0,0.0,0.0,1.0,22.0,62.0,0.0,0.0,7.0,1402.34,27.0,1.0,1.0,16.0,86945.0,142.0,20.0,0.0,0.0,1576.0,27.0,,,199.65,3.22
2562600,2025,projected,107.0,1.0,,51.0,1.0,,,,17.0,64.0,,,5.0,1398.0,26.0,1.0,1.0,18.0,89472.0,138.0,21.0,,,,26.0,,,193.35,3.02
2562600,2025,actual,71.0,0.0,0.0,27.0,1.0,0.0,1.0,1.0,10.0,50.0,0.0,1.0,4.0,1376.94,20.0,1.0,0.0,18.0,68847.0,104.0,16.0,0.0,0.0,1306.0,20.0,,,147.45,2.95
2562600,2026,projected,94.0,,,31.0,,,,,15.0,61.0,,,6.0,1386.0,24.0,,,16.0,84546.0,124.0,18.0,,,,24.0,,,174.6,2.86
2562600,2026,actual,76.0,1.0,0.0,10.0,1.0,0.0,0.0,1.0,19.0,62.0,0.0,0.0,4.0,1217.4,18.0,1.0,1.0,16.0,75479.0,126.0,14.0,0.0,0.0,1456.0,18.0,,,150.5,2.43
2562600,2027,projected,,,,,,,,,,,,,,,,,,,,,,,,,,,,,
2562600,2027,actual,,,,,,,,,,,,,,,,,,,,,,,,,,,,,
2562605,2023,projected,248.0,14.0,0.0,103.0,15.0,0.0,1.0,7.0,-11.0,79.0,2.0,1.0,14.0,1296.0,45.0,13.0,12.0,50.0,102384.0,107.0,31.0,2.0,0.0,92.0,31.0,,,301.8,3.82
2562605,2023,actual,275.0,28.0,0.0,64.0,28.0,0.0,0.0,7.0,23.0,82.0,8.0,0.0,22.0,1306.39,74.0,20.0,20.0,50.0,107124.0,86.0,52.0,8.0,0.0,2119.0,74.0,,,412.15,5.03
2562605,2024,projected,262.0,23.0,0.0,70.0,23.0,0.0,0.0,0.0,19.0,82.0,6.0,0.0,16.0,1284.0,64.0,17.0,17.0,54.0,105288.0,88.0,48.0,6.0,0.0,532.0,48.0,,,350.0,4.27
2562605,2024,actual,61.0,8.0,0.0,11.0,8.0,0.0,0.0,0.0,-8.0,20.0,4.0,0.0,5.0,1258.5,16.0,4.0,4.0,20.0,25170.0,24.0,11.0,4.0,0.0,532.0,16.0,,,97.35,4.87
2562605,2025,projected,243.0,19.0,,73.0,19.0,,,,4.0,76.0,6.0,,19.0,1266.0,60.0,13.0,13.0,46.0,96216.0,84.0,41.0,6.0,,,60.0,,,344.55,4.53
2562605,2025,actual,186.0,15.0,0.0,72.0,15.0,0.0,0.0,3.0,8.0,64.0,5.0,0.0,9.0,1191.34,40.0,10.0,10.0,30.0,76246.0,85.0,31.0,5.0,0.0,1512.0,40.0,,,253.2,3.96
2562605,2026,projected,191.0,13.0,,81.0,13.0,,,,14.0,69.0,4.0,,11.0,1224.0,48.0,9.0,9.0,34.0,84456.0,87.0,37.0,4.0,,,48.0,,,279.85,4.06
2562605,2026,actual,203.0,14.0,0.0,87.0,14.0,0.0,0.0,3.0,-2.0,77.0,4.0,0.0,12.0,1292.4,39.0,10.0,10.0,50.0,99515.0,78.0,27.0,4.0,0.0,1958.0,39.0,,,264.45,3.43
2562605,2027,projected,186.0,14.0,,77.0,14.0,,,,-2.0,72.0,4.0,,11.0,1231.83,39.0,10.0,10.0,46.0,88691.76,74.0,28.0,4.0,,,39.0,,,251.2,3.49
2562605,2027,actual,,,,,,,,,,,,,,,,,,,,,,,,,,,,,
2562610,2023,projected,,,,,,,,,,,,,,,,,,,,,,,,,,,,,
2562610,2023,actual,143.0,0.0,1.0,222.0,1.0,0.0,0.0,2.0,27.0,82.0,0.0,1.0,8.0,1418.51,33.0,0.0,0.0,47.0,116318.0,173.0,25.0,1.0,0.0,2219.0,33.0,,,278.95,3.4
2562610,2024,projected,149.0,0.0,0.0,224.0,1.0,0.0,1.0,1.0,19.0,82.0,0.0,1.0,8.0,1368.0,35.0,1.0,0.0,51.0,112176.0,176.0,27.0,0.0,0.0,2126.0,27.0,,,280.15,3.42
2562610,2024,actual,130.0,0.0,0.0,144.0,1.0,0.0,1.0,1.0,6.0,81.0,0.0,1.0,4.0,1376.7,18.0,1.0,0.0,55.0,111513.0,151.0,14.0,0.0,0.0,2126.0,18.0,,,209.9,2.59
2562610,2025,projected,131.0,,,187.0,,,,,12.0,82.0,,,6.0,1386.0,27.0,,,52.0,113652.0,161.0,21.0,,,,27.0,,,244.95,2.99
2562610,2025,actual,112.0,0.0,0.0,104.0,0.0,0.0,0.0,1.0,22.0,82.0,0.0,0.0,7.0,1271.15,28.0,0.0,0.0,31.0,104234.0,148.0,21.0,0.0,0.0,1828.0,28.0,,,219.9,2.68
2562610,2026,projected,137.0,,,139.0,,,,,19.0,82.0,,,8.0,1314.0,27.0,,,44.0,107748.0,158.0,19.0,,,,27.0,,,238.15,2.9
2562610,2026,actual,106.0,0.0,0.0,110.0,0.0,0.0,0.0,1.0,0.0,82.0,0.0,0.0,7.0,1282.39,25.0,0.0,0.0,42.0,105156.0,163.0,18.0,0.0,0.0,1962.0,25.0,,,223.0,2.72
2562610,2027,projected,111.0,,,116.0,,,,,4.0,84.0,,,6.0,1339.02,23.0,,,43.0,112477.68,157.0,17.0,,,,23.0,,,214.35,2.55
2562610,2027,actual,,,,,,,,,,,,,,,,,,,,,,,,,,,,,
2562618,2023,projected,,,,,,,,,,,,,,,,,,,,,,,,,,,,,
2562618,2023,actual,85.0,0.0,2.0,165.0,2.0,0.0,0.0,0.0,-10.0,80.0,0.0,2.0,7.0,1163.4,13.0,0.0,0.0,69.0,93072.0,160.0,6.0,2.0,0.0,1962.0,13.0,,,202.25,2.53
2562618,2024,projected,56.0,0.0,0.0,109.0,0.0,0.0,0.0,0.0,-12.0,54.0,0.0,0.0,3.0,1176.0,9.0,0.0,0.0,58.0,63504.0,105.0,6.0,0.0,0.0,1143.0,6.0,,,133.4,2.47
2562618,2024,actual,51.0,0.0,0.0,99.0,0.0,0.0,0.0,0.0,-19.0,46.0,0.0,0.0,2.0,1189.91,8.0,0.0,0.0,40.0,54736.0,113.0,6.0,0.0,0.0,1143.0,8.0,,,125.15,2.72
2562618,2025,projected,76.0,,,136.0,,,,,-16.0,62.0,,,2.0,1170.0,9.0,,,44.0,72540.0,153.0,7.0,,,,9.0,,,160.1,2.58
2562618,2025,actual,84.0,0.0,0.0,117.0,1.0,0.0,1.0,0.0,-2.0,68.0,0.0,1.0,2.0,1236.9,19.0,1.0,0.0,52.0,84109.0,160.0,17.0,0.0,0.0,1668.0,19.0,,,198.7,2.92
2562618,2026,projected,81.0,,,120.0,,,,,-11.0,69.0,,,3.0,1218.0,16.0,,,54.0,84042.0,159.0,13.0,,,,16.0,,,189.75,2.75
2562618,2026,actual,70.0,0.0,0.0,90.0,1.0,0.0,1.0,0.0,-2.0,80.0,0.0,1.0,5.0,1052.4,17.0,1.0,0.0,71.0,84192.0,138.0,12.0,0.0,0.0,1785.0,17.0,,,188.0,2.35
2562618,2027,projected,,,,,,,,,,,,,,,,,,,,,,,,,,,,,
2562618,2027,actual,,,,,,,,,,,,,,,,,,,,,,,,,,,,,
2562625,2023,projected,,,,,,,,,,,,,,,,,,,,,,,,,,,,,
2562625,2023,actual,76.0,0.0,0.0,126.0,0.0,0.0,0.0,2.0,13.0,75.0,0.0,0.0,9.0,1155.21,25.0,0.0,0.0,72.0,86641.0,115.0,16.0,0.0,0.0,1861.0,25.0,,,211.1,2.81
2562625,2024,projected,81.0,0.0,0.0,155.0,2.0,0.0,2.0,0.0,9.0,73.0,0.0,2.0,3.0,1164.0,19.0,2.0,0.0,58.0,84972.0,92.0,16.0,0.0,0.0,1978.0,16.0,,,169.75,2.33
2562625,2024,actual,108.0,0.0,0.0,88.0,2.0,0.0,2.0,0.0,-2.0,82.0,0.0,2.0,2.0,1178.91,15.0,2.0,0.0,37.0,96671.0,177.0,13.0,0.0,0.0,1978.0,15.0,,,191.8,2.34
2562625,2025,projected,104.0,,,131.0,,,,,-7.0,77.0,,,4.0,1182.0,19.0,,,50.0,91014.0,138.0,15.0,,,,19.0,,,194.1,2.52
2562625,2025,actual,66.0,0.0,0.0,72.0,0.0,0.0,0.0,1.0,-2.0,82.0,0.0,0.0,4.0,1126.57,17.0,0.0,0.0,32.0,92379.0,159.0,13.0,0.0,0.0,1715.0,17.0,,,175.2,2.14
2562625,2026,projected,86.0,,,101.0,,,,,-4.0,82.0,,,3.0,1134.0,17.0,,,36.0,92988.0,163.0,14.0,,,,17.0,,,185.1,2.26
2562625,2026,actual,77.0,0.0,0.0,112.0,0.0,0.0,0.0,2.0,9.0,78.0,0.0,0.0,5.0,1015.62,15.0,0.0,0.0,36.0,79218.0,106.0,10.0,0.0,0.0,1573.0,15.0,,,153.45,1.97
2562625,2027,projected,,,,,,,,,,,,,,,,,,,,,,,,,,,,,
2562625,2027,actual,,,,,,,,,,,,,,,,,,,,,,,,,,,,,
2563034,2023,projected,,,,,,,,,,,,,,,,,,,,,,,,,,,,,
2563034,2023,actual,69.0,0.0,0.0,112.0,1.0,0.0,1.0,0.0,-29.0,61.0,0.0,1.0,2.0,1173.93,13.0,1.0,0.0,58.0,71610.0,149.0,11.0,0.0,0.0,1370.0,13.0,,,173.95,2.85
2563034,2024,projected,,,,,,,,,,,,,,,,,,,,,,,,,,,,,
2563034,2024,actual,46.0,0.0,0.0,71.0,0.0,0.0,0.0,0.0,-2.0,53.0,0.0,0.0,1.0,999.96,6.0,0.0,0.0,23.0,52998.0,65.0,5.0,0.0,0.0,1155.0,6.0,,,81.6,1.54
2563034,2025,projected,,,,,,,,,,,,,,,,,,,,,,,,,,,,,
2563034,2025,actual,91.0,1.0,0.0,100.0,1.0,0.0,0.0,1.0,25.0,73.0,0.0,0.0,6.0,1235.38,20.0,1.0,1.0,22.0,90183.0,108.0,14.0,0.0,0.0,1916.0,20.0,,,165.25,2.26
2563034,2026,projected,,,,,,,,,,,,,,,,,,,,,,,,,,,,,
2563034,2026,actual,104.0,3.0,0.0,97.0,4.0,0.0,1.0,0.0,14.0,82.0,0.0,1.0,2.0,1108.71,23.0,4.0,3.0,25.0,90914.0,111.0,21.0,0.0,0.0,1923.0,23.0,,,177.2,2.16
2563034,2027,projected,,,,,,,,,,,,,,,,,,,,,,,,,,,,,
2563034,2027,actual,,,,,,,,,,,,,,,,,,,,,,,,,,,,,
2563069,2023,projected,,,,,,,,,,,,,,,,,,,,,,,,,,,,,
2563069,2023,actual,119.0,0.0,0.0,107.0,0.0,0.0,0.0,1.0,8.0,82.0,0.0,0.0,6.0,1261.73,24.0,0.0,0.0,83.0,103462.0,168.0,18.0,0.0,0.0,2064.0,24.0,,,244.95,2.99
2563069,2024,projected,98.0,0.0,0.0,92.0,0.0,0.0,0.0,0.0,7.0,70.0,0.0,0.0,4.0,1230.0,19.0,0.0,0.0,71.0,86100.0,130.0,15.0,0.0,0.0,997.0,15.0,,,191.2,2.73
2563069,2024,actual,36.0,0.0,0.0,58.0,0.0,0.0,0.0,0.0,-7.0,41.0,0.0,0.0,0.0,1125.88,5.0,0.0,0.0,35.0,46161.0,106.0,5.0,0.0,0.0,997.0,5.0,,,100.3,2.45
2563069,2025,projected,101.0,,,91.0,,,,,-6.0,69.0,,,3.0,1176.0,18.0,,,78.0,81144.0,143.0,15.0,,,,18.0,,,201.85,2.93
2563069,2025,actual,51.0,0.0,1.0,89.0,1.0,0.0,0.0,0.0,18.0,66.0,0.0,1.0,3.0,1020.05,9.0,0.0,0.0,27.0,67323.0,105.0,6.0,1.0,0.0,1544.0,9.0,,,119.65,1.81
2563069,2026,projected,,,,,,,,,,,,,,,,,,,,,,,,,,,,,
2563069,2026,actual,71.0,0.0,0.0,75.0,0.0,0.0,0.0,0.0,-11.0,80.0,0.0,0.0,2.0,988.26,15.0,0.0,0.0,83.0,79061.0,82.0,13.0,0.0,0.0,1751.0,15.0,,,154.75,1.93
2563069,2027,projected,,,,,,,,,,,,,,,,,,,,,,,,,,,,,
2563069,2027,actual,,,,,,,,,,,,,,,,,,,,,,,,,,,,,
2563077,2023,projected,,,,,,,,,,,,,,,,,,,,,,,,,,,,,
2563077,2023,actual,,,,,,,,,,,,,,,,,,,,,,,,,,,,,
2563077,2024,projected,,,,,,,,,,,,,,,,,,,,,,,,,,,,,
2563077,2024,actual,119.0,5.0,1.0,46.0,6.0,0.0,0.0,1.0,1.0,59.0,0.0,1.0,6.0,1035.51,24.0,5.0,5.0,28.0,61095.0,57.0,18.0,1.0,0.0,1384.0,24.0,,,160.35,2.72
2563077,2025,projected,,,,,,,,,,,,,,,,,,,,,,,,,,,,,
2563077,2025,actual,31.0,0.0,0.0,3.0,0.0,0.0,0.0,0.0,-3.0,18.0,0.0,0.0,0.0,910.06,2.0,0.0,0.0,2.0,16381.0,14.0,2.0,0.0,0.0,407.0,2.0,,,22.05,1.23
2563077,2026,projected,,,,,,,,,,,,,,,,,,,,,,,,,,,,,
2563077,2026,actual,63.0,0.0,1.0,18.0,1.0,0.0,0.0,0.0,11.0,42.0,0.0,1.0,1.0,897.93,9.0,0.0,0.0,26.0,37713.0,37.0,8.0,1.0,0.0,889.0,9.0,,,79.05,1.88
2563077,2027,projected,,,,,,,,,,,,,,,,,,,,,,,,,,,,,
2563077,2027,actual,,,,,,,,,,,,,,,,,,,,,,,,,,,,,
2564164,2023,projected,,,,,,,,,,,,,,,,,,,,,,,,,,,,,
2564164,2023,actual,84.0,0.0,0.0,126.0,1.0,0.0,1.0,0.0,1.0,77.0,0.0,1.0,4.0,869.38,14.0,1.0,0.0,56.0,66942.0,161.0,10.0,0.0,0.0,1574.0,14.0,,,189.1,2.46
2564164,2024,projected,,,,,,,,,,,,,,,,,,,,,,,,,,,,,
2564164,2024,actual,100.0,0.0,0.0,115.0,4.0,0.0,4.0,0.0,9.0,71.0,0.0,4.0,1.0,1016.9,13.0,4.0,0.0,78.0,72200.0,205.0,12.0,0.0,0.0,1721.0,13.0,,,222.0,3.13
2564164,2025,projected,,,,,,,,,,,,,,,,,,,,,,,,,,,,,
2564164,2025,actual,82.0,0.0,0.0,125.0,0.0,0.0,0.0,1.0,10.0,77.0,0.0,0.0,3.0,1036.78,20.0,0.0,0.0,36.0,79832.0,200.0,17.0,0.0,0.0,1906.0,20.0,,,215.0,2.79
2564164,2026,projected,,,,,,,,,,,,,,,,,,,,,,,,,,,,,
2564164,2026,actual,94.0,0.0,0.0,126.0,0.0,0.0,0.0,0.0,1.0,80.0,0.0,0.0,4.0,1061.16,10.0,0.0,0.0,38.0,84893.0,149.0,6.0,0.0,0.0,1962.0,10.0,,,163.6,2.04
2564164,2027,projected,,,,,,,,,,,,,,,,,,,,,,,,,,,,,
2564164,2027,actual,,,,,,,,,,,,,,,,,,,,,,,,,,,,,
2590751,2023,projected,144.0,21.0,0.0,47.0,21.0,0.0,0.0,3.0,-14.0,76.0,2.0,0.0,7.0,1338.0,49.0,19.0,19.0,24.0,101688.0,76.0,42.0,2.0,0.0,155.0,42.0,,,252.2,3.32
2590751,2023,actual,112.0,10.0,0.0,55.0,10.0,0.0,0.0,3.0,-25.0,67.0,2.0,0.0,10.0,1237.46,33.0,8.0,8.0,34.0,82910.0,84.0,23.0,2.0,0.0,1513.0,33.0,,,210.5,3.14
2590751,2024,projected,114.0,11.0,0.0,61.0,11.0,0.0,0.0,0.0,-6.0,68.0,1.0,0.0,6.0,1200.0,33.0,10.0,10.0,34.0,81600.0,86.0,27.0,1.0,0.0,348.0,27.0,,,199.6,2.94
2590751,2024,actual,14.0,2.0,0.0,11.0,2.0,0.0,0.0,0.0,-7.0,14.0,0.0,0.0,0.0,1233.07,5.0,2.0,2.0,8.0,17263.0,14.0,5.0,0.0,0.0,348.0,5.0,,,31.6,2.26
2590751,2025,projected,107.0,12.0,,59.0,12.0,,,,-11.0,58.0,1.0,,5.0,1212.0,26.0,11.0,11.0,28.0,70296.0,71.0,21.0,1.0,,,26.0,,,171.65,2.96
2590751,2025,actual,19.0,0.0,0.0,5.0,0.0,0.0,0.0,0.0,0.0,11.0,0.0,0.0,1.0,1034.64,4.0,0.0,0.0,8.0,11381.0,13.0,3.0,0.0,0.0,216.0,4.0,,,28.75,2.61
2590751,2026,projected,,,,,,,,,,,,,,,,,,,,,,,,,,,,,
2590751,2026,actual,79.0,9.0,0.0,46.0,9.0,0.0,0.0,2.0,-13.0,56.0,5.0,0.0,10.0,1228.0,27.0,4.0,4.0,24.0,68768.0,62.0,17.0,5.0,0.0,1211.0,27.0,,,167.35,2.99
2590751,2027,projected,,,,,,,,,,,,,,,,,,,,,,,,,,,,,
2590751,2027,actual,,,,,,,,,,,,,,,,,,,,,,,,,,,,,
2590796,2023,projected,,,,,,,,,,,,,,,,,,,,,,,,,,,,,
2590796,2023,actual,106.0,1.0,0.0,108.0,1.0,0.0,0.0,3.0,23.0,79.0,1.0,0.0,6.0,1006.33,21.0,0.0,0.0,37.0,79500.0,70.0,15.0,1.0,0.0,1716.0,21.0,,,163.8,2.07
2590796,2024,projected,,,,,,,,,,,,,,,,,,,,,,,,,,,,,
2590796,2024,actual,69.0,1.0,0.0,80.0,1.0,0.0,0.0,0.0,8.0,46.0,0.0,0.0,4.0,942.3,9.0,1.0,1.0,26.0,43346.0,37.0,5.0,0.0,0.0,1004.0,9.0,,,88.25,1.92
2590796,2025,projected,,,,,,,,,,,,,,,,,,,,,,,,,,,,,
2590796,2025,actual,68.0,2.0,0.0,84.0,2.0,0.0,0.0,0.0,10.0,60.0,1.0,0.0,4.0,871.08,15.0,1.0,1.0,38.0,52265.0,50.0,11.0,1.0,0.0,1139.0,15.0,,,119.9,2.0
2590796,2026,projected,,,,,,,,,,,,,,,,,,,,,,,,,,,,,
2590796,2026,actual,20.0,1.0,0.0,29.0,1.0,0.0,0.0,0.0,-8.0,18.0,0.0,0.0,0.0,856.5,2.0,1.0,1.0,6.0,15417.0,13.0,2.0,0.0,0.0,329.0,2.0,,,23.9,1.33
2590796,2027,projected,,,,,,,,,,,,,,,,,,,,,,,,,,,,,
2590796,2027,actual,,,,,,,,,,,,,,,,,,,,,,,,,,,,,
2590829,2023,projected,,,,,,,,,,,,,,,,,,,,,,,,,,,,,
2590829,2023,actual,41.0,0.0,0.0,64.0,0.0,0.0,0.0,2.0,13.0,27.0,0.0,0.0,2.0,1061.26,10.0,0.0,0.0,42.0,28654.0,41.0,8.0,0.0,0.0,656.0,10.0,,,92.15,3.41
2590829,2024,projected,,,,,,,,,,,,,,,,,,,,,,,,,,,,,
2590829,2024,actual,123.0,0.0,1.0,186.0,2.0,1.0,1.0,0.0,11.0,76.0,0.0,2.0,8.0,1066.97,25.0,1.0,0.0,87.0,81090.0,109.0,17.0,1.0,0.0,1744.0,25.0,,,233.35,3.07
2590829,2025,projected,106.0,,1.0,187.0,2.0,,1.0,,10.0,73.0,,2.0,5.0,1062.0,18.0,1.0,,58.0,77526.0,83.0,13.0,1.0,,,18.0,,,177.7,2.43
2590829,2025,actual,65.0,1.0,0.0,105.0,2.0,0.0,1.0,0.0,-6.0,48.0,0.0,1.0,1.0,1082.48,15.0,2.0,1.0,28.0,51959.0,59.0,14.0,0.0,0.0,1168.0,15.0,,,117.75,2.45
2590829,2026,projected,,,,,,,,,,,,,,,,,,,,,,,,,,,,,
2590829,2026,actual,128.0,0.0,0.0,174.0,0.0,0.0,0.0,2.0,42.0,79.0,0.0,0.0,5.0,1067.06,31.0,0.0,0.0,91.0,84298.0,99.0,26.0,0.0,0.0,1850.0,31.0,,,244.4,3.09
2590829,2027,projected,122.0,,,176.0,,,,,32.0,76.0,,,5.0,1082.89,29.0,,,84.0,82299.64,97.0,24.0,,,,29.0,,,230.6,3.03
2590829,2027,actual,,,,,,,,,,,,,,,,,,,,,,,,,,,,,
2590861,2023,projected,,,,,,,,,,,,,,,,,,,,,,,,,,,,,
2590861,2023,actual,93.0,0.0,1.0,120.0,3.0,0.0,2.0,1.0,10.0,75.0,0.0,3.0,6.0,1173.65,27.0,2.0,0.0,50.0,88024.0,102.0,21.0,1.0,0.0,1958.0,27.0,,,203.25,2.71
2590861,2024,projected,81.0,1.0,1.0,115.0,2.0,0.0,1.0,0.0,8.0,75.0,0.0,2.0,2.0,1164.0,13.0,1.0,1.0,34.0,87300.0,103.0,11.0,1.0,0.0,2213.0,11.0,,,142.75,1.9
2590861,2024,actual,83.0,1.0,0.0,153.0,1.0,0.0,0.0,0.0,46.0,82.0,0.0,0.0,3.0,1303.78,31.0,1.0,1.0,36.0,106910.0,139.0,28.0,0.0,0.0,2213.0,31.0,,,220.05,2.68
2590861,2025,projected,82.0,1.0,1.0,153.0,3.0,,1.0,,26.0,77.0,,2.0,2.0,1272.0,33.0,2.0,1.0,44.0,97944.0,127.0,31.0,1.0,,,33.0,,,225.8,2.93
2590861,2025,actual,75.0,0.0,0.0,137.0,0.0,0.0,0.0,2.0,31.0,82.0,0.0,0.0,3.0,1291.94,19.0,0.0,0.0,38.0,105939.0,112.0,16.0,0.0,0.0,2203.0,19.0,,,169.45,2.07
2590861,2026,projected,89.0,,,157.0,,,,,34.0,82.0,,,3.0,1296.0,23.0,,,38.0,106272.0,124.0,20.0,,,,23.0,,,190.95,2.33
2590861,2026,actual,75.0,0.0,0.0,115.0,2.0,0.0,2.0,0.0,7.0,82.0,0.0,2.0,3.0,1287.44,19.0,2.0,0.0,40.0,105570.0,109.0,16.0,0.0,0.0,2212.0,19.0,,,166.75,2.03
2590861,2027,projected,,,,,,,,,,,,,,,,,,,,,,,,,,,,,
2590861,2027,actual,,,,,,,,,,,,,,,,,,,,,,,,,,,,,
2968818,2023,projected,132.0,10.0,0.0,61.0,11.0,0.0,1.0,2.0,12.0,68.0,2.0,1.0,7.0,1362.0,29.0,9.0,8.0,42.0,92616.0,94.0,22.0,2.0,0.0,231.0,22.0,,,203.1,2.99
2968818,2023,actual,158.0,17.0,0.0,78.0,17.0,0.0,0.0,2.0,48.0,80.0,1.0,0.0,10.0,1391.19,53.0,16.0,16.0,56.0,111295.0,100.0,43.0,1.0,0.0,2232.0,53.0,,,305.3,3.82
2968818,2024,projected,155.0,14.0,0.0,74.0,15.0,0.0,1.0,0.0,35.0,78.0,1.0,1.0,8.0,1374.0,47.0,14.0,13.0,52.0,107172.0,97.0,39.0,1.0,0.0,2139.0,39.0,,,270.15,3.46
2968818,2024,actual,99.0,5.0,0.0,44.0,5.0,0.0,0.0,0.0,18.0,73.0,1.0,0.0,3.0,1397.22,26.0,4.0,4.0,63.0,101997.0,100.0,23.0,1.0,0.0,2139.0,26.0,,,194.65,2.67
2968818,2025,projected,136.0,7.0,,57.0,7.0,,,,22.0,77.0,1.0,,5.0,1392.0,24.0,6.0,6.0,58.0,107184.0,101.0,19.0,1.0,,,24.0,,,200.2,2.6
2968818,2025,actual,35.0,1.0,0.0,5.0,1.0,0.0,0.0,1.0,-4.0,17.0,0.0,0.0,3.0,1251.35,7.0,1.0,1.0,4.0,21273.0,17.0,4.0,0.0,0.0,447.0,7.0,,,45.25,2.66
2968818,2026,projected,,,,,,,,,,,,,,,,,,,,,,,,,,,,,
2968818,2026,actual,100.0,4.0,0.0,12.0,4.0,0.0,0.0,2.0,3.0,67.0,1.0,0.0,5.0,1297.39,26.0,3.0,3.0,58.0,86925.0,103.0,21.0,1.0,0.0,1757.0,26.0,,,194.2,2.9
2968818,2027,projected,,,,,,,,,,,,,,,,,,,,,,,,,,,,,
2968818,2027,actual,,,,,,,,,,,,,,,,,,,,,,,,,,,,,
2970689,2023,projected,137.0,7.0,0.0,103.0,7.0,0.0,0.0,2.0,7.0,67.0,1.0,0.0,9.0,1362.0,33.0,6.0,6.0,53.0,91254.0,87.0,24.0,1.0,0.0,218.0,24.0,,,219.55,3.28
2970689,2023,actual,99.0,0.0,0.0,104.0,0.0,0.0,0.0,2.0,-8.0,79.0,0.0,0.0,4.0,1276.66,14.0,0.0,0.0,81.0,100856.0,116.0,10.0,0.0,0.0,1870.0,14.0,,,181.65,2.3
2970689,2024,projected,,,,,,,,,,,,,,,,,,,,,,,,,,,,,
2970689,2024,actual,86.0,0.0,0.0,181.0,0.0,1.0,0.0,0.0,-18.0,76.0,0.0,0.0,4.0,1183.96,12.0,0.0,0.0,88.0,89981.0,108.0,8.0,0.0,0.0,1918.0,12.0,,,177.6,2.34
2970689,2025,projected,,,,,,,,,,,,,,,,,,,,,,,,,,,,,
2970689,2025,actual,57.0,1.0,0.0,70.0,1.0,0.0,0.0,0.0,-5.0,63.0,0.0,0.0,1.0,918.0,10.0,1.0,1.0,60.0,57834.0,60.0,9.0,0.0,0.0,1208.0,10.0,,,112.75,1.79
2970689,2026,projected,,,,,,,,,,,,,,,,,,,,,,,,,,,,,
2970689,2026,actual,7.0,0.0,0.0,16.0,0.0,0.0,0.0,0.0,-5.0,11.0,0.0,0.0,1.0,896.18,3.0,0.0,0.0,11.0,9858.0,12.0,2.0,0.0,0.0,199.0,3.0,,,24.85,2.26
2970689,2027,projected,,,,,,,,,,,,,,,,,,,,,,,,,,,,,
2970689,2027,actual,,,,,,,,,,,,,,,,,,,,,,,,,,,,,
2976833,2023,projected,209.0,20.0,0.0,81.0,21.0,0.0,1.0,1.0,12.0,79.0,1.0,1.0,9.0,1434.0,60.0,20.0,19.0,22.0,113286.0,85.0,51.0,1.0,0.0,88.0,51.0,,,306.35,3.88
2976833,2023,actual,126.0,17.0,0.0,70.0,17.0,0.0,0.0,1.0,-9.0,65.0,1.0,0.0,4.0,1302.25,41.0,16.0,16.0,21.0,84646.0,85.0,37.0,1.0,0.0,1649.0,41.0,,,228.5,3.52
2976833,2024,projected,139.0,17.0,0.0,75.0,17.0,0.0,0.0,0.0,12.0,70.0,1.0,0.0,4.0,1296.0,42.0,16.0,16.0,28.0,90720.0,86.0,38.0,1.0,0.0,2142.0,38.0,,,234.25,3.35
2976833,2024,actual,173.0,20.0,0.0,78.0,20.0,0.0,0.0,0.0,7.0,72.0,1.0,0.0,7.0,1424.47,58.0,19.0,19.0,27.0,102562.0,137.0,51.0,1.0,0.0,2142.0,58.0,,,324.55,4.51
2976833,2025,projected,142.0,18.0,,83.0,18.0,,,,11.0,71.0,1.0,,5.0,1362.0,49.0,17.0,17.0,26.0,96702.0,109.0,44.0,1.0,,,49.0,,,272.8,3.84
2976833,2025,actual,126.0,14.0,0.0,21.0,15.0,0.0,1.0,2.0,-8.0,82.0,1.0,1.0,7.0,1283.32,41.0,14.0,13.0,21.0,105232.0,131.0,34.0,1.0,0.0,2306.0,41.0,,,250.1,3.05
2976833,2026,projected,139.0,15.0,,57.0,15.0,,,,-7.0,77.0,1.0,,6.0,1308.0,47.0,14.0,14.0,24.0,100716.0,133.0,41.0,1.0,,,47.0,,,273.95,3.56
2976833,2026,actual,141.0,6.0,0.0,35.0,6.0,0.0,0.0,2.0,-18.0,78.0,1.0,0.0,11.0,1268.21,36.0,5.0,5.0,29.0,98920.0,114.0,25.0,1.0,0.0,2237.0,36.0,,,234.75,3.01
2976833,2027,projected,153.0,10.0,,44.0,10.0,,,,-15.0,84.0,1.0,,11.0,1336.02,43.0,9.0,9.0,32.0,112225.68,135.0,32.0,1.0,,,43.0,,,271.65,3.23
2976833,2027,actual,,,,,,,,,,,,,,,,,,,,,,,,,,,,,
2976839,2023,projected,189.0,3.0,1.0,200.0,3.0,1.0,1.0,2.0,21.0,80.0,1.0,2.0,8.0,1344.0,34.0,2.0,2.0,84.0,107520.0,173.0,26.0,1.0,0.0,69.0,26.0,,,304.75,3.81
2976839,2023,actual,199.0,5.0,1.0,218.0,7.0,1.0,1.0,2.0,7.0,82.0,2.0,2.0,8.0,1271.76,30.0,4.0,3.0,63.0,104284.0,196.0,22.0,3.0,0.0,2042.0,30.0,,,307.55,3.75
2976839,2024,projected,202.0,4.0,0.0,216.0,5.0,0.0,1.0,0.0,16.0,82.0,1.0,1.0,10.0,1290.0,36.0,4.0,3.0,72.0,105780.0,189.0,26.0,1.0,0.0,1726.0,26.0,,,314.1,3.83
2976839,2024,actual,129.0,1.0,0.0,174.0,2.0,0.0,1.0,0.0,-4.0,69.0,0.0,1.0,3.0,1274.74,22.0,2.0,1.0,73.0,87957.0,183.0,19.0,0.0,0.0,1726.0,22.0,,,248.15,3.6
2976839,2025,projected,199.0,3.0,,209.0,3.0,,,,12.0,76.0,1.0,,5.0,1278.0,28.0,2.0,2.0,74.0,97128.0,191.0,23.0,1.0,,,28.0,,,294.15,3.87
2976839,2025,actual,111.0,0.0,0.0,162.0,0.0,0.0,0.0,0.0,-8.0,77.0,0.0,0.0,1.0,1231.1,14.0,0.0,0.0,66.0,94795.0,208.0,13.0,0.0,0.0,1930.0,14.0,,,223.95,2.91
2976839,2026,projected,117.0,2.0,,168.0,2.0,,,,-12.0,73.0,,,4.0,1212.0,18.0,2.0,2.0,70.0,88476.0,201.0,14.0,,,,18.0,,,240.55,3.3
2976839,2026,actual,166.0,1.0,0.0,143.0,2.0,0.0,1.0,1.0,-1.0,81.0,0.0,1.0,10.0,1369.63,35.0,2.0,1.0,31.0,110940.0,150.0,25.0,0.0,0.0,2278.0,35.0,,,263.8,3.26
2976839,2027,projected,164.0,1.0,,155.0,1.0,,,,-2.0,82.0,,,8.0,1360.44,32.0,1.0,1.0,41.0,111556.08,169.0,24.0,,,,32.0,,,266.0,3.24
2976839,2027,actual,,,,,,,,,,,,,,,,,,,,,,,,,,,,,
2976843,2023,projected,,,,,,,,,,,,,,,,,,,,,,,,,,,,,
2976843,2023,actual,88.0,0.0,0.0,139.0,0.0,0.0,0.0,0.0,11.0,80.0,0.0,0.0,1.0,1208.06,15.0,0.0,0.0,24.0,96645.0,111.0,14.0,0.0,0.0,1854.0,15.0,,,149.4,1.87
2976843,2024,projected,,,,,,,,,,,,,,,,,,,,,,,,,,,,,
2976843,2024,actual,97.0,0.0,0.0,85.0,1.0,0.0,1.0,0.0,12.0,79.0,0.0,1.0,5.0,1201.35,25.0,1.0,0.0,14.0,94907.0,106.0,20.0,0.0,0.0,1835.0,25.0,,,173.75,2.2
2976843,2025,projected,,,,,,,,,,,,,,,,,,,,,,,,,,,,,
2976843,2025,actual,90.0,0.0,0.0,75.0,1.0,0.0,1.0,2.0,6.0,85.0,0.0,1.0,4.0,1272.71,24.0,1.0,0.0,24.0,108180.0,155.0,20.0,0.0,0.0,2077.0,24.0,,,198.5,2.34
2976843,2026,projected,,,,,,,,,,,,,,,,,,,,,,,,,,,,,
2976843,2026,actual,59.0,0.0,0.0,37.0,1.0,0.0,1.0,0.0,-10.0,82.0,0.0,1.0,1.0,1053.94,9.0,1.0,0.0,16.0,86423.0,113.0,8.0,0.0,0.0,1753.0,9.0,,,111.95,1.37
2976843,2027,projected,,,,,,,,,,,,,,,,,,,,,,,,,,,,,
2976843,2027,actual,,,,,,,,,,,,,,,,,,,,,,,,,,,,,
2976850,2023,projected,,,,,,,,,,,,,,,,,,,,,,,,,,,,,
2976850,2023,actual,62.0,0.0,0.0,78.0,0.0,0.0,0.0,0.0,-10.0,78.0,0.0,0.0,6.0,1122.41,23.0,0.0,0.0,14.0,87548.0,128.0,17.0,0.0,0.0,1832.0,23.0,,,169.3,2.17
2976850,2024,projected,,,,,,,,,,,,,,,,,,,,,,,,,,,,,
2976850,2024,actual,48.0,0.0,0.0,51.0,0.0,0.0,0.0,0.0,14.0,72.0,0.0,0.0,4.0,963.24,18.0,0.0,0.0,14.0,69353.0,96.0,14.0,0.0,0.0,1461.0,18.0,,,130.1,1.81
2976850,2025,projected,,,,,,,,,,,,,,,,,,,,,,,,,,,,,
2976850,2025,actual,73.0,0.0,0.0,25.0,0.0,0.0,0.0,0.0,7.0,77.0,0.0,0.0,2.0,1173.29,18.0,0.0,0.0,16.0,90343.0,124.0,16.0,0.0,0.0,2006.0,18.0,,,146.75,1.91
2976850,2026,projected,,,,,,,,,,,,,,,,,,,,,,,,,,,,,
2976850,2026,actual,34.0,0.0,0.0,3.0,0.0,0.0,0.0,1.0,-6.0,43.0,0.0,0.0,2.0,1033.74,15.0,0.0,0.0,4.0,44451.0,62.0,13.0,0.0,0.0,933.0,15.0,,,89.8,2.09
2976850,2027,projected,,,,,,,,,,,,,,,,,,,,,,,,,,,,,
2976850,2027,actual,,,,,,,,,,,,,,,,,,,,,,,,,,,,,
2976851,2023,projected,,,,,,,,,,,,,,,,,,,,,,,,,,,,,
2976851,2023,actual,126.0,9.0,0.0,53.0,11.0,0.0,2.0,2.0,7.0,48.0,0.0,2.0,8.0,1467.1,33.0,11.0,9.0,33.0,70421.0,80.0,25.0,0.0,0.0,1136.0,33.0,,,208.8,4.35
2976851,2024,projected,158.0,11.0,2.0,69.0,13.0,0.0,2.0,0.0,11.0,61.0,1.0,2.0,9.0,1410.0,39.0,12.0,10.0,39.0,86010.0,99.0,30.0,1.0,0.0,2074.0,30.0,,,244.4,4.01
2976851,2024,actual,187.0,28.0,2.0,44.0,30.0,0.0,0.0,0.0,-24.0,82.0,5.0,2.0,11.0,1533.17,62.0,23.0,23.0,58.0,125720.0,186.0,51.0,7.0,0.0,2074.0,62.0,,,390.65,4.76
2976851,2025,projected,176.0,21.0,1.0,71.0,23.0,,1.0,,-15.0,78.0,3.0,2.0,10.0,1488.0,53.0,19.0,18.0,42.0,116064.0,159.0,43.0,4.0,,,53.0,,,335.6,4.3
2976851,2025,actual,149.0,10.0,0.0,59.0,11.0,0.0,1.0,1.0,-6.0,80.0,1.0,1.0,6.0,1504.84,31.0,10.0,9.0,51.0,120387.0,168.0,25.0,1.0,0.0,2041.0,31.0,,,259.15,3.24
2976851,2026,projected,159.0,13.0,1.0,62.0,15.0,,1.0,,-15.0,79.0,2.0,2.0,7.0,1506.0,44.0,12.0,11.0,52.0,118974.0,181.0,37.0,3.0,,,44.0,,,311.95,3.95
2976851,2026,actual,114.0,1.0,1.0,59.0,3.0,0.0,1.0,3.0,9.0,78.0,0.0,2.0,7.0,1449.78,37.0,2.0,1.0,34.0,113083.0,150.0,30.0,1.0,0.0,2020.0,37.0,,,250.9,3.22
2976851,2027,projected,149.0,5.0,1.0,68.0,7.0,,1.0,,4.0,84.0,1.0,2.0,8.0,1537.68,46.0,5.0,4.0,47.0,129165.12,182.0,38.0,2.0,,,46.0,,,310.55,3.7
2976851,2027,actual,,,,,,,,,,,,,,,,,,,,,,,,,,,,,
2976856,2023,projected,166.0,7.0,1.0,102.0,8.0,0.0,0.0,3.0,16.0,80.0,4.0,1.0,8.0,1260.0,36.0,3.0,3.0,46.0,100800.0,95.0,28.0,5.0,0.0,217.0,28.0,,,240.7,3.01
2976856,2023,actual,188.0,7.0,1.0,71.0,8.0,0.0,0.0,3.0,7.0,81.0,4.0,1.0,18.0,1308.51,38.0,3.0,3.0,40.0,105989.0,62.0,20.0,5.0,0.0,2132.0,38.0,,,247.6,3.06
2976856,2024,projected,191.0,4.0,1.0,95.0,4.0,0.0,3.0,2.0,16.0,80.0,1.0,4.0,10.0,1290.0,34.0,3.0,3.0,44.0,103200.0,71.0,24.0,1.0,0.0,2038.0,24.0,,,226.25,2.83
2976856,2024,actual,185.0,12.0,1.0,60.0,16.0,0.0,3.0,2.0,15.0,80.0,1.0,4.0,13.0,1276.69,47.0,14.0,11.0,40.0,102135.0,90.0,34.0,2.0,0.0,2038.0,47.0,,,284.75,3.56
2976856,2025,projected,187.0,11.0,1.0,73.0,13.0,,1.0,,13.0,81.0,2.0,2.0,14.0,1284.0,47.0,10.0,9.0,40.0,104004.0,84.0,33.0,3.0,,,47.0,,,280.55,3.46
2976856,2025,actual,156.0,10.0,0.0,51.0,10.0,0.0,0.0,1.0,-24.0,82.0,2.0,0.0,10.0,1313.46,33.0,8.0,8.0,42.0,107704.0,93.0,23.0,2.0,0.0,2208.0,33.0,,,227.6,2.78
2976856,2026,projected,177.0,12.0,,63.0,12.0,,,,9.0,81.0,2.0,,11.0,1302.0,38.0,10.0,10.0,40.0,105462.0,91.0,27.0,2.0,,,38.0,,,248.05,3.06
2976856,2026,actual,111.0,3.0,1.0,70.0,5.0,0.0,1.0,0.0,-7.0,82.0,0.0,2.0,3.0,1356.57,26.0,4.0,3.0,40.0,111239.0,84.0,23.0,1.0,0.0,2217.0,26.0,,,182.25,2.22
2976856,2027,projected,150.0,5.0,1.0,81.0,7.0,,1.0,,-7.0,84.0,,2.0,6.0,1582.45,34.0,6.0,5.0,49.0,132925.8,103.0,28.0,1.0,,,34.0,,,235.1,2.8
2976856,2027,actual,,,,,,,,,,,,,,,,,,,,,,,,,,,,,
2992930,2023,projected,,,,,,,,,,,,,,,,,,,,,,,,,,,,,
2992930,2023,actual,20.0,0.0,0.0,86.0,0.0,1.0,0.0,1.0,-1.0,44.0,0.0,0.0,1.0,499.93,6.0,0.0,0.0,55.0,21997.0,31.0,5.0,0.0,0.0,551.0,6.0,,,76.6,1.74
2992930,2024,projected,,,,,,,,,,,,,,,,,,,,,,,,,,,,,
2992930,2024,actual,16.0,0.0,0.0,73.0,0.0,0.0,0.0,1.0,4.0,45.0,0.0,0.0,2.0,289.98,3.0,0.0,0.0,73.0,13049.0,11.0,1.0,0.0,2.0,371.0,3.0,,,65.3,1.45
2992930,2025,projected,,,,,,,,,,,,,,,,,,,,,,,,,,,,,
2992930,2025,actual,7.0,0.0,0.0,39.0,0.0,0.0,0.0,0.0,-5.0,23.0,0.0,0.0,0.0,346.57,0.0,0.0,0.0,23.0,7971.0,8.0,0.0,0.0,0.0,227.0,0.0,,,21.15,0.92
2992930,2026,projected,,,,,,,,,,,,,,,,,,,,,,,,,,,,,
2992930,2026,actual,4.0,0.0,0.0,18.0,0.0,0.0,0.0,0.0,-5.0,19.0,0.0,0.0,0.0,252.11,1.0,0.0,0.0,33.0,4790.0,6.0,1.0,0.0,0.0,150.0,1.0,,,25.3,1.33
2992930,2027,projected,,,,,,,,,,,,,,,,,,,,,,,,,,,,,
2992930,2027,actual,,,,,,,,,,,,,,,,,,,,,,,,,,,,,
3020228,2023,projected,,,,,,,,,,,,,,,,,,,,,,,,,,,,,
3020228,2023,actual,56.0,0.0,0.0,86.0,1.0,0.0,1.0,0.0,3.0,54.0,0.0,1.0,1.0,1131.98,12.0,1.0,0.0,21.0,61127.0,66.0,11.0,0.0,0.0,1257.0,12.0,,,104.1,1.93
3020228,2024,projected,,,,,,,,,,,,,,,,,,,,,,,,,,,,,
3020228,2024,actual,28.0,0.0,0.0,61.0,0.0,0.0,0.0,0.0,-15.0,44.0,0.0,0.0,0.0,1051.39,2.0,0.0,0.0,22.0,46261.0,87.0,2.0,0.0,0.0,997.0,2.0,,,73.6,1.67
3020228,2025,projected,,,,,,,,,,,,,,,,,,,,,,,,,,,,,
3020228,2025,actual,5.0,0.0,0.0,3.0,0.0,0.0,0.0,0.0,-2.0,8.0,0.0,0.0,0.0,966.0,0.0,0.0,0.0,2.0,7728.0,9.0,0.0,0.0,0.0,179.0,0.0,,,7.05,0.88
3020228,2026,projected,,,,,,,,,,,,,,,,,,,,,,,,,,,,,
3020228,2026,actual,1.0,0.0,0.0,6.0,0.0,0.0,0.0,0.0,-5.0,4.0,0.0,0.0,0.0,637.25,0.0,0.0,0.0,2.0,2549.0,1.0,0.0,0.0,0.0,54.0,0.0,,,2.35,0.59
3020228,2027,projected,,,,,,,,,,,,,,,,,,,,,,,,,,,,,
3020228,2027,actual,,,,,,,,,,,,,,,,,,,,,,,,,,,,,
3020803,2023,projected,,,,,,,,,,,,,,,,,,,,,,,,,,,,,
3020803,2023,actual,96.0,0.0,0.0,163.0,0.0,0.0,0.0,1.0,19.0,76.0,0.0,0.0,3.0,1168.5,25.0,0.0,0.0,56.0,88806.0,151.0,22.0,0.0,0.0,1848.0,25.0,,,222.8,2.93
3020803,2024,projected,74.0,2.0,0.0,143.0,1.0,0.0,1.0,3.0,16.0,68.0,1.0,1.0,2.0,1170.0,16.0,1.0,1.0,48.0,79560.0,142.0,14.0,1.0,0.0,2088.0,14.0,,,181.3,2.67
3020803,2024,actual,73.0,2.0,0.0,200.0,3.0,0.0,1.0,3.0,20.0,73.0,1.0,1.0,8.0,1239.4,28.0,2.0,1.0,56.0,90476.0,129.0,20.0,1.0,0.0,2088.0,28.0,,,228.25,3.13
3020803,2025,projected,68.0,1.0,,177.0,1.0,,,,17.0,74.0,1.0,,4.0,1206.0,22.0,,,46.0,89244.0,101.0,18.0,1.0,,,22.0,,,179.2,2.42
3020803,2025,actual,74.0,0.0,0.0,118.0,1.0,0.0,1.0,0.0,23.0,66.0,0.0,1.0,2.0,1290.76,23.0,1.0,0.0,40.0,85190.0,135.0,21.0,0.0,0.0,1978.0,23.0,,,189.8,2.88
3020803,2026,projected,81.0,,,131.0,,,,,21.0,72.0,,,4.0,1260.0,23.0,,,56.0,90720.0,131.0,19.0,,,,23.0,,,199.85,2.78
3020803,2026,actual,77.0,0.0,0.0,104.0,0.0,0.0,0.0,0.0,3.0,80.0,0.0,0.0,5.0,1344.29,25.0,0.0,0.0,64.0,107543.0,190.0,20.0,0.0,0.0,2381.0,25.0,,,236.65,2.96
3020803,2027,projected,75.0,,,116.0,,,,,7.0,79.0,,,5.0,1340.52,25.0,,,59.0,105901.08,174.0,20.0,,,,25.0,,,226.85,2.87
3020803,2027,actual,,,,,,,,,,,,,,,,,,,,,,,,,,,,,
3024798,2023,projected,115.0,9.0,0.0,38.0,9.0,0.0,0.0,0.0,-2.0,76.0,1.0,0.0,5.0,1206.0,31.0,8.0,8.0,12.0,91656.0,102.0,26.0,1.0,0.0,236.0,26.0,,,187.55,2.47
3024798,2023,actual,101.0,5.0,0.0,45.0,5.0,0.0,0.0,0.0,15.0,71.0,3.0,0.0,7.0,1108.04,19.0,2.0,2.0,8.0,78671.0,85.0,12.0,3.0,0.0,1700.0,19.0,,,144.25,2.03
3024798,2024,projected,,,,,,,,,,,,,,,,,,,,,,,,,,,,,
3024798,2024,actual,75.0,4.0,0.0,60.0,4.0,0.0,0.0,1.0,10.0,63.0,1.0,0.0,2.0,1008.98,14.0,3.0,3.0,16.0,63566.0,76.0,12.0,1.0,0.0,1403.0,14.0,,,118.25,1.88
3024798,2025,projected,,,,,,,,,,,,,,,,,,,,,,,,,,,,,
3024798,2025,actual,70.0,4.0,0.0,82.0,4.0,0.0,0.0,0.0,4.0,80.0,0.0,0.0,5.0,991.77,19.0,4.0,4.0,30.0,79342.0,71.0,14.0,0.0,0.0,1791.0,19.0,,,140.2,1.75
3024798,2026,projected,,,,,,,,,,,,,,,,,,,,,,,,,,,,,
3024798,2026,actual,86.0,0.0,0.0,78.0,0.0,0.0,0.0,1.0,31.0,82.0,0.0,0.0,5.0,1181.9,22.0,0.0,0.0,22.0,96916.0,95.0,17.0,0.0,0.0,2244.0,22.0,,,159.8,1.95
3024798,2027,projected,,,,,,,,,,,,,,,,,,,,,,,,,,,,,
3024798,2027,actual,,,,,,,,,,,,,,,,,,,,,,,,,,,,,
3025524,2023,projected,,,,,,,,,,,,,,,,,,,,,,,,,,,,,
3025524,2023,actual,97.0,1.0,0.0,21.0,1.0,0.0,0.0,0.0,10.0,75.0,0.0,0.0,7.0,1143.93,23.0,1.0,1.0,15.0,85795.0,160.0,16.0,0.0,0.0,1793.0,23.0,,,190.35,2.54
3025524,2024,projected,84.0,0.0,0.0,23.0,1.0,0.0,1.0,0.0,4.0,74.0,0.0,1.0,1.0,1050.0,17.0,1.0,0.0,32.0,77700.0,138.0,16.0,0.0,0.0,1617.0,16.0,,,160.3,2.17
3025524,2024,actual,75.0,0.0,0.0,21.0,1.0,0.0,1.0,0.0,-7.0,70.0,0.0,1.0,0.0,1119.87,14.0,1.0,0.0,18.0,78391.0,103.0,14.0,0.0,0.0,1617.0,14.0,,,124.35,1.78
3025524,2025,projected,29.0,,,23.0,,,,,-9.0,76.0,,,1.0,1122.0,16.0,,,22.0,85272.0,134.0,15.0,,,,16.0,,,136.55,1.8
3025524,2025,actual,80.0,0.0,0.0,10.0,0.0,0.0,0.0,0.0,20.0,82.0,0.0,0.0,1.0,1059.5,21.0,0.0,0.0,34.0,86879.0,151.0,20.0,0.0,0.0,1674.0,21.0,,,177.5,2.16
3025524,2026,projected,72.0,,,17.0,,,,,12.0,80.0,,,1.0,1068.0,19.0,,,28.0,85440.0,142.0,18.0,,,,19.0,,,162.7,2.03
3025524,2026,actual,44.0,0.0,0.0,12.0,0.0,0.0,0.0,2.0,6.0,68.0,0.0,0.0,3.0,974.38,14.0,0.0,0.0,18.0,66258.0,97.0,11.0,0.0,0.0,1338.0,14.0,,,116.7,1.72
3025524,2027,projected,,,,,,,,,,,,,,,,,,,,,,,,,,,,,
3025524,2027,actual,,,,,,,,,,,,,,,,,,,,,,,,,,,,,
3025535,2023,projected,151.0,4.0,0.0,51.0,6.0,0.0,2.0,2.0,9.0,74.0,1.0,2.0,7.0,1338.0,30.0,5.0,3.0,31.0,99012.0,109.0,23.0,1.0,0.0,224.0,23.0,,,209.35,2.83
3025535,2023,actual,144.0,4.0,0.0,37.0,6.0,0.0,2.0,2.0,11.0,82.0,1.0,2.0,5.0,1320.57,30.0,5.0,3.0,43.0,108287.0,110.0,25.0,1.0,0.0,2164.0,30.0,,,217.7,2.65
3025535,2024,projected,102.0,0.0,0.0,20.0,1.0,0.0,1.0,1.0,8.0,61.0,0.0,1.0,3.0,1308.0,16.0,1.0,0.0,31.0,79788.0,78.0,13.0,0.0,0.0,1725.0,13.0,,,132.0,2.16
3025535,2024,actual,107.0,0.0,0.0,23.0,0.0,0.0,0.0,1.0,10.0,70.0,0.0,0.0,3.0,1217.31,13.0,0.0,0.0,20.0,85212.0,113.0,10.0,0.0,0.0,1725.0,13.0,,,138.55,1.98
3025535,2025,projected,132.0,2.0,,37.0,2.0,,,,12.0,74.0,1.0,,7.0,1284.0,26.0,1.0,1.0,40.0,95016.0,115.0,19.0,1.0,,,26.0,,,200.7,2.71
3025535,2025,actual,99.0,0.0,1.0,24.0,1.0,0.0,0.0,0.0,-5.0,72.0,0.0,1.0,3.0,1279.18,17.0,0.0,0.0,29.0,92101.0,138.0,14.0,1.0,0.0,1819.0,17.0,,,166.65,2.31
3025535,2026,projected,,,,,,,,,,,,,,,,,,,,,,,,,,,,,
3025535,2026,actual,45.0,0.0,0.0,11.0,0.0,0.0,0.0,0.0,-11.0,37.0,0.0,0.0,1.0,1218.3,7.0,0.0,0.0,6.0,45077.0,80.0,6.0,0.0,0.0,874.0,7.0,,,77.35,2.09
3025535,2027,projected,,,,,,,,,,,,,,,,,,,,,,,,,,,,,
3025535,2027,actual,,,,,,,,,,,,,,,,,,,,,,,,,,,,,
3025602,2023,projected,,,,,,,,,,,,,,,,,,,,,,,,,,,,,
3025602,2023,actual,20.0,0.0,0.0,23.0,0.0,0.0,0.0,0.0,-10.0,23.0,0.0,0.0,0.0,856.13,1.0,0.0,0.0,4.0,19691.0,36.0,1.0,0.0,0.0,424.0,1.0,,,30.3,1.32
3025602,2024,projected,,,,,,,,,,,,,,,,,,,,,,,,,,,,,
3025602,2024,actual,,,,,,,,,,,,,,,,,,,,,,,,,,,,,
3025602,2025,projected,,,,,,,,,,,,,,,,,,,,,,,,,,,,,
3025602,2025,actual,6.0,0.0,0.0,7.0,0.0,0.0,0.0,0.0,3.0,6.0,0.0,0.0,0.0,1070.17,1.0,0.0,0.0,0.0,6421.0,8.0,1.0,0.0,0.0,142.0,1.0,,,9.2,1.53
3025602,2026,projected,,,,,,,,,,,,,,,,,,,,,,,,,,,,,
3025602,2026,actual,1.0,0.0,0.0,1.0,0.0,0.0,0.0,0.0,0.0,1.0,0.0,0.0,0.0,996.0,0.0,0.0,0.0,0.0,996.0,3.0,0.0,0.0,0.0,21.0,0.0,,,1.85,1.85
3025602,2027,projected,,,,,,,,,,,,,,,,,,,,,,,,,,,,,
3025602,2027,actual,,,,,,,,,,,,,,,,,,,,,,,,,,,,,
3025608,2023,projected,,,,,,,,,,,,,,,,,,,,,,,,,,,,,
3025608,2023,actual,109.0,0.0,0.0,107.0,1.0,0.0,1.0,0.0,-1.0,77.0,0.0,1.0,5.0,1237.0,29.0,1.0,0.0,18.0,95249.0,128.0,24.0,0.0,0.0,1890.0,29.0,,,203.95,2.65
3025608,2024,projected,106.0,0.0,0.0,114.0,1.0,0.0,1.0,0.0,-10.0,76.0,0.0,1.0,5.0,1206.0,23.0,1.0,0.0,20.0,91656.0,112.0,18.0,0.0,0.0,1866.0,18.0,,,173.9,2.29
3025608,2024,actual,71.0,0.0,0.0,57.0,0.0,0.0,0.0,0.0,-9.0,78.0,0.0,0.0,1.0,1177.77,14.0,0.0,0.0,10.0,91866.0,123.0,13.0,0.0,0.0,1866.0,14.0,,,132.95,1.7
3025608,2025,projected,79.0,,,97.0,,,,,-11.0,77.0,,,3.0,1188.0,18.0,,,20.0,91476.0,125.0,15.0,,,,18.0,,,158.95,2.06
3025608,2025,actual,77.0,0.0,0.0,54.0,0.0,0.0,0.0,0.0,18.0,71.0,0.0,0.0,3.0,1213.23,21.0,0.0,0.0,6.0,86139.0,95.0,18.0,0.0,0.0,1860.0,21.0,,,141.15,1.99
3025608,2026,projected,,,,,,,,,,,,,,,,,,,,,,,,,,,,,
3025608,2026,actual,36.0,0.0,0.0,38.0,0.0,0.0,0.0,0.0,-2.0,61.0,0.0,0.0,4.0,1020.52,17.0,0.0,0.0,22.0,62252.0,65.0,13.0,0.0,0.0,1460.0,17.0,,,111.3,1.82
3025608,2027,projected,,,,,,,,,,,,,,,,,,,,,,,,,,,,,
3025608,2027,actual,,,,,,,,,,,,,,,,,,,,,,,,,,,,,
3025662,2023,projected,165.0,15.0,2.0,58.0,17.0,0.0,0.0,2.0,-25.0,76.0,3.0,2.0,10.0,1344.0,41.0,10.0,12.0,18.0,102144.0,109.0,31.0,7.0,0.0,132.0,31.0,,,248.55,3.27
3025662,2023,actual,155.0,15.0,2.0,46.0,17.0,0.0,0.0,2.0,-5.0,75.0,5.0,2.0,13.0,1249.0,41.0,10.0,10.0,32.0,93675.0,89.0,28.0,7.0,0.0,1824.0,41.0,,,255.85,3.41
3025662,2024,projected,153.0,11.0,0.0,51.0,11.0,0.0,0.0,2.0,-9.0,77.0,3.0,0.0,12.0,1182.0,39.0,8.0,8.0,28.0,91014.0,98.0,27.0,3.0,0.0,1751.0,27.0,,,232.35,3.02
3025662,2024,actual,139.0,29.0,0.0,27.0,29.0,0.0,0.0,2.0,-16.0,81.0,2.0,0.0,10.0,1145.25,56.0,27.0,27.0,16.0,92765.0,75.0,46.0,2.0,0.0,1751.0,56.0,,,278.45,3.44
3025662,2025,projected,109.0,15.0,,35.0,15.0,,,,5.0,79.0,2.0,,8.0,1122.0,41.0,13.0,13.0,20.0,88638.0,69.0,33.0,2.0,,,41.0,,,214.75,2.72
3025662,2025,actual,122.0,27.0,0.0,40.0,27.0,0.0,0.0,0.0,1.0,70.0,4.0,0.0,7.0,1111.27,45.0,23.0,23.0,52.0,77789.0,66.0,38.0,4.0,0.0,1423.0,45.0,,,251.0,3.59
3025662,2026,projected,128.0,28.0,,31.0,28.0,,,,4.0,73.0,3.0,,9.0,1128.0,50.0,25.0,25.0,28.0,82344.0,69.0,41.0,3.0,,,50.0,,,258.1,3.54
3025662,2026,actual,116.0,18.0,0.0,29.0,18.0,0.0,0.0,1.0,11.0,55.0,6.0,0.0,13.0,1153.93,50.0,12.0,12.0,22.0,63466.0,63.0,37.0,6.0,0.0,1214.0,50.0,,,250.4,4.55
3025662,2027,projected,141.0,24.0,,36.0,24.0,,,,6.0,69.0,7.0,,13.0,1119.38,57.0,17.0,17.0,31.0,77237.22,71.0,44.0,7.0,,,57.0,,,289.35,4.19
3025662,2027,actual,,,,,,,,,,,,,,,,,,,,,,,,,,,,,
3041992,2023,projected,191.0,12.0,0.0,101.0,13.0,0.0,1.0,1.0,-33.0,78.0,1.0,1.0,6.0,1548.0,45.0,12.0,11.0,26.0,120744.0,137.0,39.0,1.0,0.0,85.0,39.0,,,282.85,3.63
3041992,2023,actual,178.0,12.0,0.0,106.0,13.0,0.0,1.0,1.0,-38.0,72.0,2.0,1.0,12.0,1467.07,37.0,11.0,10.0,30.0,105629.0,125.0,25.0,2.0,0.0,1889.0,37.0,,,264.6,3.68
3041992,2024,projected,186.0,14.0,0.0,101.0,15.0,0.0,1.0,4.0,-35.0,75.0,2.0,1.0,7.0,1506.0,36.0,13.0,12.0,28.0,112950.0,139.0,29.0,2.0,0.0,1760.0,29.0,,,261.1,3.48
3041992,2024,actual,172.0,9.0,0.0,71.0,9.0,0.0,0.0,4.0,-15.0,67.0,3.0,0.0,8.0,1529.06,31.0,6.0,6.0,34.0,102447.0,131.0,23.0,3.0,0.0,1760.0,31.0,,,243.6,3.64
3041992,2025,projected,177.0,12.0,,87.0,12.0,,,,-22.0,69.0,3.0,,9.0,1512.0,32.0,9.0,9.0,32.0,104328.0,143.0,23.0,3.0,,,32.0,,,252.95,3.67
3041992,2025,actual,129.0,19.0,0.0,96.0,19.0,0.0,0.0,2.0,-24.0,63.0,5.0,0.0,9.0,1478.49,36.0,14.0,14.0,22.0,93145.0,109.0,27.0,5.0,0.0,1706.0,36.0,,,238.35,3.78
3041992,2026,projected,159.0,20.0,,89.0,20.0,,,,-16.0,71.0,5.0,,11.0,1458.0,42.0,15.0,15.0,32.0,103518.0,129.0,31.0,5.0,,,42.0,,,278.65,3.92
3041992,2026,actual,88.0,16.0,0.0,47.0,16.0,0.0,0.0,0.0,-3.0,52.0,5.0,0.0,7.0,1421.88,32.0,11.0,11.0,18.0,73938.0,61.0,25.0,5.0,0.0,1408.0,32.0,,,179.7,3.46
3041992,2027,projected,117.0,18.0,,66.0,18.0,,,,-8.0,64.0,6.0,,8.0,1442.34,37.0,12.0,12.0,25.0,92309.76,83.0,29.0,6.0,,,37.0,,,220.85,3.45
3041992,2027,actual,,,,,,,,,,,,,,,,,,,,,,,,,,,,,
3041997,2023,projected,193.0,7.0,1.0,184.0,9.0,0.0,1.0,4.0,23.0,71.0,1.0,2.0,10.0,1506.0,38.0,7.0,6.0,55.0,106926.0,137.0,28.0,2.0,0.0,83.0,28.0,,,287.65,4.05
3041997,2023,actual,203.0,1.0,2.0,146.0,4.0,0.0,1.0,4.0,26.0,82.0,0.0,3.0,12.0,1409.74,43.0,2.0,1.0,64.0,115599.0,164.0,31.0,2.0,0.0,2123.0,43.0,,,329.85,4.02
3041997,2024,projected,201.0,2.0,2.0,168.0,5.0,0.0,1.0,2.0,24.0,82.0,1.0,3.0,11.0,1410.0,41.0,2.0,1.0,66.0,115620.0,151.0,30.0,3.0,0.0,2028.0,30.0,,,307.05,3.74
3041997,2024,actual,181.0,5.0,1.0,157.0,6.0,0.0,0.0,2.0,3.0,81.0,1.0,1.0,10.0,1313.67,32.0,4.0,4.0,79.0,106407.0,172.0,22.0,2.0,0.0,2028.0,32.0,,,299.45,3.7
3041997,2025,projected,194.0,5.0,2.0,157.0,9.0,,2.0,,18.0,81.0,1.0,4.0,10.0,1356.0,34.0,6.0,4.0,68.0,109836.0,168.0,24.0,3.0,,,34.0,,,303.2,3.74
3041997,2025,actual,188.0,2.0,1.0,161.0,3.0,0.0,0.0,1.0,11.0,76.0,0.0,1.0,5.0,1342.25,33.0,2.0,2.0,72.0,102011.0,136.0,28.0,1.0,0.0,2025.0,33.0,,,275.1,3.62
3041997,2026,projected,164.0,3.0,1.0,163.0,5.0,,1.0,,14.0,78.0,,2.0,7.0,1338.0,34.0,4.0,3.0,68.0,104364.0,158.0,27.0,1.0,,,34.0,,,283.8,3.64
3041997,2026,actual,164.0,0.0,0.0,137.0,2.0,0.0,2.0,0.0,-12.0,82.0,0.0,2.0,7.0,1258.71,24.0,2.0,0.0,104.0,103214.0,167.0,17.0,0.0,0.0,2080.0,24.0,,,271.2,3.31
3041997,2027,projected,166.0,,,153.0,,,,,-7.0,83.0,,,7.0,1224.82,27.0,,,99.0,101660.06,159.0,20.0,,,,27.0,,,273.8,3.3
3041997,2027,actual,,,,,,,,,,,,,,,,,,,,,,,,,,,,,
3041999,2023,projected,110.0,4.0,1.0,242.0,4.0,0.0,2.0,0.0,-13.0,75.0,1.0,3.0,5.0,1296.0,23.0,3.0,3.0,44.0,97200.0,131.0,18.0,1.0,0.0,153.0,18.0,,,214.7,2.86
3041999,2023,actual,86.0,5.0,1.0,162.0,8.0,0.0,2.0,0.0,-4.0,74.0,1.0,3.0,3.0,1141.45,20.0,6.0,4.0,32.0,84467.0,142.0,17.0,2.0,0.0,1917.0,20.0,,,194.7,2.63
3041999,2024,projected,82.0,3.0,0.0,150.0,3.0,0.0,0.0,0.0,-8.0,70.0,1.0,0.0,2.0,1146.0,14.0,2.0,2.0,34.0,80220.0,127.0,12.0,1.0,0.0,718.0,12.0,,,160.0,2.29
3041999,2024,actual,46.0,0.0,0.0,48.0,0.0,0.0,0.0,0.0,-6.0,31.0,0.0,0.0,1.0,1001.45,4.0,0.0,0.0,8.0,31045.0,45.0,3.0,0.0,0.0,718.0,4.0,,,55.8,1.8
3041999,2025,projected,89.0,1.0,,181.0,1.0,,,,-8.0,73.0,1.0,,2.0,1134.0,16.0,,,36.0,82782.0,133.0,14.0,1.0,,,16.0,,,175.85,2.41
3041999,2025,actual,100.0,3.0,0.0,97.0,3.0,0.0,0.0,2.0,3.0,63.0,0.0,0.0,4.0,1231.46,19.0,3.0,3.0,14.0,77582.0,94.0,15.0,0.0,0.0,1731.0,19.0,,,153.2,2.43
3041999,2026,projected,,,,,,,,,,,,,,,,,,,,,,,,,,,,,
3041999,2026,actual,58.0,1.0,0.0,48.0,3.0,0.0,2.0,0.0,10.0,44.0,0.0,2.0,1.0,1283.16,14.0,3.0,1.0,16.0,56459.0,63.0,13.0,0.0,0.0,1199.0,14.0,,,104.3,2.37
3041999,2027,projected,,,,,,,,,,,,,,,,,,,,,,,,,,,,,
3041999,2027,actual,,,,,,,,,,,,,,,,,,,,,,,,,,,,,
3042015,2023,projected,,,,,,,,,,,,,,,,,,,,,,,,,,,,,
3042015,2023,actual,5.0,0.0,0.0,6.0,0.0,0.0,0.0,0.0,0.0,4.0,0.0,0.0,0.0,750.5,1.0,0.0,0.0,2.0,3002.0,10.0,1.0,0.0,0.0,77.0,1.0,,,10.85,2.71
3042015,2024,projected,,,,,,,,,,,,,,,,,,,,,,,,,,,,,
3042015,2024,actual,,,,,,,,,,,,,,,,,,,,,,,,,,,,,
3042015,2025,projected,,,,,,,,,,,,,,,,,,,,,,,,,,,,,
3042015,2025,actual,1.0,0.0,0.0,1.0,0.0,0.0,0.0,0.0,0.0,1.0,0.0,0.0,0.0,697.0,0.0,0.0,0.0,0.0,697.0,2.0,0.0,0.0,0.0,18.0,0.0,,,1.35,1.35
3042015,2026,projected,,,,,,,,,,,,,,,,,,,,,,,,,,,,,
3042015,2026,actual,4.0,0.0,0.0,9.0,0.0,0.0,0.0,0.0,1.0,12.0,0.0,0.0,0.0,620.08,1.0,0.0,0.0,2.0,7441.0,7.0,1.0,0.0,0.0,165.0,1.0,,,9.4,0.78
3042015,2027,projected,,,,,,,,,,,,,,,,,,,,,,,,,,,,,
3042015,2027,actual,,,,,,,,,,,,,,,,,,,,,,,,,,,,,
3042016,2023,projected,162.0,12.0,0.0,142.0,13.0,0.0,1.0,6.0,4.0,77.0,3.0,1.0,9.0,1410.0,32.0,10.0,9.0,41.0,108570.0,108.0,23.0,3.0,0.0,146.0,23.0,,,239.7,3.11
3042016,2023,actual,172.0,28.0,0.0,89.0,28.0,0.0,0.0,6.0,2.0,78.0,2.0,0.0,16.0,1453.87,76.0,26.0,26.0,41.0,113402.0,119.0,60.0,2.0,0.0,2176.0,76.0,,,396.9,5.09
3042016,2024,projected,175.0,30.0,0.0,147.0,30.0,0.0,0.0,1.0,3.0,79.0,5.0,0.0,15.0,1428.0,72.0,25.0,25.0,58.0,112812.0,118.0,57.0,5.0,0.0,2191.0,57.0,,,380.95,4.82
3042016,2024,actual,196.0,19.0,0.0,81.0,19.0,0.0,0.0,1.0,34.0,81.0,2.0,0.0,10.0,1450.94,69.0,17.0,17.0,44.0,117526.0,103.0,59.0,2.0,0.0,2191.0,69.0,,,359.1,4.43
3042016,2025,projected,187.0,24.0,,101.0,24.0,,,,18.0,79.0,3.0,,14.0,1458.0,70.0,21.0,21.0,46.0,115182.0,111.0,56.0,3.0,,,70.0,,,372.85,4.72
3042016,2025,actual,172.0,22.0,0.0,49.0,22.0,0.0,0.0,2.0,17.0,80.0,3.0,0.0,14.0,1463.47,62.0,19.0,19.0,22.0,117078.0,113.0,48.0,3.0,0.0,2154.0,62.0,,,329.9,4.12
3042016,2026,projected,175.0,21.0,,59.0,21.0,,,,15.0,80.0,3.0,,13.0,1458.0,70.0,18.0,18.0,36.0,116640.0,109.0,57.0,3.0,,,70.0,,,357.15,4.46
3042016,2026,actual,146.0,16.0,0.0,36.0,16.0,0.0,0.0,2.0,6.0,77.0,2.0,0.0,14.0,1483.21,55.0,14.0,14.0,30.0,114207.0,118.0,41.0,2.0,0.0,2124.0,55.0,,,304.1,3.95
3042016,2027,projected,165.0,18.0,,43.0,18.0,,,,11.0,80.0,2.0,,14.0,1449.76,59.0,16.0,16.0,30.0,115980.8,117.0,45.0,2.0,,,59.0,,,320.05,4.0
3042016,2027,actual,,,,,,,,,,,,,,,,,,,,,,,,,,,,,
3042019,2023,projected,148.0,8.0,0.0,112.0,8.0,0.0,0.0,1.0,6.0,68.0,3.0,0.0,8.0,1332.0,30.0,5.0,5.0,14.0,90576.0,137.0,22.0,3.0,0.0,137.0,22.0,,,220.2,3.24
3042019,2023,actual,126.0,5.0,0.0,140.0,5.0,0.0,0.0,1.0,10.0,82.0,1.0,0.0,5.0,1254.3,26.0,4.0,4.0,14.0,102853.0,128.0,21.0,1.0,0.0,2218.0,26.0,,,203.5,2.48
3042019,2024,projected,97.0,3.0,0.0,90.0,3.0,0.0,0.0,1.0,3.0,60.0,1.0,0.0,3.0,1260.0,14.0,2.0,2.0,10.0,75600.0,94.0,11.0,1.0,0.0,1689.0,11.0,,,130.25,2.17
3042019,2024,actual,90.0,6.0,0.0,89.0,6.0,0.0,0.0,1.0,3.0,58.0,2.0,0.0,5.0,1353.0,19.0,4.0,4.0,12.0,78474.0,149.0,14.0,2.0,0.0,1689.0,19.0,,,178.9,3.08
3042019,2025,projected,117.0,5.0,,127.0,5.0,,,,7.0,76.0,1.0,,5.0,1344.0,18.0,4.0,4.0,14.0,102144.0,153.0,13.0,1.0,,,18.0,,,187.45,2.47
3042019,2025,actual,97.0,2.0,0.0,100.0,4.0,0.0,2.0,1.0,2.0,74.0,1.0,2.0,5.0,1264.78,23.0,3.0,1.0,16.0,93594.0,155.0,18.0,1.0,0.0,2165.0,23.0,,,198.25,2.68
3042019,2026,projected,98.0,4.0,,89.0,4.0,,,,4.0,73.0,2.0,,5.0,1266.0,21.0,2.0,2.0,14.0,92418.0,147.0,16.0,2.0,,,21.0,,,184.9,2.53
3042019,2026,actual,93.0,1.0,0.0,49.0,2.0,0.0,1.0,0.0,9.0,76.0,0.0,1.0,3.0,1248.95,27.0,2.0,1.0,16.0,94920.0,147.0,24.0,0.0,0.0,2099.0,27.0,,,195.15,2.57
3042019,2027,projected,100.0,1.0,,66.0,1.0,,,,7.0,76.0,,,4.0,1310.95,27.0,1.0,1.0,16.0,99632.2,145.0,23.0,,,,27.0,,,197.6,2.6
3042019,2027,actual,,,,,,,,,,,,,,,,,,,,,,,,,,,,,
3042021,2023,projected,,,,,,,,,,,,,,,,,,,,,,,,,,,,,
3042021,2023,actual,130.0,1.0,0.0,174.0,1.0,0.0,0.0,2.0,11.0,82.0,0.0,0.0,14.0,1121.02,21.0,1.0,1.0,80.0,91924.0,75.0,7.0,0.0,0.0,2273.0,21.0,1.0,,209.9,2.56
3042021,2024,projected,,,,,,,,,,,,,,,,,,,,,,,,,,,,,
3042021,2024,actual,90.0,0.0,0.0,155.0,1.0,0.0,1.0,1.0,0.0,75.0,0.0,1.0,6.0,1046.45,20.0,1.0,0.0,125.0,78484.0,68.0,14.0,0.0,0.0,1786.0,20.0,,,202.5,2.7
3042021,2025,projected,,,,,,,,,,,,,,,,,,,,,,,,,,,,,
3042021,2025,actual,105.0,0.0,0.0,219.0,2.0,0.0,2.0,0.0,25.0,81.0,0.0,2.0,4.0,1236.68,22.0,2.0,0.0,145.0,100171.0,107.0,18.0,0.0,0.0,2113.0,22.0,,,246.15,3.04
3042021,2026,projected,,,,,,,,,,,,,,,,,,,,,,,,,,,,,
3042021,2026,actual,107.0,0.0,0.0,196.0,0.0,0.0,0.0,1.0,18.0,81.0,0.0,0.0,2.0,1252.88,22.0,0.0,0.0,152.0,101483.0,102.0,20.0,0.0,0.0,2045.0,22.0,,,242.35,2.99
3042021,2027,projected,106.0,,,204.0,,,,,18.0,83.0,,,4.0,1193.72,22.0,,,156.0,99078.76,101.0,18.0,,,,22.0,,,245.4,2.96
3042021,2027,actual,,,,,,,,,,,,,,,,,,,,,,,,,,,,,
3042055,2023,projected,218.0,17.0,0.0,31.0,17.0,0.0,0.0,2.0,16.0,77.0,1.0,0.0,13.0,1368.0,55.0,16.0,16.0,22.0,105336.0,94.0,42.0,1.0,0.0,105.0,42.0,,,291.6,3.79
3042055,2023,actual,136.0,9.0,0.0,16.0,9.0,0.0,0.0,2.0,16.0,55.0,2.0,0.0,8.0,1285.98,41.0,7.0,7.0,18.0,70729.0,86.0,33.0,2.0,0.0,1363.0,41.0,,,226.1,4.11
3042055,2024,projected,184.0,12.0,0.0,22.0,12.0,0.0,0.0,1.0,14.0,74.0,2.0,0.0,11.0,1308.0,47.0,10.0,10.0,22.0,96792.0,94.0,36.0,2.0,0.0,1182.0,36.0,,,255.2,3.45
3042055,2024,actual,105.0,15.0,0.0,9.0,15.0,0.0,0.0,1.0,4.0,47.0,2.0,0.0,5.0,1325.3,42.0,13.0,13.0,6.0,62289.0,78.0,37.0,2.0,0.0,1182.0,42.0,,,209.65,4.46
3042055,2025,projected,145.0,10.0,,25.0,10.0,,,,9.0,68.0,2.0,,8.0,1314.0,43.0,8.0,8.0,18.0,89352.0,94.0,35.0,2.0,,,43.0,,,237.75,3.5
3042055,2025,actual,128.0,19.0,0.0,6.0,19.0,0.0,0.0,2.0,18.0,67.0,2.0,0.0,7.0,1319.52,57.0,17.0,17.0,26.0,88408.0,82.0,50.0,2.0,0.0,1706.0,57.0,,,277.1,4.14
3042055,2026,projected,156.0,16.0,,12.0,16.0,,,,15.0,65.0,2.0,,9.0,1320.0,47.0,14.0,14.0,20.0,85800.0,81.0,38.0,2.0,,,47.0,,,249.7,3.84
3042055,2026,actual,130.0,5.0,0.0,2.0,5.0,0.0,0.0,3.0,19.0,70.0,2.0,0.0,10.0,1370.19,39.0,3.0,3.0,24.0,95913.0,87.0,29.0,2.0,0.0,1993.0,39.0,,,221.7,3.17
3042055,2027,projected,129.0,8.0,,4.0,8.0,,,,17.0,72.0,2.0,,10.0,1325.12,45.0,6.0,6.0,25.0,95408.64,86.0,35.0,2.0,,,45.0,,,238.15,3.31
3042055,2027,actual,,,,,,,,,,,,,,,,,,,,,,,,,,,,,
3042103,2023,projected,,,,,,,,,,,,,,,,,,,,,,,,,,,,,
3042103,2023,actual,,,,,,,,,,,,,,,,,,,,,,,,,,,,,
3042103,2024,projected,,,,,,,,,,,,,,,,,,,,,,,,,,,,,
3042103,2024,actual,,,,,,,,,,,,,,,,,,,,,,,,,,,,,
3042103,2025,projected,,,,,,,,,,,,,,,,,,,,,,,,,,,,,
3042103,2025,actual,,,,,,,,,,,,,,,,,,,,,,,,,,,,,
3042103,2026,projected,,,,,,,,,,,,,,,,,,,,,,,,,,,,,
3042103,2026,actual,1.0,0.0,0.0,8.0,0.0,0.0,0.0,0.0,-1.0,5.0,0.0,0.0,0.0,247.2,0.0,0.0,0.0,12.0,1236.0,0.0,0.0,0.0,0.0,34.0,0.0,,,7.05,1.41
3042103,2027,projected,,,,,,,,,,,,,,,,,,,,,,,,,,,,,
3042103,2027,actual,,,,,,,,,,,,,,,,,,,,,,,,,,,,,
3042122,2023,projected,118.0,0.0,0.0,100.0,1.0,1.0,1.0,2.0,5.0,79.0,0.0,1.0,5.0,1230.0,29.0,1.0,0.0,34.0,97170.0,144.0,24.0,0.0,0.0,172.0,24.0,,,218.5,2.77
3042122,2023,actual,141.0,0.0,0.0,83.0,2.0,1.0,2.0,2.0,34.0,78.0,0.0,2.0,8.0,1196.96,26.0,2.0,0.0,28.0,93363.0,152.0,18.0,0.0,0.0,1880.0,26.0,,,223.55,2.87
3042122,2024,projected,128.0,0.0,0.0,87.0,0.0,0.0,0.0,1.0,18.0,77.0,0.0,0.0,7.0,1200.0,27.0,0.0,0.0,26.0,92400.0,145.0,20.0,0.0,0.0,1561.0,20.0,,,208.2,2.7
3042122,2024,actual,77.0,0.0,0.0,63.0,0.0,0.0,0.0,1.0,10.0,70.0,0.0,0.0,3.0,1103.27,14.0,0.0,0.0,30.0,77229.0,142.0,11.0,0.0,0.0,1561.0,14.0,,,157.55,2.25
3042122,2025,projected,94.0,,,77.0,,,,,22.0,75.0,,,4.0,1110.0,20.0,,,28.0,83250.0,149.0,16.0,,,,20.0,,,183.7,2.45
3042122,2025,actual,39.0,0.0,0.0,75.0,0.0,0.0,0.0,0.0,-15.0,61.0,0.0,0.0,1.0,899.41,4.0,0.0,0.0,29.0,54864.0,73.0,3.0,0.0,0.0,1206.0,4.0,,,81.25,1.33
3042122,2026,projected,,,,,,,,,,,,,,,,,,,,,,,,,,,,,
3042122,2026,actual,21.0,0.0,0.0,23.0,0.0,0.0,0.0,0.0,-3.0,22.0,0.0,0.0,1.0,918.23,1.0,0.0,0.0,10.0,20201.0,38.0,0.0,0.0,0.0,406.0,1.0,,,35.55,1.62
3042122,2027,projected,,,,,,,,,,,,,,,,,,,,,,,,,,,,,
3042122,2027,actual,,,,,,,,,,,,,,,,,,,,,,,,,,,,,
3042191,2023,projected,,,,,,,,,,,,,,,,,,,,,,,,,,,,,
3042191,2023,actual,93.0,0.0,1.0,208.0,1.0,0.0,0.0,0.0,20.0,78.0,0.0,1.0,5.0,1071.67,23.0,0.0,0.0,60.0,83590.0,120.0,18.0,1.0,0.0,1838.0,23.0,,,210.05,2.69
3042191,2024,projected,81.0,0.0,0.0,162.0,0.0,0.0,0.0,1.0,4.0,62.0,0.0,0.0,2.0,1080.0,11.0,0.0,0.0,36.0,66960.0,90.0,9.0,0.0,0.0,1668.0,9.0,,,133.45,2.15
3042191,2024,actual,77.0,0.0,0.0,177.0,0.0,0.0,0.0,1.0,12.0,79.0,0.0,0.0,4.0,993.35,18.0,0.0,0.0,88.0,78475.0,117.0,14.0,0.0,0.0,1668.0,18.0,,,198.45,2.51
3042191,2025,projected,77.0,,,205.0,,,,,17.0,78.0,,,4.0,1008.0,20.0,,,78.0,78624.0,119.0,16.0,,,,20.0,,,202.25,2.59
3042191,2025,actual,63.0,0.0,0.0,209.0,3.0,0.0,3.0,0.0,-6.0,73.0,0.0,3.0,1.0,962.92,16.0,3.0,0.0,45.0,70293.0,116.0,15.0,0.0,0.0,1536.0,16.0,,,169.15,2.32
3042191,2026,projected,79.0,,,210.0,,,,,-7.0,77.0,,,2.0,972.0,20.0,,,68.0,74844.0,118.0,18.0,,,,20.0,,,195.75,2.54
3042191,2026,actual,35.0,0.0,0.0,180.0,0.0,0.0,0.0,1.0,5.0,50.0,0.0,0.0,2.0,1005.94,6.0,0.0,0.0,53.0,50297.0,84.0,4.0,0.0,0.0,934.0,6.0,,,116.25,2.33
3042191,2027,projected,,,,,,,,,,,,,,,,,,,,,,,,,,,,,
3042191,2027,actual,,,,,,,,,,,,,,,,,,,,,,,,,,,,,
3042198,2023,projected,,,,,,,,,,,,,,,,,,,,,,,,,,,,,
3042198,2023,actual,87.0,0.0,0.0,143.0,1.0,0.0,1.0,0.0,18.0,78.0,0.0,1.0,3.0,977.38,16.0,1.0,0.0,68.0,76236.0,96.0,13.0,0.0,0.0,1806.0,16.0,,,170.05,2.18
3042198,2024,projected,,,,,,,,,,,,,,,,,,,,,,,,,,,,,
3042198,2024,actual,29.0,2.0,0.0,62.0,2.0,0.0,0.0,0.0,10.0,40.0,1.0,0.0,2.0,1049.12,6.0,1.0,1.0,12.0,41965.0,64.0,4.0,1.0,0.0,991.0,6.0,,,72.95,1.82
3042198,2025,projected,,,,,,,,,,,,,,,,,,,,,,,,,,,,,
3042198,2025,actual,81.0,0.0,0.0,113.0,0.0,0.0,0.0,2.0,-11.0,75.0,0.0,0.0,4.0,1074.93,13.0,0.0,0.0,46.0,80620.0,106.0,9.0,0.0,0.0,1873.0,13.0,,,152.55,2.03
3042198,2026,projected,,,,,,,,,,,,,,,,,,,,,,,,,,,,,
3042198,2026,actual,62.0,0.0,0.0,105.0,0.0,0.0,0.0,0.0,-6.0,76.0,0.0,0.0,5.0,991.16,12.0,0.0,0.0,38.0,75328.0,91.0,7.0,0.0,0.0,1717.0,12.0,,,131.5,1.73
3042198,2027,projected,,,,,,,,,,,,,,,,,,,,,,,,,,,,,
3042198,2027,actual,,,,,,,,,,,,,,,,,,,,,,,,,,,,,
3042269,2023,projected,156.0,6.0,0.0,171.0,4.0,0.0,1.0,1.0,21.0,78.0,2.0,1.0,9.0,1350.0,46.0,4.0,4.0,65.0,105300.0,132.0,37.0,0.0,0.0,86.0,37.0,,,298.6,3.83
3042269,2023,actual,160.0,3.0,0.0,186.0,4.0,0.0,1.0,1.0,15.0,81.0,0.0,1.0,4.0,1265.91,31.0,4.0,3.0,43.0,102539.0,117.0,27.0,0.0,0.0,2567.0,31.0,,,239.1,2.95
3042269,2024,projected,147.0,2.0,0.0,180.0,3.0,0.0,1.0,2.0,6.0,80.0,3.0,1.0,2.0,1266.0,22.0,3.0,2.0,47.0,101280.0,113.0,20.0,3.0,0.0,2501.0,20.0,1.0,,210.75,2.63
3042269,2024,actual,208.0,15.0,0.0,177.0,17.0,0.0,2.0,2.0,2.0,82.0,3.0,2.0,20.0,1375.82,52.0,14.0,12.0,51.0,112817.0,200.0,32.0,3.0,0.0,2501.0,52.0,1.0,,387.2,4.72
3042269,2025,projected,195.0,9.0,,187.0,9.0,,,,12.0,81.0,1.0,,8.0,1344.0,41.0,8.0,8.0,48.0,108864.0,183.0,33.0,1.0,,,41.0,,,318.95,3.94
3042269,2025,actual,184.0,21.0,0.0,221.0,23.0,1.0,2.0,0.0,18.0,81.0,4.0,2.0,8.0,1449.86,47.0,19.0,17.0,33.0,117439.0,192.0,39.0,4.0,0.0,2614.0,47.0,,,344.1,4.25
3042269,2026,projected,197.0,16.0,,212.0,16.0,,,,13.0,81.0,3.0,,9.0,1422.0,50.0,13.0,13.0,42.0,115182.0,199.0,41.0,3.0,,,50.0,,,359.45,4.44
3042269,2026,actual,154.0,6.0,0.0,167.0,7.0,0.0,1.0,0.0,-33.0,79.0,0.0,1.0,4.0,1347.73,28.0,7.0,6.0,88.0,106471.0,175.0,24.0,0.0,0.0,2432.0,28.0,,,278.7,3.53
3042269,2027,projected,180.0,11.0,,202.0,11.0,,,,-22.0,84.0,1.0,,7.0,1452.11,38.0,10.0,10.0,85.0,121977.24,210.0,31.0,1.0,,,38.0,,,339.7,4.04
3042269,2027,actual,,,,,,,,,,,,,,,,,,,,,,,,,,,,,
3068087,2023,projected,151.0,13.0,1.0,93.0,14.0,0.0,1.0,2.0,-4.0,81.0,3.0,1.0,10.0,1398.0,43.0,11.0,10.0,48.0,113238.0,95.0,33.0,3.0,0.0,143.0,33.0,,,260.55,3.22
3068087,2023,actual,102.0,4.0,1.0,44.0,5.0,0.0,0.0,2.0,9.0,81.0,1.0,1.0,7.0,1197.3,33.0,3.0,3.0,38.0,96981.0,115.0,26.0,2.0,0.0,1930.0,33.0,,,218.9,2.7
3068087,2024,projected,100.0,4.0,0.0,54.0,5.0,0.0,1.0,1.0,-13.0,80.0,1.0,1.0,7.0,1230.0,30.0,4.0,3.0,42.0,98400.0,99.0,23.0,1.0,0.0,1580.0,23.0,,,195.4,2.44
3068087,2024,actual,88.0,3.0,0.0,41.0,5.0,0.0,2.0,1.0,-10.0,67.0,0.0,2.0,9.0,1268.85,28.0,5.0,3.0,51.0,85013.0,83.0,19.0,0.0,0.0,1580.0,28.0,,,190.6,2.84
3068087,2025,projected,132.0,5.0,,58.0,5.0,,,,-13.0,77.0,1.0,,12.0,1248.0,36.0,4.0,4.0,64.0,96096.0,96.0,24.0,1.0,,,36.0,,,241.8,3.14
3068087,2025,actual,91.0,0.0,0.0,43.0,0.0,0.0,0.0,1.0,5.0,70.0,0.0,0.0,6.0,1143.23,25.0,0.0,0.0,47.0,80026.0,104.0,19.0,0.0,0.0,1503.0,25.0,,,184.55,2.64
3068087,2026,projected,,,,,,,,,,,,,,,,,,,,,,,,,,,,,
3068087,2026,actual,93.0,4.0,0.0,39.0,4.0,0.0,0.0,2.0,18.0,71.0,1.0,0.0,8.0,1264.39,32.0,3.0,3.0,45.0,89772.0,86.0,24.0,1.0,0.0,1679.0,32.0,,,201.15,2.83
3068087,2027,projected,90.0,3.0,,40.0,3.0,,,,14.0,73.0,1.0,,8.0,1172.01,32.0,2.0,2.0,48.0,85556.73,92.0,24.0,1.0,,,32.0,,,202.5,2.77
3068087,2027,actual,,,,,,,,,,,,,,,,,,,,,,,,,,,,,
3068665,2023,projected,,,,,,,,,,,,,,,,,,,,,,,,,,,,,
3068665,2023,actual,114.0,0.0,0.0,105.0,3.0,0.0,3.0,0.0,12.0,82.0,0.0,3.0,3.0,1050.6,20.0,3.0,0.0,41.0,86149.0,106.0,17.0,0.0,0.0,1820.0,20.0,,,178.5,2.18
3068665,2024,projected,,,,,,,,,,,,,,,,,,,,,,,,,,,,,
3068665,2024,actual,94.0,1.0,0.0,76.0,1.0,0.0,0.0,1.0,0.0,82.0,0.0,0.0,3.0,923.06,16.0,1.0,1.0,30.0,75691.0,88.0,13.0,0.0,0.0,1544.0,16.0,,,142.6,1.74
3068665,2025,projected,,,,,,,,,,,,,,,,,,,,,,,,,,,,,
3068665,2025,actual,135.0,0.0,0.0,28.0,0.0,0.0,0.0,0.0,-7.0,82.0,0.0,0.0,7.0,1232.1,25.0,0.0,0.0,18.0,101032.0,118.0,18.0,0.0,0.0,2001.0,25.0,,,186.55,2.28
3068665,2026,projected,,,,,,,,,,,,,,,,,,,,,,,,,,,,,
3068665,2026,actual,95.0,0.0,0.0,19.0,0.0,0.0,0.0,0.0,-4.0,83.0,0.0,0.0,1.0,1137.65,12.0,0.0,0.0,38.0,94425.0,108.0,11.0,0.0,0.0,1819.0,12.0,,,135.65,1.63
3068665,2027,projected,,,,,,,,,,,,,,,,,,,,,,,,,,,,,
3068665,2027,actual,,,,,,,,,,,,,,,,,,,,,,,,,,,,,
3069273,2023,projected,,,,,,,,,,,,,,,,,,,,,,,,,,,,,
3069273,2023,actual,1.0,0.0,0.0,2.0,0.0,0.0,0.0,0.0,-1.0,2.0,0.0,0.0,0.0,867.5,0.0,0.0,0.0,0.0,1735.0,3.0,0.0,0.0,0.0,36.0,0.0,,,1.95,0.97
3069273,2024,projected,,,,,,,,,,,,,,,,,,,,,,,,,,,,,
3069273,2024,actual,42.0,0.0,0.0,39.0,0.0,0.0,0.0,0.0,-2.0,47.0,0.0,0.0,3.0,845.23,8.0,0.0,0.0,33.0,39726.0,59.0,5.0,0.0,0.0,844.0,8.0,,,87.4,1.86
3069273,2025,projected,,,,,,,,,,,,,,,,,,,,,,,,,,,,,
3069273,2025,actual,6.0,0.0,0.0,3.0,0.0,0.0,0.0,0.0,-2.0,4.0,0.0,0.0,0.0,912.25,1.0,0.0,0.0,2.0,3649.0,4.0,1.0,0.0,0.0,89.0,1.0,,,7.8,1.95
3069273,2026,projected,,,,,,,,,,,,,,,,,,,,,,,,,,,,,
3069273,2026,actual,5.0,0.0,0.0,8.0,0.0,0.0,0.0,0.0,-3.0,11.0,0.0,0.0,1.0,781.64,1.0,0.0,0.0,11.0,8598.0,9.0,0.0,0.0,0.0,215.0,1.0,,,16.05,1.46
3069273,2027,projected,,,,,,,,,,,,,,,,,,,,,,,,,,,,,
3069273,2027,actual,,,,,,,,,,,,,,,,,,,,,,,,,,,,,
3069341,2023,projected,143.0,2.0,0.0,79.0,2.0,0.0,1.0,1.0,14.0,82.0,0.0,1.0,8.0,1380.0,33.0,2.0,2.0,22.0,113160.0,164.0,25.0,0.0,0.0,120.0,25.0,,,238.65,2.91
3069341,2023,actual,133.0,2.0,0.0,115.0,3.0,0.0,1.0,1.0,-18.0,79.0,0.0,1.0,4.0,1380.2,27.0,3.0,2.0,30.0,109036.0,144.0,23.0,0.0,0.0,2380.0,27.0,,,219.75,2.78
3069341,2024,projected,134.0,1.0,1.0,97.0,2.0,0.0,1.0,4.0,8.0,80.0,0.0,1.0,4.0,1386.0,26.0,2.0,1.0,26.0,110880.0,145.0,22.0,1.0,0.0,2248.0,22.0,,,214.2,2.68
3069341,2024,actual,154.0,1.0,1.0,105.0,3.0,0.0,1.0,4.0,4.0,82.0,0.0,2.0,10.0,1431.65,26.0,2.0,1.0,23.0,117395.0,218.0,16.0,1.0,0.0,2248.0,26.0,,,265.0,3.23
3069341,2025,projected,138.0,1.0,1.0,116.0,3.0,,1.0,,11.0,80.0,,2.0,7.0,1416.0,27.0,2.0,1.0,28.0,113280.0,187.0,20.0,1.0,,,27.0,,,245.1,3.06
3069341,2025,actual,125.0,1.0,1.0,93.0,3.0,0.0,1.0,4.0,12.0,64.0,1.0,2.0,16.0,1425.16,36.0,1.0,0.0,8.0,91210.0,149.0,20.0,2.0,0.0,1797.0,36.0,,,251.05,3.92
3069341,2026,projected,146.0,2.0,1.0,116.0,4.0,,1.0,,11.0,77.0,1.0,2.0,14.0,1422.0,41.0,2.0,1.0,30.0,109494.0,158.0,27.0,2.0,,,41.0,,,283.6,3.68
3069341,2026,actual,105.0,0.0,0.0,95.0,0.0,0.0,0.0,0.0,-6.0,77.0,0.0,0.0,4.0,1331.78,18.0,0.0,0.0,23.0,102547.0,172.0,14.0,0.0,0.0,2135.0,18.0,,,191.25,2.48
3069341,2027,projected,133.0,,,112.0,,,,,-3.0,84.0,,,7.0,1402.71,25.0,,,25.0,117827.64,203.0,18.0,,,,25.0,,,240.45,2.86
3069341,2027,actual,,,,,,,,,,,,,,,,,,,,,,,,,,,,,
3069352,2023,projected,133.0,2.0,1.0,123.0,5.0,0.0,2.0,2.0,7.0,76.0,0.0,3.0,5.0,1350.0,24.0,4.0,2.0,16.0,102600.0,144.0,19.0,1.0,0.0,163.0,19.0,,,204.55,2.69
3069352,2023,actual,116.0,0.0,0.0,87.0,2.0,0.0,2.0,2.0,30.0,82.0,0.0,2.0,8.0,1195.06,24.0,2.0,0.0,10.0,97995.0,147.0,16.0,0.0,0.0,1977.0,24.0,,,200.2,2.44
3069352,2024,projected,103.0,0.0,0.0,87.0,1.0,0.0,1.0,0.0,18.0,70.0,0.0,1.0,3.0,1200.0,16.0,1.0,0.0,10.0,84000.0,142.0,13.0,0.0,0.0,1980.0,13.0,,,159.45,2.28
3069352,2024,actual,114.0,0.0,0.0,65.0,1.0,0.0,1.0,0.0,17.0,82.0,0.0,1.0,5.0,1228.3,26.0,1.0,0.0,12.0,100721.0,162.0,21.0,0.0,0.0,1980.0,26.0,,,206.0,2.51
3069352,2025,projected,115.0,,,83.0,,,,,23.0,82.0,,,6.0,1218.0,25.0,,,12.0,99876.0,155.0,19.0,,,,25.0,,,201.55,2.46
3069352,2025,actual,99.0,1.0,0.0,50.0,1.0,0.0,0.0,0.0,34.0,80.0,1.0,0.0,5.0,1330.84,26.0,0.0,0.0,14.0,106467.0,170.0,21.0,1.0,0.0,1889.0,26.0,,,205.75,2.57
3069352,2026,projected,113.0,1.0,,68.0,1.0,,,,29.0,82.0,,,5.0,1308.0,27.0,1.0,1.0,12.0,107256.0,163.0,22.0,,,,27.0,,,209.05,2.55
3069352,2026,actual,83.0,2.0,0.0,31.0,4.0,0.0,2.0,1.0,30.0,82.0,1.0,2.0,6.0,1394.09,32.0,3.0,1.0,20.0,114315.0,179.0,26.0,1.0,0.0,1958.0,32.0,,,229.85,2.8
3069352,2027,projected,90.0,2.0,,38.0,2.0,,,,31.0,84.0,1.0,,7.0,1404.88,33.0,1.0,1.0,18.0,118009.92,187.0,26.0,1.0,,,33.0,,,236.3,2.81
3069352,2027,actual,,,,,,,,,,,,,,,,,,,,,,,,,,,,,
3069448,2023,projected,106.0,7.0,0.0,48.0,7.0,0.0,0.0,2.0,19.0,66.0,1.0,0.0,4.0,1140.0,22.0,6.0,6.0,26.0,75240.0,65.0,18.0,1.0,0.0,341.0,18.0,,,148.8,2.25
3069448,2023,actual,102.0,0.0,0.0,51.0,0.0,0.0,0.0,2.0,45.0,75.0,0.0,0.0,4.0,1034.44,26.0,0.0,0.0,28.0,77583.0,78.0,22.0,0.0,0.0,1811.0,26.0,,,167.6,2.23
3069448,2024,projected,,,,,,,,,,,,,,,,,,,,,,,,,,,,,
3069448,2024,actual,59.0,0.0,0.0,46.0,0.0,0.0,0.0,0.0,13.0,63.0,0.0,0.0,2.0,1055.86,11.0,0.0,0.0,37.0,66519.0,76.0,9.0,0.0,0.0,1591.0,11.0,,,110.85,1.76
3069448,2025,projected,,,,,,,,,,,,,,,,,,,,,,,,,,,,,
3069448,2025,actual,94.0,15.0,0.0,43.0,15.0,0.0,0.0,0.0,-6.0,82.0,0.0,0.0,1.0,1236.72,40.0,15.0,15.0,16.0,101411.0,101.0,39.0,0.0,0.0,2074.0,40.0,,,214.8,2.62
3069448,2026,projected,101.0,12.0,,50.0,12.0,,,,18.0,76.0,,,3.0,1158.0,35.0,12.0,12.0,30.0,88008.0,87.0,32.0,,,,35.0,,,202.75,2.67
3069448,2026,actual,68.0,3.0,0.0,28.0,4.0,0.0,1.0,0.0,-9.0,69.0,0.0,1.0,0.0,1018.25,12.0,4.0,3.0,32.0,70259.0,54.0,12.0,0.0,0.0,1506.0,12.0,,,101.3,1.47
3069448,2027,projected,,,,,,,,,,,,,,,,,,,,,,,,,,,,,
3069448,2027,actual,,,,,,,,,,,,,,,,,,,,,,,,,,,,,
3069449,2023,projected,,,,,,,,,,,,,,,,,,,,,,,,,,,,,
3069449,2023,actual,58.0,1.0,0.0,102.0,2.0,0.0,1.0,0.0,-18.0,77.0,0.0,1.0,1.0,1186.71,24.0,2.0,1.0,26.0,91377.0,125.0,23.0,0.0,0.0,1928.0,24.0,,,174.7,2.27
3069449,2024,projected,,,,,,,,,,,,,,,,,,,,,,,,,,,,,
3069449,2024,actual,13.0,0.0,0.0,15.0,0.0,0.0,0.0,0.0,-5.0,14.0,0.0,0.0,0.0,1108.79,2.0,0.0,0.0,14.0,15523.0,29.0,2.0,0.0,0.0,316.0,2.0,,,32.25,2.3
3069449,2025,projected,,,,,,,,,,,,,,,,,,,,,,,,,,,,,
3069449,2025,actual,7.0,0.0,0.0,9.0,0.0,0.0,0.0,0.0,-5.0,7.0,0.0,0.0,0.0,782.43,0.0,0.0,0.0,4.0,5477.0,10.0,0.0,0.0,0.0,136.0,0.0,,,9.65,1.38
3069449,2026,projected,,,,,,,,,,,,,,,,,,,,,,,,,,,,,
3069449,2026,actual,0.0,0.0,0.0,0.0,0.0,0.0,0.0,0.0,0.0,1.0,0.0,0.0,0.0,746.0,0.0,0.0,0.0,0.0,746.0,3.0,0.0,0.0,0.0,21.0,0.0,,,1.5,1.5
3069449,2027,projected,,,,,,,,,,,,,,,,,,,,,,,,,,,,,
3069449,2027,actual,,,,,,,,,,,,,,,,,,,,,,,,,,,,,
3069621,2023,projected,,,,,,,,,,,,,,,,,,,,,,,,,,,,,
3069621,2023,actual,97.0,0.0,0.0,77.0,1.0,0.0,1.0,0.0,15.0,61.0,0.0,1.0,6.0,1299.11,21.0,1.0,0.0,36.0,79246.0,110.0,15.0,0.0,0.0,1750.0,21.0,,,174.95,2.87
3069621,2024,projected,100.0,0.0,0.0,88.0,1.0,0.0,1.0,1.0,17.0,72.0,0.0,1.0,4.0,1278.0,24.0,1.0,0.0,38.0,92016.0,114.0,20.0,0.0,0.0,1541.0,20.0,,,183.8,2.55
3069621,2024,actual,71.0,0.0,0.0,60.0,1.0,0.0,1.0,1.0,-2.0,58.0,0.0,1.0,1.0,1216.9,16.0,1.0,0.0,27.0,70580.0,111.0,15.0,0.0,0.0,1541.0,16.0,,,143.75,2.48
3069621,2025,projected,105.0,,,79.0,,,,,11.0,67.0,,,2.0,1242.0,19.0,,,40.0,83214.0,115.0,17.0,,,,19.0,,,170.65,2.55
3069621,2025,actual,109.0,1.0,0.0,72.0,1.0,0.0,0.0,0.0,4.0,60.0,0.0,0.0,0.0,1266.83,21.0,1.0,1.0,32.0,76010.0,87.0,21.0,0.0,0.0,1748.0,21.0,,,157.45,2.62
3069621,2026,projected,,,,,,,,,,,,,,,,,,,,,,,,,,,,,
3069621,2026,actual,122.0,0.0,1.0,66.0,2.0,0.0,1.0,2.0,4.0,82.0,0.0,2.0,4.0,1253.44,16.0,1.0,0.0,50.0,102782.0,125.0,12.0,1.0,0.0,2215.0,16.0,,,181.6,2.21
3069621,2027,projected,,,,,,,,,,,,,,,,,,,,,,,,,,,,,
3069621,2027,actual,,,,,,,,,,,,,,,,,,,,,,,,,,,,,
3069836,2023,projected,166.0,5.0,0.0,54.0,6.0,0.0,1.0,1.0,32.0,78.0,1.0,1.0,7.0,1404.0,42.0,5.0,4.0,12.0,109512.0,129.0,35.0,1.0,0.0,135.0,35.0,,,248.4,3.18
3069836,2023,actual,131.0,0.0,0.0,36.0,1.0,0.0,1.0,1.0,18.0,76.0,0.0,1.0,7.0,1319.5,27.0,1.0,0.0,8.0,100282.0,103.0,20.0,0.0,0.0,1953.0,27.0,,,181.85,2.39
3069836,2024,projected,125.0,0.0,2.0,33.0,3.0,0.0,1.0,1.0,23.0,73.0,0.0,3.0,5.0,1326.0,23.0,1.0,0.0,10.0,96798.0,92.0,18.0,2.0,0.0,2017.0,18.0,,,160.55,2.2
3069836,2024,actual,151.0,0.0,2.0,49.0,3.0,0.0,1.0,1.0,21.0,81.0,0.0,3.0,6.0,1255.91,37.0,1.0,0.0,8.0,101729.0,120.0,31.0,2.0,0.0,2017.0,37.0,,,229.65,2.84
3069836,2025,projected,147.0,,1.0,47.0,2.0,,1.0,,31.0,78.0,,2.0,7.0,1260.0,35.0,1.0,,8.0,98280.0,116.0,28.0,1.0,,,35.0,,,218.45,2.8
3069836,2025,actual,110.0,0.0,0.0,21.0,3.0,0.0,3.0,2.0,16.0,80.0,0.0,3.0,6.0,1294.35,27.0,3.0,0.0,8.0,103548.0,136.0,21.0,0.0,0.0,2020.0,27.0,,,193.6,2.42
3069836,2026,projected,126.0,,1.0,38.0,2.0,,1.0,,17.0,80.0,,2.0,6.0,1284.0,30.0,1.0,,8.0,102720.0,126.0,24.0,1.0,,,30.0,,,201.3,2.52
3069836,2026,actual,63.0,0.0,0.0,6.0,2.0,0.0,2.0,1.0,8.0,39.0,0.0,2.0,1.0,1278.62,8.0,2.0,0.0,4.0,49866.0,54.0,7.0,0.0,0.0,977.0,8.0,,,73.35,1.88
3069836,2027,projected,,,,,,,,,,,,,,,,,,,,,,,,,,,,,
3069836,2027,actual,,,,,,,,,,,,,,,,,,,,,,,,,,,,,
3096102,2023,projected,,,,,,,,,,,,,,,,,,,,,,,,,,,,,
3096102,2023,actual,88.0,0.0,0.0,70.0,0.0,0.0,0.0,1.0,-7.0,81.0,0.0,0.0,3.0,982.12,14.0,0.0,0.0,44.0,79552.0,92.0,11.0,0.0,0.0,1804.0,14.0,,,143.0,1.77
3096102,2024,projected,,,,,,,,,,,,,,,,,,,,,,,,,,,,,
3096102,2024,actual,51.0,0.0,0.0,64.0,0.0,0.0,0.0,0.0,9.0,54.0,0.0,0.0,1.0,1087.15,7.0,0.0,0.0,32.0,58706.0,77.0,6.0,0.0,0.0,1273.0,7.0,,,95.65,1.77
3096102,2025,projected,,,,,,,,,,,,,,,,,,,,,,,,,,,,,
3096102,2025,actual,55.0,0.0,0.0,35.0,0.0,0.0,0.0,0.0,-2.0,66.0,0.0,0.0,3.0,832.41,7.0,0.0,0.0,27.0,54939.0,66.0,4.0,0.0,0.0,1191.0,7.0,,,87.75,1.33
3096102,2026,projected,,,,,,,,,,,,,,,,,,,,,,,,,,,,,
3096102,2026,actual,64.0,0.0,0.0,30.0,0.0,0.0,0.0,1.0,-8.0,64.0,0.0,0.0,3.0,1151.23,14.0,0.0,0.0,20.0,73679.0,79.0,11.0,0.0,0.0,1675.0,14.0,,,114.5,1.79
3096102,2027,projected,,,,,,,,,,,,,,,,,,,,,,,,,,,,,
3096102,2027,actual,,,,,,,,,,,,,,,,,,,,,,,,,,,,,
3096249,2023,projected,172.0,11.0,0.0,59.0,11.0,0.0,0.0,0.0,37.0,71.0,2.0,0.0,14.0,1512.0,56.0,9.0,9.0,22.0,107352.0,89.0,42.0,2.0,0.0,121.0,42.0,,,278.9,3.93
3096249,2023,actual,165.0,7.0,0.0,93.0,7.0,0.0,0.0,0.0,39.0,80.0,1.0,0.0,7.0,1506.38,50.0,6.0,6.0,26.0,120510.0,138.0,43.0,1.0,0.0,2250.0,50.0,,,293.55,3.67
3096249,2024,projected,151.0,6.0,0.0,71.0,6.0,0.0,2.0,2.0,44.0,73.0,1.0,2.0,7.0,1506.0,46.0,5.0,5.0,24.0,109938.0,109.0,39.0,1.0,0.0,2134.0,39.0,,,256.85,3.52
3096249,2024,actual,159.0,5.0,0.0,63.0,7.0,0.0,2.0,2.0,28.0,82.0,0.0,2.0,12.0,1405.74,50.0,7.0,5.0,18.0,115271.0,110.0,38.0,0.0,0.0,2134.0,50.0,,,278.55,3.4
3096249,2025,projected,169.0,7.0,,89.0,7.0,,,,31.0,80.0,1.0,,11.0,1440.0,52.0,6.0,6.0,24.0,115200.0,122.0,41.0,1.0,,,52.0,,,295.15,3.69
3096249,2025,actual,138.0,3.0,0.0,40.0,3.0,0.0,0.0,4.0,30.0,76.0,1.0,0.0,10.0,1475.37,44.0,2.0,2.0,26.0,112128.0,103.0,34.0,1.0,0.0,2101.0,44.0,,,251.0,3.3
3096249,2026,projected,152.0,4.0,,59.0,4.0,,,,29.0,79.0,1.0,,11.0,1476.0,48.0,3.0,3.0,24.0,116604.0,115.0,37.0,1.0,,,48.0,,,270.9,3.43
3096249,2026,actual,115.0,1.0,0.0,26.0,1.0,0.0,0.0,1.0,37.0,68.0,1.0,0.0,3.0,1342.13,24.0,0.0,0.0,32.0,91265.0,83.0,21.0,1.0,0.0,1824.0,24.0,,,165.85,2.44
3096249,2027,projected,150.0,2.0,,40.0,2.0,,,,38.0,83.0,1.0,,6.0,1378.52,37.0,1.0,1.0,35.0,114417.16,108.0,31.0,1.0,,,37.0,,,231.5,2.79
3096249,2027,actual,,,,,,,,,,,,,,,,,,,,,,,,,,,,,
3097115,2023,projected,,,,,,,,,,,,,,,,,,,,,,,,,,,,,
3097115,2023,actual,54.0,0.0,0.0,41.0,0.0,0.0,0.0,0.0,-9.0,52.0,0.0,0.0,2.0,939.35,11.0,0.0,0.0,19.0,48846.0,68.0,9.0,0.0,0.0,1022.0,11.0,,,96.1,1.85
3097115,2024,projected,,,,,,,,,,,,,,,,,,,,,,,,,,,,,
3097115,2024,actual,18.0,0.0,0.0,17.0,0.0,0.0,0.0,0.0,-6.0,22.0,0.0,0.0,0.0,811.05,2.0,0.0,0.0,4.0,17843.0,33.0,2.0,0.0,0.0,427.0,2.0,,,30.7,1.4
3097115,2025,projected,,,,,,,,,,,,,,,,,,,,,,,,,,,,,
3097115,2025,actual,38.0,0.0,0.0,27.0,0.0,0.0,0.0,0.0,0.0,37.0,0.0,0.0,4.0,1029.14,10.0,0.0,0.0,4.0,38078.0,57.0,6.0,0.0,0.0,786.0,10.0,,,76.7,2.07
3097115,2026,projected,,,,,,,,,,,,,,,,,,,,,,,,,,,,,
3097115,2026,actual,0.0,0.0,0.0,1.0,0.0,0.0,0.0,0.0,-1.0,1.0,0.0,0.0,0.0,845.0,0.0,0.0,0.0,0.0,845.0,2.0,0.0,0.0,0.0,18.0,0.0,,,1.1,1.1
3097115,2027,projected,,,,,,,,,,,,,,,,,,,,,,,,,,,,,
3097115,2027,actual,,,,,,,,,,,,,,,,,,,,,,,,,,,,,
3114717,2023,projected,188.0,14.0,1.0,74.0,15.0,0.0,1.0,2.0,16.0,68.0,5.0,1.0,16.0,1500.0,60.0,10.0,9.0,35.0,102000.0,86.0,44.0,5.0,1.0,90.0,44.0,,,309.4,4.55
3114717,2023,actual,216.0,19.0,1.0,77.0,20.0,0.0,0.0,2.0,-14.0,71.0,8.0,1.0,14.0,1403.65,38.0,11.0,11.0,68.0,99659.0,80.0,24.0,9.0,1.0,1979.0,38.0,,,281.2,3.96
3114717,2024,projected,182.0,11.0,0.0,63.0,12.0,0.0,1.0,1.0,14.0,60.0,3.0,1.0,11.0,1392.0,31.0,9.0,8.0,28.0,83520.0,71.0,20.0,3.0,0.0,1333.0,20.0,,,203.3,3.39
3114717,2024,actual,98.0,4.0,0.0,72.0,4.0,0.0,0.0,1.0,27.0,51.0,1.0,0.0,4.0,1251.8,18.0,3.0,3.0,50.0,63842.0,59.0,14.0,1.0,0.0,1333.0,18.0,,,147.7,2.9
3114717,2025,projected,136.0,8.0,,79.0,8.0,,,,17.0,72.0,4.0,,12.0,1284.0,35.0,4.0,4.0,58.0,92448.0,63.0,23.0,4.0,,,35.0,,,225.4,3.13
3114717,2025,actual,106.0,11.0,0.0,89.0,13.0,0.0,2.0,2.0,11.0,56.0,0.0,2.0,3.0,1410.75,33.0,13.0,11.0,53.0,79002.0,64.0,30.0,0.0,0.0,1604.0,33.0,,,205.4,3.67
3114717,2026,projected,119.0,10.0,1.0,81.0,12.0,,1.0,,16.0,72.0,2.0,2.0,6.0,1398.0,39.0,9.0,8.0,52.0,100656.0,71.0,33.0,3.0,,,39.0,,,231.35,3.21
3114717,2026,actual,97.0,5.0,0.0,84.0,6.0,1.0,1.0,3.0,-5.0,72.0,1.0,1.0,4.0,1348.67,26.0,5.0,4.0,55.0,97104.0,103.0,22.0,1.0,0.0,1990.0,26.0,,,200.65,2.79
3114717,2027,projected,104.0,6.0,,88.0,6.0,,,,1.0,69.0,1.0,,3.0,1321.01,28.0,5.0,5.0,53.0,91149.69,99.0,25.0,1.0,,,28.0,,,201.3,2.92
3114717,2027,actual,,,,,,,,,,,,,,,,,,,,,,,,,,,,,
3114735,2023,projected,,,,,,,,,,,,,,,,,,,,,,,,,,,,,
3114735,2023,actual,33.0,0.0,0.0,30.0,0.0,0.0,0.0,0.0,-10.0,29.0,0.0,0.0,0.0,767.55,1.0,0.0,0.0,14.0,22259.0,30.0,1.0,0.0,0.0,512.0,1.0,,,36.25,1.25
3114735,2024,projected,,,,,,,,,,,,,,,,,,,,,,,,,,,,,
3114735,2024,actual,25.0,0.0,0.0,30.0,0.0,0.0,0.0,0.0,5.0,24.0,0.0,0.0,1.0,967.42,5.0,0.0,0.0,20.0,23218.0,40.0,4.0,0.0,0.0,525.0,5.0,,,55.25,2.3
3114735,2025,projected,,,,,,,,,,,,,,,,,,,,,,,,,,,,,
3114735,2025,actual,38.0,0.0,0.0,48.0,0.0,0.0,0.0,0.0,-12.0,39.0,0.0,0.0,0.0,955.67,7.0,0.0,0.0,6.0,37271.0,56.0,7.0,0.0,0.0,813.0,7.0,,,66.3,1.7
3114735,2026,projected,,,,,,,,,,,,,,,,,,,,,,,,,,,,,
3114735,2026,actual,26.0,0.0,0.0,54.0,0.0,0.0,0.0,0.0,-18.0,38.0,0.0,0.0,2.0,835.63,4.0,0.0,0.0,12.0,31754.0,56.0,2.0,0.0,0.0,691.0,4.0,,,59.9,1.58
3114735,2027,projected,,,,,,,,,,,,,,,,,,,,,,,,,,,,,
3114735,2027,actual,,,,,,,,,,,,,,,,,,,,,,,,,,,,,
3114757,2023,projected,127.0,1.0,1.0,59.0,1.0,0.0,1.0,1.0,12.0,80.0,0.0,1.0,8.0,1380.0,33.0,1.0,1.0,28.0,110400.0,145.0,25.0,1.0,0.0,157.0,25.0,,,227.65,2.85
3114757,2023,actual,111.0,1.0,1.0,61.0,2.0,0.0,0.0,1.0,-5.0,81.0,0.0,1.0,7.0,1224.17,23.0,1.0,1.0,40.0,99158.0,137.0,16.0,1.0,0.0,2184.0,23.0,,,201.85,2.49
3114757,2024,projected,101.0,5.0,1.0,58.0,9.0,0.0,3.0,3.0,-8.0,74.0,0.0,4.0,5.0,1272.0,19.0,8.0,5.0,32.0,94128.0,134.0,14.0,1.0,0.0,2474.0,14.0,,,181.55,2.45
3114757,2024,actual,146.0,5.0,1.0,84.0,9.0,0.0,3.0,3.0,-20.0,81.0,0.0,4.0,10.0,1428.32,44.0,8.0,5.0,48.0,115694.0,149.0,34.0,1.0,0.0,2474.0,44.0,,,295.9,3.65
3114757,2025,projected,137.0,3.0,1.0,78.0,5.0,,1.0,,-17.0,81.0,,2.0,9.0,1374.0,34.0,4.0,3.0,44.0,111294.0,142.0,25.0,1.0,,,34.0,,,250.55,3.09
3114757,2025,actual,139.0,2.0,0.0,84.0,4.0,0.0,2.0,0.0,-6.0,82.0,0.0,2.0,8.0,1469.72,30.0,4.0,2.0,40.0,120517.0,170.0,22.0,0.0,0.0,2512.0,30.0,,,249.15,3.04
3114757,2026,projected,115.0,3.0,,87.0,3.0,,,,9.0,82.0,,,7.0,1464.0,34.0,3.0,3.0,42.0,120048.0,152.0,27.0,,,,34.0,,,244.95,2.99
3114757,2026,actual,95.0,3.0,1.0,46.0,6.0,0.0,2.0,1.0,12.0,81.0,1.0,3.0,11.0,1453.36,37.0,4.0,2.0,20.0,117722.0,152.0,26.0,2.0,0.0,2414.0,37.0,,,243.35,3.0
3114757,2027,projected,113.0,4.0,1.0,55.0,6.0,,1.0,,6.0,83.0,1.0,2.0,10.0,1449.94,38.0,4.0,3.0,27.0,120345.02,157.0,28.0,2.0,,,38.0,,,255.25,3.08
3114757,2027,actual,,,,,,,,,,,,,,,,,,,,,,,,,,,,,
3114769,2023,projected,168.0,18.0,0.0,47.0,18.0,0.0,0.0,1.0,-7.0,67.0,3.0,0.0,12.0,1206.0,48.0,15.0,15.0,62.0,80802.0,61.0,36.0,3.0,0.0,177.0,36.0,,,263.7,3.94
3114769,2023,actual,174.0,19.0,0.0,52.0,19.0,0.0,0.0,1.0,-27.0,70.0,4.0,0.0,11.0,1323.5,42.0,15.0,15.0,73.0,92645.0,79.0,31.0,4.0,0.0,1795.0,42.0,,,274.2,3.92
3114769,2024,projected,161.0,19.0,0.0,48.0,19.0,0.0,0.0,0.0,21.0,67.0,3.0,0.0,10.0,1188.0,50.0,16.0,16.0,62.0,79596.0,68.0,40.0,3.0,0.0,507.0,40.0,,,271.05,4.05
3114769,2024,actual,44.0,6.0,0.0,4.0,6.0,0.0,0.0,0.0,-7.0,31.0,2.0,0.0,3.0,860.35,11.0,4.0,4.0,24.0,26671.0,18.0,8.0,2.0,0.0,507.0,11.0,,,72.4,2.34
3114769,2025,projected,57.0,3.0,,16.0,3.0,,,,-15.0,43.0,1.0,,4.0,1008.0,17.0,2.0,2.0,34.0,43344.0,29.0,13.0,1.0,,,17.0,,,104.35,2.43
3114769,2025,actual,76.0,4.0,0.0,17.0,4.0,0.0,0.0,1.0,-11.0,35.0,0.0,0.0,4.0,1400.6,19.0,4.0,4.0,10.0,49021.0,42.0,15.0,0.0,0.0,955.0,19.0,,,110.7,3.16
3114769,2026,projected,,,,,,,,,,,,,,,,,,,,,,,,,,,,,
3114769,2026,actual,148.0,7.0,0.0,33.0,7.0,0.0,0.0,1.0,-5.0,76.0,1.0,0.0,5.0,1148.43,35.0,6.0,6.0,43.0,87281.0,70.0,30.0,1.0,0.0,1778.0,35.0,,,211.8,2.79
3114769,2027,projected,133.0,7.0,,30.0,7.0,,,,-7.0,67.0,1.0,,5.0,1196.24,33.0,6.0,6.0,37.0,80148.08,60.0,28.0,1.0,,,33.0,,,192.75,2.88
3114769,2027,actual,,,,,,,,,,,,,,,,,,,,,,,,,,,,,
3114995,2023,projected,89.0,0.0,0.0,116.0,0.0,0.0,0.0,0.0,9.0,72.0,0.0,0.0,2.0,954.0,17.0,0.0,0.0,40.0,68688.0,79.0,15.0,0.0,0.0,345.0,15.0,,,144.35,2.0
3114995,2023,actual,96.0,0.0,0.0,133.0,0.0,0.0,0.0,0.0,4.0,68.0,0.0,0.0,1.0,1235.03,24.0,0.0,0.0,58.0,83982.0,131.0,23.0,0.0,0.0,1749.0,24.0,,,204.8,3.01
3114995,2024,projected,93.0,0.0,0.0,124.0,1.0,0.0,1.0,1.0,6.0,70.0,0.0,1.0,2.0,1236.0,27.0,1.0,0.0,54.0,86520.0,113.0,25.0,0.0,0.0,2137.0,25.0,,,202.15,2.89
3114995,2024,actual,106.0,0.0,0.0,113.0,0.0,0.0,0.0,1.0,28.0,82.0,0.0,0.0,4.0,1360.26,30.0,0.0,0.0,44.0,111541.0,159.0,26.0,0.0,0.0,2137.0,30.0,,,234.3,2.86
3114995,2025,projected,99.0,,,127.0,,,,,19.0,78.0,,,3.0,1332.0,28.0,,,48.0,103896.0,143.0,25.0,,,,28.0,,,219.95,2.82
3114995,2025,actual,70.0,0.0,0.0,79.0,1.0,0.0,1.0,1.0,6.0,78.0,0.0,1.0,4.0,1301.44,29.0,1.0,0.0,45.0,101512.0,144.0,25.0,0.0,0.0,2050.0,29.0,,,212.9,2.73
3114995,2026,projected,79.0,,,119.0,,,,,12.0,81.0,,,4.0,1284.0,31.0,,,50.0,104004.0,144.0,27.0,,,,31.0,,,225.65,2.79
3114995,2026,actual,66.0,0.0,0.0,79.0,0.0,0.0,0.0,1.0,-19.0,82.0,0.0,0.0,3.0,1287.17,18.0,0.0,0.0,60.0,105548.0,136.0,15.0,0.0,0.0,2067.0,18.0,,,180.4,2.2
3114995,2027,projected,,,,,,,,,,,,,,,,,,,,,,,,,,,,,
3114995,2027,actual,,,,,,,,,,,,,,,,,,,,,,,,,,,,,
3114997,2023,projected,,,,,,,,,,,,,,,,,,,,,,,,,,,,,
3114997,2023,actual,31.0,0.0,0.0,133.0,0.0,0.0,0.0,0.0,-1.0,47.0,0.0,0.0,0.0,726.68,4.0,0.0,0.0,35.0,34154.0,33.0,4.0,0.0,0.0,806.0,4.0,,,67.05,1.43
3114997,2024,projected,,,,,,,,,,,,,,,,,,,,,,,,,,,,,
3114997,2024,actual,41.0,0.0,0.0,174.0,0.0,0.0,0.0,0.0,-3.0,82.0,0.0,0.0,1.0,793.34,10.0,0.0,0.0,81.0,65054.0,87.0,9.0,0.0,0.0,1333.0,10.0,,,142.65,1.74
3114997,2025,projected,,,,,,,,,,,,,,,,,,,,,,,,,,,,,
3114997,2025,actual,17.0,0.0,0.0,78.0,0.0,0.0,0.0,0.0,-9.0,35.0,0.0,0.0,1.0,795.69,3.0,0.0,0.0,48.0,27849.0,40.0,2.0,0.0,0.0,628.0,3.0,,,66.05,1.89
3114997,2026,projected,,,,,,,,,,,,,,,,,,,,,,,,,,,,,
3114997,2026,actual,2.0,0.0,0.0,4.0,0.0,0.0,0.0,0.0,-1.0,3.0,0.0,0.0,0.0,529.0,0.0,0.0,0.0,2.0,1587.0,1.0,0.0,0.0,0.0,38.0,0.0,,,2.4,0.8
3114997,2027,projected,,,,,,,,,,,,,,,,,,,,,,,,,,,,,
3114997,2027,actual,,,,,,,,,,,,,,,,,,,,,,,,,,,,,
3115032,2023,projected,142.0,9.0,0.0,62.0,9.0,0.0,0.0,5.0,12.0,76.0,1.0,0.0,10.0,1104.0,34.0,8.0,8.0,40.0,83904.0,69.0,24.0,1.0,0.0,262.0,24.0,,,208.2,2.74
3115032,2023,actual,242.0,33.0,0.0,92.0,33.0,0.0,0.0,5.0,9.0,80.0,3.0,0.0,16.0,1447.58,73.0,30.0,30.0,107.0,115806.0,92.0,57.0,3.0,0.0,2091.0,73.0,,,427.2,5.34
3115032,2024,projected,213.0,27.0,0.0,85.0,27.0,0.0,0.0,3.0,-8.0,70.0,3.0,0.0,14.0,1440.0,65.0,24.0,24.0,90.0,100800.0,92.0,51.0,3.0,0.0,1697.0,51.0,,,365.75,5.22
3115032,2024,actual,168.0,17.0,0.0,90.0,17.0,0.0,0.0,3.0,1.0,66.0,1.0,0.0,8.0,1406.83,33.0,16.0,16.0,46.0,92851.0,67.0,25.0,1.0,0.0,1697.0,33.0,,,226.5,3.43
3115032,2025,projected,234.0,24.0,,87.0,24.0,,,,7.0,78.0,2.0,,12.0,1428.0,55.0,22.0,22.0,74.0,111384.0,71.0,43.0,2.0,,,55.0,,,329.7,4.23
3115032,2025,actual,231.0,11.0,0.0,83.0,11.0,0.0,0.0,4.0,-22.0,81.0,5.0,0.0,18.0,1378.57,41.0,6.0,6.0,70.0,111664.0,100.0,23.0,5.0,0.0,1821.0,41.0,1.0,,307.05,3.79
3115032,2026,projected,224.0,19.0,,89.0,19.0,,,,-12.0,79.0,3.0,,14.0,1380.0,43.0,16.0,16.0,54.0,109020.0,91.0,29.0,3.0,,,43.0,,,291.4,3.69
3115032,2026,actual,174.0,8.0,0.0,75.0,8.0,0.0,0.0,3.0,-21.0,64.0,2.0,0.0,11.0,1353.58,32.0,6.0,6.0,45.0,86629.0,79.0,21.0,2.0,0.0,1521.0,32.0,,,228.0,3.56
3115032,2027,projected,194.0,11.0,,80.0,11.0,,,,-19.0,69.0,3.0,,12.0,1297.86,34.0,8.0,8.0,53.0,89552.34,83.0,22.0,3.0,,,34.0,,,245.5,3.56
3115032,2027,actual,,,,,,,,,,,,,,,,,,,,,,,,,,,,,
3149612,2023,projected,,,,,,,,,,,,,,,,,,,,,,,,,,,,,
3149612,2023,actual,14.0,0.0,0.0,24.0,0.0,0.0,0.0,0.0,4.0,26.0,0.0,0.0,0.0,698.08,2.0,0.0,0.0,15.0,18150.0,28.0,2.0,0.0,0.0,445.0,2.0,,,33.4,1.28
3149612,2024,projected,,,,,,,,,,,,,,,,,,,,,,,,,,,,,
3149612,2024,actual,19.0,0.0,0.0,45.0,0.0,0.0,0.0,0.0,3.0,42.0,0.0,0.0,1.0,833.71,5.0,0.0,0.0,30.0,35016.0,47.0,4.0,0.0,0.0,840.0,5.0,,,63.75,1.52
3149612,2025,projected,,,,,,,,,,,,,,,,,,,,,,,,,,,,,
3149612,2025,actual,42.0,0.0,0.0,55.0,0.0,0.0,0.0,1.0,12.0,53.0,0.0,0.0,2.0,1114.83,9.0,0.0,0.0,21.0,59086.0,90.0,7.0,0.0,0.0,1484.0,9.0,,,101.5,1.92
3149612,2026,projected,,,,,,,,,,,,,,,,,,,,,,,,,,,,,
3149612,2026,actual,43.0,0.0,0.0,42.0,0.0,0.0,0.0,0.0,-5.0,68.0,0.0,0.0,0.0,879.6,7.0,0.0,0.0,44.0,59813.0,90.0,7.0,0.0,0.0,1522.0,7.0,,,102.95,1.51
3149612,2027,projected,,,,,,,,,,,,,,,,,,,,,,,,,,,,,
3149612,2027,actual,,,,,,,,,,,,,,,,,,,,,,,,,,,,,
3149621,2023,projected,,,,,,,,,,,,,,,,,,,,,,,,,,,,,
3149621,2023,actual,7.0,0.0,0.0,30.0,0.0,0.0,0.0,0.0,-8.0,15.0,0.0,0.0,0.0,701.87,0.0,0.0,0.0,8.0,10528.0,20.0,0.0,0.0,0.0,273.0,0.0,,,18.75,1.25
3149621,2024,projected,,,,,,,,,,,,,,,,,,,,,,,,,,,,,
3149621,2024,actual,,,,,,,,,,,,,,,,,,,,,,,,,,,,,
3149621,2025,projected,,,,,,,,,,,,,,,,,,,,,,,,,,,,,
3149621,2025,actual,,,,,,,,,,,,,,,,,,,,,,,,,,,,,
3149621,2026,projected,,,,,,,,,,,,,,,,,,,,,,,,,,,,,
3149621,2026,actual,5.0,0.0,0.0,0.0,0.0,0.0,0.0,0.0,1.0,3.0,0.0,0.0,0.0,504.0,1.0,0.0,0.0,0.0,1512.0,1.0,1.0,0.0,0.0,37.0,1.0,,,4.75,1.58
3149621,2027,projected,,,,,,,,,,,,,,,,,,,,,,,,,,,,,
3149621,2027,actual,,,,,,,,,,,,,,,,,,,,,,,,,,,,,
3149839,2023,projected,,,,,,,,,,,,,,,,,,,,,,,,,,,,,
3149839,2023,actual,79.0,0.0,0.0,115.0,1.0,0.0,1.0,0.0,15.0,79.0,0.0,1.0,3.0,1142.35,15.0,1.0,0.0,72.0,90246.0,155.0,12.0,0.0,0.0,1824.0,15.0,,,193.75,2.45
3149839,2024,projected,64.0,0.0,0.0,99.0,1.0,0.0,1.0,1.0,12.0,64.0,0.0,1.0,2.0,1140.0,11.0,1.0,0.0,70.0,72960.0,116.0,9.0,0.0,0.0,1915.0,9.0,,,153.9,2.4
3149839,2024,actual,85.0,0.0,0.0,130.0,1.0,0.0,1.0,1.0,-15.0,80.0,0.0,1.0,7.0,1188.5,25.0,1.0,0.0,77.0,95080.0,161.0,18.0,0.0,0.0,1915.0,25.0,,,237.25,2.97
3149839,2025,projected,84.0,,,121.0,,,,,-8.0,79.0,,,6.0,1176.0,26.0,,,82.0,92904.0,157.0,20.0,,,,26.0,,,236.6,2.99
3149839,2025,actual,97.0,0.0,0.0,99.0,0.0,0.0,0.0,0.0,11.0,67.0,0.0,0.0,8.0,1312.46,21.0,0.0,0.0,40.0,87935.0,157.0,13.0,0.0,0.0,1683.0,21.0,,,203.65,3.04
3149839,2026,projected,102.0,,,131.0,,,,,13.0,76.0,,,9.0,1272.0,28.0,,,68.0,96672.0,162.0,19.0,,,,28.0,,,246.6,3.24
3149839,2026,actual,62.0,0.0,0.0,87.0,0.0,0.0,0.0,0.0,2.0,75.0,0.0,0.0,2.0,1050.35,16.0,0.0,0.0,76.0,78776.0,117.0,14.0,0.0,0.0,1575.0,16.0,,,170.7,2.28
3149839,2027,projected,,,,,,,,,,,,,,,,,,,,,,,,,,,,,
3149839,2027,actual,,,,,,,,,,,,,,,,,,,,,,,,,,,,,
3149843,2023,projected,,,,,,,,,,,,,,,,,,,,,,,,,,,,,
3149843,2023,actual,25.0,0.0,0.0,25.0,0.0,0.0,0.0,0.0,-4.0,17.0,0.0,0.0,1.0,988.88,3.0,0.0,0.0,4.0,16811.0,16.0,2.0,0.0,0.0,347.0,3.0,,,28.75,1.69
3149843,2024,projected,,,,,,,,,,,,,,,,,,,,,,,,,,,,,
3149843,2024,actual,101.0,7.0,0.0,72.0,7.0,0.0,0.0,2.0,-3.0,82.0,1.0,0.0,6.0,1146.34,33.0,6.0,6.0,21.0,94000.0,105.0,27.0,1.0,0.0,1890.0,33.0,,,206.45,2.52
3149843,2025,projected,106.0,4.0,,71.0,4.0,,,,-7.0,80.0,1.0,,5.0,1140.0,28.0,3.0,3.0,26.0,91200.0,99.0,23.0,1.0,,,28.0,,,187.6,2.34
3149843,2025,actual,108.0,9.0,0.0,38.0,9.0,0.0,0.0,0.0,9.0,73.0,2.0,0.0,6.0,1038.04,37.0,7.0,7.0,14.0,75777.0,68.0,31.0,2.0,0.0,1489.0,37.0,,,194.3,2.66
3149843,2026,projected,118.0,10.0,,58.0,10.0,,,,11.0,79.0,3.0,,7.0,1068.0,41.0,7.0,7.0,20.0,84372.0,81.0,34.0,3.0,,,41.0,,,222.3,2.81
3149843,2026,actual,212.0,26.0,0.0,67.0,26.0,0.0,0.0,6.0,21.0,73.0,10.0,0.0,22.0,1361.51,70.0,16.0,16.0,72.0,99390.0,69.0,48.0,10.0,0.0,1682.0,70.0,1.0,,389.2,5.33
3149843,2027,projected,183.0,23.0,,65.0,23.0,,,,17.0,76.0,8.0,,19.0,1316.61,63.0,15.0,15.0,50.0,100062.36,78.0,44.0,8.0,,,63.0,,,339.75,4.47
3149843,2027,actual,,,,,,,,,,,,,,,,,,,,,,,,,,,,,
3151136,2023,projected,,,,,,,,,,,,,,,,,,,,,,,,,,,,,
3151136,2023,actual,140.0,2.0,0.0,47.0,2.0,0.0,0.0,2.0,10.0,63.0,0.0,0.0,9.0,1183.11,18.0,2.0,2.0,45.0,74536.0,121.0,9.0,0.0,0.0,1601.0,18.0,,,188.7,3.0
3151136,2024,projected,173.0,6.0,0.0,60.0,6.0,0.0,1.0,3.0,12.0,74.0,2.0,1.0,11.0,1206.0,33.0,4.0,4.0,54.0,89244.0,148.0,22.0,2.0,0.0,1570.0,22.0,,,257.25,3.48
3151136,2024,actual,108.0,4.0,0.0,37.0,5.0,0.0,1.0,3.0,-2.0,63.0,1.0,1.0,12.0,1186.16,21.0,4.0,3.0,44.0,74728.0,151.0,9.0,1.0,0.0,1570.0,21.0,,,209.7,3.33
3151136,2025,projected,126.0,4.0,,51.0,4.0,,,,-3.0,65.0,1.0,,9.0,1182.0,18.0,3.0,3.0,46.0,76830.0,139.0,9.0,1.0,,,18.0,,,194.6,2.99
3151136,2025,actual,164.0,8.0,0.0,56.0,9.0,0.0,1.0,1.0,4.0,65.0,0.0,1.0,7.0,1366.28,40.0,9.0,8.0,42.0,88808.0,145.0,33.0,0.0,0.0,1697.0,40.0,,,273.1,4.2
3151136,2026,projected,146.0,5.0,,49.0,5.0,,,,-6.0,66.0,,,10.0,1368.0,35.0,5.0,5.0,44.0,90288.0,156.0,25.0,,,,35.0,,,258.9,3.92
3151136,2026,actual,96.0,2.0,2.0,15.0,4.0,0.0,0.0,1.0,-17.0,53.0,1.0,2.0,8.0,1125.04,20.0,1.0,1.0,10.0,59627.0,90.0,12.0,3.0,0.0,1253.0,20.0,,,150.0,2.83
3151136,2027,projected,,,,,,,,,,,,,,,,,,,,,,,,,,,,,
3151136,2027,actual,,,,,,,,,,,,,,,,,,,,,,,,,,,,,
3151784,2023,projected,155.0,3.0,0.0,41.0,7.0,0.0,1.0,3.0,27.0,70.0,1.0,1.0,9.0,1308.0,40.0,6.0,2.0,22.0,91560.0,93.0,31.0,1.0,0.0,229.0,41.0,,,236.35,3.38
3151784,2023,actual,209.0,5.0,0.0,69.0,7.0,0.0,2.0,3.0,19.0,82.0,1.0,2.0,13.0,1406.15,41.0,6.0,4.0,40.0,115304.0,106.0,28.0,1.0,0.0,2327.0,41.0,,,276.15,3.37
3151784,2024,projected,182.0,5.0,0.0,61.0,7.0,0.0,2.0,1.0,27.0,81.0,1.0,2.0,12.0,1386.0,39.0,6.0,4.0,30.0,112266.0,94.0,27.0,1.0,0.0,2130.0,27.0,,,236.6,2.92
3151784,2024,actual,160.0,2.0,0.0,101.0,2.0,0.0,0.0,1.0,56.0,79.0,1.0,0.0,10.0,1328.52,39.0,1.0,1.0,43.0,104953.0,102.0,29.0,1.0,0.0,2130.0,39.0,,,252.1,3.19
3151784,2025,projected,163.0,3.0,,98.0,3.0,,,,42.0,80.0,1.0,,11.0,1320.0,39.0,2.0,2.0,40.0,105600.0,104.0,28.0,1.0,,,39.0,,,252.55,3.16
3151784,2025,actual,195.0,1.0,1.0,83.0,3.0,0.0,1.0,1.0,33.0,80.0,0.0,2.0,11.0,1376.86,31.0,2.0,1.0,16.0,110149.0,89.0,20.0,1.0,0.0,2254.0,31.0,,,218.05,2.73
3151784,2026,projected,190.0,1.0,1.0,97.0,3.0,,1.0,,37.0,81.0,1.0,2.0,12.0,1362.0,38.0,1.0,,32.0,110322.0,105.0,26.0,2.0,,,38.0,,,255.7,3.16
3151784,2026,actual,112.0,2.0,0.0,52.0,2.0,0.0,0.0,1.0,-5.0,80.0,0.0,0.0,2.0,1357.72,28.0,2.0,2.0,51.0,108618.0,98.0,26.0,0.0,0.0,2146.0,28.0,,,195.7,2.45
3151784,2027,projected,139.0,2.0,,65.0,2.0,,,,7.0,84.0,,,5.0,1328.46,32.0,2.0,2.0,44.0,111590.64,100.0,27.0,,,,32.0,,,215.25,2.56
3151784,2027,actual,,,,,,,,,,,,,,,,,,,,,,,,,,,,,
3571762,2023,projected,,,,,,,,,,,,,,,,,,,,,,,,,,,,,
3571762,2023,actual,52.0,1.0,0.0,18.0,1.0,0.0,0.0,0.0,1.0,31.0,0.0,0.0,3.0,959.65,8.0,1.0,1.0,6.0,29749.0,34.0,5.0,0.0,0.0,636.0,8.0,,,62.3,2.01
3571762,2024,projected,,,,,,,,,,,,,,,,,,,,,,,,,,,,,
3571762,2024,actual,67.0,1.0,0.0,13.0,1.0,0.0,0.0,0.0,12.0,41.0,0.0,0.0,2.0,975.46,10.0,1.0,1.0,17.0,39994.0,54.0,8.0,0.0,0.0,798.0,10.0,,,86.05,2.1
3571762,2025,projected,,,,,,,,,,,,,,,,,,,,,,,,,,,,,
3571762,2025,actual,11.0,0.0,0.0,10.0,0.0,0.0,0.0,0.0,0.0,11.0,0.0,0.0,0.0,794.0,2.0,0.0,0.0,0.0,8734.0,19.0,2.0,0.0,0.0,178.0,2.0,,,19.25,1.75
3571762,2026,projected,,,,,,,,,,,,,,,,,,,,,,,,,,,,,
3571762,2026,actual,71.0,0.0,0.0,28.0,0.0,0.0,0.0,1.0,2.0,55.0,0.0,0.0,6.0,875.18,15.0,0.0,0.0,19.0,48135.0,55.0,9.0,0.0,0.0,1038.0,15.0,,,109.55,1.99
3571762,2027,projected,,,,,,,,,,,,,,,,,,,,,,,,,,,,,
3571762,2027,actual,,,,,,,,,,,,,,,,,,,,,,,,,,,,,
3652964,2023,projected,176.0,8.0,0.0,84.0,8.0,0.0,1.0,0.0,14.0,80.0,1.0,1.0,8.0,1266.0,41.0,7.0,7.0,22.0,101280.0,85.0,33.0,1.0,0.0,194.0,33.0,,,234.4,2.93
3652964,2023,actual,176.0,8.0,0.0,76.0,9.0,0.0,1.0,0.0,1.0,81.0,1.0,1.0,7.0,1358.51,38.0,8.0,7.0,33.0,110039.0,129.0,31.0,1.0,0.0,2614.0,38.0,,,259.1,3.2
3652964,2024,projected,188.0,12.0,0.0,73.0,13.0,0.0,1.0,2.0,16.0,81.0,1.0,1.0,10.0,1338.0,49.0,12.0,11.0,26.0,108378.0,120.0,39.0,1.0,0.0,2437.0,39.0,,,283.8,3.5
3652964,2024,actual,164.0,13.0,0.0,52.0,15.0,0.0,2.0,2.0,19.0,80.0,5.0,2.0,13.0,1416.84,47.0,10.0,8.0,24.0,113347.0,121.0,34.0,5.0,0.0,2437.0,47.0,,,285.7,3.57
3652964,2025,projected,159.0,10.0,,62.0,10.0,,,,19.0,81.0,3.0,,11.0,1392.0,43.0,7.0,7.0,28.0,112752.0,122.0,32.0,3.0,,,43.0,,,267.45,3.3
3652964,2025,actual,145.0,10.0,0.0,42.0,10.0,0.0,0.0,2.0,8.0,80.0,2.0,0.0,10.0,1293.15,39.0,8.0,8.0,14.0,103452.0,106.0,29.0,2.0,0.0,2035.0,39.0,,,235.45,2.94
3652964,2026,projected,161.0,9.0,,58.0,9.0,,,,15.0,81.0,3.0,,11.0,1308.0,43.0,6.0,6.0,18.0,105948.0,112.0,32.0,3.0,,,43.0,,,257.05,3.17
3652964,2026,actual,135.0,7.0,0.0,36.0,7.0,0.0,0.0,0.0,0.0,71.0,0.0,0.0,3.0,1356.07,28.0,7.0,7.0,14.0,96281.0,116.0,25.0,0.0,0.0,2009.0,28.0,,,192.85,2.72
3652964,2027,projected,162.0,9.0,,45.0,9.0,,,,3.0,84.0,1.0,,6.0,1400.63,35.0,8.0,8.0,17.0,117652.92,139.0,29.0,1.0,,,35.0,,,239.0,2.85
3652964,2027,actual,,,,,,,,,,,,,,,,,,,,,,,,,,,,,
3891922,2023,projected,73.0,2.0,0.0,49.0,2.0,0.0,0.0,2.0,-5.0,56.0,0.0,0.0,3.0,906.0,16.0,2.0,2.0,14.0,50736.0,63.0,13.0,0.0,0.0,365.0,13.0,1.0,,115.65,2.07
3891922,2023,actual,122.0,14.0,0.0,52.0,14.0,0.0,0.0,2.0,9.0,70.0,0.0,0.0,7.0,1186.37,42.0,14.0,14.0,23.0,83046.0,63.0,35.0,0.0,0.0,1599.0,42.0,1.0,,223.7,3.2
3891922,2024,projected,,,,,,,,,,,,,,,,,,,,,,,,,,,,,
3891922,2024,actual,93.0,9.0,0.0,56.0,9.0,0.0,0.0,1.0,3.0,76.0,0.0,0.0,6.0,1043.51,31.0,9.0,9.0,35.0,79307.0,66.0,25.0,0.0,0.0,1577.0,31.0,,,183.85,2.42
3891922,2025,projected,,,,,,,,,,,,,,,,,,,,,,,,,,,,,
3891922,2025,actual,60.0,9.0,0.0,26.0,9.0,0.0,0.0,0.0,-18.0,56.0,1.0,0.0,2.0,972.55,18.0,8.0,8.0,18.0,54463.0,41.0,16.0,1.0,0.0,1127.0,18.0,,,108.1,1.93
3891922,2026,projected,,,,,,,,,,,,,,,,,,,,,,,,,,,,,
3891922,2026,actual,3.0,0.0,0.0,2.0,0.0,0.0,0.0,0.0,-2.0,2.0,0.0,0.0,0.0,1124.5,0.0,0.0,0.0,2.0,2249.0,1.0,0.0,0.0,0.0,45.0,0.0,,,2.45,1.23
3891922,2027,projected,,,,,,,,,,,,,,,,,,,,,,,,,,,,,
3891922,2027,actual,,,,,,,,,,,,,,,,,,,,,,,,,,,,,
3899939,2023,projected,175.0,8.0,0.0,79.0,9.0,0.0,1.0,1.0,-18.0,80.0,1.0,1.0,10.0,1500.0,34.0,8.0,7.0,32.0,120000.0,168.0,24.0,1.0,0.0,82.0,24.0,,,260.15,3.25
3899939,2023,actual,115.0,2.0,0.0,97.0,4.0,0.0,2.0,1.0,-17.0,82.0,0.0,2.0,6.0,1381.37,27.0,4.0,2.0,24.0,113272.0,162.0,21.0,0.0,0.0,2350.0,27.0,,,222.45,2.71
3899939,2024,projected,116.0,3.0,0.0,85.0,4.0,0.0,1.0,0.0,-24.0,80.0,1.0,1.0,6.0,1380.0,25.0,3.0,2.0,28.0,110400.0,160.0,19.0,1.0,0.0,1969.0,19.0,,,209.5,2.62
3899939,2024,actual,107.0,7.0,0.0,63.0,7.0,0.0,0.0,0.0,-11.0,82.0,0.0,0.0,5.0,1329.74,32.0,7.0,7.0,20.0,109039.0,155.0,27.0,0.0,0.0,1969.0,32.0,,,225.05,2.74
3899939,2025,projected,112.0,3.0,,78.0,3.0,,,,-21.0,82.0,,,5.0,1356.0,25.0,3.0,3.0,26.0,111192.0,159.0,20.0,,,,25.0,,,209.8,2.56
3899939,2025,actual,100.0,3.0,1.0,28.0,6.0,0.0,2.0,0.0,11.0,82.0,1.0,3.0,7.0,1401.23,33.0,4.0,2.0,31.0,114901.0,127.0,26.0,2.0,0.0,2021.0,33.0,,,218.8,2.67
3899939,2026,projected,113.0,4.0,1.0,43.0,6.0,,1.0,,-13.0,82.0,1.0,2.0,6.0,1386.0,31.0,4.0,3.0,28.0,113652.0,158.0,25.0,2.0,,,31.0,,,230.05,2.81
3899939,2026,actual,158.0,5.0,0.0,28.0,5.0,0.0,0.0,0.0,14.0,82.0,1.0,0.0,9.0,1488.87,31.0,4.0,4.0,32.0,122087.0,134.0,22.0,1.0,0.0,2124.0,31.0,,,230.3,2.81
3899939,2027,projected,148.0,5.0,,33.0,5.0,,,,12.0,84.0,1.0,,9.0,1437.81,34.0,4.0,4.0,33.0,120776.04,135.0,25.0,1.0,,,34.0,,,238.3,2.84
3899939,2027,actual,,,,,,,,,,,,,,,,,,,,,,,,,,,,,
3899972,2023,projected,220.0,18.0,0.0,32.0,19.0,0.0,1.0,0.0,-6.0,72.0,4.0,1.0,12.0,1506.0,46.0,15.0,14.0,18.0,108432.0,98.0,34.0,4.0,0.0,119.0,34.0,,,266.2,3.7
3899972,2023,actual,41.0,2.0,0.0,5.0,2.0,0.0,0.0,0.0,-6.0,13.0,0.0,0.0,3.0,1415.77,8.0,2.0,2.0,0.0,18405.0,24.0,5.0,0.0,0.0,332.0,8.0,,,50.75,3.9
3899972,2024,projected,242.0,18.0,0.0,44.0,20.0,0.0,2.0,0.0,-8.0,77.0,5.0,2.0,16.0,1416.0,58.0,15.0,13.0,22.0,109032.0,101.0,42.0,5.0,0.0,1748.0,42.0,,,313.9,4.08
3899972,2024,actual,202.0,12.0,0.0,20.0,12.0,0.0,0.0,0.0,0.0,70.0,2.0,0.0,11.0,1467.09,57.0,10.0,10.0,22.0,102696.0,130.0,46.0,2.0,0.0,1748.0,57.0,,,317.5,4.54
3899972,2025,projected,199.0,12.0,,35.0,12.0,,,,-12.0,72.0,3.0,,10.0,1458.0,51.0,9.0,9.0,20.0,104976.0,121.0,41.0,3.0,,,51.0,,,294.25,4.09
3899972,2025,actual,298.0,25.0,1.0,19.0,28.0,0.0,2.0,5.0,12.0,81.0,5.0,3.0,23.0,1604.72,82.0,22.0,20.0,31.0,129982.0,131.0,59.0,6.0,0.0,2080.0,82.0,,,450.4,5.56
3899972,2026,projected,233.0,21.0,1.0,21.0,23.0,,1.0,,9.0,77.0,4.0,2.0,13.0,1548.0,62.0,18.0,17.0,26.0,119196.0,133.0,49.0,5.0,,,62.0,,,354.35,4.6
3899972,2026,actual,260.0,21.0,0.0,30.0,22.0,0.0,1.0,2.0,7.0,75.0,4.0,1.0,22.0,1596.85,81.0,18.0,17.0,18.0,119764.0,94.0,59.0,4.0,0.0,1951.0,81.0,,,404.5,5.39
3899972,2027,projected,258.0,21.0,,30.0,21.0,,,,7.0,77.0,4.0,,22.0,1638.75,83.0,17.0,17.0,22.0,126183.75,112.0,61.0,4.0,,,83.0,,,418.0,5.43
3899972,2027,actual,,,,,,,,,,,,,,,,,,,,,,,,,,,,,
3900219,2023,projected,201.0,18.0,0.0,105.0,20.0,0.0,2.0,0.0,4.0,72.0,2.0,2.0,9.0,1572.0,48.0,18.0,16.0,44.0,113184.0,114.0,39.0,2.0,0.0,79.0,39.0,,,295.75,4.11
3900219,2023,actual,165.0,20.0,0.0,79.0,20.0,0.0,0.0,0.0,-11.0,68.0,5.0,0.0,11.0,1498.34,41.0,15.0,15.0,52.0,101887.0,123.0,30.0,5.0,0.0,1806.0,41.0,,,283.15,4.16
3900219,2024,projected,168.0,16.0,0.0,74.0,16.0,0.0,0.0,0.0,-7.0,65.0,3.0,0.0,9.0,1506.0,39.0,13.0,13.0,38.0,97890.0,109.0,30.0,3.0,0.0,1325.0,30.0,,,249.4,3.84
3900219,2024,actual,118.0,7.0,0.0,40.0,7.0,0.0,0.0,0.0,-3.0,51.0,1.0,0.0,9.0,1382.71,30.0,6.0,6.0,22.0,70518.0,88.0,21.0,1.0,0.0,1325.0,30.0,,,191.5,3.75
3900219,2025,projected,135.0,9.0,,71.0,9.0,,,,-7.0,62.0,2.0,,8.0,1464.0,33.0,7.0,7.0,28.0,90768.0,98.0,25.0,2.0,,,33.0,,,216.35,3.49
3900219,2025,actual,179.0,8.0,0.0,58.0,8.0,0.0,0.0,1.0,17.0,80.0,1.0,0.0,9.0,1381.45,45.0,7.0,7.0,24.0,110516.0,145.0,36.0,1.0,0.0,2248.0,45.0,,,284.55,3.56
3900219,2026,projected,129.0,7.0,,66.0,7.0,,,,8.0,73.0,1.0,,8.0,1380.0,39.0,6.0,6.0,28.0,100740.0,130.0,31.0,1.0,,,39.0,,,246.85,3.38
3900219,2026,actual,99.0,7.0,1.0,36.0,9.0,0.0,1.0,0.0,6.0,57.0,2.0,2.0,7.0,1354.74,31.0,6.0,5.0,22.0,77220.0,112.0,24.0,3.0,0.0,1556.0,31.0,,,202.85,3.56
3900219,2027,projected,157.0,12.0,1.0,59.0,14.0,,1.0,,8.0,84.0,3.0,2.0,10.0,1469.55,45.0,10.0,9.0,35.0,123442.2,173.0,35.0,4.0,,,45.0,,,304.65,3.63
3900219,2027,actual,,,,,,,,,,,,,,,,,,,,,,,,,,,,,
3900504,2023,projected,,,,,,,,,,,,,,,,,,,,,,,,,,,,,
3900504,2023,actual,5.0,0.0,0.0,43.0,0.0,0.0,0.0,0.0,1.0,12.0,0.0,0.0,0.0,897.92,0.0,0.0,0.0,6.0,10775.0,16.0,0.0,0.0,0.0,276.0,0.0,,,16.55,1.38
3900504,2024,projected,,,,,,,,,,,,,,,,,,,,,,,,,,,,,
3900504,2024,actual,30.0,0.0,0.0,151.0,0.0,0.0,0.0,0.0,-1.0,54.0,0.0,0.0,1.0,893.67,7.0,0.0,0.0,22.0,48258.0,85.0,6.0,0.0,0.0,1208.0,7.0,,,98.1,1.82
3900504,2025,projected,,,,,,,,,,,,,,,,,,,,,,,,,,,,,
3900504,2025,actual,26.0,0.0,0.0,101.0,0.0,0.0,0.0,0.0,-12.0,35.0,0.0,0.0,0.0,977.43,0.0,0.0,0.0,21.0,34210.0,60.0,0.0,0.0,0.0,861.0,0.0,,,57.1,1.63
3900504,2026,projected,,,,,,,,,,,,,,,,,,,,,,,,,,,,,
3900504,2026,actual,26.0,0.0,0.0,104.0,0.0,0.0,0.0,0.0,3.0,52.0,0.0,0.0,1.0,828.98,10.0,0.0,0.0,15.0,43107.0,45.0,9.0,0.0,0.0,1070.0,10.0,,,77.9,1.5
3900504,2027,projected,,,,,,,,,,,,,,,,,,,,,,,,,,,,,
3900504,2027,actual,,,,,,,,,,,,,,,,,,,,,,,,,,,,,
3904175,2023,projected,,,,,,,,,,,,,,,,,,,,,,,,,,,,,
3904175,2023,actual,94.0,0.0,0.0,128.0,2.0,0.0,2.0,0.0,44.0,75.0,0.0,2.0,3.0,1129.84,16.0,2.0,0.0,38.0,84738.0,116.0,13.0,0.0,0.0,1838.0,16.0,,,166.3,2.22
3904175,2024,projected,85.0,0.0,0.0,109.0,1.0,0.0,1.0,1.0,23.0,69.0,0.0,1.0,2.0,1146.0,9.0,1.0,0.0,34.0,79074.0,91.0,7.0,0.0,0.0,2042.0,7.0,,,123.65,1.79
3904175,2024,actual,79.0,0.0,0.0,116.0,0.0,0.0,0.0,1.0,23.0,76.0,0.0,0.0,4.0,1194.22,14.0,0.0,0.0,42.0,90761.0,140.0,10.0,0.0,0.0,2042.0,14.0,,,169.35,2.23
3904175,2025,projected,118.0,,,137.0,,,,,34.0,77.0,,,5.0,1200.0,17.0,,,48.0,92400.0,125.0,12.0,,,,17.0,,,185.7,2.41
3904175,2025,actual,77.0,0.0,0.0,90.0,0.0,0.0,0.0,0.0,6.0,83.0,0.0,0.0,1.0,1134.0,12.0,0.0,0.0,37.0,94122.0,157.0,11.0,0.0,0.0,2112.0,12.0,,,162.25,1.95
3904175,2026,projected,85.0,,,121.0,,,,,9.0,78.0,,,2.0,1158.0,14.0,,,40.0,90324.0,138.0,12.0,,,,14.0,,,166.35,2.13
3904175,2026,actual,66.0,0.0,0.0,65.0,1.0,0.0,1.0,0.0,4.0,55.0,0.0,1.0,0.0,1161.93,7.0,1.0,0.0,37.0,63906.0,98.0,7.0,0.0,0.0,1518.0,7.0,,,112.5,2.05
3904175,2027,projected,,,,,,,,,,,,,,,,,,,,,,,,,,,,,
3904175,2027,actual,,,,,,,,,,,,,,,,,,,,,,,,,,,,,
3904178,2023,projected,107.0,0.0,1.0,203.0,2.0,1.0,1.0,0.0,10.0,68.0,0.0,2.0,5.0,1158.0,20.0,1.0,0.0,60.0,78744.0,91.0,15.0,1.0,0.0,287.0,15.0,,,185.55,2.73
3904178,2023,actual,87.0,0.0,1.0,209.0,2.0,1.0,1.0,0.0,9.0,70.0,0.0,2.0,2.0,1154.24,16.0,1.0,0.0,53.0,80797.0,100.0,14.0,1.0,0.0,1706.0,16.0,,,172.15,2.46
3904178,2024,projected,,,,,,,,,,,,,,,,,,,,,,,,,,,,,
3904178,2024,actual,53.0,0.0,0.0,189.0,0.0,0.0,0.0,0.0,5.0,69.0,0.0,0.0,2.0,1151.16,13.0,0.0,0.0,63.0,79430.0,109.0,11.0,0.0,0.0,1667.0,13.0,,,159.15,2.31
3904178,2025,projected,,,,,,,,,,,,,,,,,,,,,,,,,,,,,
3904178,2025,actual,64.0,0.0,0.0,156.0,2.0,0.0,2.0,0.0,29.0,76.0,0.0,2.0,3.0,1095.63,21.0,2.0,0.0,50.0,83268.0,99.0,18.0,0.0,0.0,1860.0,21.0,,,174.1,2.29
3904178,2026,projected,,,,,,,,,,,,,,,,,,,,,,,,,,,,,
3904178,2026,actual,53.0,0.0,0.0,112.0,1.0,0.0,1.0,1.0,3.0,61.0,0.0,1.0,3.0,1056.93,11.0,1.0,0.0,74.0,64473.0,99.0,8.0,0.0,0.0,1469.0,11.0,,,148.95,2.44
3904178,2027,projected,,,,,,,,,,,,,,,,,,,,,,,,,,,,,
3904178,2027,actual,,,,,,,,,,,,,,,,,,,,,,,,,,,,,
3904185,2023,projected,,,,,,,,,,,,,,,,,,,,,,,,,,,,,
3904185,2023,actual,77.0,0.0,0.0,250.0,1.0,0.0,1.0,0.0,-11.0,67.0,0.0,1.0,3.0,1010.51,12.0,1.0,0.0,66.0,67704.0,75.0,9.0,0.0,0.0,1434.0,12.0,,,154.75,2.31
3904185,2024,projected,,,,,,,,,,,,,,,,,,,,,,,,,,,,,
3904185,2024,actual,103.0,0.0,0.0,359.0,0.0,0.0,0.0,0.0,-3.0,79.0,0.0,0.0,6.0,1116.81,14.0,0.0,0.0,98.0,88228.0,111.0,8.0,0.0,0.0,1932.0,14.0,,,214.15,2.71
3904185,2025,projected,,,,,,,,,,,,,,,,,,,,,,,,,,,,,
3904185,2025,actual,25.0,0.0,0.0,125.0,0.0,0.0,0.0,0.0,-4.0,28.0,0.0,0.0,0.0,1078.29,1.0,0.0,0.0,37.0,30192.0,34.0,1.0,0.0,0.0,711.0,1.0,,,57.25,2.04
3904185,2026,projected,,,,,,,,,,,,,,,,,,,,,,,,,,,,,
3904185,2026,actual,73.0,0.0,0.0,251.0,0.0,0.0,0.0,0.0,-3.0,68.0,0.0,0.0,1.0,1030.85,13.0,0.0,0.0,89.0,70098.0,97.0,12.0,0.0,0.0,1592.0,13.0,,,176.35,2.59
3904185,2027,projected,,,,,,,,,,,,,,,,,,,,,,,,,,,,,
3904185,2027,actual,,,,,,,,,,,,,,,,,,,,,,,,,,,,,
3904186,2023,projected,161.0,21.0,1.0,66.0,24.0,0.0,1.0,4.0,18.0,82.0,2.0,1.0,6.0,1386.0,54.0,22.0,19.0,38.0,113652.0,133.0,48.0,2.0,0.0,65.0,48.0,,,312.85,3.82
3904186,2023,actual,159.0,22.0,1.0,50.0,24.0,0.0,1.0,4.0,4.0,79.0,1.0,2.0,11.0,1445.22,50.0,22.0,21.0,26.0,114172.0,136.0,39.0,2.0,0.0,2605.0,50.0,,,305.25,3.86
3904186,2024,projected,163.0,21.0,1.0,60.0,22.0,0.0,1.0,3.0,14.0,81.0,2.0,1.0,9.0,1440.0,53.0,20.0,19.0,28.0,116640.0,137.0,44.0,2.0,0.0,2409.0,44.0,,,305.75,3.77
3904186,2024,actual,159.0,8.0,1.0,34.0,9.0,0.0,0.0,3.0,-11.0,78.0,0.0,1.0,9.0,1429.58,39.0,8.0,8.0,47.0,111507.0,186.0,30.0,1.0,0.0,2409.0,39.0,,,294.65,3.78
3904186,2025,projected,154.0,18.0,,52.0,18.0,,,,-8.0,79.0,1.0,,9.0,1434.0,50.0,17.0,17.0,32.0,113286.0,154.0,41.0,1.0,,,50.0,,,305.2,3.86
3904186,2025,actual,163.0,9.0,0.0,36.0,9.0,0.0,0.0,1.0,-38.0,81.0,3.0,0.0,11.0,1439.11,31.0,6.0,6.0,60.0,116568.0,196.0,20.0,3.0,0.0,2658.0,31.0,,,283.35,3.5
3904186,2026,projected,158.0,13.0,,39.0,13.0,,,,-29.0,79.0,2.0,,10.0,1440.0,39.0,11.0,11.0,52.0,113760.0,181.0,29.0,2.0,,,39.0,,,294.4,3.73
3904186,2026,actual,178.0,13.0,1.0,37.0,14.0,0.0,0.0,0.0,4.0,81.0,6.0,1.0,17.0,1392.1,47.0,7.0,7.0,71.0,112760.0,149.0,30.0,7.0,0.0,2638.0,47.0,,,327.7,4.05
3904186,2027,projected,171.0,12.0,1.0,38.0,14.0,,1.0,,-4.0,83.0,5.0,2.0,16.0,1431.43,45.0,8.0,7.0,71.0,118808.69,165.0,29.0,6.0,,,45.0,,,327.05,3.94
3904186,2027,actual,,,,,,,,,,,,,,,,,,,,,,,,,,,,,
3904189,2023,projected,133.0,11.0,0.0,63.0,11.0,0.0,0.0,2.0,-15.0,75.0,3.0,0.0,9.0,1230.0,36.0,8.0,8.0,55.0,92250.0,77.0,27.0,3.0,0.0,228.0,27.0,,,222.55,2.97
3904189,2023,actual,149.0,15.0,0.0,115.0,15.0,0.0,0.0,2.0,28.0,81.0,0.0,0.0,14.0,1420.16,64.0,15.0,15.0,55.0,115033.0,80.0,50.0,0.0,0.0,2177.0,64.0,,,331.75,4.1
3904189,2024,projected,144.0,15.0,0.0,109.0,15.0,0.0,1.0,0.0,20.0,78.0,2.0,1.0,13.0,1404.0,58.0,13.0,13.0,59.0,109512.0,81.0,45.0,2.0,0.0,1539.0,45.0,,,300.4,3.85
3904189,2024,actual,120.0,16.0,0.0,34.0,17.0,0.0,1.0,0.0,8.0,59.0,4.0,1.0,11.0,1385.22,46.0,13.0,12.0,78.0,81728.0,64.0,35.0,4.0,0.0,1539.0,46.0,,,264.4,4.48
3904189,2025,projected,151.0,22.0,,112.0,22.0,,,,21.0,76.0,5.0,,14.0,1398.0,53.0,17.0,17.0,70.0,106248.0,79.0,39.0,5.0,,,53.0,,,309.95,4.08
3904189,2025,actual,137.0,12.0,0.0,29.0,12.0,0.0,0.0,3.0,-3.0,62.0,2.0,0.0,11.0,1324.74,39.0,10.0,10.0,33.0,82134.0,79.0,28.0,2.0,0.0,1398.0,39.0,,,231.15,3.73
3904189,2026,projected,141.0,16.0,,51.0,16.0,,,,5.0,64.0,3.0,,12.0,1356.0,43.0,13.0,13.0,54.0,86784.0,68.0,31.0,3.0,,,43.0,,,251.85,3.94
3904189,2026,actual,179.0,21.0,0.0,27.0,21.0,0.0,0.0,3.0,-24.0,81.0,2.0,0.0,11.0,1299.74,44.0,19.0,19.0,54.0,105279.0,86.0,33.0,2.0,0.0,1943.0,44.0,,,274.95,3.39
3904189,2027,projected,171.0,19.0,,28.0,19.0,,,,-16.0,78.0,2.0,,11.0,1281.28,45.0,17.0,17.0,55.0,99939.84,85.0,34.0,2.0,,,45.0,,,272.05,3.49
3904189,2027,actual,,,,,,,,,,,,,,,,,,,,,,,,,,,,,
3904190,2023,projected,,,,,,,,,,,,,,,,,,,,,,,,,,,,,
3904190,2023,actual,84.0,1.0,0.0,101.0,1.0,0.0,0.0,1.0,27.0,80.0,1.0,0.0,4.0,1209.24,21.0,0.0,0.0,44.0,96739.0,151.0,17.0,1.0,0.0,1979.0,21.0,,,197.6,2.47
3904190,2024,projected,87.0,0.0,0.0,100.0,0.0,0.0,0.0,0.0,22.0,76.0,0.0,0.0,2.0,1218.0,17.0,0.0,0.0,42.0,92568.0,130.0,15.0,0.0,0.0,1418.0,15.0,,,168.75,2.22
3904190,2024,actual,63.0,0.0,0.0,73.0,0.0,0.0,0.0,0.0,-7.0,57.0,0.0,0.0,1.0,1160.32,9.0,0.0,0.0,20.0,66138.0,97.0,8.0,0.0,0.0,1418.0,9.0,,,109.55,1.92
3904190,2025,projected,49.0,,,109.0,,,,,-12.0,74.0,,,2.0,1164.0,16.0,,,46.0,86136.0,122.0,14.0,,,,16.0,,,157.15,2.12
3904190,2025,actual,52.0,0.0,0.0,74.0,0.0,0.0,0.0,0.0,9.0,55.0,0.0,0.0,2.0,1176.09,9.0,0.0,0.0,44.0,64685.0,92.0,7.0,0.0,0.0,1312.0,9.0,,,117.4,2.13
3904190,2026,projected,,,,,,,,,,,,,,,,,,,,,,,,,,,,,
3904190,2026,actual,60.0,0.0,0.0,92.0,2.0,0.0,2.0,0.0,-9.0,82.0,0.0,2.0,0.0,1168.68,16.0,2.0,0.0,48.0,95832.0,135.0,16.0,0.0,0.0,1937.0,16.0,,,165.7,2.02
3904190,2027,projected,,,,,,,,,,,,,,,,,,,,,,,,,,,,,
3904190,2027,actual,,,,,,,,,,,,,,,,,,,,,,,,,,,,,
3939716,2023,projected,,,,,,,,,,,,,,,,,,,,,,,,,,,,,
3939716,2023,actual,14.0,0.0,0.0,12.0,0.0,0.0,0.0,1.0,1.0,14.0,0.0,0.0,2.0,739.57,2.0,0.0,0.0,6.0,10354.0,6.0,0.0,0.0,0.0,250.0,2.0,,,19.7,1.41
3939716,2024,projected,,,,,,,,,,,,,,,,,,,,,,,,,,,,,
3939716,2024,actual,,,,,,,,,,,,,,,,,,,,,,,,,,,,,
3939716,2025,projected,,,,,,,,,,,,,,,,,,,,,,,,,,,,,
3939716,2025,actual,0.0,0.0,0.0,1.0,0.0,0.0,0.0,0.0,-2.0,1.0,0.0,0.0,0.0,683.0,0.0,0.0,0.0,4.0,683.0,0.0,0.0,0.0,0.0,20.0,0.0,,,2.1,2.1
3939716,2026,projected,,,,,,,,,,,,,,,,,,,,,,,,,,,,,
3939716,2026,actual,18.0,0.0,0.0,12.0,0.0,0.0,0.0,0.0,1.0,33.0,0.0,0.0,2.0,728.0,5.0,0.0,0.0,8.0,24024.0,27.0,3.0,0.0,0.0,540.0,5.0,,,40.2,1.22
3939716,2027,projected,,,,,,,,,,,,,,,,,,,,,,,,,,,,,
3939716,2027,actual,,,,,,,,,,,,,,,,,,,,,,,,,,,,,
3941125,2023,projected,,,,,,,,,,,,,,,,,,,,,,,,,,,,,
3941125,2023,actual,30.0,0.0,0.0,34.0,0.0,0.0,0.0,0.0,-18.0,46.0,0.0,0.0,0.0,871.74,6.0,0.0,0.0,8.0,40100.0,37.0,6.0,0.0,0.0,880.0,6.0,,,51.4,1.12
3941125,2024,projected,,,,,,,,,,,,,,,,,,,,,,,,,,,,,
3941125,2024,actual,,,,,,,,,,,,,,,,,,,,,,,,,,,,,
3941125,2025,projected,,,,,,,,,,,,,,,,,,,,,,,,,,,,,
3941125,2025,actual,,,,,,,,,,,,,,,,,,,,,,,,,,,,,
3941125,2026,projected,,,,,,,,,,,,,,,,,,,,,,,,,,,,,
3941125,2026,actual,14.0,0.0,0.0,23.0,0.0,0.0,0.0,0.0,2.0,23.0,0.0,0.0,0.0,735.35,4.0,0.0,0.0,2.0,16913.0,16.0,4.0,0.0,0.0,391.0,4.0,,,26.8,1.17
3941125,2027,projected,,,,,,,,,,,,,,,,,,,,,,,,,,,,,
3941125,2027,actual,,,,,,,,,,,,,,,,,,,,,,,,,,,,,
3941140,2023,projected,,,,,,,,,,,,,,,,,,,,,,,,,,,,,
3941140,2023,actual,21.0,0.0,0.0,31.0,0.0,0.0,0.0,0.0,0.0,11.0,0.0,0.0,1.0,692.55,3.0,0.0,0.0,4.0,7618.0,6.0,2.0,0.0,0.0,173.0,3.0,,,23.35,2.12
3941140,2024,projected,,,,,,,,,,,,,,,,,,,,,,,,,,,,,
3941140,2024,actual,6.0,0.0,0.0,8.0,0.0,0.0,0.0,0.0,-2.0,5.0,0.0,0.0,0.0,701.6,0.0,0.0,0.0,2.0,3508.0,6.0,0.0,0.0,0.0,74.0,0.0,,,6.3,1.26
3941140,2025,projected,,,,,,,,,,,,,,,,,,,,,,,,,,,,,
3941140,2025,actual,46.0,0.0,0.0,76.0,0.0,0.0,0.0,0.0,0.0,36.0,0.0,0.0,2.0,973.81,5.0,0.0,0.0,15.0,35057.0,42.0,3.0,0.0,0.0,824.0,5.0,,,64.6,1.79
3941140,2026,projected,,,,,,,,,,,,,,,,,,,,,,,,,,,,,
3941140,2026,actual,42.0,0.0,0.0,55.0,0.0,0.0,0.0,0.0,-10.0,39.0,0.0,0.0,0.0,872.59,2.0,0.0,0.0,22.0,34031.0,51.0,2.0,0.0,0.0,811.0,2.0,,,58.5,1.5
3941140,2027,projected,,,,,,,,,,,,,,,,,,,,,,,,,,,,,
3941140,2027,actual,,,,,,,,,,,,,,,,,,,,,,,,,,,,,
3941946,2023,projected,,,,,,,,,,,,,,,,,,,,,,,,,,,,,
3941946,2023,actual,76.0,0.0,0.0,203.0,0.0,0.0,0.0,1.0,11.0,82.0,0.0,0.0,3.0,981.46,20.0,0.0,0.0,47.0,80480.0,89.0,17.0,0.0,0.0,1942.0,20.0,,,171.3,2.09
3941946,2024,projected,,,,,,,,,,,,,,,,,,,,,,,,,,,,,
3941946,2024,actual,97.0,0.0,0.0,184.0,0.0,0.0,0.0,0.0,-5.0,82.0,0.0,0.0,3.0,1055.27,25.0,0.0,0.0,65.0,86532.0,111.0,22.0,0.0,0.0,1941.0,25.0,,,208.65,2.54
3941946,2025,projected,78.0,,,208.0,,,,,-8.0,82.0,,,3.0,1032.0,27.0,,,72.0,84624.0,97.0,24.0,,,,27.0,,,208.8,2.55
3941946,2025,actual,81.0,0.0,1.0,122.0,1.0,0.0,0.0,0.0,-4.0,84.0,0.0,1.0,5.0,1024.89,15.0,0.0,0.0,42.0,86091.0,117.0,10.0,1.0,0.0,1929.0,15.0,,,163.95,1.95
3941946,2026,projected,,,,,,,,,,,,,,,,,,,,,,,,,,,,,
3941946,2026,actual,69.0,0.0,0.0,111.0,0.0,0.0,0.0,2.0,3.0,75.0,0.0,0.0,5.0,1082.51,15.0,0.0,0.0,41.0,81188.0,99.0,10.0,0.0,0.0,1845.0,15.0,,,150.35,2.0
3941946,2027,projected,,,,,,,,,,,,,,,,,,,,,,,,,,,,,
3941946,2027,actual,,,,,,,,,,,,,,,,,,,,,,,,,,,,,
3941970,2023,projected,,,,,,,,,,,,,,,,,,,,,,,,,,,,,
3941970,2023,actual,86.0,4.0,0.0,116.0,4.0,0.0,0.0,1.0,-19.0,73.0,1.0,0.0,4.0,1152.58,16.0,3.0,3.0,40.0,84138.0,118.0,12.0,1.0,0.0,1658.0,16.0,,,167.6,2.3
3941970,2024,projected,,,,,,,,,,,,,,,,,,,,,,,,,,,,,
3941970,2024,actual,19.0,0.0,0.0,28.0,0.0,0.0,0.0,0.0,4.0,25.0,0.0,0.0,0.0,732.48,5.0,0.0,0.0,8.0,18312.0,26.0,5.0,0.0,0.0,401.0,5.0,,,39.55,1.58
3941970,2025,projected,,,,,,,,,,,,,,,,,,,,,,,,,,,,,
3941970,2025,actual,6.0,0.0,0.0,10.0,0.0,0.0,0.0,0.0,-1.0,6.0,0.0,0.0,0.0,754.17,0.0,0.0,0.0,2.0,4525.0,5.0,0.0,0.0,0.0,102.0,0.0,,,6.0,1.0
3941970,2026,projected,,,,,,,,,,,,,,,,,,,,,,,,,,,,,
3941970,2026,actual,5.0,0.0,0.0,10.0,0.0,0.0,0.0,0.0,1.0,7.0,0.0,0.0,0.0,1030.29,1.0,0.0,0.0,0.0,7212.0,15.0,1.0,0.0,0.0,144.0,1.0,,,12.75,1.82
3941970,2027,projected,,,,,,,,,,,,,,,,,,,,,,,,,,,,,
3941970,2027,actual,,,,,,,,,,,,,,,,,,,,,,,,,,,,,
3941974,2023,projected,95.0,4.0,0.0,75.0,4.0,0.0,1.0,0.0,6.0,80.0,1.0,1.0,5.0,1236.0,30.0,3.0,3.0,26.0,98880.0,91.0,25.0,1.0,0.0,282.0,25.0,,,183.25,2.29
3941974,2023,actual,67.0,0.0,0.0,44.0,1.0,0.0,1.0,0.0,21.0,64.0,0.0,1.0,4.0,1264.25,18.0,1.0,0.0,20.0,80912.0,81.0,14.0,0.0,0.0,1607.0,18.0,,,130.65,2.04
3941974,2024,projected,,,,,,,,,,,,,,,,,,,,,,,,,,,,,
3941974,2024,actual,57.0,0.0,0.0,34.0,0.0,0.0,0.0,1.0,-6.0,75.0,0.0,0.0,4.0,1257.48,25.0,0.0,0.0,41.0,94311.0,89.0,21.0,0.0,0.0,1969.0,25.0,,,162.65,2.17
3941974,2025,projected,,,,,,,,,,,,,,,,,,,,,,,,,,,,,
3941974,2025,actual,30.0,0.0,0.0,9.0,0.0,0.0,0.0,0.0,1.0,35.0,0.0,0.0,1.0,1270.03,14.0,0.0,0.0,2.0,44451.0,46.0,13.0,0.0,0.0,964.0,14.0,,,75.4,2.15
3941974,2026,projected,,,,,,,,,,,,,,,,,,,,,,,,,,,,,
3941974,2026,actual,55.0,0.0,1.0,28.0,2.0,0.0,1.0,2.0,42.0,80.0,0.0,2.0,4.0,1212.12,36.0,1.0,0.0,16.0,96970.0,68.0,32.0,1.0,0.0,2181.0,36.0,,,175.55,2.19
3941974,2027,projected,51.0,,1.0,26.0,2.0,,1.0,,43.0,74.0,,2.0,4.0,1208.14,33.0,1.0,,14.0,89402.36,62.0,29.0,1.0,,,33.0,,,159.35,2.15
3941974,2027,actual,,,,,,,,,,,,,,,,,,,,,,,,,,,,,
3942030,2023,projected,,,,,,,,,,,,,,,,,,,,,,,,,,,,,
3942030,2023,actual,13.0,0.0,0.0,55.0,0.0,0.0,0.0,1.0,0.0,22.0,0.0,0.0,1.0,725.86,4.0,0.0,0.0,22.0,15969.0,26.0,3.0,0.0,0.0,421.0,4.0,,,46.75,2.12
3942030,2024,projected,,,,,,,,,,,,,,,,,,,,,,,,,,,,,
3942030,2024,actual,23.0,0.0,0.0,54.0,0.0,0.0,0.0,0.0,-7.0,34.0,0.0,0.0,1.0,737.0,7.0,0.0,0.0,16.0,25058.0,49.0,6.0,0.0,0.0,630.0,7.0,,,65.65,1.93
3942030,2025,projected,,,,,,,,,,,,,,,,,,,,,,,,,,,,,
3942030,2025,actual,9.0,0.0,0.0,63.0,0.0,0.0,0.0,0.0,-3.0,29.0,0.0,0.0,0.0,628.66,6.0,0.0,0.0,50.0,18231.0,36.0,6.0,0.0,0.0,457.0,6.0,,,69.55,2.4
3942030,2026,projected,,,,,,,,,,,,,,,,,,,,,,,,,,,,,
3942030,2026,actual,2.0,0.0,0.0,10.0,0.0,0.0,0.0,0.0,0.0,8.0,0.0,0.0,0.0,761.25,1.0,0.0,0.0,2.0,6090.0,12.0,1.0,0.0,0.0,150.0,1.0,,,11.5,1.44
3942030,2027,projected,,,,,,,,,,,,,,,,,,,,,,,,,,,,,
3942030,2027,actual,,,,,,,,,,,,,,,,,,,,,,,,,,,,,
3942033,2023,projected,,,,,,,,,,,,,,,,,,,,,,,,,,,,,
3942033,2023,actual,,,,,,,,,,,,,,,,,,,,,,,,,,,,,
3942033,2024,projected,,,,,,,,,,,,,,,,,,,,,,,,,,,,,
3942033,2024,actual,17.0,0.0,0.0,21.0,0.0,0.0,0.0,0.0,1.0,31.0,0.0,0.0,1.0,757.48,1.0,0.0,0.0,6.0,23482.0,24.0,0.0,0.0,0.0,511.0,1.0,,,25.35,0.82
3942033,2025,projected,,,,,,,,,,,,,,,,,,,,,,,,,,,,,
3942033,2025,actual,19.0,1.0,0.0,20.0,1.0,0.0,0.0,0.0,-9.0,39.0,0.0,0.0,2.0,1003.56,5.0,1.0,1.0,14.0,39139.0,51.0,3.0,0.0,0.0,856.0,5.0,,,56.75,1.46
3942033,2026,projected,,,,,,,,,,,,,,,,,,,,,,,,,,,,,
3942033,2026,actual,72.0,0.0,0.0,38.0,0.0,0.0,0.0,0.0,30.0,80.0,0.0,0.0,6.0,1133.19,35.0,0.0,0.0,22.0,90655.0,92.0,29.0,0.0,0.0,1669.0,35.0,,,189.8,2.37
3942033,2027,projected,67.0,,,35.0,,,,,31.0,74.0,,,5.0,1129.46,33.0,,,20.0,83580.04,85.0,28.0,,,,33.0,,,176.75,2.39
3942033,2027,actual,,,,,,,,,,,,,,,,,,,,,,,,,,,,,
3942064,2023,projected,102.0,4.0,0.0,106.0,0.0,0.0,1.0,1.0,15.0,76.0,1.0,1.0,3.0,1272.0,28.0,0.0,3.0,55.0,96672.0,133.0,25.0,0.0,0.0,204.0,9.0,,,202.6,2.67
3942064,2023,actual,48.0,0.0,0.0,57.0,0.0,0.0,0.0,1.0,0.0,43.0,0.0,0.0,2.0,1073.3,9.0,0.0,0.0,27.0,46152.0,67.0,7.0,0.0,0.0,979.0,9.0,,,94.7,2.2
3942064,2024,projected,,,,,,,,,,,,,,,,,,,,,,,,,,,,,
3942064,2024,actual,77.0,1.0,1.0,58.0,2.0,0.0,0.0,2.0,7.0,73.0,0.0,1.0,4.0,1128.01,20.0,1.0,1.0,44.0,82345.0,137.0,16.0,1.0,0.0,1778.0,20.0,,,184.05,2.52
3942064,2025,projected,,,,,,,,,,,,,,,,,,,,,,,,,,,,,
3942064,2025,actual,82.0,0.0,0.0,75.0,1.0,0.0,1.0,0.0,-10.0,79.0,0.0,1.0,3.0,1235.22,25.0,1.0,0.0,40.0,97582.0,169.0,22.0,0.0,0.0,2077.0,25.0,,,211.5,2.68
3942064,2026,projected,,,,,,,,,,,,,,,,,,,,,,,,,,,,,
3942064,2026,actual,56.0,0.0,0.0,35.0,0.0,0.0,0.0,0.0,2.0,73.0,0.0,0.0,7.0,1144.97,22.0,0.0,0.0,34.0,83583.0,155.0,15.0,0.0,0.0,1700.0,22.0,,,185.0,2.53
3942064,2027,projected,,,,,,,,,,,,,,,,,,,,,,,,,,,,,
3942064,2027,actual,,,,,,,,,,,,,,,,,,,,,,,,,,,,,
3942292,2023,projected,114.0,0.0,1.0,132.0,2.0,0.0,1.0,2.0,-1.0,80.0,0.0,1.0,4.0,1350.0,35.0,1.0,0.0,56.0,108000.0,145.0,31.0,1.0,0.0,145.0,19.0,,,240.2,3.0
3942292,2023,actual,89.0,0.0,1.0,74.0,2.0,0.0,1.0,2.0,5.0,72.0,0.0,2.0,6.0,1318.31,19.0,1.0,0.0,38.0,94918.0,115.0,13.0,1.0,0.0,1779.0,19.0,,,174.15,2.42
3942292,2024,projected,87.0,0.0,0.0,71.0,1.0,0.0,1.0,1.0,6.0,71.0,0.0,1.0,5.0,1320.0,16.0,1.0,0.0,48.0,93720.0,107.0,11.0,0.0,0.0,1774.0,11.0,,,156.35,2.2
3942292,2024,actual,114.0,0.0,0.0,51.0,1.0,0.0,1.0,1.0,9.0,77.0,0.0,1.0,6.0,1237.01,23.0,1.0,0.0,28.0,95250.0,114.0,17.0,0.0,0.0,1774.0,23.0,,,181.6,2.36
3942292,2025,projected,93.0,,,57.0,,,,,11.0,78.0,,,4.0,1242.0,20.0,,,34.0,96876.0,124.0,16.0,,,,20.0,,,171.95,2.2
3942292,2025,actual,112.0,0.0,0.0,50.0,1.0,0.0,1.0,0.0,26.0,82.0,0.0,1.0,5.0,1385.2,30.0,1.0,0.0,28.0,113586.0,140.0,25.0,0.0,0.0,2069.0,30.0,,,213.0,2.6
3942292,2026,projected,99.0,,,53.0,,,,,23.0,81.0,,,4.0,1368.0,33.0,,,28.0,110808.0,136.0,29.0,,,,33.0,,,215.05,2.65
3942292,2026,actual,119.0,6.0,0.0,50.0,7.0,0.0,1.0,1.0,-8.0,82.0,3.0,1.0,14.0,1423.51,35.0,4.0,3.0,50.0,116728.0,105.0,21.0,3.0,0.0,2254.0,35.0,,,237.75,2.9
3942292,2027,projected,123.0,4.0,,51.0,4.0,,,,-1.0,84.0,2.0,,13.0,1325.86,36.0,2.0,2.0,46.0,111372.24,113.0,23.0,2.0,,,36.0,,,239.35,2.85
3942292,2027,actual,,,,,,,,,,,,,,,,,,,,,,,,,,,,,
3942354,2023,projected,,,,,,,,,,,,,,,,,,,,,,,,,,,,,
3942354,2023,actual,62.0,0.0,0.0,151.0,0.0,0.0,0.0,0.0,6.0,81.0,0.0,0.0,1.0,1045.88,6.0,0.0,0.0,58.0,84716.0,106.0,5.0,0.0,0.0,1976.0,6.0,,,131.6,1.62
3942354,2024,projected,,,,,,,,,,,,,,,,,,,,,,,,,,,,,
3942354,2024,actual,93.0,0.0,0.0,177.0,1.0,0.0,1.0,0.0,11.0,82.0,0.0,1.0,3.0,1202.21,17.0,1.0,0.0,69.0,98581.0,124.0,14.0,0.0,0.0,2175.0,17.0,,,192.45,2.35
3942354,2025,projected,,,,,,,,,,,,,,,,,,,,,,,,,,,,,
3942354,2025,actual,116.0,0.0,0.0,137.0,0.0,0.0,0.0,0.0,12.0,76.0,0.0,0.0,6.0,1211.66,22.0,0.0,0.0,70.0,92086.0,88.0,16.0,0.0,0.0,2170.0,22.0,,,193.7,2.55
3942354,2026,projected,,,,,,,,,,,,,,,,,,,,,,,,,,,,,
3942354,2026,actual,68.0,0.0,0.0,116.0,0.0,0.0,0.0,0.0,-1.0,68.0,0.0,0.0,3.0,1221.34,11.0,0.0,0.0,47.0,83051.0,81.0,8.0,0.0,0.0,1812.0,11.0,,,128.6,1.89
3942354,2027,projected,,,,,,,,,,,,,,,,,,,,,,,,,,,,,
3942354,2027,actual,,,,,,,,,,,,,,,,,,,,,,,,,,,,,
3942638,2023,projected,,,,,,,,,,,,,,,,,,,,,,,,,,,,,
3942638,2023,actual,10.0,0.0,0.0,8.0,0.0,0.0,0.0,0.0,5.0,12.0,0.0,0.0,0.0,799.58,1.0,0.0,0.0,4.0,9595.0,7.0,1.0,0.0,0.0,211.0,1.0,,,11.8,0.98
3942638,2024,projected,,,,,,,,,,,,,,,,,,,,,,,,,,,,,
3942638,2024,actual,32.0,0.0,0.0,79.0,0.0,0.0,0.0,0.0,6.0,41.0,0.0,0.0,0.0,1063.32,8.0,0.0,0.0,31.0,43596.0,67.0,8.0,0.0,0.0,978.0,8.0,,,88.9,2.17
3942638,2025,projected,,,,,,,,,,,,,,,,,,,,,,,,,,,,,
3942638,2025,actual,44.0,0.0,0.0,74.0,0.0,0.0,0.0,0.0,-10.0,55.0,0.0,0.0,1.0,1081.75,7.0,0.0,0.0,10.0,59496.0,66.0,6.0,0.0,0.0,1265.0,7.0,,,78.4,1.43
3942638,2026,projected,,,,,,,,,,,,,,,,,,,,,,,,,,,,,
3942638,2026,actual,70.0,0.0,0.0,162.0,2.0,0.0,2.0,1.0,17.0,80.0,0.0,2.0,3.0,1210.3,30.0,2.0,0.0,55.0,96824.0,112.0,27.0,0.0,0.0,1756.0,30.0,,,213.2,2.67
3942638,2027,projected,,,,,,,,,,,,,,,,,,,,,,,,,,,,,
3942638,2027,actual,,,,,,,,,,,,,,,,,,,,,,,,,,,,,
3942924,2023,projected,,,,,,,,,,,,,,,,,,,,,,,,,,,,,
3942924,2023,actual,135.0,0.0,1.0,119.0,2.0,0.0,1.0,2.0,8.0,82.0,0.0,2.0,9.0,1126.55,26.0,1.0,0.0,22.0,92377.0,152.0,17.0,1.0,0.0,1802.0,26.0,,,224.65,2.74
3942924,2024,projected,124.0,1.0,0.0,119.0,1.0,0.0,1.0,1.0,15.0,69.0,0.0,1.0,2.0,1152.0,16.0,1.0,1.0,24.0,79488.0,136.0,14.0,0.0,0.0,1908.0,14.0,,,173.4,2.51
3942924,2024,actual,135.0,1.0,0.0,137.0,3.0,0.0,2.0,1.0,21.0,81.0,0.0,2.0,5.0,1253.69,25.0,3.0,1.0,42.0,101549.0,197.0,20.0,0.0,0.0,1908.0,25.0,,,250.45,3.09
3942924,2025,projected,137.0,,,147.0,,,,,19.0,81.0,,,6.0,1218.0,27.0,,,36.0,98658.0,201.0,21.0,,,,27.0,,,254.45,3.14
3942924,2025,actual,84.0,0.0,0.0,114.0,0.0,0.0,0.0,0.0,18.0,69.0,0.0,0.0,3.0,1192.74,24.0,0.0,0.0,25.0,82299.0,113.0,21.0,0.0,0.0,1504.0,24.0,,,176.4,2.56
3942924,2026,projected,122.0,,,121.0,,,,,19.0,76.0,,,4.0,1206.0,27.0,,,32.0,91656.0,147.0,23.0,,,,27.0,,,217.1,2.86
3942924,2026,actual,94.0,0.0,0.0,116.0,0.0,0.0,0.0,0.0,18.0,79.0,0.0,0.0,2.0,1236.59,19.0,0.0,0.0,12.0,97691.0,146.0,17.0,0.0,0.0,1765.0,19.0,,,173.1,2.19
3942924,2027,projected,,,,,,,,,,,,,,,,,,,,,,,,,,,,,
3942924,2027,actual,,,,,,,,,,,,,,,,,,,,,,,,,,,,,
3988803,2023,projected,158.0,17.0,0.0,144.0,19.0,0.0,2.0,2.0,28.0,75.0,3.0,2.0,9.0,1470.0,50.0,16.0,14.0,62.0,110250.0,126.0,41.0,3.0,0.0,63.0,41.0,,,311.9,4.16
3988803,2023,actual,105.0,19.0,0.0,84.0,19.0,0.0,0.0,2.0,30.0,67.0,2.0,0.0,7.0,1338.21,52.0,17.0,17.0,54.0,89660.0,131.0,45.0,2.0,0.0,1850.0,52.0,,,302.65,4.52
3988803,2024,projected,168.0,25.0,1.0,157.0,27.0,0.0,1.0,3.0,32.0,79.0,5.0,2.0,11.0,1440.0,61.0,21.0,20.0,64.0,113760.0,138.0,50.0,6.0,0.0,2184.0,50.0,,,362.7,4.59
3988803,2024,actual,133.0,13.0,0.0,146.0,13.0,0.0,0.0,3.0,4.0,74.0,1.0,0.0,12.0,1490.76,47.0,12.0,12.0,86.0,110316.0,159.0,35.0,1.0,0.0,2184.0,47.0,,,333.35,4.5
3988803,2025,projected,128.0,18.0,,147.0,18.0,,,,22.0,76.0,2.0,,9.0,1428.0,51.0,16.0,16.0,72.0,108528.0,133.0,42.0,2.0,,,51.0,,,321.2,4.23
3988803,2025,actual,98.0,4.0,1.0,89.0,5.0,0.0,0.0,2.0,0.0,50.0,2.0,1.0,7.0,1420.22,23.0,2.0,2.0,46.0,71011.0,81.0,16.0,3.0,0.0,1386.0,23.0,,,179.9,3.6
3988803,2026,projected,151.0,17.0,1.0,141.0,19.0,,1.0,,19.0,71.0,2.0,2.0,10.0,1428.0,47.0,16.0,15.0,62.0,101388.0,128.0,37.0,3.0,,,47.0,,,310.35,4.37
3988803,2026,actual,111.0,23.0,0.0,79.0,23.0,0.0,0.0,1.0,13.0,69.0,2.0,0.0,11.0,1463.38,61.0,21.0,21.0,62.0,100973.0,129.0,50.0,2.0,0.0,1872.0,61.0,,,338.65,4.91
3988803,2027,projected,116.0,19.0,,89.0,19.0,,,,10.0,69.0,2.0,,10.0,1386.04,55.0,17.0,17.0,67.0,95636.76,132.0,45.0,2.0,,,55.0,,,322.9,4.68
3988803,2027,actual,,,,,,,,,,,,,,,,,,,,,,,,,,,,,
3988847,2023,projected,157.0,14.0,0.0,177.0,14.0,0.0,1.0,2.0,8.0,74.0,2.0,1.0,5.0,1290.0,38.0,12.0,12.0,38.0,95460.0,93.0,33.0,2.0,0.0,150.0,33.0,,,247.45,3.34
3988847,2023,actual,142.0,3.0,0.0,169.0,4.0,0.0,1.0,2.0,-12.0,82.0,1.0,1.0,10.0,1316.45,33.0,3.0,2.0,44.0,107949.0,129.0,23.0,1.0,0.0,2319.0,33.0,,,252.9,3.08
3988847,2024,projected,141.0,7.0,0.0,176.0,8.0,0.0,1.0,1.0,-6.0,80.0,1.0,1.0,6.0,1320.0,33.0,7.0,6.0,46.0,105600.0,113.0,27.0,1.0,0.0,2216.0,27.0,,,237.35,2.97
3988847,2024,actual,146.0,8.0,0.0,202.0,8.0,0.0,0.0,1.0,9.0,82.0,1.0,0.0,5.0,1249.73,33.0,7.0,7.0,63.0,102478.0,118.0,28.0,1.0,0.0,2216.0,33.0,,,256.7,3.13
3988847,2025,projected,143.0,5.0,,215.0,5.0,,,,7.0,82.0,1.0,,6.0,1284.0,33.0,4.0,4.0,52.0,105288.0,121.0,27.0,1.0,,,33.0,,,251.75,3.07
3988847,2025,actual,123.0,12.0,0.0,113.0,13.0,0.0,1.0,2.0,21.0,69.0,4.0,1.0,10.0,1323.61,39.0,9.0,8.0,44.0,91329.0,101.0,29.0,4.0,0.0,1914.0,39.0,,,252.55,3.66
3988847,2026,projected,158.0,12.0,,161.0,12.0,,,,17.0,77.0,3.0,,12.0,1314.0,45.0,9.0,9.0,52.0,101178.0,121.0,33.0,3.0,,,45.0,,,296.6,3.85
3988847,2026,actual,97.0,2.0,0.0,111.0,2.0,0.0,0.0,1.0,1.0,51.0,1.0,0.0,3.0,1362.59,12.0,1.0,1.0,37.0,69492.0,75.0,9.0,1.0,0.0,1409.0,12.0,,,132.85,2.6
3988847,2027,projected,,,,,,,,,,,,,,,,,,,,,,,,,,,,,
3988847,2027,actual,,,,,,,,,,,,,,,,,,,,,,,,,,,,,
4024868,2023,projected,153.0,10.0,0.0,146.0,11.0,0.0,1.0,2.0,9.0,79.0,2.0,1.0,9.0,1356.0,42.0,9.0,8.0,58.0,107124.0,127.0,33.0,2.0,0.0,101.0,33.0,,,280.35,3.55
4024868,2023,actual,156.0,27.0,0.0,128.0,28.0,0.0,1.0,2.0,13.0,79.0,3.0,1.0,10.0,1428.66,64.0,25.0,24.0,53.0,112864.0,149.0,54.0,3.0,0.0,2161.0,64.0,,,372.8,4.72
4024868,2024,projected,161.0,28.0,0.0,145.0,29.0,0.0,1.0,0.0,11.0,79.0,3.0,1.0,10.0,1422.0,67.0,26.0,25.0,55.0,112338.0,157.0,57.0,3.0,0.0,907.0,57.0,,,378.25,4.79
4024868,2024,actual,53.0,7.0,0.0,31.0,7.0,0.0,0.0,0.0,-16.0,34.0,0.0,0.0,2.0,1353.35,19.0,7.0,7.0,16.0,46014.0,70.0,17.0,0.0,0.0,907.0,19.0,,,121.85,3.58
4024868,2025,projected,152.0,15.0,,131.0,16.0,,1.0,,9.0,77.0,2.0,1.0,8.0,,50.0,14.0,13.0,52.0,468.0,134.0,42.0,2.0,,,50.0,,,311.6,4.05
4024868,2025,actual,132.0,23.0,1.0,61.0,24.0,0.0,0.0,3.0,-8.0,77.0,3.0,1.0,15.0,1507.01,53.0,20.0,20.0,32.0,116040.0,140.0,38.0,4.0,0.0,2357.0,53.0,,,317.1,4.12
4024868,2026,projected,164.0,24.0,1.0,71.0,26.0,,1.0,,-14.0,78.0,3.0,2.0,11.0,1482.0,54.0,22.0,21.0,48.0,115596.0,138.0,43.0,4.0,,,54.0,,,330.6,4.24
4024868,2026,actual,159.0,26.0,0.0,38.0,28.0,0.0,2.0,1.0,2.0,78.0,5.0,2.0,10.0,1457.74,59.0,23.0,21.0,44.0,113704.0,125.0,49.0,5.0,0.0,2272.0,59.0,,,333.55,4.28
4024868,2027,projected,146.0,23.0,,44.0,23.0,,,,-1.0,76.0,4.0,,10.0,1437.92,56.0,19.0,19.0,39.0,109281.92,129.0,46.0,4.0,,,56.0,,,316.4,4.16
4024868,2027,actual,,,,,,,,,,,,,,,,,,,,,,,,,,,,,
4024916,2023,projected,,,,,,,,,,,,,,,,,,,,,,,,,,,,,
4024916,2023,actual,16.0,1.0,0.0,13.0,1.0,0.0,0.0,0.0,-2.0,14.0,0.0,0.0,1.0,942.21,6.0,1.0,1.0,6.0,13191.0,21.0,5.0,0.0,0.0,287.0,6.0,,,38.3,2.74
4024916,2024,projected,,,,,,,,,,,,,,,,,,,,,,,,,,,,,
4024916,2024,actual,76.0,0.0,0.0,28.0,0.0,0.0,0.0,0.0,-10.0,72.0,0.0,0.0,4.0,979.62,13.0,0.0,0.0,32.0,70533.0,110.0,9.0,0.0,0.0,1393.0,13.0,,,135.8,1.89
4024916,2025,projected,,,,,,,,,,,,,,,,,,,,,,,,,,,,,
4024916,2025,actual,71.0,0.0,0.0,22.0,0.0,0.0,0.0,0.0,0.0,64.0,0.0,0.0,2.0,905.34,7.0,0.0,0.0,8.0,57942.0,43.0,5.0,0.0,0.0,1398.0,7.0,,,68.45,1.07
4024916,2026,projected,,,,,,,,,,,,,,,,,,,,,,,,,,,,,
4024916,2026,actual,16.0,0.0,0.0,3.0,0.0,0.0,0.0,0.0,-7.0,16.0,0.0,0.0,1.0,957.25,2.0,0.0,0.0,16.0,15316.0,29.0,1.0,0.0,0.0,375.0,2.0,,,33.8,2.11
4024916,2027,projected,,,,,,,,,,,,,,,,,,,,,,,,,,,,,
4024916,2027,actual,,,,,,,,,,,,,,,,,,,,,,,,,,,,,
4024950,2023,projected,189.0,13.0,0.0,77.0,14.0,0.0,1.0,0.0,6.0,64.0,5.0,1.0,14.0,1392.0,40.0,9.0,8.0,53.0,89088.0,98.0,26.0,5.0,0.0,133.0,26.0,,,260.45,4.07
4024950,2023,actual,144.0,8.0,0.0,55.0,8.0,0.0,0.0,0.0,7.0,48.0,4.0,0.0,9.0,1362.23,33.0,4.0,4.0,30.0,65387.0,83.0,24.0,4.0,0.0,1247.0,33.0,,,212.0,4.42
4024950,2024,projected,234.0,24.0,0.0,95.0,25.0,0.0,1.0,2.0,13.0,77.0,8.0,1.0,16.0,1368.0,61.0,17.0,16.0,40.0,105336.0,146.0,45.0,8.0,0.0,2107.0,45.0,,,363.0,4.71
4024950,2024,actual,204.0,16.0,0.0,64.0,16.0,0.0,0.0,2.0,-30.0,82.0,7.0,0.0,14.0,1343.39,41.0,9.0,9.0,60.0,110158.0,154.0,27.0,7.0,0.0,2107.0,41.0,,,314.9,3.84
4024950,2025,projected,162.0,12.0,,69.0,12.0,,,,-18.0,71.0,4.0,,10.0,1350.0,31.0,8.0,8.0,56.0,95850.0,128.0,21.0,4.0,,,31.0,,,250.4,3.53
4024950,2025,actual,179.0,15.0,0.0,59.0,15.0,0.0,0.0,6.0,17.0,74.0,5.0,0.0,20.0,1263.85,47.0,10.0,10.0,52.0,93525.0,87.0,27.0,5.0,0.0,1587.0,47.0,,,297.15,4.02
4024950,2026,projected,183.0,17.0,,66.0,17.0,,,,14.0,75.0,6.0,,13.0,1284.0,41.0,11.0,11.0,58.0,96300.0,112.0,28.0,6.0,,,41.0,,,284.85,3.8
4024950,2026,actual,221.0,18.0,0.0,58.0,18.0,0.0,0.0,8.0,20.0,80.0,8.0,0.0,26.0,1400.45,60.0,10.0,10.0,62.0,112036.0,114.0,34.0,8.0,0.0,1804.0,60.0,,,376.05,4.7
4024950,2027,projected,214.0,18.0,,61.0,18.0,,,,14.0,81.0,8.0,,24.0,1335.51,57.0,10.0,10.0,62.0,108176.31,116.0,33.0,8.0,,,57.0,,,356.6,4.4
4024950,2027,actual,,,,,,,,,,,,,,,,,,,,,,,,,,,,,
4024959,2023,projected,,,,,,,,,,,,,,,,,,,,,,,,,,,,,
4024959,2023,actual,101.0,1.0,0.0,113.0,1.0,0.0,0.0,0.0,-4.0,79.0,0.0,0.0,2.0,1046.85,11.0,1.0,1.0,50.0,82701.0,129.0,9.0,0.0,0.0,1731.0,11.0,,,161.55,2.04
4024959,2024,projected,,,,,,,,,,,,,,,,,,,,,,,,,,,,,
4024959,2024,actual,65.0,0.0,0.0,39.0,0.0,0.0,0.0,0.0,9.0,56.0,0.0,0.0,3.0,981.04,13.0,0.0,0.0,24.0,54938.0,88.0,10.0,0.0,0.0,1150.0,13.0,,,118.15,2.11
4024959,2025,projected,,,,,,,,,,,,,,,,,,,,,,,,,,,,,
4024959,2025,actual,89.0,0.0,0.0,67.0,0.0,0.0,0.0,3.0,20.0,68.0,0.0,0.0,9.0,1253.74,26.0,0.0,0.0,40.0,85254.0,143.0,17.0,0.0,0.0,1544.0,26.0,,,210.45,3.09
4024959,2026,projected,,,,,,,,,,,,,,,,,,,,,,,,,,,,,
4024959,2026,actual,68.0,0.0,0.0,65.0,0.0,0.0,0.0,1.0,-16.0,74.0,0.0,0.0,5.0,993.93,11.0,0.0,0.0,33.0,73551.0,120.0,6.0,0.0,0.0,1461.0,11.0,,,139.0,1.88
4024959,2027,projected,,,,,,,,,,,,,,,,,,,,,,,,,,,,,
4024959,2027,actual,,,,,,,,,,,,,,,,,,,,,,,,,,,,,
4024968,2023,projected,,,,,,,,,,,,,,,,,,,,,,,,,,,,,
4024968,2023,actual,11.0,0.0,0.0,44.0,0.0,0.0,0.0,0.0,-1.0,19.0,0.0,0.0,1.0,822.84,3.0,0.0,0.0,21.0,15634.0,20.0,2.0,0.0,0.0,347.0,3.0,,,37.65,1.98
4024968,2024,projected,,,,,,,,,,,,,,,,,,,,,,,,,,,,,
4024968,2024,actual,29.0,0.0,0.0,42.0,0.0,0.0,0.0,0.0,4.0,25.0,0.0,0.0,1.0,826.04,2.0,0.0,0.0,36.0,20651.0,40.0,1.0,0.0,0.0,458.0,2.0,,,56.45,2.26
4024968,2025,projected,,,,,,,,,,,,,,,,,,,,,,,,,,,,,
4024968,2025,actual,49.0,0.0,0.0,88.0,0.0,0.0,0.0,0.0,9.0,63.0,0.0,0.0,1.0,935.02,14.0,0.0,0.0,78.0,58906.0,76.0,13.0,0.0,0.0,1282.0,14.0,,,141.05,2.24
4024968,2026,projected,,,,,,,,,,,,,,,,,,,,,,,,,,,,,
4024968,2026,actual,96.0,1.0,0.0,110.0,1.0,0.0,0.0,1.0,3.0,76.0,0.0,0.0,9.0,1001.86,26.0,1.0,1.0,128.0,76141.0,84.0,17.0,0.0,0.0,1538.0,26.0,,,229.5,3.02
4024968,2027,projected,,,,,,,,,,,,,,,,,,,,,,,,,,,,,
4024968,2027,actual,,,,,,,,,,,,,,,,,,,,,,,,,,,,,
4024972,2023,projected,,,,,,,,,,,,,,,,,,,,,,,,,,,,,
4024972,2023,actual,0.0,0.0,0.0,0.0,0.0,0.0,0.0,0.0,-1.0,2.0,0.0,0.0,0.0,766.5,0.0,0.0,0.0,0.0,1533.0,1.0,0.0,0.0,0.0,34.0,0.0,,,0.5,0.25
4024972,2024,projected,,,,,,,,,,,,,,,,,,,,,,,,,,,,,
4024972,2024,actual,,,,,,,,,,,,,,,,,,,,,,,,,,,,,
4024972,2025,projected,,,,,,,,,,,,,,,,,,,,,,,,,,,,,
4024972,2025,actual,30.0,2.0,0.0,5.0,2.0,0.0,0.0,0.0,-3.0,39.0,0.0,0.0,3.0,784.23,10.0,2.0,2.0,10.0,30585.0,33.0,7.0,0.0,0.0,698.0,10.0,,,63.5,1.63
4024972,2026,projected,,,,,,,,,,,,,,,,,,,,,,,,,,,,,
4024972,2026,actual,12.0,0.0,0.0,3.0,0.0,0.0,0.0,0.0,-6.0,17.0,0.0,0.0,0.0,880.29,2.0,0.0,0.0,2.0,14965.0,17.0,2.0,0.0,0.0,310.0,2.0,,,18.8,1.11
4024972,2027,projected,,,,,,,,,,,,,,,,,,,,,,,,,,,,,
4024972,2027,actual,,,,,,,,,,,,,,,,,,,,,,,,,,,,,
4063280,2023,projected,,,,,,,,,,,,,,,,,,,,,,,,,,,,,
4063280,2023,actual,6.0,0.0,0.0,3.0,0.0,0.0,0.0,0.0,-1.0,2.0,0.0,0.0,0.0,898.0,0.0,0.0,0.0,0.0,1796.0,4.0,0.0,0.0,0.0,34.0,0.0,,,3.8,1.9
4063280,2024,projected,,,,,,,,,,,,,,,,,,,,,,,,,,,,,
4063280,2024,actual,11.0,0.0,0.0,10.0,0.0,0.0,0.0,0.0,0.0,24.0,0.0,0.0,1.0,626.79,1.0,0.0,0.0,6.0,15043.0,23.0,0.0,0.0,0.0,311.0,1.0,,,22.25,0.93
4063280,2025,projected,,,,,,,,,,,,,,,,,,,,,,,,,,,,,
4063280,2025,actual,30.0,0.0,0.0,31.0,0.0,0.0,0.0,0.0,2.0,49.0,0.0,0.0,1.0,711.53,8.0,0.0,0.0,10.0,34865.0,60.0,7.0,0.0,0.0,779.0,8.0,,,70.6,1.44
4063280,2026,projected,,,,,,,,,,,,,,,,,,,,,,,,,,,,,
4063280,2026,actual,7.0,0.0,0.0,3.0,0.0,0.0,0.0,0.0,-4.0,15.0,0.0,0.0,0.0,526.8,0.0,0.0,0.0,0.0,7902.0,12.0,0.0,0.0,0.0,172.0,0.0,,,8.05,0.54
4063280,2027,projected,,,,,,,,,,,,,,,,,,,,,,,,,,,,,
4063280,2027,actual,,,,,,,,,,,,,,,,,,,,,,,,,,,,,
4063378,2023,projected,,,,,,,,,,,,,,,,,,,,,,,,,,,,,
4063378,2023,actual,37.0,0.0,0.0,81.0,0.0,0.0,0.0,0.0,-13.0,50.0,0.0,0.0,1.0,878.56,8.0,0.0,0.0,36.0,43928.0,44.0,7.0,0.0,0.0,1022.0,8.0,,,82.35,1.65
4063378,2024,projected,,,,,,,,,,,,,,,,,,,,,,,,,,,,,
4063378,2024,actual,,,,,,,,,,,,,,,,,,,,,,,,,,,,,
4063378,2025,projected,,,,,,,,,,,,,,,,,,,,,,,,,,,,,
4063378,2025,actual,1.0,0.0,0.0,8.0,0.0,0.0,0.0,0.0,-1.0,5.0,0.0,0.0,0.0,430.8,0.0,0.0,0.0,7.0,2154.0,1.0,0.0,0.0,0.0,52.0,0.0,,,5.05,1.01
4063378,2026,projected,,,,,,,,,,,,,,,,,,,,,,,,,,,,,
4063378,2026,actual,1.0,0.0,0.0,7.0,0.0,0.0,0.0,0.0,1.0,4.0,0.0,0.0,0.0,722.0,0.0,0.0,0.0,0.0,2888.0,4.0,0.0,0.0,0.0,73.0,0.0,,,2.95,0.74
4063378,2027,projected,,,,,,,,,,,,,,,,,,,,,,,,,,,,,
4063378,2027,actual,,,,,,,,,,,,,,,,,,,,,,,,,,,,,
4063401,2023,projected,84.0,8.0,0.0,55.0,8.0,0.0,1.0,1.0,12.0,68.0,1.0,1.0,4.0,1284.0,29.0,7.0,7.0,14.0,87312.0,93.0,25.0,1.0,0.0,277.0,25.0,,,173.5,2.55
4063401,2023,actual,119.0,8.0,0.0,67.0,9.0,0.0,1.0,1.0,-10.0,76.0,1.0,1.0,6.0,1289.7,37.0,8.0,7.0,16.0,98017.0,116.0,31.0,1.0,0.0,2055.0,37.0,,,225.95,2.97
4063401,2024,projected,82.0,8.0,0.0,65.0,9.0,0.0,1.0,0.0,-6.0,71.0,1.0,1.0,5.0,1290.0,30.0,8.0,7.0,18.0,91590.0,96.0,25.0,1.0,0.0,1456.0,25.0,,,179.5,2.53
4063401,2024,actual,73.0,1.0,0.0,70.0,1.0,0.0,0.0,0.0,0.0,59.0,0.0,0.0,3.0,1162.88,18.0,1.0,1.0,10.0,68610.0,99.0,15.0,0.0,0.0,1456.0,18.0,,,137.25,2.33
4063401,2025,projected,111.0,4.0,,69.0,4.0,,,,3.0,73.0,,,5.0,1182.0,29.0,4.0,4.0,18.0,86286.0,105.0,24.0,,,,29.0,,,190.15,2.6
4063401,2025,actual,95.0,1.0,0.0,61.0,1.0,0.0,0.0,2.0,7.0,73.0,0.0,0.0,3.0,1250.96,24.0,1.0,1.0,14.0,91320.0,111.0,21.0,0.0,0.0,1957.0,24.0,,,169.85,2.33
4063401,2026,projected,109.0,1.0,,71.0,1.0,,,,8.0,75.0,,,3.0,1236.0,28.0,1.0,1.0,18.0,92700.0,113.0,25.0,,,,28.0,,,187.35,2.5
4063401,2026,actual,41.0,0.0,0.0,21.0,0.0,0.0,0.0,1.0,17.0,60.0,0.0,0.0,3.0,1086.02,19.0,0.0,0.0,23.0,65161.0,58.0,16.0,0.0,0.0,1273.0,19.0,,,113.85,1.9
4063401,2027,projected,,,,,,,,,,,,,,,,,,,,,,,,,,,,,
4063401,2027,actual,,,,,,,,,,,,,,,,,,,,,,,,,,,,,
4063449,2023,projected,,,,,,,,,,,,,,,,,,,,,,,,,,,,,
4063449,2023,actual,93.0,0.0,1.0,78.0,2.0,0.0,1.0,2.0,23.0,78.0,0.0,2.0,6.0,847.49,14.0,1.0,0.0,35.0,66104.0,63.0,8.0,1.0,0.0,1472.0,14.0,,,133.05,1.71
4063449,2024,projected,,,,,,,,,,,,,,,,,,,,,,,,,,,,,
4063449,2024,actual,90.0,0.0,0.0,50.0,0.0,0.0,0.0,2.0,15.0,72.0,0.0,0.0,8.0,911.83,22.0,0.0,0.0,24.0,65652.0,66.0,14.0,0.0,0.0,1404.0,22.0,,,148.5,2.06
4063449,2025,projected,,,,,,,,,,,,,,,,,,,,,,,,,,,,,
4063449,2025,actual,114.0,0.0,0.0,64.0,1.0,0.0,1.0,2.0,22.0,79.0,0.0,1.0,7.0,1132.67,18.0,1.0,0.0,54.0,89481.0,64.0,11.0,0.0,0.0,1881.0,18.0,,,157.9,2.0
4063449,2026,projected,,,,,,,,,,,,,,,,,,,,,,,,,,,,,
4063449,2026,actual,100.0,0.0,0.0,36.0,0.0,0.0,0.0,1.0,15.0,72.0,0.0,0.0,2.0,1208.35,17.0,0.0,0.0,18.0,87001.0,63.0,15.0,0.0,0.0,1820.0,17.0,,,123.1,1.71
4063449,2027,projected,,,,,,,,,,,,,,,,,,,,,,,,,,,,,
4063449,2027,actual,,,,,,,,,,,,,,,,,,,,,,,,,,,,,
4063504,2023,projected,,,,,,,,,,,,,,,,,,,,,,,,,,,,,
4063504,2023,actual,78.0,0.0,0.0,101.0,0.0,0.0,0.0,1.0,17.0,82.0,0.0,0.0,4.0,842.39,16.0,0.0,0.0,48.0,69076.0,70.0,12.0,0.0,1.0,1574.0,16.0,,,141.6,1.73
4063504,2024,projected,,,,,,,,,,,,,,,,,,,,,,,,,,,,,
4063504,2024,actual,25.0,0.0,0.0,35.0,1.0,0.0,1.0,0.0,-2.0,30.0,0.0,1.0,0.0,755.53,9.0,1.0,0.0,20.0,22666.0,27.0,9.0,0.0,0.0,553.0,9.0,,,61.25,2.04
4063504,2025,projected,,,,,,,,,,,,,,,,,,,,,,,,,,,,,
4063504,2025,actual,58.0,0.0,0.0,89.0,0.0,0.0,0.0,0.0,5.0,64.0,0.0,0.0,0.0,825.31,9.0,0.0,0.0,20.0,52820.0,54.0,9.0,0.0,0.0,1095.0,9.0,,,87.4,1.37
4063504,2026,projected,,,,,,,,,,,,,,,,,,,,,,,,,,,,,
4063504,2026,actual,15.0,0.0,0.0,26.0,0.0,0.0,0.0,1.0,8.0,23.0,0.0,0.0,1.0,939.7,3.0,0.0,0.0,16.0,21613.0,36.0,2.0,0.0,0.0,482.0,3.0,,,43.35,1.88
4063504,2027,projected,,,,,,,,,,,,,,,,,,,,,,,,,,,,,
4063504,2027,actual,,,,,,,,,,,,,,,,,,,,,,,,,,,,,
4063606,2023,projected,,,,,,,,,,,,,,,,,,,,,,,,,,,,,
4063606,2023,actual,29.0,0.0,0.0,11.0,0.0,0.0,0.0,0.0,-1.0,17.0,0.0,0.0,0.0,763.24,3.0,0.0,0.0,2.0,12975.0,9.0,3.0,0.0,0.0,280.0,3.0,,,22.85,1.34
4063606,2024,projected,,,,,,,,,,,,,,,,,,,,,,,,,,,,,
4063606,2024,actual,3.0,0.0,0.0,1.0,0.0,0.0,0.0,0.0,-2.0,1.0,0.0,0.0,0.0,1079.0,0.0,0.0,0.0,0.0,1079.0,3.0,0.0,0.0,0.0,20.0,0.0,,,2.35,2.35
4063606,2025,projected,,,,,,,,,,,,,,,,,,,,,,,,,,,,,
4063606,2025,actual,9.0,0.0,0.0,2.0,0.0,0.0,0.0,0.0,1.0,6.0,0.0,0.0,0.0,921.17,0.0,0.0,0.0,4.0,5527.0,7.0,0.0,0.0,0.0,121.0,0.0,,,7.95,1.32
4063606,2026,projected,,,,,,,,,,,,,,,,,,,,,,,,,,,,,
4063606,2026,actual,2.0,0.0,0.0,4.0,0.0,0.0,0.0,0.0,1.0,3.0,0.0,0.0,0.0,903.33,0.0,0.0,0.0,2.0,2710.0,4.0,0.0,0.0,0.0,60.0,0.0,,,3.9,1.3
4063606,2027,projected,,,,,,,,,,,,,,,,,,,,,,,,,,,,,
4063606,2027,actual,,,,,,,,,,,,,,,,,,,,,,,,,,,,,
4063607,2023,projected,139.0,12.0,0.0,88.0,12.0,0.0,0.0,1.0,-14.0,80.0,3.0,0.0,7.0,1338.0,43.0,9.0,9.0,42.0,107040.0,92.0,36.0,3.0,0.0,167.0,36.0,,,248.05,3.1
4063607,2023,actual,124.0,16.0,0.0,102.0,16.0,0.0,0.0,1.0,6.0,64.0,4.0,0.0,9.0,1301.97,39.0,12.0,12.0,34.0,83326.0,58.0,30.0,4.0,0.0,1668.0,39.0,,,224.2,3.5
4063607,2024,projected,125.0,8.0,0.0,102.0,9.0,0.0,1.0,0.0,-8.0,71.0,2.0,1.0,6.0,1320.0,37.0,7.0,6.0,36.0,93720.0,73.0,31.0,2.0,0.0,2221.0,31.0,,,212.95,3.0
4063607,2024,actual,148.0,11.0,0.0,98.0,11.0,0.0,0.0,0.0,33.0,81.0,2.0,0.0,5.0,1406.48,48.0,9.0,9.0,38.0,113925.0,87.0,43.0,2.0,0.0,2221.0,48.0,,,264.8,3.27
4063607,2025,projected,139.0,14.0,,99.0,14.0,,,,26.0,78.0,3.0,,6.0,1416.0,44.0,11.0,11.0,36.0,110448.0,89.0,38.0,3.0,,,44.0,,,253.65,3.25
4063607,2025,actual,83.0,7.0,0.0,89.0,7.0,0.0,0.0,0.0,0.0,61.0,0.0,0.0,5.0,1433.66,33.0,7.0,7.0,40.0,87453.0,75.0,28.0,0.0,1.0,1798.0,33.0,,,194.65,3.19
4063607,2026,projected,130.0,7.0,,90.0,7.0,,,,-21.0,73.0,1.0,,6.0,1434.0,39.0,6.0,6.0,38.0,104682.0,81.0,33.0,1.0,,,39.0,,,228.0,3.12
4063607,2026,actual,137.0,21.0,0.0,133.0,23.0,0.0,2.0,1.0,-23.0,82.0,4.0,2.0,8.0,1500.34,49.0,19.0,17.0,33.0,123028.0,100.0,41.0,4.0,0.0,2260.0,49.0,,,284.55,3.47
4063607,2027,projected,133.0,18.0,,131.0,18.0,,,,-14.0,81.0,3.0,,8.0,1478.91,50.0,15.0,15.0,37.0,119791.71,93.0,42.0,3.0,,,50.0,,,279.85,3.45
4063607,2027,actual,,,,,,,,,,,,,,,,,,,,,,,,,,,,,
4064936,2023,projected,,,,,,,,,,,,,,,,,,,,,,,,,,,,,
4064936,2023,actual,90.0,0.0,0.0,180.0,1.0,0.0,1.0,1.0,-41.0,80.0,0.0,1.0,6.0,1274.81,13.0,1.0,0.0,22.0,101985.0,197.0,7.0,0.0,0.0,1994.0,13.0,,,197.0,2.46
4064936,2024,projected,75.0,0.0,0.0,166.0,1.0,0.0,1.0,0.0,-31.0,75.0,0.0,1.0,1.0,1272.0,6.0,1.0,0.0,38.0,95400.0,155.0,5.0,0.0,0.0,796.0,5.0,,,150.85,2.01
4064936,2024,actual,37.0,0.0,0.0,83.0,1.0,0.0,1.0,0.0,-1.0,38.0,0.0,1.0,1.0,983.92,10.0,1.0,0.0,14.0,37389.0,78.0,9.0,0.0,0.0,796.0,10.0,,,95.55,2.51
4064936,2025,projected,59.0,,,91.0,,,,,-6.0,54.0,,,2.0,1014.0,8.0,,,20.0,54756.0,77.0,6.0,,,,8.0,,,98.35,1.82
4064936,2025,actual,80.0,0.0,1.0,105.0,2.0,0.0,1.0,0.0,-10.0,76.0,0.0,2.0,1.0,1116.41,17.0,1.0,0.0,15.0,84847.0,126.0,16.0,1.0,0.0,1821.0,17.0,,,156.0,2.05
4064936,2026,projected,63.0,,,99.0,,,,,-12.0,77.0,,,1.0,1068.0,18.0,,,20.0,82236.0,131.0,17.0,,,,18.0,,,156.15,2.03
4064936,2026,actual,82.0,0.0,0.0,105.0,0.0,0.0,0.0,0.0,-12.0,77.0,0.0,0.0,5.0,1163.13,14.0,0.0,0.0,22.0,89561.0,135.0,9.0,0.0,0.0,1866.0,14.0,,,156.5,2.03
4064936,2027,projected,,,,,,,,,,,,,,,,,,,,,,,,,,,,,
4064936,2027,actual,,,,,,,,,,,,,,,,,,,,,,,,,,,,,
4196959,2023,projected,,,,,,,,,,,,,,,,,,,,,,,,,,,,,
4196959,2023,actual,4.0,0.0,0.0,2.0,0.0,0.0,0.0,0.0,-4.0,4.0,0.0,0.0,0.0,675.0,0.0,0.0,0.0,2.0,2700.0,4.0,0.0,0.0,0.0,71.0,0.0,,,4.2,1.05
4196959,2024,projected,,,,,,,,,,,,,,,,,,,,,,,,,,,,,
4196959,2024,actual,28.0,0.0,0.0,26.0,0.0,0.0,0.0,1.0,3.0,34.0,0.0,0.0,2.0,808.85,7.0,0.0,0.0,4.0,27501.0,42.0,5.0,0.0,0.0,647.0,7.0,,,56.6,1.66
4196959,2025,projected,,,,,,,,,,,,,,,,,,,,,,,,,,,,,
4196959,2025,actual,24.0,0.0,0.0,14.0,0.0,0.0,0.0,0.0,4.0,20.0,0.0,0.0,1.0,934.95,6.0,0.0,0.0,0.0,18699.0,14.0,5.0,0.0,0.0,438.0,6.0,,,33.4,1.67
4196959,2026,projected,,,,,,,,,,,,,,,,,,,,,,,,,,,,,
4196959,2026,actual,35.0,0.0,0.0,19.0,0.0,0.0,0.0,1.0,4.0,40.0,0.0,0.0,2.0,852.77,8.0,0.0,0.0,10.0,34111.0,31.0,6.0,0.0,0.0,784.0,8.0,,,58.15,1.45
4196959,2027,projected,,,,,,,,,,,,,,,,,,,,,,,,,,,,,
4196959,2027,actual,,,,,,,,,,,,,,,,,,,,,,,,,,,,,
4197014,2023,projected,,,,,,,,,,,,,,,,,,,,,,,,,,,,,
4197014,2023,actual,27.0,0.0,0.0,34.0,1.0,0.0,1.0,0.0,-24.0,59.0,0.0,1.0,1.0,875.71,9.0,1.0,0.0,8.0,51667.0,69.0,8.0,0.0,0.0,1282.0,9.0,,,77.65,1.32
4197014,2024,projected,,,,,,,,,,,,,,,,,,,,,,,,,,,,,
4197014,2024,actual,15.0,0.0,0.0,17.0,0.0,0.0,0.0,0.0,5.0,36.0,0.0,0.0,1.0,880.61,8.0,0.0,0.0,8.0,31702.0,40.0,7.0,0.0,0.0,711.0,8.0,,,54.45,1.51
4197014,2025,projected,,,,,,,,,,,,,,,,,,,,,,,,,,,,,
4197014,2025,actual,20.0,0.0,0.0,15.0,0.0,0.0,0.0,0.0,-9.0,48.0,0.0,0.0,0.0,863.54,7.0,0.0,0.0,10.0,41450.0,51.0,7.0,0.0,0.0,990.0,7.0,,,58.0,1.21
4197014,2026,projected,,,,,,,,,,,,,,,,,,,,,,,,,,,,,
4197014,2026,actual,22.0,0.0,0.0,14.0,0.0,0.0,0.0,0.0,-9.0,50.0,0.0,0.0,2.0,651.78,8.0,0.0,0.0,10.0,32589.0,29.0,6.0,0.0,0.0,768.0,8.0,,,52.4,1.05
4197014,2027,projected,,,,,,,,,,,,,,,,,,,,,,,,,,,,,
4197014,2027,actual,,,,,,,,,,,,,,,,,,,,,,,,,,,,,
4197146,2023,projected,178.0,34.0,1.0,32.0,37.0,0.0,2.0,5.0,20.0,80.0,2.0,3.0,12.0,1458.0,78.0,34.0,32.0,28.0,116640.0,135.0,66.0,3.0,0.0,10.0,66.0,,,390.2,4.88
4197146,2023,actual,159.0,29.0,0.0,25.0,32.0,0.0,3.0,5.0,28.0,82.0,1.0,3.0,12.0,1462.66,72.0,31.0,28.0,34.0,119938.0,125.0,60.0,1.0,0.0,2165.0,72.0,,,372.75,4.55
4197146,2024,projected,158.0,32.0,1.0,29.0,36.0,0.0,3.0,5.0,26.0,80.0,1.0,4.0,11.0,1476.0,72.0,34.0,31.0,32.0,118080.0,129.0,61.0,2.0,0.0,1830.0,61.0,,,365.4,4.57
4197146,2024,actual,137.0,33.0,1.0,38.0,35.0,0.0,1.0,5.0,21.0,72.0,6.0,2.0,17.0,1406.61,73.0,28.0,27.0,36.0,101276.0,123.0,56.0,7.0,0.0,1830.0,73.0,,,381.05,5.29
4197146,2025,projected,158.0,31.0,1.0,31.0,33.0,,1.0,,26.0,78.0,5.0,2.0,13.0,1428.0,74.0,27.0,26.0,34.0,111384.0,127.0,61.0,6.0,,,74.0,,,379.1,4.86
4197146,2025,actual,135.0,18.0,1.0,40.0,21.0,0.0,2.0,2.0,9.0,74.0,1.0,3.0,10.0,1394.93,61.0,19.0,17.0,32.0,103225.0,108.0,51.0,2.0,0.0,1933.0,61.0,,,316.25,4.27
4197146,2026,projected,141.0,26.0,1.0,41.0,28.0,,1.0,,18.0,75.0,4.0,2.0,15.0,1404.0,69.0,23.0,22.0,34.0,105300.0,119.0,54.0,5.0,,,69.0,,,355.85,4.74
4197146,2026,actual,91.0,24.0,0.0,24.0,25.0,0.0,1.0,1.0,5.0,55.0,5.0,1.0,9.0,1417.76,53.0,20.0,19.0,20.0,77977.0,74.0,44.0,5.0,0.0,1449.0,53.0,,,256.65,4.67
4197146,2027,projected,120.0,27.0,,35.0,27.0,,,,7.0,72.0,5.0,,12.0,1400.31,64.0,22.0,22.0,31.0,100822.32,108.0,52.0,5.0,,,64.0,,,323.0,4.49
4197146,2027,actual,,,,,,,,,,,,,,,,,,,,,,,,,,,,,
4233536,2023,projected,195.0,15.0,0.0,57.0,16.0,0.0,1.0,2.0,6.0,80.0,4.0,1.0,12.0,1500.0,50.0,12.0,11.0,26.0,120000.0,96.0,38.0,4.0,0.0,115.0,38.0,,,277.95,3.47
4233536,2023,actual,206.0,34.0,0.0,49.0,35.0,0.0,1.0,2.0,12.0,79.0,2.0,1.0,11.0,1529.47,73.0,33.0,32.0,32.0,120828.0,96.0,62.0,2.0,0.0,2187.0,73.0,,,371.4,4.7
4233536,2024,projected,192.0,26.0,0.0,51.0,27.0,0.0,1.0,2.0,14.0,74.0,3.0,1.0,8.0,1530.0,62.0,24.0,23.0,28.0,113220.0,94.0,54.0,3.0,0.0,1867.0,54.0,,,317.6,4.29
4233536,2024,actual,162.0,21.0,0.0,53.0,21.0,0.0,0.0,2.0,8.0,71.0,2.0,0.0,9.0,1472.42,54.0,19.0,19.0,36.0,104542.0,97.0,45.0,2.0,0.0,1867.0,54.0,,,296.8,4.18
4233536,2025,projected,187.0,27.0,,51.0,27.0,,,,11.0,74.0,2.0,,10.0,1494.0,63.0,25.0,25.0,34.0,110556.0,94.0,53.0,2.0,,,63.0,,,329.35,4.45
4233536,2025,actual,108.0,7.0,0.0,17.0,7.0,0.0,0.0,0.0,7.0,50.0,0.0,0.0,5.0,1509.62,25.0,7.0,7.0,10.0,75481.0,85.0,20.0,0.0,0.0,1275.0,25.0,,,159.7,3.19
4233536,2026,projected,163.0,25.0,,48.0,25.0,,,,11.0,74.0,2.0,,8.0,1512.0,55.0,23.0,23.0,30.0,111888.0,95.0,47.0,2.0,,,55.0,,,294.55,3.98
4233536,2026,actual,148.0,28.0,1.0,21.0,29.0,0.0,0.0,3.0,9.0,77.0,2.0,1.0,9.0,1528.38,63.0,26.0,26.0,30.0,117685.0,132.0,54.0,3.0,0.0,1937.0,63.0,,,338.1,4.39
4233536,2027,projected,143.0,27.0,1.0,27.0,29.0,,1.0,,9.0,75.0,2.0,2.0,9.0,1562.81,60.0,26.0,25.0,29.0,117210.75,119.0,51.0,3.0,,,60.0,,,318.95,4.25
4233536,2027,actual,,,,,,,,,,,,,,,,,,,,,,,,,,,,,
4233563,2023,projected,244.0,34.0,0.0,98.0,36.0,0.0,2.0,6.0,32.0,78.0,8.0,2.0,25.0,1530.0,85.0,28.0,26.0,28.0,119340.0,113.0,60.0,8.0,0.0,7.0,60.0,,,425.3,5.45
4233563,2023,actual,176.0,30.0,0.0,65.0,30.0,0.0,0.0,6.0,16.0,60.0,5.0,0.0,17.0,1582.82,66.0,25.0,25.0,30.0,94969.0,78.0,49.0,5.0,0.0,1631.0,66.0,,,343.0,5.72
4233563,2024,projected,224.0,36.0,1.0,87.0,38.0,0.0,2.0,1.0,33.0,75.0,8.0,2.0,25.0,1572.0,85.0,30.0,28.0,34.0,117900.0,103.0,60.0,8.0,0.0,1966.0,60.0,1.0,,418.2,5.58
4233563,2024,actual,231.0,39.0,1.0,35.0,43.0,0.0,3.0,1.0,15.0,77.0,7.0,4.0,21.0,1486.18,90.0,35.0,32.0,16.0,114436.0,148.0,69.0,8.0,0.0,1966.0,90.0,1.0,,466.25,6.06
4233563,2025,projected,234.0,33.0,1.0,49.0,35.0,,1.0,,20.0,76.0,6.0,2.0,23.0,1542.0,84.0,28.0,27.0,22.0,117192.0,115.0,61.0,7.0,,,84.0,,,429.4,5.65
4233563,2025,actual,246.0,35.0,2.0,51.0,38.0,0.0,1.0,4.0,28.0,80.0,12.0,3.0,30.0,1542.97,92.0,24.0,23.0,14.0,123438.0,128.0,62.0,14.0,0.0,2137.0,92.0,,,476.1,5.95
4233563,2026,projected,235.0,36.0,1.0,49.0,38.0,,1.0,,22.0,78.0,10.0,2.0,27.0,1542.0,91.0,27.0,26.0,18.0,120276.0,136.0,64.0,11.0,,,91.0,,,466.65,5.98
4233563,2026,actual,199.0,29.0,0.0,35.0,29.0,0.0,0.0,4.0,32.0,75.0,4.0,0.0,20.0,1490.85,79.0,25.0,25.0,24.0,111814.0,117.0,59.0,4.0,0.0,1938.0,79.0,,,401.25,5.35
4233563,2027,projected,221.0,31.0,,40.0,31.0,,,,32.0,78.0,6.0,,22.0,1527.13,82.0,25.0,25.0,24.0,119116.14,123.0,60.0,6.0,,,82.0,,,419.25,5.38
4233563,2027,actual,,,,,,,,,,,,,,,,,,,,,,,,,,,,,
4233618,2023,projected,,,,,,,,,,,,,,,,,,,,,,,,,,,,,
4233618,2023,actual,84.0,1.0,1.0,107.0,3.0,0.0,1.0,0.0,24.0,67.0,0.0,2.0,6.0,1074.51,18.0,2.0,1.0,30.0,71992.0,93.0,12.0,1.0,0.0,1591.0,18.0,,,156.7,2.34
4233618,2024,projected,,,,,,,,,,,,,,,,,,,,,,,,,,,,,
4233618,2024,actual,62.0,7.0,0.0,85.0,8.0,0.0,1.0,1.0,3.0,55.0,0.0,1.0,3.0,1179.8,23.0,8.0,7.0,16.0,64889.0,116.0,20.0,0.0,0.0,1454.0,23.0,,,167.5,3.05
4233618,2025,projected,,,,,,,,,,,,,,,,,,,,,,,,,,,,,
4233618,2025,actual,102.0,4.0,0.0,64.0,4.0,0.0,0.0,0.0,-25.0,68.0,2.0,0.0,6.0,1151.74,17.0,2.0,2.0,38.0,78318.0,111.0,11.0,2.0,0.0,1619.0,17.0,,,166.4,2.45
4233618,2026,projected,,,,,,,,,,,,,,,,,,,,,,,,,,,,,
4233618,2026,actual,40.0,2.0,0.0,38.0,2.0,0.0,0.0,0.0,-7.0,47.0,0.0,0.0,1.0,1191.11,11.0,2.0,2.0,29.0,55982.0,90.0,10.0,0.0,0.0,1118.0,11.0,,,108.3,2.3
4233618,2027,projected,,,,,,,,,,,,,,,,,,,,,,,,,,,,,
4233618,2027,actual,,,,,,,,,,,,,,,,,,,,,,,,,,,,,
4233619,2023,projected,,,,,,,,,,,,,,,,,,,,,,,,,,,,,
4233619,2023,actual,27.0,0.0,0.0,18.0,0.0,0.0,0.0,0.0,-16.0,23.0,0.0,0.0,0.0,987.48,2.0,0.0,0.0,0.0,22712.0,28.0,2.0,0.0,0.0,464.0,2.0,,,28.55,1.24
4233619,2024,projected,,,,,,,,,,,,,,,,,,,,,,,,,,,,,
4233619,2024,actual,67.0,0.0,0.0,52.0,1.0,0.0,1.0,0.0,0.0,68.0,0.0,1.0,1.0,1048.56,14.0,1.0,0.0,26.0,71302.0,79.0,13.0,0.0,0.0,1515.0,14.0,,,118.45,1.74
4233619,2025,projected,,,,,,,,,,,,,,,,,,,,,,,,,,,,,
4233619,2025,actual,42.0,0.0,0.0,19.0,0.0,0.0,0.0,0.0,8.0,51.0,0.0,0.0,2.0,984.65,16.0,0.0,0.0,18.0,50217.0,49.0,14.0,0.0,0.0,1070.0,16.0,,,95.9,1.88
4233619,2026,projected,,,,,,,,,,,,,,,,,,,,,,,,,,,,,
4233619,2026,actual,23.0,0.0,0.0,11.0,0.0,0.0,0.0,0.0,0.0,34.0,0.0,0.0,0.0,831.32,6.0,0.0,0.0,14.0,28265.0,27.0,6.0,0.0,0.0,632.0,6.0,,,45.35,1.33
4233619,2027,projected,,,,,,,,,,,,,,,,,,,,,,,,,,,,,
4233619,2027,actual,,,,,,,,,,,,,,,,,,,,,,,,,,,,,
4233653,2023,projected,,,,,,,,,,,,,,,,,,,,,,,,,,,,,
4233653,2023,actual,108.0,3.0,0.0,88.0,3.0,0.0,0.0,1.0,8.0,75.0,1.0,0.0,5.0,914.95,21.0,2.0,2.0,44.0,68621.0,36.0,16.0,1.0,0.0,1584.0,21.0,,,146.8,1.96
4233653,2024,projected,,,,,,,,,,,,,,,,,,,,,,,,,,,,,
4233653,2024,actual,42.0,0.0,0.0,45.0,0.0,0.0,0.0,1.0,-3.0,52.0,0.0,0.0,2.0,905.08,11.0,0.0,0.0,14.0,47064.0,44.0,9.0,0.0,0.0,1047.0,11.0,,,80.0,1.54
4233653,2025,projected,,,,,,,,,,,,,,,,,,,,,,,,,,,,,
4233653,2025,actual,42.0,0.0,0.0,36.0,0.0,0.0,0.0,0.0,-22.0,47.0,0.0,0.0,0.0,915.68,3.0,0.0,0.0,45.0,43037.0,36.0,3.0,0.0,0.0,962.0,3.0,,,63.6,1.35
4233653,2026,projected,,,,,,,,,,,,,,,,,,,,,,,,,,,,,
4233653,2026,actual,22.0,0.0,0.0,18.0,0.0,4.0,0.0,0.0,-19.0,32.0,0.0,0.0,1.0,799.84,6.0,0.0,0.0,8.0,25595.0,28.0,5.0,0.0,11.0,622.0,6.0,,,44.3,1.38
4233653,2027,projected,,,,,,,,,,,,,,,,,,,,,,,,,,,,,
4233653,2027,actual,,,,,,,,,,,,,,,,,,,,,,,,,,,,,
4233705,2023,projected,,,,,,,,,,,,,,,,,,,,,,,,,,,,,
4233705,2023,actual,79.0,0.0,0.0,63.0,0.0,0.0,0.0,0.0,-12.0,60.0,0.0,0.0,3.0,1261.47,13.0,0.0,0.0,30.0,75688.0,58.0,10.0,0.0,0.0,1648.0,13.0,,,112.05,1.87
4233705,2024,projected,,,,,,,,,,,,,,,,,,,,,,,,,,,,,
4233705,2024,actual,84.0,0.0,0.0,82.0,1.0,0.0,1.0,1.0,14.0,74.0,0.0,1.0,3.0,1138.8,20.0,1.0,0.0,24.0,84271.0,106.0,17.0,0.0,0.0,1792.0,20.0,,,159.2,2.15
4233705,2025,projected,,,,,,,,,,,,,,,,,,,,,,,,,,,,,
4233705,2025,actual,59.0,0.0,0.0,49.0,0.0,0.0,0.0,2.0,13.0,60.0,0.0,0.0,3.0,1069.55,10.0,0.0,0.0,14.0,64173.0,53.0,7.0,0.0,0.0,1420.0,10.0,,,88.15,1.47
4233705,2026,projected,,,,,,,,,,,,,,,,,,,,,,,,,,,,,
4233705,2026,actual,40.0,2.0,0.0,27.0,2.0,0.0,0.0,1.0,2.0,41.0,0.0,0.0,2.0,1068.27,15.0,2.0,2.0,14.0,43799.0,37.0,13.0,0.0,0.0,951.0,15.0,,,87.2,2.13
4233705,2027,projected,,,,,,,,,,,,,,,,,,,,,,,,,,,,,
4233705,2027,actual,,,,,,,,,,,,,,,,,,,,,,,,,,,,,
4233868,2023,projected,,,,,,,,,,,,,,,,,,,,,,,,,,,,,
4233868,2023,actual,19.0,4.0,0.0,23.0,4.0,0.0,0.0,1.0,-1.0,27.0,0.0,0.0,2.0,905.41,14.0,4.0,4.0,8.0,24446.0,18.0,12.0,0.0,0.0,548.0,14.0,,,67.05,2.48
4233868,2024,projected,,,,,,,,,,,,,,,,,,,,,,,,,,,,,
4233868,2024,actual,25.0,2.0,0.0,32.0,2.0,0.0,0.0,0.0,9.0,25.0,0.0,0.0,1.0,961.28,10.0,2.0,2.0,18.0,24032.0,28.0,9.0,0.0,0.0,552.0,10.0,,,64.45,2.58
4233868,2025,projected,,,,,,,,,,,,,,,,,,,,,,,,,,,,,
4233868,2025,actual,69.0,0.0,0.0,55.0,0.0,0.0,0.0,0.0,11.0,68.0,0.0,0.0,3.0,1015.32,15.0,0.0,0.0,30.0,69042.0,90.0,12.0,0.0,0.0,1673.0,15.0,,,130.75,1.92
4233868,2026,projected,,,,,,,,,,,,,,,,,,,,,,,,,,,,,
4233868,2026,actual,44.0,0.0,0.0,29.0,0.0,0.0,0.0,0.0,-8.0,39.0,0.0,0.0,0.0,1125.72,8.0,0.0,0.0,18.0,43903.0,81.0,8.0,0.0,0.0,961.0,8.0,,,87.4,2.24
4233868,2027,projected,,,,,,,,,,,,,,,,,,,,,,,,,,,,,
4233868,2027,actual,,,,,,,,,,,,,,,,,,,,,,,,,,,,,
4233870,2023,projected,,,,,,,,,,,,,,,,,,,,,,,,,,,,,
4233870,2023,actual,103.0,0.0,0.0,117.0,0.0,0.0,0.0,1.0,7.0,81.0,0.0,0.0,3.0,1085.46,17.0,0.0,0.0,51.0,87922.0,133.0,14.0,0.0,0.0,1827.0,17.0,,,184.45,2.28
4233870,2024,projected,,,,,,,,,,,,,,,,,,,,,,,,,,,,,
4233870,2024,actual,105.0,0.0,0.0,137.0,0.0,0.0,0.0,1.0,-5.0,73.0,0.0,0.0,2.0,1113.15,12.0,0.0,0.0,43.0,81260.0,111.0,10.0,0.0,0.0,1679.0,12.0,,,155.95,2.14
4233870,2025,projected,,,,,,,,,,,,,,,,,,,,,,,,,,,,,
4233870,2025,actual,74.0,0.0,0.0,81.0,0.0,0.0,0.0,1.0,-2.0,68.0,0.0,0.0,5.0,1019.76,12.0,0.0,0.0,40.0,69344.0,74.0,7.0,0.0,0.0,1433.0,12.0,,,125.6,1.85
4233870,2026,projected,,,,,,,,,,,,,,,,,,,,,,,,,,,,,
4233870,2026,actual,56.0,0.0,0.0,76.0,1.0,0.0,1.0,1.0,-10.0,62.0,0.0,1.0,3.0,1177.81,15.0,1.0,0.0,47.0,73024.0,54.0,12.0,0.0,0.0,1465.0,15.0,,,122.1,1.97
4233870,2027,projected,,,,,,,,,,,,,,,,,,,,,,,,,,,,,
4233870,2027,actual,,,,,,,,,,,,,,,,,,,,,,,,,,,,,
4233878,2023,projected,,,,,,,,,,,,,,,,,,,,,,,,,,,,,
4233878,2023,actual,49.0,0.0,0.0,91.0,1.0,0.0,1.0,0.0,10.0,63.0,0.0,1.0,2.0,895.56,8.0,1.0,0.0,25.0,56420.0,93.0,6.0,0.0,0.0,1260.0,8.0,,,107.35,1.7
4233878,2024,projected,,,,,,,,,,,,,,,,,,,,,,,,,,,,,
4233878,2024,actual,77.0,1.0,0.0,62.0,2.0,0.0,1.0,0.0,16.0,78.0,0.0,1.0,1.0,937.54,18.0,2.0,1.0,43.0,73128.0,111.0,17.0,0.0,0.0,1617.0,18.0,,,158.95,2.04
4233878,2025,projected,,,,,,,,,,,,,,,,,,,,,,,,,,,,,
4233878,2025,actual,95.0,1.0,0.0,56.0,1.0,0.0,0.0,2.0,34.0,60.0,0.0,0.0,6.0,1268.25,20.0,1.0,1.0,26.0,76095.0,120.0,14.0,0.0,0.0,1586.0,20.0,,,170.85,2.85
4233878,2026,projected,,,,,,,,,,,,,,,,,,,,,,,,,,,,,
4233878,2026,actual,87.0,0.0,0.0,53.0,0.0,0.0,0.0,0.0,5.0,66.0,0.0,0.0,1.0,1309.3,14.0,0.0,0.0,14.0,86414.0,115.0,13.0,0.0,0.0,1771.0,14.0,,,134.55,2.04
4233878,2027,projected,,,,,,,,,,,,,,,,,,,,,,,,,,,,,
4233878,2027,actual,,,,,,,,,,,,,,,,,,,,,,,,,,,,,
4233884,2023,projected,,,,,,,,,,,,,,,,,,,,,,,,,,,,,
4233884,2023,actual,66.0,1.0,0.0,129.0,1.0,1.0,0.0,0.0,-31.0,72.0,0.0,0.0,4.0,1296.18,11.0,1.0,1.0,24.0,93325.0,145.0,7.0,0.0,1.0,1693.0,11.0,,,151.4,2.1
4233884,2024,projected,46.0,0.0,0.0,98.0,0.0,0.0,0.0,0.0,-29.0,60.0,0.0,0.0,1.0,1302.0,7.0,0.0,0.0,16.0,78120.0,103.0,6.0,0.0,0.0,1953.0,6.0,,,101.8,1.7
4233884,2024,actual,124.0,0.0,0.0,100.0,0.0,0.0,0.0,0.0,-38.0,78.0,0.0,0.0,3.0,1372.17,21.0,0.0,0.0,36.0,107029.0,195.0,18.0,0.0,0.0,1953.0,21.0,,,222.5,2.85
4233884,2025,projected,131.0,,,127.0,,,,,-34.0,77.0,,,3.0,1362.0,18.0,,,34.0,104874.0,153.0,15.0,,,,18.0,,,195.95,2.54
4233884,2025,actual,79.0,0.0,0.0,149.0,1.0,0.0,1.0,1.0,-25.0,78.0,0.0,1.0,5.0,1284.03,17.0,1.0,0.0,53.0,100154.0,125.0,12.0,0.0,0.0,1903.0,17.0,,,181.65,2.33
4233884,2026,projected,79.0,,,148.0,,,,,-23.0,78.0,,,4.0,1272.0,20.0,,,48.0,99216.0,149.0,16.0,,,,20.0,,,197.05,2.53
4233884,2026,actual,94.0,0.0,0.0,138.0,0.0,0.0,0.0,0.0,-1.0,82.0,0.0,0.0,7.0,1261.7,23.0,0.0,0.0,35.0,103459.0,150.0,16.0,0.0,0.0,1827.0,23.0,,,205.8,2.51
4233884,2027,projected,94.0,,,136.0,,,,,-9.0,84.0,,,6.0,1318.54,22.0,,,38.0,110757.36,150.0,16.0,,,,22.0,,,203.1,2.42
4233884,2027,actual,,,,,,,,,,,,,,,,,,,,,,,,,,,,,
4271557,2023,projected,,,,,,,,,,,,,,,,,,,,,,,,,,,,,
4271557,2023,actual,,,,,,,,,,,,,,,,,,,,,,,,,,,,,
4271557,2024,projected,,,,,,,,,,,,,,,,,,,,,,,,,,,,,
4271557,2024,actual,,,,,,,,,,,,,,,,,,,,,,,,,,,,,
4271557,2025,projected,,,,,,,,,,,,,,,,,,,,,,,,,,,,,
4271557,2025,actual,44.0,0.0,0.0,69.0,0.0,0.0,0.0,0.0,0.0,41.0,0.0,0.0,0.0,689.22,2.0,0.0,0.0,28.0,28258.0,37.0,2.0,0.0,0.0,630.0,2.0,,,56.4,1.38
4271557,2026,projected,,,,,,,,,,,,,,,,,,,,,,,,,,,,,
4271557,2026,actual,0.0,0.0,0.0,6.0,0.0,0.0,0.0,0.0,-1.0,3.0,0.0,0.0,0.0,645.33,1.0,0.0,0.0,4.0,1936.0,1.0,1.0,0.0,0.0,38.0,1.0,,,6.1,2.03
4271557,2027,projected,,,,,,,,,,,,,,,,,,,,,,,,,,,,,
4271557,2027,actual,,,,,,,,,,,,,,,,,,,,,,,,,,,,,
4271998,2023,projected,,,,,,,,,,,,,,,,,,,,,,,,,,,,,
4271998,2023,actual,75.0,0.0,1.0,68.0,2.0,0.0,1.0,0.0,29.0,63.0,0.0,2.0,1.0,1130.4,18.0,1.0,0.0,45.0,71215.0,92.0,17.0,1.0,0.0,1478.0,18.0,,,152.05,2.41
4271998,2024,projected,,,,,,,,,,,,,,,,,,,,,,,,,,,,,
4271998,2024,actual,73.0,0.0,0.0,92.0,0.0,0.0,0.0,1.0,22.0,76.0,0.0,0.0,3.0,1161.01,17.0,0.0,0.0,36.0,88237.0,103.0,14.0,0.0,0.0,1760.0,17.0,,,151.95,2.0
4271998,2025,projected,,,,,,,,,,,,,,,,,,,,,,,,,,,,,
4271998,2025,actual,63.0,0.0,0.0,80.0,2.0,0.0,2.0,0.0,0.0,72.0,0.0,2.0,4.0,1182.24,22.0,2.0,0.0,40.0,85121.0,128.0,18.0,0.0,0.0,1823.0,22.0,,,179.75,2.5
4271998,2026,projected,,,,,,,,,,,,,,,,,,,,,,,,,,,,,
4271998,2026,actual,48.0,0.0,0.0,47.0,1.0,1.0,1.0,1.0,-2.0,76.0,0.0,1.0,2.0,1100.32,9.0,1.0,0.0,60.0,83624.0,117.0,7.0,0.0,0.0,1722.0,9.0,,,136.2,1.79
4271998,2027,projected,,,,,,,,,,,,,,,,,,,,,,,,,,,,,
4271998,2027,actual,,,,,,,,,,,,,,,,,,,,,,,,,,,,,
4272905,2023,projected,144.0,3.0,0.0,71.0,1.0,0.0,0.0,1.0,-4.0,67.0,0.0,0.0,7.0,1074.0,26.0,1.0,3.0,22.0,71958.0,93.0,19.0,0.0,0.0,281.0,19.0,,,181.1,2.7
4272905,2023,actual,94.0,1.0,0.0,77.0,1.0,0.0,0.0,1.0,-3.0,70.0,0.0,0.0,3.0,890.24,13.0,1.0,1.0,36.0,62317.0,104.0,10.0,0.0,0.0,1236.0,13.0,,,144.7,2.07
4272905,2024,projected,,,,,,,,,,,,,,,,,,,,,,,,,,,,,
4272905,2024,actual,150.0,1.0,2.0,105.0,4.0,0.0,1.0,1.0,11.0,81.0,0.0,3.0,10.0,1153.9,29.0,2.0,1.0,50.0,93466.0,127.0,19.0,2.0,0.0,2087.0,29.0,,,240.0,2.96
4272905,2025,projected,138.0,1.0,1.0,101.0,3.0,,1.0,,12.0,75.0,,2.0,7.0,1050.01,22.0,2.0,1.0,52.0,78750.98,120.0,15.0,1.0,,,22.0,,,207.1,2.76
4272905,2025,actual,144.0,0.0,0.0,91.0,0.0,0.0,0.0,0.0,-7.0,82.0,0.0,0.0,5.0,1010.02,16.0,0.0,0.0,46.0,82822.0,90.0,11.0,0.0,0.0,1706.0,16.0,,,166.1,2.03
4272905,2026,projected,,,,,,,,,,,,,,,,,,,,,,,,,,,,,
4272905,2026,actual,179.0,1.0,0.0,141.0,3.0,0.0,2.0,1.0,6.0,81.0,0.0,2.0,9.0,1308.74,31.0,3.0,1.0,59.0,106008.0,125.0,22.0,0.0,0.0,2193.0,31.0,,,256.35,3.16
4272905,2027,projected,170.0,1.0,,139.0,1.0,,,,5.0,83.0,,,9.0,1224.82,31.0,1.0,1.0,58.0,101660.06,124.0,22.0,,,,31.0,,,249.9,3.01
4272905,2027,actual,,,,,,,,,,,,,,,,,,,,,,,,,,,,,
4294163,2023,projected,186.0,24.0,0.0,125.0,24.0,0.0,0.0,2.0,-13.0,78.0,4.0,0.0,11.0,1452.0,55.0,20.0,20.0,56.0,120642.0,94.0,44.0,4.0,0.0,72.0,44.0,,,315.0,4.04
4294163,2023,actual,204.0,32.0,0.0,105.0,32.0,0.0,0.0,2.0,12.0,78.0,6.0,0.0,15.0,1546.69,73.0,26.0,26.0,92.0,120642.0,132.0,58.0,6.0,0.0,2388.0,73.0,,,428.5,5.49
4294163,2024,projected,214.0,35.0,0.0,116.0,36.0,0.0,1.0,2.0,14.0,80.0,7.0,1.0,16.0,1536.0,78.0,29.0,28.0,88.0,122880.0,125.0,62.0,7.0,0.0,2336.0,62.0,,,429.6,5.37
4294163,2024,actual,235.0,20.0,0.0,174.0,20.0,0.0,0.0,2.0,-3.0,81.0,6.0,0.0,20.0,1525.35,59.0,14.0,14.0,66.0,123553.0,154.0,39.0,6.0,0.0,2336.0,59.0,,,398.15,4.92
4294163,2025,projected,241.0,21.0,,178.0,21.0,,,,5.0,80.0,6.0,,21.0,1524.0,64.0,15.0,15.0,72.0,121920.0,142.0,43.0,6.0,,,64.0,,,411.55,5.14
4294163,2025,actual,200.0,21.0,0.0,100.0,22.0,0.0,1.0,1.0,11.0,73.0,5.0,1.0,17.0,1454.14,68.0,17.0,16.0,54.0,106152.0,98.0,51.0,5.0,0.0,2112.0,68.0,,,372.0,5.1
4294163,2026,projected,218.0,21.0,,111.0,21.0,,,,13.0,79.0,6.0,,18.0,1488.0,66.0,15.0,15.0,62.0,117552.0,127.0,48.0,6.0,,,66.0,,,389.6,4.93
4294163,2026,actual,194.0,22.0,0.0,67.0,22.0,0.0,0.0,0.0,18.0,77.0,6.0,0.0,19.0,1451.14,74.0,16.0,16.0,76.0,111738.0,80.0,55.0,6.0,0.0,2110.0,74.0,1.0,,391.2,5.08
4294163,2027,projected,206.0,23.0,,90.0,23.0,,,,16.0,79.0,7.0,,18.0,1512.47,71.0,16.0,16.0,74.0,119485.13,91.0,53.0,7.0,,,71.0,,,389.0,4.92
4294163,2027,actual,,,,,,,,,,,,,,,,,,,,,,,,,,,,,
4312877,2023,projected,,,,,,,,,,,,,,,,,,,,,,,,,,,,,
4312877,2023,actual,64.0,0.0,0.0,90.0,0.0,0.0,0.0,1.0,10.0,59.0,0.0,0.0,5.0,1026.69,12.0,0.0,0.0,41.0,60575.0,97.0,7.0,0.0,0.0,1269.0,12.0,,,136.0,2.31
4312877,2024,projected,,,,,,,,,,,,,,,,,,,,,,,,,,,,,
4312877,2024,actual,51.0,0.0,0.0,117.0,1.0,0.0,1.0,1.0,-3.0,61.0,0.0,1.0,2.0,1055.02,14.0,1.0,0.0,32.0,64356.0,105.0,12.0,0.0,0.0,1315.0,14.0,,,138.95,2.28
4312877,2025,projected,,,,,,,,,,,,,,,,,,,,,,,,,,,,,
4312877,2025,actual,72.0,0.0,0.0,116.0,0.0,0.0,0.0,0.0,7.0,74.0,0.0,0.0,4.0,1050.65,13.0,0.0,0.0,37.0,77748.0,103.0,9.0,0.0,0.0,1582.0,13.0,,,142.6,1.93
4312877,2026,projected,,,,,,,,,,,,,,,,,,,,,,,,,,,,,
4312877,2026,actual,67.0,0.0,0.0,124.0,0.0,0.0,0.0,0.0,-6.0,78.0,0.0,0.0,2.0,1219.51,17.0,0.0,0.0,30.0,95122.0,140.0,15.0,0.0,0.0,1967.0,17.0,,,167.15,2.14
4312877,2027,projected,,,,,,,,,,,,,,,,,,,,,,,,,,,,,
4312877,2027,actual,,,,,,,,,,,,,,,,,,,,,,,,,,,,,
4316979,2023,projected,,,,,,,,,,,,,,,,,,,,,,,,,,,,,
4316979,2023,actual,,,,,,,,,,,,,,,,,,,,,,,,,,,,,
4316979,2024,projected,,,,,,,,,,,,,,,,,,,,,,,,,,,,,
4316979,2024,actual,,,,,,,,,,,,,,,,,,,,,,,,,,,,,
4316979,2025,projected,,,,,,,,,,,,,,,,,,,,,,,,,,,,,
4316979,2025,actual,1.0,0.0,0.0,3.0,0.0,0.0,0.0,0.0,0.0,2.0,0.0,0.0,0.0,947.5,0.0,0.0,0.0,2.0,1895.0,1.0,0.0,0.0,0.0,42.0,0.0,,,2.05,1.02
4316979,2026,projected,,,,,,,,,,,,,,,,,,,,,,,,,,,,,
4316979,2026,actual,8.0,0.0,0.0,6.0,0.0,0.0,0.0,0.0,2.0,11.0,0.0,0.0,0.0,691.91,2.0,0.0,0.0,2.0,7611.0,6.0,2.0,0.0,0.0,174.0,2.0,,,12.6,1.15
4316979,2027,projected,,,,,,,,,,,,,,,,,,,,,,,,,,,,,
4316979,2027,actual,,,,,,,,,,,,,,,,,,,,,,,,,,,,,
4319927,2023,projected,,,,,,,,,,,,,,,,,,,,,,,,,,,,,
4319927,2023,actual,31.0,0.0,0.0,61.0,0.0,0.0,0.0,0.0,-4.0,30.0,0.0,0.0,3.0,842.83,7.0,0.0,0.0,48.0,25285.0,29.0,4.0,0.0,0.0,646.0,7.0,,,76.35,2.54
4319927,2024,projected,58.0,0.0,0.0,116.0,0.0,0.0,0.0,0.0,-6.0,55.0,0.0,0.0,4.0,858.0,14.0,0.0,0.0,82.0,47190.0,57.0,10.0,0.0,0.0,22.0,10.0,,,137.6,2.5
4319927,2024,actual,1.0,0.0,0.0,1.0,0.0,0.0,0.0,0.0,1.0,1.0,0.0,0.0,0.0,987.0,0.0,0.0,0.0,5.0,987.0,3.0,0.0,0.0,0.0,22.0,0.0,,,4.35,4.35
4319927,2025,projected,42.0,,,57.0,,,,,3.0,48.0,,,1.0,876.0,3.0,,,12.0,42048.0,33.0,2.0,,,,3.0,,,48.7,1.01
4319927,2025,actual,1.0,0.0,0.0,4.0,0.0,0.0,0.0,0.0,0.0,2.0,0.0,0.0,0.0,967.5,0.0,0.0,0.0,5.0,1935.0,1.0,0.0,0.0,0.0,38.0,0.0,,,3.65,1.82
4319927,2026,projected,,,,,,,,,,,,,,,,,,,,,,,,,,,,,
4319927,2026,actual,2.0,0.0,0.0,2.0,0.0,0.0,0.0,0.0,-3.0,3.0,0.0,0.0,0.0,767.0,0.0,0.0,0.0,4.0,2301.0,2.0,0.0,0.0,0.0,51.0,0.0,,,3.7,1.23
4319927,2027,projected,,,,,,,,,,,,,,,,,,,,,,,,,,,,,
4319927,2027,actual,,,,,,,,,,,,,,,,,,,,,,,,,,,,,
4320548,2023,projected,161.0,30.0,0.0,21.0,31.0,0.0,1.0,0.0,15.0,78.0,2.0,1.0,10.0,1530.0,73.0,29.0,28.0,30.0,119340.0,60.0,63.0,2.0,1.0,80.0,63.0,,,323.35,4.15
4320548,2023,actual,154.0,34.0,0.0,29.0,35.0,0.0,1.0,0.0,14.0,78.0,2.0,1.0,7.0,1539.68,76.0,33.0,32.0,34.0,120095.0,71.0,69.0,2.0,1.0,2163.0,76.0,,,347.9,4.46
4320548,2024,projected,151.0,31.0,0.0,23.0,32.0,0.0,1.0,2.0,12.0,77.0,1.0,1.0,7.0,1530.0,67.0,31.0,30.0,32.0,117810.0,61.0,60.0,1.0,0.0,2075.0,60.0,,,306.55,3.98
4320548,2024,actual,199.0,38.0,0.0,29.0,38.0,0.0,0.0,2.0,38.0,82.0,5.0,0.0,17.0,1481.1,92.0,33.0,33.0,38.0,121450.0,55.0,75.0,5.0,0.0,2075.0,92.0,,,415.65,5.07
4320548,2025,projected,187.0,38.0,,29.0,38.0,,,,28.0,81.0,6.0,,15.0,1512.0,86.0,32.0,32.0,36.0,122472.0,62.0,71.0,6.0,,,86.0,,,393.65,4.86
4320548,2025,actual,192.0,29.0,0.0,13.0,29.0,0.0,0.0,3.0,2.0,68.0,4.0,0.0,16.0,1543.75,76.0,25.0,25.0,29.0,104975.0,67.0,60.0,4.0,0.0,1720.0,76.0,,,360.8,5.31
4320548,2026,projected,212.0,32.0,,25.0,32.0,,,,16.0,77.0,6.0,,17.0,1542.0,88.0,26.0,26.0,34.0,118734.0,59.0,71.0,6.0,,,88.0,,,402.0,5.22
4320548,2026,actual,187.0,34.0,0.0,7.0,34.0,0.0,0.0,1.0,-4.0,74.0,2.0,0.0,7.0,1664.26,76.0,32.0,32.0,32.0,123155.0,87.0,69.0,2.0,0.0,1771.0,76.0,,,360.95,4.88
4320548,2027,projected,197.0,36.0,,10.0,36.0,,,,1.0,76.0,4.0,,9.0,1638.49,81.0,32.0,32.0,31.0,124525.24,84.0,72.0,4.0,,,81.0,,,379.75,5.0
4320548,2027,actual,,,,,,,,,,,,,,,,,,,,,,,,,,,,,
4331604,2023,projected,,,,,,,,,,,,,,,,,,,,,,,,,,,,,
4331604,2023,actual,8.0,0.0,0.0,12.0,0.0,0.0,0.0,0.0,-1.0,9.0,0.0,0.0,0.0,1025.67,3.0,0.0,0.0,6.0,9231.0,7.0,3.0,0.0,0.0,236.0,3.0,,,18.7,2.08
4331604,2024,projected,,,,,,,,,,,,,,,,,,,,,,,,,,,,,
4331604,2024,actual,76.0,0.0,0.0,99.0,0.0,0.0,0.0,2.0,11.0,65.0,0.0,0.0,5.0,947.57,21.0,0.0,0.0,66.0,61592.0,59.0,16.0,0.0,0.0,1474.0,21.0,,,161.4,2.48
4331604,2025,projected,,,,,,,,,,,,,,,,,,,,,,,,,,,,,
4331604,2025,actual,150.0,3.0,0.0,86.0,3.0,0.0,0.0,1.0,4.0,82.0,1.0,0.0,7.0,1061.2,29.0,2.0,2.0,89.0,87018.0,67.0,22.0,1.0,0.0,2047.0,29.0,,,221.1,2.7
4331604,2026,projected,,,,,,,,,,,,,,,,,,,,,,,,,,,,,
4331604,2026,actual,46.0,0.0,0.0,25.0,0.0,0.0,0.0,0.0,0.0,34.0,0.0,0.0,0.0,803.68,2.0,0.0,0.0,50.0,27325.0,38.0,2.0,0.0,0.0,614.0,2.0,,,64.0,1.88
4331604,2027,projected,,,,,,,,,,,,,,,,,,,,,,,,,,,,,
4331604,2027,actual,,,,,,,,,,,,,,,,,,,,,,,,,,,,,
4331611,2023,projected,,,,,,,,,,,,,,,,,,,,,,,,,,,,,
4331611,2023,actual,2.0,0.0,0.0,4.0,0.0,0.0,0.0,0.0,-3.0,4.0,0.0,0.0,0.0,995.75,0.0,0.0,0.0,4.0,3983.0,8.0,0.0,0.0,0.0,82.0,0.0,,,6.9,1.73
4331611,2024,projected,,,,,,,,,,,,,,,,,,,,,,,,,,,,,
4331611,2024,actual,,,,,,,,,,,,,,,,,,,,,,,,,,,,,
4331611,2025,projected,,,,,,,,,,,,,,,,,,,,,,,,,,,,,
4331611,2025,actual,,,,,,,,,,,,,,,,,,,,,,,,,,,,,
4331611,2026,projected,,,,,,,,,,,,,,,,,,,,,,,,,,,,,
4331611,2026,actual,18.0,0.0,0.0,15.0,0.0,0.0,0.0,0.0,-16.0,29.0,0.0,0.0,0.0,868.14,3.0,0.0,0.0,35.0,25176.0,44.0,3.0,0.0,0.0,527.0,3.0,,,54.5,1.88
4331611,2027,projected,,,,,,,,,,,,,,,,,,,,,,,,,,,,,
4331611,2027,actual,,,,,,,,,,,,,,,,,,,,,,,,,,,,,
4342107,2023,projected,,,,,,,,,,,,,,,,,,,,,,,,,,,,,
4342107,2023,actual,41.0,0.0,1.0,99.0,2.0,0.0,1.0,1.0,-2.0,68.0,0.0,2.0,2.0,900.53,14.0,1.0,0.0,38.0,61236.0,104.0,12.0,1.0,0.0,1469.0,14.0,,,139.15,2.05
4342107,2024,projected,,,,,,,,,,,,,,,,,,,,,,,,,,,,,
4342107,2024,actual,47.0,0.0,0.0,159.0,0.0,0.0,0.0,0.0,-11.0,74.0,0.0,0.0,0.0,1027.49,8.0,0.0,0.0,57.0,76034.0,168.0,8.0,0.0,0.0,1717.0,8.0,,,164.15,2.22
4342107,2025,projected,,,,,,,,,,,,,,,,,,,,,,,,,,,,,
4342107,2025,actual,51.0,0.0,0.0,84.0,0.0,0.0,0.0,0.0,5.0,80.0,0.0,0.0,1.0,1043.21,14.0,0.0,0.0,32.0,83457.0,136.0,13.0,0.0,0.0,1763.0,14.0,,,148.15,1.85
4342107,2026,projected,,,,,,,,,,,,,,,,,,,,,,,,,,,,,
4342107,2026,actual,33.0,0.0,0.0,68.0,0.0,0.0,0.0,0.0,1.0,53.0,0.0,0.0,1.0,944.43,9.0,0.0,0.0,40.0,50055.0,90.0,8.0,0.0,0.0,1064.0,9.0,,,108.05,2.04
4342107,2027,projected,,,,,,,,,,,,,,,,,,,,,,,,,,,,,
4342107,2027,actual,,,,,,,,,,,,,,,,,,,,,,,,,,,,,
4352706,2023,projected,72.0,7.0,0.0,30.0,9.0,0.0,0.0,1.0,-9.0,56.0,2.0,0.0,7.0,1092.0,24.0,9.0,5.0,14.0,61152.0,49.0,17.0,0.0,0.0,354.0,17.0,,,130.0,2.32
4352706,2023,actual,68.0,9.0,0.0,23.0,9.0,0.0,0.0,1.0,-12.0,46.0,0.0,0.0,5.0,1118.0,23.0,9.0,9.0,8.0,51428.0,47.0,18.0,0.0,0.0,1014.0,23.0,,,126.3,2.75
4352706,2024,projected,108.0,14.0,0.0,38.0,14.0,0.0,0.0,0.0,-14.0,74.0,2.0,0.0,8.0,1152.0,34.0,12.0,12.0,14.0,85248.0,74.0,26.0,2.0,0.0,720.0,26.0,,,184.8,2.5
4352706,2024,actual,45.0,4.0,0.0,11.0,4.0,0.0,0.0,0.0,-8.0,35.0,0.0,0.0,1.0,1097.0,10.0,4.0,4.0,0.0,38395.0,42.0,9.0,0.0,0.0,720.0,10.0,,,66.35,1.9
4352706,2025,projected,82.0,5.0,,27.0,5.0,,,,-17.0,62.0,,,5.0,1110.0,16.0,5.0,5.0,10.0,68820.0,45.0,11.0,,,,16.0,,,106.2,1.71
4352706,2025,actual,40.0,6.0,0.0,13.0,6.0,0.0,0.0,0.0,-9.0,35.0,1.0,0.0,4.0,844.31,14.0,5.0,5.0,10.0,29551.0,19.0,10.0,1.0,0.0,646.0,14.0,,,75.3,2.15
4352706,2026,projected,,,,,,,,,,,,,,,,,,,,,,,,,,,,,
4352706,2026,actual,17.0,1.0,0.0,11.0,1.0,0.0,0.0,0.0,-9.0,28.0,0.0,0.0,0.0,785.75,4.0,1.0,1.0,8.0,22001.0,23.0,4.0,0.0,0.0,500.0,4.0,,,33.35,1.19
4352706,2027,projected,,,,,,,,,,,,,,,,,,,,,,,,,,,,,
4352706,2027,actual,,,,,,,,,,,,,,,,,,,,,,,,,,,,,
4352722,2023,projected,218.0,8.0,0.0,85.0,14.0,0.0,1.0,2.0,14.0,82.0,3.0,1.0,11.0,1248.0,46.0,12.0,5.0,30.0,102336.0,118.0,35.0,2.0,0.0,129.0,40.0,,,288.5,3.52
4352722,2023,actual,156.0,13.0,0.0,95.0,14.0,0.0,1.0,2.0,6.0,82.0,2.0,1.0,8.0,1110.99,40.0,12.0,11.0,28.0,91101.0,77.0,32.0,2.0,0.0,1700.0,40.0,,,239.5,2.92
4352722,2024,projected,203.0,17.0,0.0,102.0,17.0,0.0,0.0,7.0,8.0,81.0,3.0,0.0,11.0,1164.0,48.0,14.0,14.0,28.0,94284.0,104.0,37.0,3.0,0.0,1805.0,37.0,,,287.95,3.55
4352722,2024,actual,220.0,35.0,0.0,66.0,35.0,0.0,0.0,7.0,34.0,81.0,8.0,0.0,18.0,1379.83,82.0,27.0,27.0,32.0,111766.0,105.0,64.0,8.0,0.0,1805.0,82.0,,,422.6,5.22
4352722,2025,projected,201.0,31.0,,81.0,31.0,,,,22.0,82.0,7.0,,15.0,1332.0,74.0,24.0,24.0,28.0,109224.0,99.0,59.0,7.0,,,74.0,,,377.85,4.61
4352722,2025,actual,235.0,26.0,0.0,31.0,26.0,0.0,0.0,2.0,14.0,82.0,3.0,0.0,14.0,1407.5,67.0,23.0,23.0,32.0,115415.0,108.0,53.0,3.0,0.0,1918.0,67.0,,,363.35,4.43
4352722,2026,projected,224.0,29.0,,54.0,29.0,,,,23.0,81.0,4.0,,15.0,1386.0,69.0,25.0,25.0,32.0,112266.0,106.0,54.0,4.0,,,69.0,,,368.9,4.55
4352722,2026,actual,221.0,33.0,0.0,29.0,35.0,0.0,2.0,5.0,25.0,82.0,7.0,2.0,21.0,1480.67,95.0,28.0,26.0,30.0,121415.0,101.0,74.0,7.0,0.0,2105.0,95.0,1.0,,459.65,5.61
4352722,2027,projected,221.0,33.0,,35.0,33.0,,,,26.0,84.0,6.0,,20.0,1521.95,89.0,27.0,27.0,33.0,127843.8,103.0,69.0,6.0,,,89.0,,,433.25,5.16
4352722,2027,actual,,,,,,,,,,,,,,,,,,,,,,,,,,,,,
4352732,2023,projected,208.0,25.0,0.0,83.0,18.0,0.0,0.0,2.0,-2.0,80.0,3.0,0.0,11.0,1332.0,54.0,13.0,22.0,14.0,106560.0,148.0,43.0,5.0,0.0,74.0,49.0,,,325.3,4.07
4352732,2023,actual,206.0,18.0,0.0,60.0,18.0,0.0,0.0,2.0,5.0,78.0,5.0,0.0,13.0,1222.95,49.0,13.0,13.0,20.0,95390.0,104.0,36.0,5.0,0.0,1738.0,49.0,,,293.0,3.76
4352732,2024,projected,198.0,16.0,0.0,64.0,16.0,0.0,1.0,4.0,3.0,79.0,3.0,1.0,11.0,1260.0,43.0,13.0,13.0,20.0,99540.0,106.0,32.0,3.0,0.0,2204.0,32.0,,,262.4,3.32
4352732,2024,actual,174.0,24.0,0.0,71.0,25.0,0.0,1.0,4.0,12.0,79.0,1.0,1.0,10.0,1470.57,70.0,24.0,23.0,36.0,116175.0,180.0,60.0,1.0,0.0,2204.0,70.0,,,396.1,5.01
4352732,2025,projected,205.0,22.0,,76.0,22.0,,,,8.0,79.0,4.0,,12.0,1392.0,60.0,18.0,18.0,48.0,109968.0,157.0,48.0,4.0,,,60.0,,,366.35,4.64
4352732,2025,actual,196.0,12.0,0.0,56.0,13.0,0.0,1.0,1.0,-16.0,71.0,1.0,1.0,10.0,1396.35,39.0,12.0,11.0,28.0,99141.0,126.0,29.0,1.0,0.0,2034.0,39.0,,,267.1,3.76
4352732,2026,projected,189.0,13.0,,66.0,13.0,,,,10.0,77.0,2.0,,9.0,1416.0,43.0,11.0,11.0,34.0,109032.0,137.0,34.0,2.0,,,43.0,,,284.85,3.7
4352732,2026,actual,158.0,7.0,0.0,62.0,8.0,0.0,1.0,1.0,5.0,80.0,2.0,1.0,12.0,1349.05,47.0,6.0,5.0,34.0,107924.0,188.0,35.0,2.0,0.0,2093.0,47.0,,,316.2,3.95
4352732,2027,projected,192.0,11.0,,73.0,11.0,,,,3.0,84.0,2.0,,13.0,1459.62,53.0,9.0,9.0,39.0,122608.08,204.0,40.0,2.0,,,53.0,,,355.3,4.23
4352732,2027,actual,,,,,,,,,,,,,,,,,,,,,,,,,,,,,
4352770,2023,projected,,,,,,,,,,,,,,,,,,,,,,,,,,,,,
4352770,2023,actual,113.0,3.0,0.0,162.0,5.0,0.0,2.0,2.0,12.0,79.0,0.0,2.0,9.0,1317.13,43.0,5.0,3.0,47.0,104053.0,105.0,34.0,0.0,0.0,1967.0,43.0,,,263.95,3.34
4352770,2024,projected,104.0,4.0,0.0,154.0,6.0,0.0,2.0,3.0,16.0,80.0,1.0,2.0,8.0,1320.0,43.0,5.0,3.0,41.0,105600.0,99.0,35.0,1.0,0.0,2033.0,35.0,,,247.9,3.1
4352770,2024,actual,96.0,1.0,0.0,125.0,2.0,0.0,1.0,3.0,5.0,80.0,0.0,1.0,8.0,1293.75,30.0,2.0,1.0,49.0,103500.0,117.0,22.0,0.0,0.0,2033.0,30.0,,,222.0,2.77
4352770,2025,projected,101.0,2.0,,159.0,2.0,,,,11.0,80.0,,,9.0,1296.0,46.0,2.0,2.0,48.0,103680.0,112.0,37.0,,,,46.0,,,269.15,3.36
4352770,2025,actual,110.0,2.0,0.0,106.0,2.0,0.0,0.0,1.0,0.0,74.0,0.0,0.0,7.0,1316.8,27.0,2.0,2.0,22.0,97443.0,110.0,20.0,0.0,0.0,1943.0,27.0,,,194.1,2.62
4352770,2026,projected,122.0,14.0,,132.0,14.0,,,,19.0,77.0,3.0,,12.0,1308.0,43.0,11.0,11.0,38.0,100716.0,116.0,31.0,3.0,,,43.0,,,270.2,3.51
4352770,2026,actual,123.0,3.0,1.0,101.0,6.0,1.0,2.0,1.0,7.0,72.0,1.0,3.0,8.0,1343.57,37.0,4.0,2.0,56.0,96737.0,79.0,29.0,2.0,0.0,1936.0,37.0,,,234.35,3.25
4352770,2027,projected,122.0,3.0,1.0,113.0,5.0,,1.0,,6.0,75.0,1.0,2.0,8.0,1312.04,36.0,3.0,2.0,53.0,98403.0,91.0,28.0,2.0,,,36.0,,,234.8,3.13
4352770,2027,actual,,,,,,,,,,,,,,,,,,,,,,,,,,,,,
4352798,2023,projected,,,,,,,,,,,,,,,,,,,,,,,,,,,,,
4352798,2023,actual,22.0,0.0,0.0,23.0,0.0,0.0,0.0,0.0,-2.0,19.0,0.0,0.0,0.0,961.0,1.0,0.0,0.0,11.0,18259.0,27.0,1.0,0.0,0.0,396.0,1.0,,,29.8,1.57
4352798,2024,projected,,,,,,,,,,,,,,,,,,,,,,,,,,,,,
4352798,2024,actual,51.0,0.0,0.0,56.0,1.0,0.0,1.0,0.0,-7.0,72.0,0.0,1.0,4.0,941.61,14.0,1.0,0.0,25.0,67796.0,156.0,10.0,0.0,0.0,1513.0,14.0,,,155.85,2.16
4352798,2025,projected,,,,,,,,,,,,,,,,,,,,,,,,,,,,,
4352798,2025,actual,32.0,0.0,0.0,30.0,0.0,0.0,0.0,0.0,5.0,40.0,0.0,0.0,2.0,816.9,8.0,0.0,0.0,17.0,32676.0,50.0,6.0,0.0,0.0,780.0,8.0,,,70.5,1.76
4352798,2026,projected,,,,,,,,,,,,,,,,,,,,,,,,,,,,,
4352798,2026,actual,41.0,0.0,0.0,66.0,0.0,0.0,0.0,0.0,0.0,63.0,0.0,0.0,1.0,888.62,5.0,0.0,0.0,25.0,55983.0,87.0,4.0,0.0,0.0,1236.0,5.0,,,88.85,1.41
4352798,2027,projected,,,,,,,,,,,,,,,,,,,,,,,,,,,,,
4352798,2027,actual,,,,,,,,,,,,,,,,,,,,,,,,,,,,,
4352800,2023,projected,,,,,,,,,,,,,,,,,,,,,,,,,,,,,
4352800,2023,actual,94.0,3.0,0.0,49.0,3.0,0.0,0.0,2.0,-5.0,60.0,1.0,0.0,6.0,978.53,16.0,2.0,2.0,26.0,58712.0,67.0,10.0,1.0,0.0,1267.0,16.0,,,132.9,2.22
4352800,2024,projected,,,,,,,,,,,,,,,,,,,,,,,,,,,,,
4352800,2024,actual,73.0,2.0,0.0,41.0,2.0,0.0,0.0,0.0,13.0,59.0,0.0,0.0,2.0,846.37,19.0,2.0,2.0,16.0,49936.0,38.0,17.0,0.0,0.0,1134.0,19.0,,,109.35,1.85
4352800,2025,projected,,,,,,,,,,,,,,,,,,,,,,,,,,,,,
4352800,2025,actual,52.0,0.0,0.0,23.0,0.0,0.0,0.0,0.0,4.0,39.0,0.0,0.0,0.0,900.67,5.0,0.0,0.0,20.0,35126.0,34.0,5.0,0.0,0.0,777.0,5.0,,,57.3,1.47
4352800,2026,projected,,,,,,,,,,,,,,,,,,,,,,,,,,,,,
4352800,2026,actual,46.0,0.0,0.0,26.0,0.0,0.0,0.0,0.0,12.0,52.0,0.0,0.0,3.0,988.88,11.0,0.0,0.0,16.0,51422.0,48.0,8.0,0.0,0.0,1077.0,11.0,,,82.1,1.58
4352800,2027,projected,,,,,,,,,,,,,,,,,,,,,,,,,,,,,
4352800,2027,actual,,,,,,,,,,,,,,,,,,,,,,,,,,,,,
4352803,2023,projected,,,,,,,,,,,,,,,,,,,,,,,,,,,,,
4352803,2023,actual,81.0,11.0,0.0,136.0,11.0,0.0,0.0,0.0,3.0,71.0,0.0,0.0,7.0,1159.61,35.0,11.0,11.0,39.0,82332.0,87.0,28.0,0.0,0.0,1631.0,35.0,,,214.35,3.02
4352803,2024,projected,78.0,7.0,0.0,127.0,7.0,0.0,0.0,1.0,8.0,70.0,0.0,0.0,7.0,1170.0,33.0,7.0,7.0,32.0,81900.0,80.0,26.0,0.0,0.0,1680.0,26.0,,,191.7,2.74
4352803,2024,actual,79.0,5.0,0.0,66.0,5.0,0.0,0.0,1.0,-13.0,68.0,0.0,0.0,3.0,1267.24,23.0,5.0,5.0,24.0,86172.0,106.0,20.0,0.0,0.0,1680.0,23.0,,,166.85,2.45
4352803,2025,projected,81.0,3.0,,104.0,3.0,,,,-9.0,71.0,,,4.0,1266.0,22.0,3.0,3.0,18.0,89886.0,87.0,18.0,,,,22.0,,,154.65,2.18
4352803,2025,actual,78.0,5.0,0.0,92.0,5.0,0.0,0.0,0.0,13.0,82.0,1.0,0.0,4.0,1151.45,30.0,4.0,4.0,23.0,94419.0,122.0,26.0,1.0,0.0,1784.0,30.0,,,198.2,2.42
4352803,2026,projected,82.0,5.0,,80.0,5.0,,,,11.0,79.0,,,3.0,1170.0,27.0,5.0,5.0,24.0,92430.0,114.0,24.0,,,,27.0,,,184.0,2.33
4352803,2026,actual,90.0,1.0,0.0,88.0,1.0,0.0,0.0,1.0,4.0,73.0,0.0,0.0,5.0,1152.05,29.0,1.0,1.0,12.0,84100.0,127.0,24.0,0.0,0.0,1567.0,29.0,,,194.3,2.66
4352803,2027,projected,73.0,2.0,,73.0,2.0,,,,3.0,62.0,,,4.0,1167.81,24.0,2.0,2.0,11.0,72404.22,107.0,20.0,,,,24.0,,,161.55,2.61
4352803,2027,actual,,,,,,,,,,,,,,,,,,,,,,,,,,,,,
4378656,2023,projected,,,,,,,,,,,,,,,,,,,,,,,,,,,,,
4378656,2023,actual,76.0,0.0,0.0,107.0,1.0,0.0,1.0,0.0,14.0,55.0,0.0,1.0,2.0,1329.98,10.0,1.0,0.0,20.0,73149.0,91.0,8.0,0.0,1.0,1522.0,10.0,,,118.2,2.15
4378656,2024,projected,106.0,0.0,0.0,145.0,2.0,0.0,2.0,1.0,15.0,74.0,0.0,2.0,3.0,1332.0,15.0,2.0,0.0,28.0,98568.0,121.0,12.0,0.0,0.0,1033.0,12.0,,,163.5,2.21
4378656,2024,actual,44.0,0.0,0.0,83.0,0.0,0.0,0.0,1.0,4.0,41.0,0.0,0.0,1.0,1230.0,7.0,0.0,0.0,26.0,50430.0,86.0,6.0,0.0,0.0,1033.0,7.0,,,98.3,2.4
4378656,2025,projected,52.0,,,105.0,,,,,3.0,61.0,,,1.0,1236.0,10.0,,,32.0,75396.0,89.0,9.0,,,,10.0,,,115.0,1.89
4378656,2025,actual,52.0,1.0,0.0,104.0,1.0,0.0,0.0,1.0,3.0,62.0,0.0,0.0,4.0,1158.21,14.0,1.0,1.0,22.0,71809.0,93.0,10.0,0.0,0.0,1532.0,14.0,,,128.4,2.07
4378656,2026,projected,,,,,,,,,,,,,,,,,,,,,,,,,,,,,
4378656,2026,actual,109.0,0.0,1.0,132.0,3.0,0.0,2.0,3.0,41.0,78.0,0.0,3.0,13.0,1369.74,41.0,2.0,0.0,28.0,106840.0,154.0,28.0,1.0,0.0,2059.0,41.0,,,274.45,3.52
4378656,2027,projected,98.0,,1.0,127.0,2.0,,1.0,,31.0,74.0,,2.0,11.0,1371.3,36.0,1.0,,28.0,101476.2,139.0,25.0,1.0,,,36.0,,,242.7,3.28
4378656,2027,actual,,,,,,,,,,,,,,,,,,,,,,,,,,,,,
4378677,2023,projected,,,,,,,,,,,,,,,,,,,,,,,,,,,,,
4378677,2023,actual,91.0,0.0,0.0,217.0,0.0,0.0,0.0,1.0,-11.0,67.0,0.0,0.0,6.0,1200.01,16.0,0.0,0.0,31.0,80401.0,128.0,10.0,0.0,0.0,1666.0,16.0,,,178.95,2.67
4378677,2024,projected,84.0,0.0,0.0,201.0,1.0,0.0,1.0,0.0,-9.0,62.0,0.0,1.0,5.0,1200.0,13.0,1.0,0.0,24.0,74400.0,114.0,8.0,0.0,0.0,1588.0,8.0,,,150.1,2.42
4378677,2024,actual,61.0,0.0,0.0,173.0,1.0,0.0,1.0,0.0,-7.0,66.0,0.0,1.0,3.0,1177.86,16.0,1.0,0.0,24.0,77739.0,109.0,13.0,0.0,0.0,1588.0,16.0,,,151.05,2.29
4378677,2025,projected,89.0,,,224.0,,,,,-9.0,68.0,,,5.0,1182.0,16.0,,,28.0,80376.0,121.0,11.0,,,,16.0,,,172.15,2.53
4378677,2025,actual,76.0,0.0,0.0,139.0,2.0,0.0,2.0,0.0,18.0,81.0,0.0,2.0,5.0,1140.28,25.0,2.0,0.0,25.0,92363.0,150.0,20.0,0.0,0.0,1743.0,25.0,,,202.4,2.5
4378677,2026,projected,77.0,,,158.0,,,,,10.0,76.0,,,4.0,1152.0,22.0,,,32.0,87552.0,142.0,18.0,,,,22.0,,,192.05,2.53
4378677,2026,actual,73.0,0.0,0.0,110.0,0.0,0.0,0.0,0.0,15.0,81.0,0.0,0.0,5.0,1156.88,27.0,0.0,0.0,39.0,93707.0,176.0,22.0,0.0,0.0,1769.0,27.0,,,222.75,2.75
4378677,2027,projected,73.0,,,130.0,,,,,12.0,82.0,,,5.0,1104.1,25.0,,,35.0,90536.2,169.0,20.0,,,,25.0,,,213.25,2.6
4378677,2027,actual,,,,,,,,,,,,,,,,,,,,,,,,,,,,,
4378683,2023,projected,,,,,,,,,,,,,,,,,,,,,,,,,,,,,
4378683,2023,actual,110.0,16.0,0.0,68.0,16.0,0.0,0.0,1.0,-12.0,72.0,1.0,0.0,9.0,1187.12,38.0,15.0,15.0,50.0,85473.0,142.0,29.0,1.0,0.0,1602.0,38.0,,,262.8,3.65
4378683,2024,projected,107.0,7.0,0.0,73.0,7.0,0.0,0.0,1.0,-23.0,74.0,1.0,0.0,2.0,1260.0,23.0,6.0,6.0,54.0,93240.0,132.0,21.0,1.0,0.0,2024.0,21.0,,,201.05,2.72
4378683,2024,actual,142.0,16.0,0.0,40.0,16.0,0.0,0.0,1.0,-1.0,76.0,3.0,0.0,9.0,1363.17,41.0,13.0,13.0,63.0,103601.0,160.0,32.0,3.0,0.0,2024.0,41.0,,,293.5,3.86
4378683,2025,projected,134.0,16.0,,51.0,16.0,,,,-7.0,76.0,3.0,,9.0,1332.0,38.0,13.0,13.0,56.0,101232.0,147.0,29.0,3.0,,,38.0,,,272.6,3.59
4378683,2025,actual,39.0,2.0,0.0,15.0,2.0,0.0,0.0,0.0,4.0,30.0,1.0,0.0,4.0,1238.87,11.0,1.0,1.0,19.0,37166.0,52.0,7.0,1.0,0.0,808.0,11.0,,,85.25,2.84
4378683,2026,projected,121.0,16.0,,49.0,16.0,,,,11.0,70.0,2.0,,8.0,1248.0,36.0,14.0,14.0,52.0,87360.0,151.0,28.0,2.0,,,36.0,,,261.65,3.74
4378683,2026,actual,84.0,4.0,0.0,40.0,4.0,0.0,0.0,2.0,-12.0,60.0,0.0,0.0,5.0,1155.67,27.0,4.0,4.0,50.0,69340.0,87.0,22.0,0.0,0.0,1524.0,27.0,,,183.5,3.06
4378683,2027,projected,,,,,,,,,,,,,,,,,,,,,,,,,,,,,
4378683,2027,actual,,,,,,,,,,,,,,,,,,,,,,,,,,,,,
4378686,2023,projected,,,,,,,,,,,,,,,,,,,,,,,,,,,,,
4378686,2023,actual,27.0,0.0,0.0,64.0,0.0,0.0,0.0,0.0,4.0,42.0,0.0,0.0,2.0,841.21,8.0,0.0,0.0,35.0,35331.0,38.0,6.0,0.0,0.0,814.0,8.0,,,75.65,1.8
4378686,2024,projected,,,,,,,,,,,,,,,,,,,,,,,,,,,,,
4378686,2024,actual,63.0,0.0,0.0,131.0,0.0,0.0,0.0,1.0,1.0,82.0,0.0,0.0,1.0,1043.79,11.0,0.0,0.0,82.0,85591.0,103.0,10.0,0.0,0.0,1949.0,11.0,,,156.35,1.91
4378686,2025,projected,,,,,,,,,,,,,,,,,,,,,,,,,,,,,
4378686,2025,actual,82.0,1.0,0.0,109.0,1.0,0.0,0.0,0.0,-6.0,73.0,1.0,0.0,3.0,1283.23,20.0,0.0,0.0,35.0,93676.0,116.0,17.0,1.0,0.0,2179.0,20.0,,,170.9,2.34
4378686,2026,projected,,,,,,,,,,,,,,,,,,,,,,,,,,,,,
4378686,2026,actual,57.0,1.0,0.0,114.0,2.0,0.0,1.0,2.0,2.0,76.0,0.0,1.0,4.0,1317.45,18.0,2.0,1.0,47.0,100126.0,99.0,14.0,0.0,0.0,2291.0,18.0,,,160.15,2.11
4378686,2027,projected,,,,,,,,,,,,,,,,,,,,,,,,,,,,,
4378686,2027,actual,,,,,,,,,,,,,,,,,,,,,,,,,,,,,
4392260,2023,projected,,,,,,,,,,,,,,,,,,,,,,,,,,,,,
4392260,2023,actual,17.0,0.0,0.0,45.0,1.0,0.0,1.0,0.0,14.0,36.0,0.0,1.0,0.0,812.67,5.0,1.0,0.0,31.0,29256.0,48.0,5.0,0.0,0.0,634.0,5.0,,,64.25,1.78
4392260,2024,projected,,,,,,,,,,,,,,,,,,,,,,,,,,,,,
4392260,2024,actual,41.0,0.0,0.0,126.0,1.0,0.0,1.0,0.0,3.0,78.0,0.0,1.0,1.0,943.68,11.0,1.0,0.0,54.0,73607.0,122.0,10.0,0.0,0.0,1533.0,11.0,,,145.85,1.87
4392260,2025,projected,,,,,,,,,,,,,,,,,,,,,,,,,,,,,
4392260,2025,actual,28.0,0.0,0.0,87.0,0.0,0.0,0.0,0.0,-9.0,51.0,0.0,0.0,0.0,955.14,3.0,0.0,0.0,45.0,48712.0,83.0,3.0,0.0,0.0,1134.0,3.0,,,88.7,1.74
4392260,2026,projected,,,,,,,,,,,,,,,,,,,,,,,,,,,,,
4392260,2026,actual,34.0,0.0,0.0,103.0,0.0,0.0,0.0,1.0,7.0,53.0,0.0,0.0,1.0,1090.64,7.0,0.0,0.0,68.0,57804.0,83.0,6.0,0.0,0.0,1115.0,7.0,,,117.3,2.21
4392260,2027,projected,,,,,,,,,,,,,,,,,,,,,,,,,,,,,
4392260,2027,actual,,,,,,,,,,,,,,,,,,,,,,,,,,,,,
4392268,2023,projected,,,,,,,,,,,,,,,,,,,,,,,,,,,,,
4392268,2023,actual,8.0,0.0,0.0,9.0,0.0,0.0,0.0,0.0,0.0,14.0,0.0,0.0,0.0,803.14,4.0,0.0,0.0,2.0,11244.0,13.0,4.0,0.0,0.0,244.0,4.0,,,22.4,1.6
4392268,2024,projected,,,,,,,,,,,,,,,,,,,,,,,,,,,,,
4392268,2024,actual,61.0,9.0,0.0,30.0,10.0,0.0,1.0,1.0,3.0,66.0,2.0,1.0,5.0,963.44,21.0,8.0,7.0,32.0,63587.0,79.0,16.0,2.0,0.0,1373.0,21.0,,,149.25,2.26
4392268,2025,projected,,,,,,,,,,,,,,,,,,,,,,,,,,,,,
4392268,2025,actual,37.0,0.0,0.0,24.0,0.0,0.0,0.0,1.0,-14.0,63.0,0.0,0.0,3.0,991.35,15.0,0.0,0.0,6.0,62455.0,91.0,12.0,0.0,0.0,1396.0,15.0,,,109.15,1.73
4392268,2026,projected,,,,,,,,,,,,,,,,,,,,,,,,,,,,,
4392268,2026,actual,18.0,0.0,0.0,7.0,0.0,0.0,0.0,0.0,6.0,33.0,0.0,0.0,0.0,784.03,3.0,0.0,0.0,4.0,25873.0,40.0,3.0,0.0,0.0,560.0,3.0,,,36.2,1.1
4392268,2027,projected,,,,,,,,,,,,,,,,,,,,,,,,,,,,,
4392268,2027,actual,,,,,,,,,,,,,,,,,,,,,,,,,,,,,
4392308,2023,projected,,,,,,,,,,,,,,,,,,,,,,,,,,,,,
4392308,2023,actual,,,,,,,,,,,,,,,,,,,,,,,,,,,,,
4392308,2024,projected,,,,,,,,,,,,,,,,,,,,,,,,,,,,,
4392308,2024,actual,,,,,,,,,,,,,,,,,,,,,,,,,,,,,
4392308,2025,projected,,,,,,,,,,,,,,,,,,,,,,,,,,,,,
4392308,2025,actual,,,,,,,,,,,,,,,,,,,,,,,,,,,,,
4392308,2026,projected,,,,,,,,,,,,,,,,,,,,,,,,,,,,,
4392308,2026,actual,47.0,1.0,0.0,86.0,1.0,0.0,0.0,0.0,30.0,61.0,0.0,0.0,3.0,1004.39,13.0,1.0,1.0,43.0,61268.0,83.0,10.0,0.0,0.0,1317.0,13.0,,,125.85,2.06
4392308,2027,projected,,,,,,,,,,,,,,,,,,,,,,,,,,,,,
4392308,2027,actual,,,,,,,,,,,,,,,,,,,,,,,,,,,,,
4392642,2023,projected,,,,,,,,,,,,,,,,,,,,,,,,,,,,,
4392642,2023,actual,82.0,0.0,0.0,216.0,0.0,0.0,0.0,0.0,-29.0,78.0,0.0,0.0,3.0,1160.99,10.0,0.0,0.0,60.0,90557.0,128.0,7.0,0.0,0.0,1783.0,10.0,,,169.1,2.17
4392642,2024,projected,,,,,,,,,,,,,,,,,,,,,,,,,,,,,
4392642,2024,actual,52.0,0.0,0.0,231.0,0.0,0.0,0.0,0.0,7.0,64.0,0.0,0.0,1.0,1034.52,5.0,0.0,0.0,56.0,66209.0,102.0,4.0,0.0,0.0,1610.0,5.0,,,131.1,2.05
4392642,2025,projected,,,,,,,,,,,,,,,,,,,,,,,,,,,,,
4392642,2025,actual,48.0,0.0,0.0,204.0,1.0,0.0,1.0,0.0,12.0,78.0,0.0,1.0,1.0,992.78,10.0,1.0,0.0,59.0,77437.0,111.0,9.0,0.0,0.0,1930.0,10.0,,,149.4,1.92
4392642,2026,projected,,,,,,,,,,,,,,,,,,,,,,,,,,,,,
4392642,2026,actual,60.0,0.0,0.0,194.0,0.0,0.0,0.0,0.0,-22.0,73.0,0.0,0.0,0.0,1037.77,6.0,0.0,0.0,41.0,75757.0,113.0,6.0,0.0,0.0,1844.0,6.0,,,129.4,1.77
4392642,2027,projected,,,,,,,,,,,,,,,,,,,,,,,,,,,,,
4392642,2027,actual,,,,,,,,,,,,,,,,,,,,,,,,,,,,,
4392769,2023,projected,,,,,,,,,,,,,,,,,,,,,,,,,,,,,
4392769,2023,actual,18.0,0.0,0.0,27.0,0.0,0.0,0.0,0.0,2.0,10.0,0.0,0.0,0.0,997.2,2.0,0.0,0.0,8.0,9972.0,11.0,2.0,0.0,0.0,230.0,2.0,,,22.7,2.27
4392769,2024,projected,,,,,,,,,,,,,,,,,,,,,,,,,,,,,
4392769,2024,actual,52.0,0.0,0.0,123.0,1.0,0.0,1.0,0.0,-3.0,50.0,0.0,1.0,2.0,880.6,7.0,1.0,0.0,51.0,44030.0,68.0,5.0,0.0,0.0,1030.0,7.0,,,108.8,2.18
4392769,2025,projected,,,,,,,,,,,,,,,,,,,,,,,,,,,,,
4392769,2025,actual,61.0,0.0,0.0,158.0,1.0,0.0,1.0,0.0,5.0,76.0,0.0,1.0,3.0,854.41,12.0,1.0,0.0,88.0,64935.0,83.0,9.0,0.0,0.0,1604.0,12.0,,,156.55,2.06
4392769,2026,projected,,,,,,,,,,,,,,,,,,,,,,,,,,,,,
4392769,2026,actual,28.0,0.0,0.0,89.0,0.0,0.0,0.0,0.0,-1.0,39.0,0.0,0.0,1.0,832.54,7.0,0.0,0.0,47.0,32469.0,40.0,6.0,0.0,0.0,817.0,7.0,,,81.4,2.09
4392769,2027,projected,,,,,,,,,,,,,,,,,,,,,,,,,,,,,
4392769,2027,actual,,,,,,,,,,,,,,,,,,,,,,,,,,,,,
4392782,2023,projected,,,,,,,,,,,,,,,,,,,,,,,,,,,,,
4392782,2023,actual,25.0,1.0,0.0,20.0,1.0,0.0,0.0,0.0,-7.0,24.0,0.0,0.0,0.0,913.29,4.0,1.0,1.0,4.0,21919.0,23.0,4.0,0.0,0.0,443.0,4.0,,,34.25,1.43
4392782,2024,projected,,,,,,,,,,,,,,,,,,,,,,,,,,,,,
4392782,2024,actual,7.0,0.0,0.0,8.0,0.0,0.0,0.0,0.0,-5.0,12.0,0.0,0.0,0.0,793.17,2.0,0.0,0.0,2.0,9518.0,15.0,2.0,0.0,0.0,180.0,2.0,,,17.05,1.42
4392782,2025,projected,,,,,,,,,,,,,,,,,,,,,,,,,,,,,
4392782,2025,actual,58.0,0.0,0.0,50.0,0.0,0.0,0.0,0.0,6.0,68.0,0.0,0.0,1.0,752.4,8.0,0.0,0.0,11.0,51163.0,65.0,7.0,0.0,0.0,1005.0,8.0,,,82.5,1.21
4392782,2026,projected,,,,,,,,,,,,,,,,,,,,,,,,,,,,,
4392782,2026,actual,26.0,0.0,0.0,30.0,0.0,0.0,0.0,0.0,-7.0,40.0,0.0,0.0,0.0,602.62,3.0,0.0,0.0,8.0,24105.0,24.0,3.0,0.0,0.0,509.0,3.0,,,34.5,0.86
4392782,2027,projected,,,,,,,,,,,,,,,,,,,,,,,,,,,,,
4392782,2027,actual,,,,,,,,,,,,,,,,,,,,,,,,,,,,,
4393055,2023,projected,,,,,,,,,,,,,,,,,,,,,,,,,,,,,
4393055,2023,actual,10.0,0.0,0.0,28.0,0.0,0.0,0.0,0.0,0.0,12.0,0.0,0.0,0.0,798.5,1.0,0.0,0.0,2.0,9582.0,13.0,1.0,0.0,0.0,218.0,1.0,,,15.8,1.32
4393055,2024,projected,,,,,,,,,,,,,,,,,,,,,,,,,,,,,
4393055,2024,actual,1.0,0.0,0.0,3.0,0.0,0.0,0.0,0.0,1.0,1.0,0.0,0.0,0.0,810.0,0.0,0.0,0.0,0.0,810.0,0.0,0.0,0.0,0.0,17.0,0.0,,,0.55,0.55
4393055,2025,projected,,,,,,,,,,,,,,,,,,,,,,,,,,,,,
4393055,2025,actual,16.0,0.0,0.0,30.0,0.0,0.0,0.0,0.0,1.0,14.0,0.0,0.0,0.0,772.0,1.0,0.0,0.0,0.0,10808.0,28.0,1.0,0.0,0.0,236.0,1.0,,,24.0,1.71
4393055,2026,projected,,,,,,,,,,,,,,,,,,,,,,,,,,,,,
4393055,2026,actual,22.0,0.0,0.0,50.0,0.0,0.0,0.0,0.0,1.0,23.0,0.0,0.0,1.0,977.74,3.0,0.0,0.0,7.0,22488.0,34.0,2.0,0.0,0.0,470.0,3.0,,,41.0,1.78
4393055,2027,projected,,,,,,,,,,,,,,,,,,,,,,,,,,,,,
4393055,2027,actual,,,,,,,,,,,,,,,,,,,,,,,,,,,,,
4393406,2023,projected,,,,,,,,,,,,,,,,,,,,,,,,,,,,,
4393406,2023,actual,9.0,0.0,0.0,2.0,1.0,0.0,1.0,0.0,5.0,8.0,0.0,1.0,0.0,1056.62,2.0,1.0,0.0,2.0,8453.0,9.0,2.0,0.0,0.0,169.0,2.0,,,14.95,1.87
4393406,2024,projected,,,,,,,,,,,,,,,,,,,,,,,,,,,,,
4393406,2024,actual,11.0,0.0,0.0,2.0,0.0,0.0,0.0,1.0,9.0,20.0,0.0,0.0,2.0,959.0,4.0,0.0,0.0,4.0,19180.0,29.0,2.0,0.0,0.0,439.0,4.0,,,34.45,1.72
4393406,2025,projected,,,,,,,,,,,,,,,,,,,,,,,,,,,,,
4393406,2025,actual,15.0,0.0,0.0,8.0,0.0,0.0,0.0,0.0,-7.0,23.0,0.0,0.0,0.0,970.57,3.0,0.0,0.0,4.0,22323.0,24.0,3.0,0.0,0.0,493.0,3.0,,,27.55,1.2
4393406,2026,projected,,,,,,,,,,,,,,,,,,,,,,,,,,,,,
4393406,2026,actual,56.0,0.0,0.0,13.0,1.0,0.0,1.0,0.0,-11.0,66.0,0.0,1.0,2.0,930.2,10.0,1.0,0.0,20.0,61393.0,63.0,8.0,0.0,0.0,1421.0,10.0,,,89.8,1.36
4393406,2027,projected,,,,,,,,,,,,,,,,,,,,,,,,,,,,,
4393406,2027,actual,,,,,,,,,,,,,,,,,,,,,,,,,,,,,
4419638,2023,projected,,,,,,,,,,,,,,,,,,,,,,,,,,,,,
4419638,2023,actual,111.0,0.0,0.0,73.0,0.0,0.0,0.0,2.0,11.0,69.0,0.0,0.0,5.0,923.78,20.0,0.0,0.0,22.0,63741.0,65.0,15.0,0.0,0.0,1428.0,20.0,,,145.55,2.11
4419638,2024,projected,,,,,,,,,,,,,,,,,,,,,,,,,,,,,
4419638,2024,actual,57.0,0.0,0.0,71.0,0.0,0.0,0.0,1.0,8.0,77.0,0.0,0.0,2.0,1024.9,24.0,0.0,0.0,10.0,78917.0,114.0,22.0,0.0,0.0,1744.0,24.0,,,158.35,2.06
4419638,2025,projected,,,,,,,,,,,,,,,,,,,,,,,,,,,,,
4419638,2025,actual,66.0,0.0,0.0,50.0,0.0,0.0,0.0,1.0,8.0,74.0,0.0,0.0,6.0,881.08,19.0,0.0,0.0,20.0,65200.0,67.0,13.0,0.0,0.0,1432.0,19.0,,,129.0,1.74
4419638,2026,projected,,,,,,,,,,,,,,,,,,,,,,,,,,,,,
4419638,2026,actual,79.0,0.0,0.0,31.0,2.0,0.0,2.0,0.0,-14.0,79.0,0.0,2.0,3.0,1146.72,13.0,2.0,0.0,20.0,90591.0,95.0,10.0,0.0,0.0,1894.0,13.0,,,124.35,1.57
4419638,2027,projected,,,,,,,,,,,,,,,,,,,,,,,,,,,,,
4419638,2027,actual,,,,,,,,,,,,,,,,,,,,,,,,,,,,,
4419696,2023,projected,,,,,,,,,,,,,,,,,,,,,,,,,,,,,
4419696,2023,actual,,,,,,,,,,,,,,,,,,,,,,,,,,,,,
4419696,2024,projected,,,,,,,,,,,,,,,,,,,,,,,,,,,,,
4419696,2024,actual,,,,,,,,,,,,,,,,,,,,,,,,,,,,,
4419696,2025,projected,,,,,,,,,,,,,,,,,,,,,,,,,,,,,
4419696,2025,actual,,,,,,,,,,,,,,,,,,,,,,,,,,,,,
4419696,2026,projected,,,,,,,,,,,,,,,,,,,,,,,,,,,,,
4419696,2026,actual,24.0,0.0,0.0,5.0,0.0,0.0,0.0,1.0,16.0,43.0,0.0,0.0,2.0,658.07,6.0,0.0,0.0,8.0,28297.0,31.0,4.0,0.0,0.0,589.0,6.0,,,47.0,1.09
4419696,2027,projected,,,,,,,,,,,,,,,,,,,,,,,,,,,,,
4419696,2027,actual,,,,,,,,,,,,,,,,,,,,,,,,,,,,,
4419724,2023,projected,,,,,,,,,,,,,,,,,,,,,,,,,,,,,
4419724,2023,actual,70.0,1.0,0.0,53.0,1.0,0.0,0.0,0.0,-3.0,65.0,0.0,0.0,4.0,1119.14,17.0,1.0,1.0,26.0,72744.0,98.0,13.0,0.0,0.0,1378.0,17.0,,,140.3,2.16
4419724,2024,projected,,,,,,,,,,,,,,,,,,,,,,,,,,,,,
4419724,2024,actual,43.0,0.0,0.0,23.0,0.0,0.0,0.0,0.0,-5.0,56.0,0.0,0.0,3.0,1048.32,14.0,0.0,0.0,22.0,58706.0,86.0,11.0,0.0,0.0,1097.0,14.0,,,112.05,2.0
4419724,2025,projected,,,,,,,,,,,,,,,,,,,,,,,,,,,,,
4419724,2025,actual,15.0,0.0,0.0,23.0,0.0,0.0,0.0,0.0,-1.0,33.0,0.0,0.0,1.0,683.24,5.0,0.0,0.0,6.0,22547.0,35.0,4.0,0.0,0.0,433.0,5.0,,,42.55,1.29
4419724,2026,projected,,,,,,,,,,,,,,,,,,,,,,,,,,,,,
4419724,2026,actual,12.0,0.0,0.0,5.0,0.0,0.0,0.0,0.0,0.0,8.0,0.0,0.0,1.0,953.88,3.0,0.0,0.0,0.0,7631.0,5.0,2.0,0.0,0.0,167.0,3.0,,,16.0,2.0
4419724,2027,projected,,,,,,,,,,,,,,,,,,,,,,,,,,,,,
4419724,2027,actual,,,,,,,,,,,,,,,,,,,,,,,,,,,,,
4419778,2023,projected,,,,,,,,,,,,,,,,,,,,,,,,,,,,,
4419778,2023,actual,,,,,,,,,,,,,,,,,,,,,,,,,,,,,
4419778,2024,projected,,,,,,,,,,,,,,,,,,,,,,,,,,,,,
4419778,2024,actual,1.0,0.0,0.0,5.0,0.0,0.0,0.0,0.0,1.0,2.0,0.0,0.0,0.0,699.5,0.0,0.0,0.0,0.0,1399.0,1.0,0.0,0.0,0.0,37.0,0.0,,,1.25,0.62
4419778,2025,projected,,,,,,,,,,,,,,,,,,,,,,,,,,,,,
4419778,2025,actual,,,,,,,,,,,,,,,,,,,,,,,,,,,,,
4419778,2026,projected,,,,,,,,,,,,,,,,,,,,,,,,,,,,,
4419778,2026,actual,1.0,0.0,0.0,0.0,0.0,0.0,0.0,0.0,0.0,1.0,0.0,0.0,0.0,580.0,0.0,0.0,0.0,0.0,580.0,1.0,0.0,0.0,0.0,14.0,0.0,,,0.75,0.75
4419778,2027,projected,,,,,,,,,,,,,,,,,,,,,,,,,,,,,
4419778,2027,actual,,,,,,,,,,,,,,,,,,,,,,,,,,,,,
4565225,2023,projected,114.0,10.0,1.0,109.0,7.0,0.0,1.0,1.0,12.0,61.0,2.0,1.0,8.0,1212.0,33.0,4.0,8.0,28.0,73932.0,58.0,25.0,3.0,0.0,284.0,25.0,,,191.4,3.14
4565225,2023,actual,65.0,6.0,1.0,82.0,7.0,0.0,0.0,1.0,7.0,42.0,2.0,1.0,10.0,1312.67,24.0,4.0,4.0,38.0,55132.0,54.0,14.0,3.0,0.0,1126.0,24.0,,,159.45,3.8
4565225,2024,projected,117.0,13.0,0.0,146.0,14.0,0.0,1.0,0.0,10.0,71.0,4.0,1.0,16.0,1320.0,49.0,10.0,9.0,64.0,93720.0,98.0,33.0,4.0,0.0,1772.0,33.0,,,281.35,3.96
4565225,2024,actual,84.0,1.0,0.0,90.0,1.0,0.0,0.0,0.0,0.0,73.0,0.0,0.0,11.0,1220.55,29.0,1.0,1.0,53.0,89100.0,104.0,18.0,0.0,0.0,1772.0,29.0,,,207.0,2.84
4565225,2025,projected,78.0,2.0,,89.0,2.0,,,,5.0,74.0,,,10.0,1272.0,31.0,2.0,2.0,44.0,94128.0,101.0,21.0,,,,31.0,,,204.9,2.77
4565225,2025,actual,94.0,2.0,0.0,74.0,3.0,0.0,1.0,2.0,11.0,82.0,0.0,1.0,7.0,1361.83,38.0,3.0,2.0,46.0,111670.0,117.0,31.0,0.0,0.0,2327.0,38.0,,,237.4,2.9
4565225,2026,projected,89.0,1.0,1.0,76.0,3.0,,1.0,,10.0,80.0,,2.0,9.0,1338.0,37.0,2.0,1.0,44.0,107040.0,108.0,28.0,1.0,,,37.0,,,229.35,2.87
4565225,2026,actual,109.0,7.0,0.0,50.0,8.0,0.0,1.0,5.0,15.0,82.0,1.0,1.0,11.0,1340.44,42.0,7.0,6.0,48.0,109916.0,93.0,31.0,1.0,0.0,2174.0,42.0,,,249.75,3.05
4565225,2027,projected,158.0,26.0,,58.0,26.0,,,,-15.0,83.0,7.0,,14.0,1416.0,51.0,19.0,19.0,62.0,117528.0,103.0,37.0,7.0,,,51.0,,,311.3,3.75
4565225,2027,actual,,,,,,,,,,,,,,,,,,,,,,,,,,,,,
4565227,2023,projected,197.0,23.0,1.0,155.0,17.0,0.0,2.0,1.0,-2.0,82.0,3.0,2.0,10.0,1410.0,56.0,15.0,20.0,38.0,115620.0,160.0,46.0,2.0,0.0,52.0,42.0,,,345.75,4.22
4565227,2023,actual,140.0,15.0,1.0,207.0,17.0,0.0,1.0,1.0,-11.0,82.0,1.0,2.0,5.0,1388.93,42.0,15.0,14.0,40.0,113892.0,190.0,37.0,2.0,0.0,2248.0,42.0,,,313.7,3.83
4565227,2024,projected,162.0,18.0,0.0,192.0,19.0,0.0,1.0,0.0,-10.0,82.0,2.0,1.0,6.0,1386.0,50.0,17.0,16.0,38.0,113652.0,185.0,44.0,2.0,0.0,2205.0,44.0,,,332.2,4.05
4565227,2024,actual,135.0,17.0,0.0,186.0,18.0,0.0,1.0,0.0,-7.0,82.0,3.0,1.0,9.0,1341.57,42.0,15.0,14.0,51.0,110009.0,213.0,33.0,3.0,0.0,2205.0,42.0,,,330.35,4.03
4565227,2025,projected,151.0,16.0,,208.0,16.0,,,,-9.0,82.0,2.0,,6.0,1374.0,41.0,14.0,14.0,42.0,112668.0,209.0,35.0,2.0,,,41.0,,,322.05,3.93
4565227,2025,actual,162.0,24.0,0.0,210.0,24.0,0.0,0.0,0.0,-5.0,82.0,4.0,0.0,8.0,1504.33,46.0,20.0,20.0,40.0,123355.0,181.0,38.0,4.0,0.0,2278.0,46.0,,,332.0,4.05
4565227,2026,projected,156.0,20.0,,210.0,20.0,,,,-8.0,82.0,3.0,,8.0,1470.0,42.0,17.0,17.0,40.0,120540.0,193.0,34.0,3.0,,,42.0,,,322.0,3.93
4565227,2026,actual,187.0,28.0,0.0,128.0,28.0,0.0,0.0,2.0,15.0,82.0,3.0,0.0,10.0,1539.99,60.0,25.0,25.0,57.0,126279.0,180.0,50.0,3.0,0.0,2346.0,60.0,,,385.55,4.7
4565227,2027,projected,191.0,27.0,,148.0,27.0,,,,9.0,84.0,3.0,,10.0,1438.54,56.0,24.0,24.0,54.0,120837.36,194.0,46.0,3.0,,,56.0,,,379.55,4.52
4565227,2027,actual,,,,,,,,,,,,,,,,,,,,,,,,,,,,,
4565229,2023,projected,,,,,,,,,,,,,,,,,,,,,,,,,,,,,
4565229,2023,actual,32.0,0.0,0.0,28.0,0.0,0.0,0.0,0.0,6.0,46.0,0.0,0.0,1.0,756.22,8.0,0.0,0.0,2.0,34786.0,35.0,7.0,0.0,0.0,782.0,8.0,,,54.3,1.18
4565229,2024,projected,,,,,,,,,,,,,,,,,,,,,,,,,,,,,
4565229,2024,actual,6.0,1.0,0.0,3.0,1.0,0.0,0.0,0.0,-3.0,12.0,0.0,0.0,0.0,697.08,2.0,1.0,1.0,0.0,8365.0,10.0,2.0,0.0,0.0,191.0,2.0,,,13.3,1.11
4565229,2025,projected,,,,,,,,,,,,,,,,,,,,,,,,,,,,,
4565229,2025,actual,97.0,2.0,0.0,43.0,2.0,0.0,0.0,2.0,21.0,68.0,0.0,0.0,8.0,1229.99,29.0,2.0,2.0,16.0,83639.0,103.0,21.0,0.0,0.0,1718.0,29.0,,,186.05,2.74
4565229,2026,projected,112.0,6.0,,49.0,6.0,,,,18.0,78.0,2.0,,11.0,1206.0,42.0,4.0,4.0,22.0,94068.0,115.0,31.0,2.0,,,42.0,,,242.4,3.11
4565229,2026,actual,98.0,5.0,0.0,35.0,5.0,0.0,0.0,0.0,14.0,81.0,2.0,0.0,6.0,1401.46,34.0,3.0,3.0,16.0,113518.0,98.0,28.0,2.0,0.0,2205.0,34.0,,,196.5,2.43
4565229,2027,projected,95.0,4.0,,32.0,4.0,,,,14.0,74.0,2.0,,6.0,1310.66,32.0,2.0,2.0,14.0,96988.84,91.0,26.0,2.0,,,32.0,,,184.45,2.49
4565229,2027,actual,,,,,,,,,,,,,,,,,,,,,,,,,,,,,
4565232,2023,projected,,,,,,,,,,,,,,,,,,,,,,,,,,,,,
4565232,2023,actual,31.0,3.0,0.0,17.0,3.0,0.0,0.0,0.0,-3.0,30.0,0.0,0.0,0.0,970.3,9.0,3.0,3.0,24.0,29109.0,39.0,9.0,0.0,0.0,667.0,9.0,,,69.45,2.31
4565232,2024,projected,,,,,,,,,,,,,,,,,,,,,,,,,,,,,
4565232,2024,actual,1.0,0.0,0.0,3.0,0.0,0.0,0.0,0.0,-1.0,3.0,0.0,0.0,0.0,911.33,0.0,0.0,0.0,0.0,2734.0,6.0,0.0,0.0,0.0,62.0,0.0,,,3.55,1.18
4565232,2025,projected,,,,,,,,,,,,,,,,,,,,,,,,,,,,,
4565232,2025,actual,,,,,,,,,,,,,,,,,,,,,,,,,,,,,
4565232,2026,projected,,,,,,,,,,,,,,,,,,,,,,,,,,,,,
4565232,2026,actual,8.0,0.0,0.0,1.0,0.0,0.0,0.0,0.0,3.0,8.0,0.0,0.0,0.0,820.62,1.0,0.0,0.0,0.0,6565.0,10.0,1.0,0.0,0.0,136.0,1.0,,,10.1,1.26
4565232,2027,projected,,,,,,,,,,,,,,,,,,,,,,,,,,,,,
4565232,2027,actual,,,,,,,,,,,,,,,,,,,,,,,,,,,,,
4565235,2023,projected,,,,,,,,,,,,,,,,,,,,,,,,,,,,,
4565235,2023,actual,42.0,3.0,0.0,44.0,4.0,0.0,1.0,0.0,-1.0,54.0,0.0,1.0,2.0,1178.74,20.0,4.0,3.0,18.0,63652.0,69.0,18.0,0.0,0.0,1308.0,20.0,,,122.9,2.28
4565235,2024,projected,,,,,,,,,,,,,,,,,,,,,,,,,,,,,
4565235,2024,actual,134.0,6.0,0.0,66.0,8.0,0.0,2.0,1.0,-13.0,82.0,0.0,2.0,10.0,1357.16,30.0,8.0,6.0,44.0,111287.0,174.0,20.0,0.0,0.0,2435.0,30.0,,,255.1,3.11
4565235,2025,projected,139.0,4.0,,77.0,4.0,,,,-14.0,81.0,,,9.0,1350.0,31.0,4.0,4.0,38.0,109350.0,167.0,22.0,,,,31.0,,,248.95,3.07
4565235,2025,actual,65.0,0.0,0.0,60.0,0.0,0.0,0.0,1.0,-8.0,66.0,0.0,0.0,4.0,1246.98,17.0,0.0,0.0,26.0,82301.0,126.0,13.0,0.0,0.0,1834.0,17.0,,,154.25,2.34
4565235,2026,projected,127.0,2.0,,66.0,2.0,,,,-16.0,77.0,,,8.0,1248.0,25.0,2.0,2.0,40.0,96096.0,159.0,17.0,,,,25.0,,,221.85,2.88
4565235,2026,actual,89.0,7.0,0.0,24.0,7.0,0.0,0.0,1.0,5.0,74.0,1.0,0.0,4.0,1352.15,26.0,6.0,6.0,28.0,100059.0,145.0,22.0,1.0,0.0,2148.0,26.0,,,198.15,2.68
4565235,2027,projected,,,,,,,,,,,,,,,,,,,,,,,,,,,,,
4565235,2027,actual,,,,,,,,,,,,,,,,,,,,,,,,,,,,,
4565239,2023,projected,,,,,,,,,,,,,,,,,,,,,,,,,,,,,
4565239,2023,actual,8.0,0.0,0.0,1.0,0.0,0.0,0.0,0.0,5.0,6.0,0.0,0.0,0.0,1007.5,2.0,0.0,0.0,2.0,6045.0,8.0,2.0,0.0,0.0,119.0,2.0,,,13.1,2.18
4565239,2024,projected,,,,,,,,,,,,,,,,,,,,,,,,,,,,,
4565239,2024,actual,144.0,9.0,1.0,62.0,10.0,0.0,0.0,3.0,28.0,79.0,1.0,1.0,15.0,1261.01,47.0,8.0,8.0,18.0,99620.0,135.0,32.0,2.0,0.0,1953.0,47.0,,,284.7,3.6
4565239,2025,projected,139.0,7.0,1.0,71.0,9.0,,1.0,,20.0,80.0,1.0,2.0,13.0,1266.0,44.0,7.0,6.0,28.0,101280.0,147.0,31.0,2.0,,,44.0,,,281.35,3.52
4565239,2025,actual,171.0,15.0,0.0,33.0,15.0,0.0,0.0,3.0,32.0,78.0,1.0,0.0,16.0,1402.94,50.0,14.0,14.0,16.0,109429.0,110.0,34.0,1.0,0.0,1944.0,50.0,,,286.05,3.67
4565239,2026,projected,162.0,13.0,,42.0,13.0,,,,31.0,79.0,1.0,,15.0,1356.0,48.0,12.0,12.0,16.0,107124.0,121.0,33.0,1.0,,,48.0,,,279.2,3.53
4565239,2026,actual,113.0,7.0,0.0,39.0,7.0,0.0,0.0,4.0,3.0,70.0,1.0,0.0,6.0,1383.39,36.0,6.0,6.0,26.0,96837.0,148.0,30.0,1.0,0.0,1748.0,36.0,,,241.15,3.45
4565239,2027,projected,130.0,9.0,,42.0,9.0,,,,10.0,75.0,1.0,,9.0,1333.35,42.0,8.0,8.0,26.0,100001.25,142.0,33.0,1.0,,,42.0,,,260.7,3.48
4565239,2027,actual,,,,,,,,,,,,,,,,,,,,,,,,,,,,,
4565240,2023,projected,,,,,,,,,,,,,,,,,,,,,,,,,,,,,
4565240,2023,actual,1.0,0.0,0.0,2.0,0.0,0.0,0.0,0.0,-2.0,2.0,0.0,0.0,0.0,653.5,0.0,0.0,0.0,4.0,1307.0,0.0,0.0,0.0,0.0,33.0,0.0,,,2.45,1.23
4565240,2024,projected,,,,,,,,,,,,,,,,,,,,,,,,,,,,,
4565240,2024,actual,,,,,,,,,,,,,,,,,,,,,,,,,,,,,
4565240,2025,projected,,,,,,,,,,,,,,,,,,,,,,,,,,,,,
4565240,2025,actual,,,,,,,,,,,,,,,,,,,,,,,,,,,,,
4565240,2026,projected,,,,,,,,,,,,,,,,,,,,,,,,,,,,,
4565240,2026,actual,11.0,1.0,0.0,6.0,1.0,0.0,0.0,0.0,3.0,11.0,0.0,0.0,0.0,824.73,3.0,1.0,1.0,0.0,9072.0,9.0,3.0,0.0,0.0,214.0,3.0,,,17.35,1.58
4565240,2027,projected,,,,,,,,,,,,,,,,,,,,,,,,,,,,,
4565240,2027,actual,,,,,,,,,,,,,,,,,,,,,,,,,,,,,
4565241,2023,projected,,,,,,,,,,,,,,,,,,,,,,,,,,,,,
4565241,2023,actual,5.0,0.0,0.0,7.0,0.0,0.0,0.0,0.0,-5.0,10.0,0.0,0.0,0.0,796.0,1.0,0.0,0.0,2.0,7960.0,7.0,1.0,0.0,0.0,188.0,1.0,,,9.45,0.94
4565241,2024,projected,,,,,,,,,,,,,,,,,,,,,,,,,,,,,
4565241,2024,actual,,,,,,,,,,,,,,,,,,,,,,,,,,,,,
4565241,2025,projected,,,,,,,,,,,,,,,,,,,,,,,,,,,,,
4565241,2025,actual,12.0,0.0,0.0,8.0,0.0,0.0,0.0,0.0,6.0,18.0,0.0,0.0,0.0,851.28,1.0,0.0,0.0,4.0,15323.0,16.0,1.0,0.0,0.0,321.0,1.0,,,16.8,0.93
4565241,2026,projected,,,,,,,,,,,,,,,,,,,,,,,,,,,,,
4565241,2026,actual,7.0,0.0,0.0,6.0,0.0,0.0,0.0,0.0,0.0,5.0,0.0,0.0,0.0,846.0,0.0,0.0,0.0,4.0,4230.0,3.0,0.0,0.0,0.0,96.0,0.0,,,5.85,1.17
4565241,2027,projected,,,,,,,,,,,,,,,,,,,,,,,,,,,,,
4565241,2027,actual,,,,,,,,,,,,,,,,,,,,,,,,,,,,,
4565243,2023,projected,51.0,0.0,0.0,64.0,0.0,0.0,0.0,0.0,-6.0,68.0,0.0,0.0,2.0,1032.0,13.0,0.0,0.0,8.0,70176.0,60.0,11.0,0.0,0.0,357.0,1.0,,,82.15,1.21
4565243,2023,actual,10.0,0.0,0.0,12.0,0.0,0.0,0.0,0.0,1.0,10.0,0.0,0.0,0.0,857.0,1.0,0.0,0.0,6.0,8570.0,11.0,1.0,0.0,0.0,175.0,1.0,,,15.2,1.52
4565243,2024,projected,,,,,,,,,,,,,,,,,,,,,,,,,,,,,
4565243,2024,actual,1.0,0.0,0.0,3.0,0.0,0.0,0.0,0.0,-2.0,4.0,0.0,0.0,0.0,828.5,0.0,0.0,0.0,2.0,3314.0,7.0,0.0,0.0,0.0,78.0,0.0,,,5.05,1.26
4565243,2025,projected,,,,,,,,,,,,,,,,,,,,,,,,,,,,,
4565243,2025,actual,10.0,0.0,0.0,13.0,0.0,0.0,0.0,0.0,-3.0,14.0,0.0,0.0,0.0,786.0,0.0,0.0,0.0,2.0,11004.0,10.0,0.0,0.0,0.0,277.0,0.0,,,9.8,0.7
4565243,2026,projected,,,,,,,,,,,,,,,,,,,,,,,,,,,,,
4565243,2026,actual,12.0,0.0,0.0,14.0,0.0,0.0,0.0,0.0,1.0,19.0,0.0,0.0,2.0,850.79,4.0,0.0,0.0,2.0,16165.0,23.0,2.0,0.0,0.0,348.0,4.0,,,30.9,1.63
4565243,2027,projected,,,,,,,,,,,,,,,,,,,,,,,,,,,,,
4565243,2027,actual,,,,,,,,,,,,,,,,,,,,,,,,,,,,,
4565252,2023,projected,,,,,,,,,,,,,,,,,,,,,,,,,,,,,
4565252,2023,actual,,,,,,,,,,,,,,,,,,,,,,,,,,,,,
4565252,2024,projected,,,,,,,,,,,,,,,,,,,,,,,,,,,,,
4565252,2024,actual,35.0,0.0,0.0,7.0,0.0,0.0,0.0,0.0,3.0,41.0,0.0,0.0,0.0,832.02,7.0,0.0,0.0,12.0,34113.0,39.0,7.0,0.0,0.0,720.0,7.0,,,55.95,1.36
4565252,2025,projected,,,,,,,,,,,,,,,,,,,,,,,,,,,,,
4565252,2025,actual,3.0,0.0,0.0,1.0,0.0,0.0,0.0,0.0,-2.0,3.0,0.0,0.0,0.0,1060.0,0.0,0.0,0.0,4.0,3180.0,4.0,0.0,0.0,0.0,68.0,0.0,,,4.85,1.62
4565252,2026,projected,,,,,,,,,,,,,,,,,,,,,,,,,,,,,
4565252,2026,actual,0.0,0.0,0.0,2.0,0.0,0.0,0.0,0.0,0.0,3.0,0.0,0.0,0.0,540.0,0.0,0.0,0.0,2.0,1620.0,3.0,0.0,0.0,0.0,34.0,0.0,,,2.7,0.9
4565252,2027,projected,,,,,,,,,,,,,,,,,,,,,,,,,,,,,
4565252,2027,actual,,,,,,,,,,,,,,,,,,,,,,,,,,,,,
4565262,2023,projected,,,,,,,,,,,,,,,,,,,,,,,,,,,,,
4565262,2023,actual,1.0,0.0,0.0,1.0,0.0,0.0,0.0,0.0,-1.0,2.0,0.0,0.0,0.0,1108.5,0.0,0.0,0.0,0.0,2217.0,9.0,0.0,0.0,0.0,43.0,0.0,,,4.85,2.42
4565262,2024,projected,,,,,,,,,,,,,,,,,,,,,,,,,,,,,
4565262,2024,actual,55.0,2.0,0.0,47.0,3.0,0.0,1.0,1.0,-24.0,71.0,0.0,1.0,2.0,1162.63,17.0,3.0,2.0,24.0,82547.0,129.0,15.0,0.0,0.0,1714.0,17.0,,,150.95,2.13
4565262,2025,projected,,,,,,,,,,,,,,,,,,,,,,,,,,,,,
4565262,2025,actual,134.0,9.0,0.0,69.0,10.0,1.0,1.0,2.0,0.0,75.0,2.0,1.0,14.0,1338.03,43.0,8.0,7.0,28.0,100352.0,129.0,29.0,2.0,0.0,1961.0,43.0,,,270.4,3.61
4565262,2026,projected,168.0,18.0,,71.0,18.0,,,,12.0,77.0,3.0,,18.0,1314.0,59.0,15.0,15.0,32.0,101178.0,131.0,41.0,3.0,,,59.0,,,336.1,4.36
4565262,2026,actual,157.0,17.0,1.0,74.0,19.0,0.0,1.0,0.0,-2.0,82.0,3.0,2.0,10.0,1454.88,58.0,15.0,14.0,19.0,119300.0,128.0,48.0,4.0,0.0,2241.0,58.0,,,317.15,3.87
4565262,2027,projected,141.0,15.0,1.0,72.0,17.0,,1.0,,-4.0,82.0,2.0,2.0,10.0,1464.63,52.0,14.0,13.0,22.0,120099.66,134.0,42.0,3.0,,,52.0,,,297.95,3.63
4565262,2027,actual,,,,,,,,,,,,,,,,,,,,,,,,,,,,,
4565264,2023,projected,,,,,,,,,,,,,,,,,,,,,,,,,,,,,
4565264,2023,actual,16.0,0.0,0.0,25.0,0.0,0.0,0.0,0.0,-3.0,10.0,0.0,0.0,0.0,1054.1,2.0,0.0,0.0,0.0,10541.0,8.0,2.0,0.0,0.0,227.0,2.0,,,16.5,1.65
4565264,2024,projected,,,,,,,,,,,,,,,,,,,,,,,,,,,,,
4565264,2024,actual,32.0,1.0,0.0,37.0,1.0,0.0,0.0,0.0,12.0,26.0,0.0,0.0,1.0,990.31,9.0,1.0,1.0,8.0,25748.0,31.0,8.0,0.0,0.0,553.0,9.0,,,59.7,2.3
4565264,2025,projected,,,,,,,,,,,,,,,,,,,,,,,,,,,,,
4565264,2025,actual,34.0,0.0,0.0,59.0,0.0,0.0,0.0,0.0,15.0,40.0,0.0,0.0,0.0,904.4,10.0,0.0,0.0,2.0,36176.0,40.0,10.0,0.0,0.0,760.0,10.0,,,65.4,1.64
4565264,2026,projected,,,,,,,,,,,,,,,,,,,,,,,,,,,,,
4565264,2026,actual,60.0,0.0,0.0,102.0,0.0,0.0,0.0,0.0,6.0,78.0,0.0,0.0,3.0,958.09,16.0,0.0,0.0,26.0,74731.0,95.0,13.0,0.0,0.0,1620.0,16.0,,,136.7,1.75
4565264,2027,projected,,,,,,,,,,,,,,,,,,,,,,,,,,,,,
4565264,2027,actual,,,,,,,,,,,,,,,,,,,,,,,,,,,,,
4565266,2023,projected,,,,,,,,,,,,,,,,,,,,,,,,,,,,,
4565266,2023,actual,4.0,0.0,0.0,5.0,0.0,0.0,0.0,0.0,-1.0,6.0,0.0,0.0,0.0,1178.17,1.0,0.0,0.0,0.0,7069.0,9.0,1.0,0.0,0.0,146.0,1.0,,,9.0,1.5
4565266,2024,projected,,,,,,,,,,,,,,,,,,,,,,,,,,,,,
4565266,2024,actual,71.0,2.0,0.0,45.0,2.0,0.0,0.0,1.0,-4.0,76.0,0.0,0.0,2.0,1288.72,16.0,2.0,2.0,45.0,97943.0,148.0,14.0,0.0,0.0,1905.0,16.0,,,170.75,2.25
4565266,2025,projected,,,,,,,,,,,,,,,,,,,,,,,,,,,,,
4565266,2025,actual,103.0,12.0,0.0,59.0,13.0,0.0,1.0,0.0,-23.0,82.0,1.0,1.0,4.0,1395.77,30.0,12.0,11.0,12.0,114453.0,157.0,26.0,1.0,0.0,2175.0,30.0,,,217.65,2.65
4565266,2026,projected,122.0,9.0,,57.0,9.0,,,,-17.0,79.0,,,5.0,1380.0,32.0,9.0,9.0,28.0,109020.0,153.0,27.0,,,,32.0,,,232.2,2.94
4565266,2026,actual,86.0,0.0,0.0,29.0,1.0,0.0,1.0,0.0,-16.0,81.0,0.0,1.0,2.0,1267.98,21.0,1.0,0.0,17.0,102706.0,119.0,19.0,0.0,0.0,2031.0,21.0,,,158.4,1.96
4565266,2027,projected,,,,,,,,,,,,,,,,,,,,,,,,,,,,,
4565266,2027,actual,,,,,,,,,,,,,,,,,,,,,,,,,,,,,
4565269,2023,projected,,,,,,,,,,,,,,,,,,,,,,,,,,,,,
4565269,2023,actual,,,,,,,,,,,,,,,,,,,,,,,,,,,,,
4565269,2024,projected,,,,,,,,,,,,,,,,,,,,,,,,,,,,,
4565269,2024,actual,47.0,0.0,0.0,112.0,0.0,0.0,0.0,0.0,-3.0,56.0,0.0,0.0,3.0,966.71,10.0,0.0,0.0,57.0,54136.0,53.0,7.0,0.0,0.0,1015.0,10.0,,,110.95,1.98
4565269,2025,projected,,,,,,,,,,,,,,,,,,,,,,,,,,,,,
4565269,2025,actual,47.0,0.0,0.0,124.0,0.0,0.0,0.0,0.0,2.0,56.0,0.0,0.0,2.0,897.27,13.0,0.0,0.0,52.0,50247.0,54.0,11.0,0.0,0.0,1017.0,13.0,,,118.15,2.11
4565269,2026,projected,,,,,,,,,,,,,,,,,,,,,,,,,,,,,
4565269,2026,actual,25.0,0.0,0.0,115.0,0.0,0.0,0.0,0.0,4.0,59.0,0.0,0.0,2.0,841.08,12.0,0.0,0.0,58.0,49624.0,32.0,10.0,0.0,0.0,988.0,12.0,,,100.75,1.71
4565269,2027,projected,,,,,,,,,,,,,,,,,,,,,,,,,,,,,
4565269,2027,actual,,,,,,,,,,,,,,,,,,,,,,,,,,,,,
4565270,2023,projected,,,,,,,,,,,,,,,,,,,,,,,,,,,,,
4565270,2023,actual,4.0,0.0,0.0,2.0,0.0,0.0,0.0,0.0,0.0,3.0,0.0,0.0,1.0,819.0,1.0,0.0,0.0,2.0,2457.0,3.0,0.0,0.0,0.0,53.0,1.0,,,7.7,2.57
4565270,2024,projected,,,,,,,,,,,,,,,,,,,,,,,,,,,,,
4565270,2024,actual,,,,,,,,,,,,,,,,,,,,,,,,,,,,,
4565270,2025,projected,,,,,,,,,,,,,,,,,,,,,,,,,,,,,
4565270,2025,actual,63.0,0.0,0.0,99.0,1.0,0.0,1.0,1.0,6.0,56.0,0.0,1.0,4.0,981.09,13.0,1.0,0.0,47.0,54941.0,73.0,9.0,0.0,0.0,1166.0,13.0,,,130.65,2.33
4565270,2026,projected,,,,,,,,,,,,,,,,,,,,,,,,,,,,,
4565270,2026,actual,39.0,0.0,0.0,63.0,2.0,0.0,2.0,0.0,-4.0,60.0,0.0,2.0,2.0,1017.88,15.0,2.0,0.0,20.0,61073.0,79.0,13.0,0.0,0.0,1384.0,15.0,,,114.55,1.91
4565270,2027,projected,,,,,,,,,,,,,,,,,,,,,,,,,,,,,
4565270,2027,actual,,,,,,,,,,,,,,,,,,,,,,,,,,,,,
4565274,2023,projected,,,,,,,,,,,,,,,,,,,,,,,,,,,,,
4565274,2023,actual,2.0,0.0,0.0,2.0,0.0,0.0,0.0,0.0,0.0,2.0,0.0,0.0,0.0,825.5,0.0,0.0,0.0,0.0,1651.0,2.0,0.0,0.0,0.0,33.0,0.0,,,1.7,0.85
4565274,2024,projected,,,,,,,,,,,,,,,,,,,,,,,,,,,,,
4565274,2024,actual,5.0,0.0,0.0,3.0,0.0,0.0,0.0,0.0,5.0,5.0,0.0,0.0,1.0,748.4,4.0,0.0,0.0,2.0,3742.0,6.0,3.0,0.0,0.0,89.0,4.0,,,18.55,3.71
4565274,2025,projected,,,,,,,,,,,,,,,,,,,,,,,,,,,,,
4565274,2025,actual,20.0,0.0,0.0,26.0,0.0,0.0,0.0,1.0,-12.0,35.0,0.0,0.0,2.0,781.03,7.0,0.0,0.0,10.0,27336.0,31.0,5.0,0.0,0.0,671.0,7.0,,,52.1,1.49
4565274,2026,projected,,,,,,,,,,,,,,,,,,,,,,,,,,,,,
4565274,2026,actual,12.0,0.0,0.0,5.0,0.0,0.0,0.0,1.0,2.0,13.0,0.0,0.0,1.0,752.46,3.0,0.0,0.0,4.0,9782.0,13.0,2.0,0.0,0.0,223.0,3.0,,,23.0,1.77
4565274,2027,projected,,,,,,,,,,,,,,,,,,,,,,,,,,,,,
4565274,2027,actual,,,,,,,,,,,,,,,,,,,,,,,,,,,,,
4565282,2023,projected,,,,,,,,,,,,,,,,,,,,,,,,,,,,,
4565282,2023,actual,,,,,,,,,,,,,,,,,,,,,,,,,,,,,
4565282,2024,projected,,,,,,,,,,,,,,,,,,,,,,,,,,,,,
4565282,2024,actual,,,,,,,,,,,,,,,,,,,,,,,,,,,,,
4565282,2025,projected,,,,,,,,,,,,,,,,,,,,,,,,,,,,,
4565282,2025,actual,48.0,0.0,0.0,70.0,0.0,0.0,0.0,2.0,-11.0,61.0,0.0,0.0,3.0,981.66,9.0,0.0,0.0,30.0,59881.0,83.0,6.0,0.0,0.0,1310.0,9.0,,,107.5,1.76
4565282,2026,projected,,,,,,,,,,,,,,,,,,,,,,,,,,,,,
4565282,2026,actual,61.0,0.0,1.0,56.0,2.0,0.0,1.0,1.0,-18.0,82.0,0.0,2.0,3.0,956.39,11.0,1.0,0.0,16.0,78424.0,93.0,8.0,1.0,0.0,1768.0,11.0,,,115.35,1.41
4565282,2027,projected,,,,,,,,,,,,,,,,,,,,,,,,,,,,,
4565282,2027,actual,,,,,,,,,,,,,,,,,,,,,,,,,,,,,
4565285,2023,projected,,,,,,,,,,,,,,,,,,,,,,,,,,,,,
4565285,2023,actual,,,,,,,,,,,,,,,,,,,,,,,,,,,,,
4565285,2024,projected,,,,,,,,,,,,,,,,,,,,,,,,,,,,,
4565285,2024,actual,,,,,,,,,,,,,,,,,,,,,,,,,,,,,
4565285,2025,projected,,,,,,,,,,,,,,,,,,,,,,,,,,,,,
4565285,2025,actual,,,,,,,,,,,,,,,,,,,,,,,,,,,,,
4565285,2026,projected,,,,,,,,,,,,,,,,,,,,,,,,,,,,,
4565285,2026,actual,1.0,0.0,0.0,2.0,0.0,0.0,0.0,0.0,1.0,1.0,0.0,0.0,0.0,1005.0,0.0,0.0,0.0,0.0,1005.0,2.0,0.0,0.0,0.0,24.0,0.0,,,1.45,1.45
4565285,2027,projected,,,,,,,,,,,,,,,,,,,,,,,,,,,,,
4565285,2027,actual,,,,,,,,,,,,,,,,,,,,,,,,,,,,,
4587566,2023,projected,,,,,,,,,,,,,,,,,,,,,,,,,,,,,
4587566,2023,actual,,,,,,,,,,,,,,,,,,,,,,,,,,,,,
4587566,2024,projected,,,,,,,,,,,,,,,,,,,,,,,,,,,,,
4587566,2024,actual,31.0,1.0,0.0,66.0,1.0,0.0,0.0,0.0,-4.0,30.0,0.0,0.0,1.0,1112.97,10.0,1.0,1.0,6.0,33389.0,46.0,9.0,0.0,0.0,706.0,10.0,,,71.85,2.4
4587566,2025,projected,,,,,,,,,,,,,,,,,,,,,,,,,,,,,
4587566,2025,actual,62.0,0.0,0.0,123.0,1.0,0.0,1.0,1.0,-5.0,76.0,0.0,1.0,2.0,906.8,13.0,1.0,0.0,18.0,68917.0,97.0,11.0,0.0,0.0,1474.0,13.0,,,128.3,1.69
4587566,2026,projected,,,,,,,,,,,,,,,,,,,,,,,,,,,,,
4587566,2026,actual,46.0,0.0,0.0,107.0,0.0,0.0,0.0,1.0,-1.0,72.0,0.0,0.0,2.0,931.22,12.0,0.0,0.0,23.0,67048.0,106.0,10.0,0.0,0.0,1470.0,12.0,,,125.7,1.75
4587566,2027,projected,,,,,,,,,,,,,,,,,,,,,,,,,,,,,
4587566,2027,actual,,,,,,,,,,,,,,,,,,,,,,,,,,,,,
4587571,2023,projected,,,,,,,,,,,,,,,,,,,,,,,,,,,,,
4587571,2023,actual,,,,,,,,,,,,,,,,,,,,,,,,,,,,,
4587571,2024,projected,,,,,,,,,,,,,,,,,,,,,,,,,,,,,
4587571,2024,actual,0.0,0.0,0.0,4.0,0.0,0.0,0.0,0.0,-1.0,1.0,0.0,0.0,0.0,603.0,0.0,0.0,0.0,0.0,603.0,2.0,0.0,0.0,0.0,16.0,0.0,,,1.4,1.4
4587571,2025,projected,,,,,,,,,,,,,,,,,,,,,,,,,,,,,
4587571,2025,actual,0.0,0.0,0.0,0.0,0.0,0.0,0.0,0.0,-1.0,1.0,0.0,0.0,0.0,308.0,0.0,0.0,0.0,0.0,308.0,0.0,0.0,0.0,0.0,6.0,0.0,,,0,0.0
4587571,2026,projected,,,,,,,,,,,,,,,,,,,,,,,,,,,,,
4587571,2026,actual,5.0,0.0,0.0,3.0,0.0,0.0,0.0,0.0,0.0,6.0,0.0,0.0,0.0,895.17,1.0,0.0,0.0,0.0,5371.0,3.0,1.0,0.0,0.0,132.0,1.0,,,6.05,1.01
4587571,2027,projected,,,,,,,,,,,,,,,,,,,,,,,,,,,,,
4587571,2027,actual,,,,,,,,,,,,,,,,,,,,,,,,,,,,,
4587574,2023,projected,,,,,,,,,,,,,,,,,,,,,,,,,,,,,
4587574,2023,actual,,,,,,,,,,,,,,,,,,,,,,,,,,,,,
4587574,2024,projected,,,,,,,,,,,,,,,,,,,,,,,,,,,,,
4587574,2024,actual,,,,,,,,,,,,,,,,,,,,,,,,,,,,,
4587574,2025,projected,,,,,,,,,,,,,,,,,,,,,,,,,,,,,
4587574,2025,actual,9.0,0.0,0.0,8.0,0.0,0.0,0.0,0.0,-5.0,17.0,0.0,0.0,1.0,848.59,1.0,0.0,0.0,7.0,14426.0,12.0,0.0,0.0,0.0,341.0,1.0,,,16.55,0.97
4587574,2026,projected,,,,,,,,,,,,,,,,,,,,,,,,,,,,,
4587574,2026,actual,3.0,0.0,0.0,3.0,0.0,0.0,0.0,0.0,-1.0,5.0,0.0,0.0,0.0,779.4,0.0,0.0,0.0,0.0,3897.0,9.0,0.0,0.0,0.0,93.0,0.0,,,5.55,1.11
4587574,2027,projected,,,,,,,,,,,,,,,,,,,,,,,,,,,,,
4587574,2027,actual,,,,,,,,,,,,,,,,,,,,,,,,,,,,,
4587818,2023,projected,,,,,,,,,,,,,,,,,,,,,,,,,,,,,
4587818,2023,actual,0.0,0.0,0.0,2.0,0.0,0.0,0.0,0.0,0.0,1.0,0.0,0.0,0.0,1000.0,0.0,0.0,0.0,2.0,1000.0,2.0,0.0,0.0,0.0,21.0,0.0,,,2.2,2.2
4587818,2024,projected,,,,,,,,,,,,,,,,,,,,,,,,,,,,,
4587818,2024,actual,6.0,0.0,0.0,18.0,0.0,0.0,0.0,0.0,0.0,9.0,0.0,0.0,1.0,849.0,1.0,0.0,0.0,0.0,7641.0,9.0,0.0,0.0,0.0,172.0,1.0,,,11.8,1.31
4587818,2025,projected,,,,,,,,,,,,,,,,,,,,,,,,,,,,,
4587818,2025,actual,0.0,0.0,0.0,1.0,0.0,0.0,0.0,0.0,-1.0,1.0,0.0,0.0,0.0,768.0,0.0,0.0,0.0,0.0,768.0,1.0,0.0,0.0,0.0,18.0,0.0,,,0.6,0.6
4587818,2026,projected,,,,,,,,,,,,,,,,,,,,,,,,,,,,,
4587818,2026,actual,2.0,0.0,0.0,4.0,0.0,0.0,0.0,0.0,0.0,5.0,0.0,0.0,0.0,920.4,0.0,0.0,0.0,0.0,4602.0,5.0,0.0,0.0,0.0,101.0,0.0,,,3.4,0.68
4587818,2027,projected,,,,,,,,,,,,,,,,,,,,,,,,,,,,,
4587818,2027,actual,,,,,,,,,,,,,,,,,,,,,,,,,,,,,
4587854,2023,projected,,,,,,,,,,,,,,,,,,,,,,,,,,,,,
4587854,2023,actual,100.0,0.0,0.0,198.0,1.0,0.0,1.0,0.0,13.0,76.0,0.0,1.0,2.0,1166.97,22.0,1.0,0.0,43.0,88690.0,129.0,20.0,0.0,0.0,1782.0,22.0,,,199.8,2.63
4587854,2024,projected,96.0,0.0,0.0,184.0,0.0,0.0,0.0,0.0,14.0,74.0,0.0,0.0,2.0,1176.0,18.0,0.0,0.0,41.0,87024.0,123.0,16.0,0.0,0.0,2074.0,16.0,,,178.4,2.41
4587854,2024,actual,117.0,0.0,0.0,144.0,0.0,0.0,0.0,0.0,23.0,81.0,0.0,0.0,7.0,1250.42,22.0,0.0,0.0,20.0,101284.0,171.0,15.0,0.0,0.0,2074.0,22.0,,,212.15,2.62
4587854,2025,projected,121.0,,,169.0,,,,,18.0,78.0,,,4.0,1236.0,21.0,,,34.0,96408.0,159.0,17.0,,,,21.0,,,210.65,2.7
4587854,2025,actual,100.0,0.0,0.0,147.0,1.0,0.0,1.0,0.0,5.0,64.0,0.0,1.0,4.0,1338.41,20.0,1.0,0.0,20.0,85658.0,165.0,16.0,0.0,0.0,1763.0,20.0,,,197.2,3.08
4587854,2026,projected,106.0,,,168.0,,,,,11.0,74.0,,,6.0,1308.0,23.0,,,28.0,96792.0,166.0,17.0,,,,23.0,,,215.3,2.91
4587854,2026,actual,17.0,0.0,0.0,31.0,0.0,0.0,0.0,0.0,-7.0,15.0,0.0,0.0,0.0,1166.67,1.0,0.0,0.0,6.0,17500.0,31.0,1.0,0.0,0.0,351.0,1.0,,,28.85,1.92
4587854,2027,projected,,,,,,,,,,,,,,,,,,,,,,,,,,,,,
4587854,2027,actual,,,,,,,,,,,,,,,,,,,,,,,,,,,,,
4587904,2023,projected,,,,,,,,,,,,,,,,,,,,,,,,,,,,,
4587904,2023,actual,21.0,0.0,0.0,50.0,0.0,0.0,0.0,0.0,-9.0,26.0,0.0,0.0,1.0,878.5,4.0,0.0,0.0,31.0,22841.0,26.0,3.0,0.0,0.0,533.0,4.0,,,51.75,1.99
4587904,2024,projected,,,,,,,,,,,,,,,,,,,,,,,,,,,,,
4587904,2024,actual,17.0,0.0,0.0,58.0,0.0,0.0,0.0,0.0,1.0,26.0,0.0,0.0,1.0,747.04,2.0,0.0,0.0,42.0,19423.0,27.0,1.0,0.0,0.0,452.0,2.0,,,51.55,1.98
4587904,2025,projected,,,,,,,,,,,,,,,,,,,,,,,,,,,,,
4587904,2025,actual,33.0,0.0,0.0,81.0,1.0,0.0,1.0,0.0,4.0,38.0,0.0,1.0,3.0,874.61,7.0,1.0,0.0,55.0,33235.0,39.0,4.0,0.0,0.0,726.0,7.0,,,88.35,2.32
4587904,2026,projected,,,,,,,,,,,,,,,,,,,,,,,,,,,,,
4587904,2026,actual,68.0,0.0,0.0,100.0,0.0,0.0,0.0,0.0,-4.0,69.0,0.0,0.0,3.0,861.62,17.0,0.0,0.0,81.0,59452.0,51.0,14.0,0.0,0.0,1312.0,17.0,,,147.0,2.13
4587904,2027,projected,,,,,,,,,,,,,,,,,,,,,,,,,,,,,
4587904,2027,actual,,,,,,,,,,,,,,,,,,,,,,,,,,,,,
4587929,2023,projected,,,,,,,,,,,,,,,,,,,,,,,,,,,,,
4587929,2023,actual,,,,,,,,,,,,,,,,,,,,,,,,,,,,,
4587929,2024,projected,,,,,,,,,,,,,,,,,,,,,,,,,,,,,
4587929,2024,actual,29.0,5.0,0.0,12.0,5.0,0.0,0.0,0.0,-7.0,31.0,2.0,0.0,3.0,991.74,9.0,3.0,3.0,18.0,30744.0,38.0,6.0,2.0,0.0,583.0,9.0,,,69.95,2.26
4587929,2025,projected,,,,,,,,,,,,,,,,,,,,,,,,,,,,,
4587929,2025,actual,69.0,2.0,0.0,33.0,2.0,0.0,0.0,1.0,-5.0,66.0,1.0,0.0,2.0,1019.56,12.0,1.0,1.0,10.0,67291.0,69.0,10.0,1.0,0.0,1329.0,12.0,,,100.55,1.52
4587929,2026,projected,,,,,,,,,,,,,,,,,,,,,,,,,,,,,
4587929,2026,actual,20.0,0.0,0.0,11.0,0.0,0.0,0.0,0.0,3.0,26.0,0.0,0.0,1.0,823.54,7.0,0.0,0.0,4.0,21412.0,22.0,6.0,0.0,0.0,428.0,7.0,,,41.1,1.58
4587929,2027,projected,,,,,,,,,,,,,,,,,,,,,,,,,,,,,
4587929,2027,actual,,,,,,,,,,,,,,,,,,,,,,,,,,,,,
4587933,2023,projected,,,,,,,,,,,,,,,,,,,,,,,,,,,,,
4587933,2023,actual,92.0,0.0,0.0,93.0,0.0,0.0,0.0,0.0,3.0,77.0,0.0,0.0,3.0,1045.17,15.0,0.0,0.0,39.0,80478.0,86.0,12.0,0.0,0.0,1546.0,15.0,,,142.8,1.85
4587933,2024,projected,,,,,,,,,,,,,,,,,,,,,,,,,,,,,
4587933,2024,actual,46.0,0.0,0.0,65.0,0.0,0.0,0.0,0.0,11.0,62.0,0.0,0.0,6.0,991.1,13.0,0.0,0.0,42.0,61448.0,83.0,7.0,0.0,0.0,1182.0,13.0,,,125.5,2.02
4587933,2025,projected,,,,,,,,,,,,,,,,,,,,,,,,,,,,,
4587933,2025,actual,76.0,0.0,0.0,100.0,0.0,0.0,0.0,1.0,10.0,81.0,0.0,0.0,1.0,1188.84,17.0,0.0,0.0,72.0,96296.0,99.0,16.0,0.0,0.0,1956.0,17.0,,,167.5,2.07
4587933,2026,projected,,,,,,,,,,,,,,,,,,,,,,,,,,,,,
4587933,2026,actual,30.0,0.0,0.0,57.0,0.0,0.0,0.0,0.0,0.0,34.0,0.0,0.0,0.0,1072.0,8.0,0.0,0.0,38.0,36448.0,39.0,8.0,0.0,0.0,699.0,8.0,,,75.7,2.23
4587933,2027,projected,,,,,,,,,,,,,,,,,,,,,,,,,,,,,
4587933,2027,actual,,,,,,,,,,,,,,,,,,,,,,,,,,,,,
4588175,2023,projected,,,,,,,,,,,,,,,,,,,,,,,,,,,,,
4588175,2023,actual,,,,,,,,,,,,,,,,,,,,,,,,,,,,,
4588175,2024,projected,,,,,,,,,,,,,,,,,,,,,,,,,,,,,
4588175,2024,actual,,,,,,,,,,,,,,,,,,,,,,,,,,,,,
4588175,2025,projected,,,,,,,,,,,,,,,,,,,,,,,,,,,,,
4588175,2025,actual,,,,,,,,,,,,,,,,,,,,,,,,,,,,,
4588175,2026,projected,,,,,,,,,,,,,,,,,,,,,,,,,,,,,
4588175,2026,actual,80.0,2.0,0.0,96.0,2.0,0.0,0.0,2.0,-4.0,70.0,0.0,0.0,6.0,1125.13,29.0,2.0,2.0,112.0,78759.0,74.0,23.0,0.0,0.0,1617.0,29.0,,,218.6,3.12
4588175,2027,projected,80.0,2.0,,98.0,2.0,,,,-4.0,72.0,,,6.0,1078.17,30.0,2.0,2.0,120.0,77628.24,78.0,24.0,,,,30.0,,,225.8,3.14
4588175,2027,actual,,,,,,,,,,,,,,,,,,,,,,,,,,,,,
4588178,2023,projected,,,,,,,,,,,,,,,,,,,,,,,,,,,,,
4588178,2023,actual,90.0,1.0,0.0,162.0,2.0,0.0,1.0,1.0,21.0,77.0,1.0,1.0,5.0,1299.61,20.0,1.0,0.0,40.0,100070.0,129.0,15.0,1.0,0.0,1711.0,20.0,,,191.2,2.48
4588178,2024,projected,61.0,0.0,0.0,136.0,1.0,0.0,1.0,0.0,11.0,58.0,0.0,1.0,1.0,1266.0,7.0,1.0,0.0,34.0,73428.0,71.0,6.0,0.0,0.0,1630.0,6.0,,,103.35,1.78
4588178,2024,actual,89.0,0.0,0.0,121.0,1.0,0.0,1.0,0.0,22.0,74.0,0.0,1.0,2.0,1237.88,18.0,1.0,0.0,18.0,91603.0,129.0,16.0,0.0,0.0,1630.0,18.0,,,164.85,2.23
4588178,2025,projected,78.0,,,148.0,,,,,23.0,76.0,,,2.0,1242.0,16.0,,,28.0,94392.0,129.0,14.0,,,,16.0,,,162.8,2.14
4588178,2025,actual,84.0,0.0,0.0,119.0,0.0,0.0,0.0,0.0,17.0,77.0,0.0,0.0,6.0,1361.42,24.0,0.0,0.0,28.0,104829.0,124.0,18.0,0.0,0.0,1939.0,24.0,,,186.9,2.43
4588178,2026,projected,91.0,,,124.0,,,,,19.0,76.0,,,4.0,1320.0,25.0,,,26.0,100320.0,127.0,21.0,,,,25.0,,,190.65,2.51
4588178,2026,actual,61.0,0.0,0.0,111.0,0.0,0.0,0.0,1.0,8.0,80.0,0.0,0.0,4.0,1234.19,20.0,0.0,0.0,22.0,98735.0,133.0,16.0,0.0,0.0,1902.0,20.0,,,168.85,2.11
4588178,2027,projected,,,,,,,,,,,,,,,,,,,,,,,,,,,,,
4588178,2027,actual,,,,,,,,,,,,,,,,,,,,,,,,,,,,,
4588190,2023,projected,,,,,,,,,,,,,,,,,,,,,,,,,,,,,
4588190,2023,actual,6.0,0.0,0.0,3.0,0.0,0.0,0.0,0.0,1.0,6.0,0.0,0.0,0.0,840.0,1.0,0.0,0.0,0.0,5040.0,3.0,1.0,0.0,0.0,95.0,1.0,,,6.3,1.05
4588190,2024,projected,,,,,,,,,,,,,,,,,,,,,,,,,,,,,
4588190,2024,actual,80.0,6.0,0.0,59.0,6.0,0.0,0.0,0.0,5.0,71.0,1.0,0.0,2.0,865.56,24.0,5.0,5.0,12.0,61455.0,55.0,22.0,1.0,0.0,1207.0,24.0,,,136.9,1.93
4588190,2025,projected,121.0,17.0,0.0,69.0,17.0,0.0,0.0,0.0,7.0,75.0,3.0,0.0,6.0,1055.85,33.0,14.0,14.0,14.0,79188.98,61.0,27.0,3.0,0.0,1611.0,33.0,,,189.65,2.53
4588190,2025,actual,86.0,5.0,0.0,80.0,5.0,0.0,0.0,0.0,23.0,79.0,0.0,0.0,4.0,1007.32,28.0,5.0,5.0,16.0,79578.0,77.0,24.0,0.0,0.0,1611.0,28.0,,,166.5,2.11
4588190,2026,projected,,,,,,,,,,,,,,,,,,,,,,,,,,,,,
4588190,2026,actual,108.0,3.0,0.0,55.0,3.0,0.0,0.0,1.0,15.0,73.0,0.0,0.0,7.0,1123.55,31.0,3.0,3.0,22.0,82019.0,59.0,24.0,0.0,0.0,1816.0,31.0,,,175.5,2.4
4588190,2027,projected,101.0,4.0,,64.0,4.0,,,,15.0,76.0,,,6.0,1124.13,32.0,4.0,4.0,19.0,85433.88,60.0,26.0,,,,32.0,,,175.15,2.3
4588190,2027,actual,,,,,,,,,,,,,,,,,,,,,,,,,,,,,
4697386,2023,projected,,,,,,,,,,,,,,,,,,,,,,,,,,,,,
4697386,2023,actual,132.0,17.0,0.0,43.0,17.0,0.0,0.0,0.0,-6.0,77.0,2.0,0.0,4.0,1315.22,32.0,15.0,15.0,12.0,101272.0,147.0,28.0,2.0,0.0,2149.0,32.0,,,226.3,2.94
4697386,2024,projected,87.0,5.0,0.0,32.0,5.0,0.0,0.0,3.0,-12.0,60.0,3.0,0.0,1.0,1284.0,16.0,5.0,5.0,23.0,77040.0,102.0,15.0,3.0,1.0,2213.0,15.0,,,143.95,2.4
4697386,2024,actual,158.0,14.0,0.0,43.0,14.0,0.0,0.0,3.0,8.0,79.0,3.0,0.0,10.0,1393.1,38.0,11.0,11.0,23.0,110055.0,139.0,28.0,3.0,1.0,2213.0,38.0,,,260.3,3.29
4697386,2025,projected,184.0,20.0,,51.0,20.0,,,,10.0,78.0,4.0,,13.0,1392.0,47.0,16.0,16.0,24.0,108576.0,148.0,34.0,4.0,,,47.0,,,303.1,3.89
4697386,2025,actual,195.0,30.0,0.0,38.0,34.0,0.0,4.0,4.0,-14.0,80.0,5.0,4.0,11.0,1466.53,57.0,29.0,25.0,12.0,117322.0,163.0,46.0,5.0,0.0,2323.0,57.0,,,347.55,4.34
4697386,2026,projected,191.0,22.0,,44.0,22.0,,,,4.0,79.0,4.0,,12.0,1446.0,43.0,18.0,18.0,18.0,114234.0,152.0,31.0,4.0,,,43.0,,,291.15,3.69
4697386,2026,actual,147.0,22.0,0.0,29.0,22.0,0.0,0.0,3.0,16.0,67.0,5.0,0.0,14.0,1490.36,54.0,17.0,17.0,8.0,99854.0,129.0,40.0,5.0,0.0,2019.0,54.0,,,300.65,4.49
4697386,2027,projected,153.0,23.0,,35.0,23.0,,,,11.0,72.0,5.0,,15.0,1518.65,56.0,18.0,18.0,10.0,109342.8,134.0,41.0,5.0,,,56.0,,,310.75,4.32
4697386,2027,actual,,,,,,,,,,,,,,,,,,,,,,,,,,,,,
4697387,2023,projected,147.0,11.0,0.0,45.0,0.0,0.0,0.0,0.0,-19.0,82.0,1.0,0.0,6.0,1248.0,37.0,0.0,10.0,14.0,102336.0,77.0,31.0,0.0,0.0,296.0,0.0,,,172.75,2.11
4697387,2023,actual,8.0,0.0,0.0,7.0,0.0,0.0,0.0,0.0,-3.0,8.0,0.0,0.0,0.0,1057.25,0.0,0.0,0.0,2.0,8458.0,6.0,0.0,0.0,0.0,166.0,0.0,,,6.7,0.84
4697387,2024,projected,134.0,6.0,0.0,62.0,6.0,0.0,1.0,0.0,-24.0,80.0,1.0,1.0,4.0,1176.0,26.0,6.0,6.0,16.0,94080.0,66.0,22.0,1.0,0.0,792.0,22.0,,,163.7,2.05
4697387,2024,actual,55.0,2.0,0.0,21.0,3.0,0.0,1.0,0.0,-20.0,34.0,1.0,1.0,3.0,1177.41,10.0,2.0,1.0,8.0,40032.0,43.0,7.0,1.0,0.0,792.0,10.0,,,76.85,2.26
4697387,2025,projected,123.0,2.0,,37.0,2.0,,,,-29.0,71.0,,,5.0,1146.0,34.0,2.0,2.0,18.0,81366.0,68.0,29.0,,,,34.0,,,185.45,2.61
4697387,2025,actual,63.0,7.0,0.0,18.0,7.0,0.0,0.0,1.0,-32.0,70.0,2.0,0.0,7.0,1195.01,20.0,5.0,5.0,22.0,83651.0,102.0,13.0,2.0,0.0,1763.0,20.0,,,152.05,2.17
4697387,2026,projected,,,,,,,,,,,,,,,,,,,,,,,,,,,,,
4697387,2026,actual,101.0,9.0,0.0,16.0,9.0,0.0,0.0,3.0,-3.0,78.0,1.0,0.0,8.0,1293.23,32.0,8.0,8.0,33.0,100872.0,94.0,24.0,1.0,0.0,2053.0,32.0,,,202.35,2.59
4697387,2027,projected,,,,,,,,,,,,,,,,,,,,,,,,,,,,,
4697387,2027,actual,,,,,,,,,,,,,,,,,,,,,,,,,,,,,
4697399,2023,projected,,,,,,,,,,,,,,,,,,,,,,,,,,,,,
4697399,2023,actual,48.0,0.0,0.0,84.0,0.0,0.0,0.0,0.0,-19.0,44.0,0.0,0.0,4.0,1230.95,18.0,0.0,0.0,27.0,54162.0,77.0,14.0,0.0,0.0,1053.0,18.0,,,130.4,2.96
4697399,2024,projected,72.0,0.0,0.0,119.0,1.0,0.0,1.0,1.0,-15.0,62.0,0.0,1.0,5.0,1260.0,23.0,1.0,0.0,38.0,78120.0,112.0,18.0,0.0,0.0,1658.0,18.0,,,175.9,2.84
4697399,2024,actual,95.0,0.0,0.0,106.0,0.0,0.0,0.0,1.0,-8.0,70.0,0.0,0.0,6.0,1251.04,22.0,0.0,0.0,56.0,87573.0,178.0,16.0,0.0,0.0,1658.0,22.0,,,224.35,3.21
4697399,2025,projected,108.0,,,129.0,,,,,-17.0,74.0,,,7.0,1254.0,24.0,,,62.0,92796.0,183.0,17.0,,,,24.0,,,241.4,3.26
4697399,2025,actual,71.0,0.0,0.0,104.0,1.0,0.0,1.0,1.0,6.0,55.0,0.0,1.0,6.0,1270.55,18.0,1.0,0.0,47.0,69880.0,124.0,12.0,0.0,0.0,1345.0,18.0,,,175.65,3.19
4697399,2026,projected,107.0,,,128.0,,,,,12.0,71.0,,,8.0,1266.0,26.0,,,64.0,89886.0,193.0,18.0,,,,26.0,,,254.05,3.58
4697399,2026,actual,40.0,0.0,0.0,86.0,0.0,0.0,0.0,2.0,5.0,39.0,0.0,0.0,2.0,1167.77,11.0,0.0,0.0,41.0,45543.0,63.0,9.0,0.0,0.0,868.0,11.0,,,107.6,2.76
4697399,2027,projected,,,,,,,,,,,,,,,,,,,,,,,,,,,,,
4697399,2027,actual,,,,,,,,,,,,,,,,,,,,,,,,,,,,,
4697402,2023,projected,,,,,,,,,,,,,,,,,,,,,,,,,,,,,
4697402,2023,actual,79.0,0.0,0.0,147.0,0.0,0.0,0.0,1.0,9.0,81.0,0.0,0.0,5.0,943.3,18.0,0.0,0.0,16.0,76407.0,130.0,13.0,0.0,0.0,1583.0,18.0,,,167.45,2.07
4697402,2024,projected,,,,,,,,,,,,,,,,,,,,,,,,,,,,,
4697402,2024,actual,95.0,0.0,1.0,146.0,1.0,0.0,0.0,1.0,-1.0,82.0,0.0,1.0,5.0,953.89,19.0,0.0,0.0,16.0,78219.0,133.0,14.0,1.0,0.0,1609.0,19.0,,,177.85,2.17
4697402,2025,projected,,,,,,,,,,,,,,,,,,,,,,,,,,,,,
4697402,2025,actual,95.0,0.0,1.0,146.0,2.0,0.0,1.0,1.0,9.0,80.0,0.0,2.0,6.0,1072.01,21.0,1.0,0.0,18.0,85761.0,145.0,15.0,1.0,0.0,1763.0,21.0,,,192.85,2.41
4697402,2026,projected,,,,,,,,,,,,,,,,,,,,,,,,,,,,,
4697402,2026,actual,102.0,0.0,0.0,163.0,0.0,0.0,0.0,0.0,-5.0,82.0,0.0,0.0,2.0,1226.49,18.0,0.0,0.0,26.0,100572.0,140.0,16.0,0.0,0.0,2059.0,18.0,,,180.8,2.2
4697402,2027,projected,,,,,,,,,,,,,,,,,,,,,,,,,,,,,
4697402,2027,actual,,,,,,,,,,,,,,,,,,,,,,,,,,,,,
4697403,2023,projected,,,,,,,,,,,,,,,,,,,,,,,,,,,,,
4697403,2023,actual,,,,,,,,,,,,,,,,,,,,,,,,,,,,,
4697403,2024,projected,,,,,,,,,,,,,,,,,,,,,,,,,,,,,
4697403,2024,actual,5.0,1.0,0.0,3.0,1.0,0.0,0.0,0.0,0.0,3.0,0.0,0.0,0.0,1269.33,1.0,1.0,1.0,4.0,3808.0,11.0,1.0,0.0,0.0,86.0,1.0,,,12.55,4.18
4697403,2025,projected,,,,,,,,,,,,,,,,,,,,,,,,,,,,,
4697403,2025,actual,30.0,2.0,0.0,25.0,2.0,0.0,0.0,0.0,-7.0,30.0,0.0,0.0,2.0,1084.03,9.0,2.0,2.0,8.0,32521.0,51.0,7.0,0.0,0.0,668.0,9.0,,,69.5,2.32
4697403,2026,projected,,,,,,,,,,,,,,,,,,,,,,,,,,,,,
4697403,2026,actual,49.0,0.0,0.0,35.0,0.0,0.0,0.0,1.0,-3.0,50.0,0.0,0.0,5.0,1028.54,12.0,0.0,0.0,22.0,51427.0,63.0,7.0,0.0,0.0,1016.0,12.0,,,100.25,2.0
4697403,2027,projected,,,,,,,,,,,,,,,,,,,,,,,,,,,,,
4697403,2027,actual,,,,,,,,,,,,,,,,,,,,,,,,,,,,,
4697408,2023,projected,,,,,,,,,,,,,,,,,,,,,,,,,,,,,
4697408,2023,actual,40.0,2.0,1.0,49.0,3.0,0.0,0.0,1.0,-2.0,39.0,1.0,1.0,4.0,978.21,15.0,1.0,1.0,20.0,38150.0,39.0,11.0,2.0,0.0,760.0,15.0,,,97.9,2.51
4697408,2024,projected,,,,,,,,,,,,,,,,,,,,,,,,,,,,,
4697408,2024,actual,60.0,1.0,0.0,46.0,1.0,0.0,0.0,1.0,-3.0,48.0,1.0,0.0,7.0,1117.62,13.0,0.0,0.0,16.0,53646.0,59.0,6.0,1.0,0.0,1064.0,13.0,,,105.1,2.19
4697408,2025,projected,,,,,,,,,,,,,,,,,,,,,,,,,,,,,
4697408,2025,actual,73.0,1.0,0.0,79.0,1.0,0.0,0.0,0.0,-18.0,62.0,0.0,0.0,6.0,1045.89,13.0,1.0,1.0,23.0,64845.0,83.0,7.0,0.0,0.0,1351.0,13.0,,,124.65,2.01
4697408,2026,projected,,,,,,,,,,,,,,,,,,,,,,,,,,,,,
4697408,2026,actual,31.0,0.0,0.0,37.0,0.0,0.0,0.0,0.0,-1.0,52.0,0.0,0.0,0.0,855.02,9.0,0.0,0.0,17.0,44461.0,60.0,9.0,0.0,0.0,977.0,9.0,,,76.95,1.48
4697408,2027,projected,,,,,,,,,,,,,,,,,,,,,,,,,,,,,
4697408,2027,actual,,,,,,,,,,,,,,,,,,,,,,,,,,,,,
4697448,2023,projected,,,,,,,,,,,,,,,,,,,,,,,,,,,,,
4697448,2023,actual,11.0,0.0,0.0,9.0,0.0,0.0,0.0,0.0,-1.0,8.0,0.0,0.0,0.0,881.38,2.0,0.0,0.0,2.0,7051.0,7.0,2.0,0.0,0.0,158.0,2.0,,,14.15,1.77
4697448,2024,projected,,,,,,,,,,,,,,,,,,,,,,,,,,,,,
4697448,2024,actual,7.0,0.0,0.0,8.0,0.0,0.0,0.0,0.0,-1.0,9.0,0.0,0.0,0.0,759.0,1.0,0.0,0.0,2.0,6831.0,9.0,1.0,0.0,0.0,166.0,1.0,,,11.05,1.23
4697448,2025,projected,,,,,,,,,,,,,,,,,,,,,,,,,,,,,
4697448,2025,actual,78.0,1.0,0.0,104.0,1.0,0.0,0.0,1.0,-11.0,79.0,0.0,0.0,4.0,867.94,10.0,1.0,1.0,27.0,68567.0,97.0,6.0,0.0,0.0,1647.0,10.0,,,127.4,1.61
4697448,2026,projected,,,,,,,,,,,,,,,,,,,,,,,,,,,,,
4697448,2026,actual,90.0,0.0,0.0,126.0,2.0,0.0,2.0,0.0,2.0,70.0,0.0,2.0,3.0,1040.93,18.0,2.0,0.0,53.0,72865.0,94.0,15.0,0.0,0.0,1714.0,18.0,,,167.6,2.39
4697448,2027,projected,,,,,,,,,,,,,,,,,,,,,,,,,,,,,
4697448,2027,actual,,,,,,,,,,,,,,,,,,,,,,,,,,,,,
4697449,2023,projected,,,,,,,,,,,,,,,,,,,,,,,,,,,,,
4697449,2023,actual,1.0,0.0,0.0,0.0,0.0,0.0,0.0,0.0,2.0,2.0,0.0,0.0,0.0,1204.0,0.0,0.0,0.0,0.0,2408.0,9.0,0.0,0.0,0.0,45.0,0.0,,,4.75,2.38
4697449,2024,projected,,,,,,,,,,,,,,,,,,,,,,,,,,,,,
4697449,2024,actual,136.0,16.0,0.0,58.0,16.0,0.0,0.0,1.0,-1.0,82.0,3.0,0.0,8.0,1498.45,47.0,13.0,13.0,26.0,122873.0,150.0,39.0,3.0,0.0,2191.0,47.0,,,287.3,3.5
4697449,2025,projected,149.0,24.0,,69.0,24.0,,,,5.0,80.0,5.0,,11.0,1500.0,59.0,19.0,19.0,38.0,120000.0,157.0,48.0,5.0,,,59.0,,,344.15,4.3
4697449,2025,actual,124.0,10.0,0.0,35.0,11.0,0.0,1.0,1.0,-2.0,78.0,2.0,1.0,10.0,1531.5,29.0,9.0,8.0,23.0,119457.0,115.0,19.0,2.0,0.0,2126.0,29.0,,,208.5,2.67
4697449,2026,projected,173.0,19.0,,48.0,19.0,,,,5.0,79.0,3.0,,13.0,1512.0,46.0,16.0,16.0,28.0,119448.0,124.0,33.0,3.0,,,46.0,,,286.05,3.62
4697449,2026,actual,173.0,11.0,1.0,33.0,13.0,0.0,1.0,1.0,18.0,80.0,1.0,2.0,15.0,1480.62,51.0,11.0,10.0,39.0,118450.0,148.0,36.0,2.0,0.0,2101.0,51.0,,,318.05,3.98
4697449,2027,projected,169.0,11.0,1.0,39.0,13.0,,1.0,,14.0,82.0,1.0,2.0,14.0,1494.61,48.0,11.0,10.0,36.0,122558.02,146.0,34.0,2.0,,,48.0,,,304.15,3.71
4697449,2027,actual,,,,,,,,,,,,,,,,,,,,,,,,,,,,,
4697453,2023,projected,,,,,,,,,,,,,,,,,,,,,,,,,,,,,
4697453,2023,actual,,,,,,,,,,,,,,,,,,,,,,,,,,,,,
4697453,2024,projected,,,,,,,,,,,,,,,,,,,,,,,,,,,,,
4697453,2024,actual,2.0,0.0,0.0,0.0,0.0,0.0,0.0,0.0,-1.0,1.0,0.0,0.0,0.0,718.0,0.0,0.0,0.0,0.0,718.0,1.0,0.0,0.0,0.0,16.0,0.0,,,1.0,1.0
4697453,2025,projected,,,,,,,,,,,,,,,,,,,,,,,,,,,,,
4697453,2025,actual,,,,,,,,,,,,,,,,,,,,,,,,,,,,,
4697453,2026,projected,,,,,,,,,,,,,,,,,,,,,,,,,,,,,
4697453,2026,actual,64.0,0.0,0.0,79.0,2.0,0.0,2.0,1.0,-8.0,57.0,0.0,2.0,4.0,1205.09,12.0,2.0,0.0,28.0,68690.0,102.0,8.0,0.0,0.0,1628.0,12.0,,,131.9,2.31
4697453,2027,projected,,,,,,,,,,,,,,,,,,,,,,,,,,,,,
4697453,2027,actual,,,,,,,,,,,,,,,,,,,,,,,,,,,,,
4697457,2023,projected,,,,,,,,,,,,,,,,,,,,,,,,,,,,,
4697457,2023,actual,,,,,,,,,,,,,,,,,,,,,,,,,,,,,
4697457,2024,projected,,,,,,,,,,,,,,,,,,,,,,,,,,,,,
4697457,2024,actual,0.0,0.0,0.0,2.0,0.0,0.0,0.0,0.0,-1.0,4.0,0.0,0.0,0.0,780.0,0.0,0.0,0.0,0.0,3120.0,6.0,0.0,0.0,0.0,76.0,0.0,,,3.2,0.8
4697457,2025,projected,,,,,,,,,,,,,,,,,,,,,,,,,,,,,
4697457,2025,actual,52.0,3.0,0.0,46.0,3.0,0.0,0.0,0.0,-5.0,42.0,0.0,0.0,1.0,1040.69,7.0,3.0,3.0,16.0,43709.0,50.0,6.0,0.0,0.0,954.0,7.0,,,74.1,1.76
4697457,2026,projected,,,,,,,,,,,,,,,,,,,,,,,,,,,,,
4697457,2026,actual,36.0,1.0,0.0,68.0,1.0,1.0,0.0,0.0,15.0,61.0,0.0,0.0,2.0,920.23,13.0,1.0,1.0,22.0,56134.0,58.0,11.0,0.0,2.0,1247.0,13.0,,,97.3,1.6
4697457,2027,projected,,,,,,,,,,,,,,,,,,,,,,,,,,,,,
4697457,2027,actual,,,,,,,,,,,,,,,,,,,,,,,,,,,,,
4697461,2023,projected,,,,,,,,,,,,,,,,,,,,,,,,,,,,,
4697461,2023,actual,,,,,,,,,,,,,,,,,,,,,,,,,,,,,
4697461,2024,projected,,,,,,,,,,,,,,,,,,,,,,,,,,,,,
4697461,2024,actual,43.0,3.0,0.0,28.0,3.0,0.0,0.0,1.0,-2.0,41.0,1.0,0.0,4.0,1017.46,13.0,2.0,2.0,18.0,41716.0,63.0,9.0,1.0,0.0,926.0,13.0,,,100.05,2.44
4697461,2025,projected,87.0,11.0,,69.0,11.0,,,,-6.0,72.0,4.0,,8.0,1074.0,31.0,7.0,7.0,38.0,77328.0,124.0,23.0,4.0,,,31.0,,,218.15,3.03
4697461,2025,actual,92.0,16.0,0.0,25.0,16.0,0.0,0.0,0.0,-43.0,77.0,1.0,0.0,5.0,1171.65,33.0,15.0,15.0,16.0,90217.0,103.0,28.0,1.0,0.0,1835.0,33.0,,,197.5,2.56
4697461,2026,projected,101.0,12.0,,27.0,12.0,,,,-35.0,76.0,1.0,,5.0,1158.0,31.0,11.0,11.0,20.0,88008.0,91.0,26.0,1.0,,,31.0,,,187.95,2.47
4697461,2026,actual,72.0,5.0,0.0,30.0,5.0,0.0,0.0,0.0,17.0,73.0,2.0,0.0,7.0,1014.32,26.0,3.0,3.0,20.0,74045.0,93.0,19.0,2.0,0.0,1556.0,26.0,,,166.0,2.27
4697461,2027,projected,,,,,,,,,,,,,,,,,,,,,,,,,,,,,
4697461,2027,actual,,,,,,,,,,,,,,,,,,,,,,,,,,,,,
4697681,2023,projected,,,,,,,,,,,,,,,,,,,,,,,,,,,,,
4697681,2023,actual,,,,,,,,,,,,,,,,,,,,,,,,,,,,,
4697681,2024,projected,,,,,,,,,,,,,,,,,,,,,,,,,,,,,
4697681,2024,actual,10.0,0.0,0.0,19.0,0.0,0.0,0.0,0.0,-9.0,11.0,0.0,0.0,0.0,908.45,0.0,0.0,0.0,0.0,9993.0,22.0,0.0,0.0,0.0,231.0,0.0,,,15.4,1.4
4697681,2025,projected,,,,,,,,,,,,,,,,,,,,,,,,,,,,,
4697681,2025,actual,28.0,0.0,0.0,70.0,0.0,0.0,0.0,0.0,-6.0,32.0,0.0,0.0,3.0,1037.12,4.0,0.0,0.0,10.0,33188.0,49.0,1.0,0.0,0.0,736.0,4.0,,,58.5,1.83
4697681,2026,projected,,,,,,,,,,,,,,,,,,,,,,,,,,,,,
4697681,2026,actual,114.0,0.0,1.0,124.0,2.0,0.0,1.0,1.0,-2.0,78.0,0.0,2.0,7.0,1028.24,25.0,1.0,0.0,63.0,80203.0,95.0,18.0,1.0,0.0,1781.0,25.0,,,205.9,2.64
4697681,2027,projected,,,,,,,,,,,,,,,,,,,,,,,,,,,,,
4697681,2027,actual,,,,,,,,,,,,,,,,,,,,,,,,,,,,,
4697707,2023,projected,,,,,,,,,,,,,,,,,,,,,,,,,,,,,
4697707,2023,actual,,,,,,,,,,,,,,,,,,,,,,,,,,,,,
4697707,2024,projected,,,,,,,,,,,,,,,,,,,,,,,,,,,,,
4697707,2024,actual,,,,,,,,,,,,,,,,,,,,,,,,,,,,,
4697707,2025,projected,,,,,,,,,,,,,,,,,,,,,,,,,,,,,
4697707,2025,actual,,,,,,,,,,,,,,,,,,,,,,,,,,,,,
4697707,2026,projected,,,,,,,,,,,,,,,,,,,,,,,,,,,,,
4697707,2026,actual,1.0,0.0,0.0,0.0,0.0,0.0,0.0,0.0,1.0,2.0,0.0,0.0,0.0,690.0,1.0,0.0,0.0,0.0,1380.0,1.0,1.0,0.0,0.0,30.0,1.0,,,3.75,1.88
4697707,2027,projected,,,,,,,,,,,,,,,,,,,,,,,,,,,,,
4697707,2027,actual,,,,,,,,,,,,,,,,,,,,,,,,,,,,,
4697711,2023,projected,,,,,,,,,,,,,,,,,,,,,,,,,,,,,
4697711,2023,actual,,,,,,,,,,,,,,,,,,,,,,,,,,,,,
4697711,2024,projected,,,,,,,,,,,,,,,,,,,,,,,,,,,,,
4697711,2024,actual,7.0,0.0,0.0,8.0,0.0,0.0,0.0,0.0,-1.0,12.0,0.0,0.0,0.0,690.25,1.0,0.0,0.0,0.0,8283.0,17.0,1.0,0.0,0.0,173.0,1.0,,,14.05,1.17
4697711,2025,projected,,,,,,,,,,,,,,,,,,,,,,,,,,,,,
4697711,2025,actual,2.0,0.0,0.0,1.0,0.0,0.0,0.0,0.0,0.0,1.0,0.0,0.0,0.0,481.0,0.0,0.0,0.0,0.0,481.0,2.0,0.0,0.0,0.0,8.0,0.0,,,1.6,1.6
4697711,2026,projected,,,,,,,,,,,,,,,,,,,,,,,,,,,,,
4697711,2026,actual,19.0,0.0,0.0,21.0,0.0,0.0,0.0,0.0,-3.0,32.0,0.0,0.0,0.0,745.72,6.0,0.0,0.0,6.0,23863.0,43.0,6.0,0.0,0.0,532.0,6.0,,,49.35,1.54
4697711,2027,projected,,,,,,,,,,,,,,,,,,,,,,,,,,,,,
4697711,2027,actual,,,,,,,,,,,,,,,,,,,,,,,,,,,,,
4697717,2023,projected,,,,,,,,,,,,,,,,,,,,,,,,,,,,,
4697717,2023,actual,14.0,0.0,0.0,5.0,0.0,0.0,0.0,0.0,-4.0,9.0,0.0,0.0,0.0,1116.11,3.0,0.0,0.0,4.0,10045.0,10.0,3.0,0.0,0.0,216.0,3.0,,,20.0,2.22
4697717,2024,projected,,,,,,,,,,,,,,,,,,,,,,,,,,,,,
4697717,2024,actual,18.0,0.0,0.0,20.0,0.0,0.0,0.0,0.0,0.0,32.0,0.0,0.0,0.0,1038.75,7.0,0.0,0.0,22.0,33240.0,46.0,7.0,0.0,0.0,681.0,7.0,,,61.5,1.92
4697717,2025,projected,,,,,,,,,,,,,,,,,,,,,,,,,,,,,
4697717,2025,actual,66.0,0.0,0.0,53.0,0.0,0.0,0.0,0.0,0.0,57.0,0.0,0.0,4.0,1087.02,8.0,0.0,0.0,14.0,61960.0,93.0,4.0,0.0,0.0,1232.0,8.0,,,103.3,1.81
4697717,2026,projected,,,,,,,,,,,,,,,,,,,,,,,,,,,,,
4697717,2026,actual,75.0,0.0,0.0,45.0,0.0,0.0,0.0,1.0,-16.0,77.0,0.0,0.0,6.0,1176.77,17.0,0.0,0.0,34.0,90611.0,69.0,11.0,0.0,0.0,1854.0,17.0,,,132.75,1.72
4697717,2027,projected,,,,,,,,,,,,,,,,,,,,,,,,,,,,,
4697717,2027,actual,,,,,,,,,,,,,,,,,,,,,,,,,,,,,
4697719,2023,projected,,,,,,,,,,,,,,,,,,,,,,,,,,,,,
4697719,2023,actual,3.0,0.0,0.0,0.0,0.0,0.0,0.0,0.0,-1.0,2.0,0.0,0.0,0.0,909.5,0.0,0.0,0.0,0.0,1819.0,1.0,0.0,0.0,0.0,40.0,0.0,,,1.25,0.62
4697719,2024,projected,,,,,,,,,,,,,,,,,,,,,,,,,,,,,
4697719,2024,actual,28.0,0.0,0.0,39.0,0.0,0.0,0.0,0.0,0.0,39.0,0.0,0.0,1.0,1007.67,7.0,0.0,0.0,12.0,39299.0,65.0,6.0,0.0,0.0,842.0,7.0,,,71.4,1.83
4697719,2025,projected,,,,,,,,,,,,,,,,,,,,,,,,,,,,,
4697719,2025,actual,17.0,0.0,0.0,21.0,0.0,0.0,0.0,0.0,-3.0,29.0,0.0,0.0,0.0,788.41,3.0,0.0,0.0,10.0,22864.0,23.0,3.0,0.0,0.0,507.0,3.0,,,31.85,1.1
4697719,2026,projected,,,,,,,,,,,,,,,,,,,,,,,,,,,,,
4697719,2026,actual,20.0,0.0,0.0,22.0,0.0,0.0,0.0,1.0,1.0,29.0,0.0,0.0,2.0,752.21,3.0,0.0,0.0,10.0,21814.0,26.0,1.0,0.0,0.0,488.0,3.0,,,37.2,1.28
4697719,2027,projected,,,,,,,,,,,,,,,,,,,,,,,,,,,,,
4697719,2027,actual,,,,,,,,,,,,,,,,,,,,,,,,,,,,,
4697765,2023,projected,,,,,,,,,,,,,,,,,,,,,,,,,,,,,
4697765,2023,actual,,,,,,,,,,,,,,,,,,,,,,,,,,,,,
4697765,2024,projected,,,,,,,,,,,,,,,,,,,,,,,,,,,,,
4697765,2024,actual,,,,,,,,,,,,,,,,,,,,,,,,,,,,,
4697765,2025,projected,,,,,,,,,,,,,,,,,,,,,,,,,,,,,
4697765,2025,actual,33.0,0.0,0.0,18.0,0.0,0.0,0.0,0.0,3.0,23.0,0.0,0.0,1.0,1085.91,5.0,0.0,0.0,6.0,24976.0,17.0,4.0,0.0,0.0,541.0,5.0,,,37.55,1.63
4697765,2026,projected,,,,,,,,,,,,,,,,,,,,,,,,,,,,,
4697765,2026,actual,59.0,0.0,0.0,28.0,0.0,0.0,0.0,0.0,2.0,58.0,0.0,0.0,1.0,1020.5,16.0,0.0,0.0,29.0,59189.0,47.0,15.0,0.0,0.0,1278.0,16.0,,,104.55,1.8
4697765,2027,projected,,,,,,,,,,,,,,,,,,,,,,,,,,,,,
4697765,2027,actual,,,,,,,,,,,,,,,,,,,,,,,,,,,,,
4697767,2023,projected,,,,,,,,,,,,,,,,,,,,,,,,,,,,,
4697767,2023,actual,,,,,,,,,,,,,,,,,,,,,,,,,,,,,
4697767,2024,projected,,,,,,,,,,,,,,,,,,,,,,,,,,,,,
4697767,2024,actual,,,,,,,,,,,,,,,,,,,,,,,,,,,,,
4697767,2025,projected,,,,,,,,,,,,,,,,,,,,,,,,,,,,,
4697767,2025,actual,,,,,,,,,,,,,,,,,,,,,,,,,,,,,
4697767,2026,projected,,,,,,,,,,,,,,,,,,,,,,,,,,,,,
4697767,2026,actual,2.0,0.0,0.0,1.0,0.0,0.0,0.0,0.0,1.0,3.0,0.0,0.0,0.0,1039.67,0.0,0.0,0.0,0.0,3119.0,5.0,0.0,0.0,0.0,66.0,0.0,,,3.1,1.03
4697767,2027,projected,,,,,,,,,,,,,,,,,,,,,,,,,,,,,
4697767,2027,actual,,,,,,,,,,,,,,,,,,,,,,,,,,,,,
4697784,2023,projected,,,,,,,,,,,,,,,,,,,,,,,,,,,,,
4697784,2023,actual,,,,,,,,,,,,,,,,,,,,,,,,,,,,,
4697784,2024,projected,,,,,,,,,,,,,,,,,,,,,,,,,,,,,
4697784,2024,actual,,,,,,,,,,,,,,,,,,,,,,,,,,,,,
4697784,2025,projected,,,,,,,,,,,,,,,,,,,,,,,,,,,,,
4697784,2025,actual,6.0,0.0,0.0,12.0,0.0,0.0,0.0,0.0,-3.0,5.0,0.0,0.0,0.0,940.2,1.0,0.0,0.0,2.0,4701.0,8.0,1.0,0.0,0.0,123.0,1.0,,,10.7,2.14
4697784,2026,projected,,,,,,,,,,,,,,,,,,,,,,,,,,,,,
4697784,2026,actual,23.0,0.0,0.0,35.0,0.0,0.0,0.0,0.0,0.0,30.0,0.0,0.0,1.0,764.8,8.0,0.0,0.0,16.0,22944.0,33.0,7.0,0.0,0.0,505.0,8.0,,,58.75,1.96
4697784,2027,projected,,,,,,,,,,,,,,,,,,,,,,,,,,,,,
4697784,2027,actual,,,,,,,,,,,,,,,,,,,,,,,,,,,,,
4697790,2023,projected,,,,,,,,,,,,,,,,,,,,,,,,,,,,,
4697790,2023,actual,,,,,,,,,,,,,,,,,,,,,,,,,,,,,
4697790,2024,projected,,,,,,,,,,,,,,,,,,,,,,,,,,,,,
4697790,2024,actual,,,,,,,,,,,,,,,,,,,,,,,,,,,,,
4697790,2025,projected,,,,,,,,,,,,,,,,,,,,,,,,,,,,,
4697790,2025,actual,,,,,,,,,,,,,,,,,,,,,,,,,,,,,
4697790,2026,projected,,,,,,,,,,,,,,,,,,,,,,,,,,,,,
4697790,2026,actual,0.0,0.0,0.0,0.0,0.0,0.0,0.0,0.0,0.0,1.0,0.0,0.0,0.0,912.0,0.0,0.0,0.0,0.0,912.0,2.0,0.0,0.0,0.0,19.0,0.0,,,1.0,1.0
4697790,2027,projected,,,,,,,,,,,,,,,,,,,,,,,,,,,,,
4697790,2027,actual,,,,,,,,,,,,,,,,,,,,,,,,,,,,,
4697791,2023,projected,,,,,,,,,,,,,,,,,,,,,,,,,,,,,
4697791,2023,actual,,,,,,,,,,,,,,,,,,,,,,,,,,,,,
4697791,2024,projected,,,,,,,,,,,,,,,,,,,,,,,,,,,,,
4697791,2024,actual,,,,,,,,,,,,,,,,,,,,,,,,,,,,,
4697791,2025,projected,,,,,,,,,,,,,,,,,,,,,,,,,,,,,
4697791,2025,actual,0.0,0.0,0.0,0.0,0.0,0.0,0.0,0.0,-1.0,2.0,0.0,0.0,0.0,618.5,0.0,0.0,0.0,0.0,1237.0,0.0,0.0,0.0,0.0,31.0,0.0,,,0,0.0
4697791,2026,projected,,,,,,,,,,,,,,,,,,,,,,,,,,,,,
4697791,2026,actual,33.0,0.0,0.0,77.0,0.0,0.0,0.0,0.0,-5.0,42.0,0.0,0.0,0.0,906.24,8.0,0.0,0.0,68.0,38062.0,32.0,8.0,0.0,0.0,833.0,8.0,,,89.95,2.14
4697791,2027,projected,,,,,,,,,,,,,,,,,,,,,,,,,,,,,
4697791,2027,actual,,,,,,,,,,,,,,,,,,,,,,,,,,,,,
4697831,2023,projected,,,,,,,,,,,,,,,,,,,,,,,,,,,,,
4697831,2023,actual,16.0,0.0,0.0,27.0,0.0,0.0,0.0,0.0,-10.0,16.0,0.0,0.0,1.0,927.62,5.0,0.0,0.0,5.0,14842.0,6.0,4.0,0.0,0.0,304.0,5.0,,,28.2,1.76
4697831,2024,projected,,,,,,,,,,,,,,,,,,,,,,,,,,,,,
4697831,2024,actual,31.0,0.0,0.0,51.0,0.0,0.0,0.0,0.0,-26.0,33.0,0.0,0.0,0.0,1024.39,6.0,0.0,0.0,22.0,33805.0,36.0,6.0,0.0,0.0,721.0,6.0,,,59.85,1.81
4697831,2025,projected,,,,,,,,,,,,,,,,,,,,,,,,,,,,,
4697831,2025,actual,3.0,0.0,0.0,3.0,0.0,0.0,0.0,0.0,0.0,3.0,0.0,0.0,1.0,713.67,1.0,0.0,0.0,0.0,2141.0,4.0,0.0,0.0,0.0,43.0,1.0,,,7.05,2.35
4697831,2026,projected,,,,,,,,,,,,,,,,,,,,,,,,,,,,,
4697831,2026,actual,3.0,0.0,0.0,3.0,0.0,0.0,0.0,0.0,0.0,3.0,0.0,0.0,0.0,571.0,0.0,0.0,0.0,2.0,1713.0,1.0,0.0,0.0,0.0,41.0,0.0,,,2.55,0.85
4697831,2027,projected,,,,,,,,,,,,,,,,,,,,,,,,,,,,,
4697831,2027,actual,,,,,,,,,,,,,,,,,,,,,,,,,,,,,
4712021,2023,projected,,,,,,,,,,,,,,,,,,,,,,,,,,,,,
4712021,2023,actual,41.0,0.0,0.0,131.0,0.0,0.0,0.0,0.0,2.0,53.0,0.0,0.0,3.0,1215.19,10.0,0.0,0.0,39.0,64405.0,67.0,7.0,0.0,0.0,1325.0,10.0,,,109.35,2.06
4712021,2024,projected,,,,,,,,,,,,,,,,,,,,,,,,,,,,,
4712021,2024,actual,85.0,0.0,1.0,127.0,1.0,0.0,0.0,0.0,5.0,69.0,0.0,1.0,5.0,1261.09,25.0,0.0,0.0,32.0,87015.0,122.0,20.0,1.0,0.0,1789.0,25.0,,,192.95,2.8
4712021,2025,projected,89.0,,,157.0,,,,,4.0,73.0,,,6.0,1260.0,24.0,,,38.0,91980.0,129.0,18.0,,,,24.0,,,199.45,2.73
4712021,2025,actual,57.0,1.0,0.0,57.0,3.0,0.0,2.0,1.0,3.0,56.0,0.0,2.0,2.0,1238.0,13.0,3.0,1.0,34.0,69328.0,118.0,11.0,0.0,0.0,1457.0,13.0,,,140.45,2.51
4712021,2026,projected,,,,,,,,,,,,,,,,,,,,,,,,,,,,,
4712021,2026,actual,92.0,0.0,0.0,66.0,0.0,0.0,0.0,0.0,22.0,81.0,0.0,0.0,5.0,1247.54,30.0,0.0,0.0,57.0,101051.0,120.0,25.0,0.0,0.0,2213.0,30.0,,,213.1,2.63
4712021,2027,projected,89.0,,,78.0,,,,,18.0,78.0,,,5.0,1260.78,25.0,,,54.0,98340.84,123.0,20.0,,,,25.0,,,198.55,2.55
4712021,2027,actual,,,,,,,,,,,,,,,,,,,,,,,,,,,,,
4755690,2023,projected,,,,,,,,,,,,,,,,,,,,,,,,,,,,,
4755690,2023,actual,,,,,,,,,,,,,,,,,,,,,,,,,,,,,
4755690,2024,projected,,,,,,,,,,,,,,,,,,,,,,,,,,,,,
4755690,2024,actual,11.0,0.0,0.0,30.0,0.0,0.0,0.0,0.0,0.0,14.0,0.0,0.0,0.0,822.14,1.0,0.0,0.0,2.0,11510.0,14.0,1.0,0.0,0.0,260.0,1.0,,,16.75,1.2
4755690,2025,projected,,,,,,,,,,,,,,,,,,,,,,,,,,,,,
4755690,2025,actual,12.0,0.0,0.0,38.0,0.0,0.0,0.0,0.0,-3.0,19.0,0.0,0.0,0.0,982.05,1.0,0.0,0.0,17.0,18659.0,25.0,1.0,0.0,0.0,411.0,1.0,,,30.8,1.62
4755690,2026,projected,,,,,,,,,,,,,,,,,,,,,,,,,,,,,
4755690,2026,actual,17.0,0.0,0.0,48.0,0.0,0.0,0.0,0.0,4.0,20.0,0.0,0.0,0.0,979.55,7.0,0.0,0.0,6.0,19591.0,24.0,7.0,0.0,0.0,365.0,7.0,,,45.05,2.25
4755690,2027,projected,,,,,,,,,,,,,,,,,,,,,,,,,,,,,
4755690,2027,actual,,,,,,,,,,,,,,,,,,,,,,,,,,,,,
4755691,2023,projected,,,,,,,,,,,,,,,,,,,,,,,,,,,,,
4755691,2023,actual,,,,,,,,,,,,,,,,,,,,,,,,,,,,,
4755691,2024,projected,,,,,,,,,,,,,,,,,,,,,,,,,,,,,
4755691,2024,actual,,,,,,,,,,,,,,,,,,,,,,,,,,,,,
4755691,2025,projected,,,,,,,,,,,,,,,,,,,,,,,,,,,,,
4755691,2025,actual,,,,,,,,,,,,,,,,,,,,,,,,,,,,,
4755691,2026,projected,,,,,,,,,,,,,,,,,,,,,,,,,,,,,
4755691,2026,actual,7.0,0.0,0.0,7.0,0.0,0.0,0.0,0.0,0.0,8.0,0.0,0.0,0.0,688.62,3.0,0.0,0.0,4.0,5509.0,5.0,3.0,0.0,0.0,133.0,3.0,,,15.95,1.99
4755691,2027,projected,,,,,,,,,,,,,,,,,,,,,,,,,,,,,
4755691,2027,actual,,,,,,,,,,,,,,,,,,,,,,,,,,,,,
4781550,2023,projected,,,,,,,,,,,,,,,,,,,,,,,,,,,,,
4781550,2023,actual,50.0,4.0,0.0,61.0,4.0,0.0,0.0,1.0,-16.0,36.0,0.0,0.0,4.0,1150.44,14.0,4.0,4.0,16.0,41416.0,49.0,10.0,0.0,0.0,899.0,14.0,,,100.1,2.78
4781550,2024,projected,,,,,,,,,,,,,,,,,,,,,,,,,,,,,
4781550,2024,actual,10.0,0.0,0.0,20.0,0.0,0.0,0.0,0.0,1.0,12.0,0.0,0.0,1.0,972.92,1.0,0.0,0.0,4.0,11675.0,15.0,0.0,0.0,0.0,247.0,1.0,,,18.0,1.5
4781550,2025,projected,,,,,,,,,,,,,,,,,,,,,,,,,,,,,
4781550,2025,actual,84.0,6.0,0.0,53.0,6.0,0.0,0.0,2.0,-2.0,60.0,1.0,0.0,4.0,1173.13,16.0,5.0,5.0,24.0,70388.0,74.0,12.0,1.0,0.0,1527.0,16.0,,,132.8,2.21
4781550,2026,projected,,,,,,,,,,,,,,,,,,,,,,,,,,,,,
4781550,2026,actual,72.0,7.0,0.0,55.0,7.0,2.0,0.0,1.0,-10.0,61.0,3.0,0.0,8.0,1007.82,24.0,4.0,4.0,10.0,61477.0,59.0,16.0,3.0,0.0,1299.0,24.0,,,144.0,2.36
4781550,2027,projected,,,,,,,,,,,,,,,,,,,,,,,,,,,,,
4781550,2027,actual,,,,,,,,,,,,,,,,,,,,,,,,,,,,,
4781556,2023,projected,118.0,11.0,0.0,98.0,11.0,0.0,1.0,1.0,-8.0,79.0,2.0,1.0,8.0,1290.0,43.0,9.0,9.0,24.0,101910.0,94.0,35.0,2.0,0.0,164.0,35.0,,,235.8,2.98
4781556,2023,actual,130.0,8.0,0.0,27.0,9.0,0.0,1.0,1.0,10.0,79.0,0.0,1.0,4.0,1428.51,35.0,9.0,8.0,24.0,112852.0,86.0,31.0,0.0,0.0,2302.0,35.0,,,205.2,2.6
4781556,2024,projected,125.0,5.0,0.0,24.0,5.0,0.0,1.0,1.0,4.0,71.0,1.0,1.0,4.0,1422.0,28.0,4.0,4.0,22.0,100962.0,77.0,24.0,1.0,0.0,2071.0,24.0,,,172.15,2.42
4781556,2024,actual,108.0,6.0,0.0,40.0,7.0,0.0,1.0,1.0,8.0,76.0,0.0,1.0,6.0,1375.2,33.0,7.0,6.0,28.0,104515.0,115.0,27.0,0.0,0.0,2071.0,33.0,,,212.5,2.8
4781556,2025,projected,127.0,4.0,,42.0,4.0,,,,10.0,78.0,,,6.0,1380.0,34.0,4.0,4.0,26.0,107640.0,99.0,28.0,,,,34.0,,,208.45,2.67
4781556,2025,actual,139.0,6.0,0.0,26.0,6.0,0.0,0.0,0.0,-13.0,79.0,1.0,0.0,7.0,1278.71,40.0,5.0,5.0,16.0,101018.0,109.0,33.0,1.0,0.0,2100.0,40.0,,,230.35,2.92
4781556,2026,projected,120.0,6.0,,31.0,6.0,,,,-11.0,78.0,1.0,,6.0,1290.0,36.0,5.0,5.0,20.0,100620.0,112.0,30.0,1.0,,,36.0,,,216.6,2.78
4781556,2026,actual,120.0,0.0,0.0,30.0,3.0,0.0,3.0,0.0,9.0,81.0,0.0,3.0,8.0,1299.19,29.0,3.0,0.0,16.0,105234.0,95.0,21.0,0.0,0.0,2102.0,29.0,,,186.5,2.3
4781556,2027,projected,121.0,2.0,,31.0,2.0,,,,6.0,83.0,,,8.0,1350.71,33.0,2.0,2.0,17.0,112108.93,97.0,25.0,,,,33.0,,,198.35,2.39
4781556,2027,actual,,,,,,,,,,,,,,,,,,,,,,,,,,,,,
4781720,2023,projected,,,,,,,,,,,,,,,,,,,,,,,,,,,,,
4781720,2023,actual,,,,,,,,,,,,,,,,,,,,,,,,,,,,,
4781720,2024,projected,,,,,,,,,,,,,,,,,,,,,,,,,,,,,
4781720,2024,actual,,,,,,,,,,,,,,,,,,,,,,,,,,,,,
4781720,2025,projected,,,,,,,,,,,,,,,,,,,,,,,,,,,,,
4781720,2025,actual,,,,,,,,,,,,,,,,,,,,,,,,,,,,,
4781720,2026,projected,,,,,,,,,,,,,,,,,,,,,,,,,,,,,
4781720,2026,actual,2.0,0.0,0.0,1.0,0.0,0.0,0.0,0.0,-2.0,1.0,0.0,0.0,0.0,1162.0,0.0,0.0,0.0,0.0,1162.0,3.0,0.0,0.0,0.0,27.0,0.0,,,2.1,2.1
4781720,2027,projected,,,,,,,,,,,,,,,,,,,,,,,,,,,,,
4781720,2027,actual,,,,,,,,,,,,,,,,,,,,,,,,,,,,,
4799741,2023,projected,,,,,,,,,,,,,,,,,,,,,,,,,,,,,
4799741,2023,actual,14.0,0.0,0.0,13.0,0.0,0.0,0.0,0.0,4.0,20.0,0.0,0.0,1.0,590.65,5.0,0.0,0.0,6.0,11813.0,7.0,4.0,0.0,0.0,285.0,5.0,,,27.3,1.36
4799741,2024,projected,,,,,,,,,,,,,,,,,,,,,,,,,,,,,
4799741,2024,actual,,,,,,,,,,,,,,,,,,,,,,,,,,,,,
4799741,2025,projected,,,,,,,,,,,,,,,,,,,,,,,,,,,,,
4799741,2025,actual,0.0,0.0,0.0,3.0,0.0,0.0,0.0,0.0,1.0,2.0,0.0,0.0,0.0,760.5,1.0,0.0,0.0,2.0,1521.0,1.0,1.0,0.0,0.0,35.0,1.0,,,4.8,2.4
4799741,2026,projected,,,,,,,,,,,,,,,,,,,,,,,,,,,,,
4799741,2026,actual,4.0,0.0,0.0,0.0,1.0,0.0,1.0,0.0,0.0,6.0,0.0,1.0,0.0,943.67,1.0,1.0,0.0,0.0,5662.0,10.0,1.0,0.0,0.0,116.0,1.0,,,10.0,1.67
4799741,2027,projected,,,,,,,,,,,,,,,,,,,,,,,,,,,,,
4799741,2027,actual,,,,,,,,,,,,,,,,,,,,,,,,,,,,,
4874719,2023,projected,,,,,,,,,,,,,,,,,,,,,,,,,,,,,
4874719,2023,actual,2.0,0.0,0.0,1.0,0.0,0.0,0.0,1.0,0.0,2.0,0.0,0.0,1.0,974.0,2.0,0.0,0.0,0.0,1948.0,3.0,1.0,0.0,0.0,40.0,2.0,,,10.1,5.05
4874719,2024,projected,157.0,13.0,0.0,58.0,13.0,0.0,0.0,1.0,12.0,78.0,2.0,0.0,10.0,1290.0,50.0,11.0,11.0,20.0,100620.0,119.0,40.0,2.0,0.0,2030.0,40.0,,,273.05,3.5
4874719,2024,actual,135.0,25.0,0.0,19.0,25.0,0.0,0.0,1.0,-25.0,82.0,4.0,0.0,9.0,1288.41,47.0,21.0,21.0,28.0,105650.0,55.0,38.0,4.0,0.0,2030.0,47.0,,,242.65,2.96
4874719,2025,projected,158.0,30.0,,37.0,30.0,,,,32.0,80.0,6.0,,14.0,1284.0,57.0,24.0,24.0,38.0,102720.0,75.0,43.0,6.0,,,57.0,,,302.7,3.78
4874719,2025,actual,121.0,16.0,0.0,19.0,16.0,1.0,0.0,1.0,-9.0,71.0,0.0,0.0,7.0,1269.48,44.0,16.0,16.0,16.0,90133.0,60.0,37.0,0.0,0.0,1709.0,44.0,,,218.15,3.07
4874719,2026,projected,158.0,19.0,,21.0,19.0,,,,-7.0,76.0,2.0,,10.0,1278.0,51.0,17.0,17.0,24.0,97128.0,56.0,41.0,2.0,,,51.0,,,255.1,3.36
4874719,2026,actual,150.0,13.0,0.0,19.0,13.0,0.0,0.0,1.0,-4.0,68.0,2.0,0.0,6.0,1380.68,35.0,11.0,11.0,32.0,93886.0,52.0,29.0,2.0,0.0,1694.0,35.0,,,200.9,2.95
4874719,2027,projected,150.0,14.0,,19.0,14.0,,,,-7.0,72.0,2.0,,7.0,1287.32,38.0,12.0,12.0,30.0,92687.04,56.0,31.0,2.0,,,38.0,,,211.4,2.94
4874719,2027,actual,,,,,,,,,,,,,,,,,,,,,,,,,,,,,
4874720,2023,projected,,,,,,,,,,,,,,,,,,,,,,,,,,,,,
4874720,2023,actual,5.0,0.0,0.0,11.0,0.0,0.0,0.0,0.0,-7.0,9.0,0.0,0.0,2.0,1024.11,2.0,0.0,0.0,12.0,9217.0,8.0,0.0,0.0,0.0,206.0,2.0,,,20.35,2.26
4874720,2024,projected,,,,,,,,,,,,,,,,,,,,,,,,,,,,,
4874720,2024,actual,13.0,0.0,0.0,26.0,0.0,0.0,0.0,0.0,0.0,16.0,0.0,0.0,1.0,1095.31,2.0,0.0,0.0,4.0,17525.0,25.0,1.0,0.0,0.0,380.0,2.0,,,27.35,1.71
4874720,2025,projected,,,,,,,,,,,,,,,,,,,,,,,,,,,,,
4874720,2025,actual,86.0,0.0,0.0,86.0,1.0,0.0,1.0,3.0,12.0,78.0,0.0,1.0,7.0,1267.31,31.0,1.0,0.0,67.0,98850.0,144.0,24.0,0.0,0.0,1970.0,31.0,,,239.6,3.07
4874720,2026,projected,109.0,,1.0,89.0,2.0,,1.0,,16.0,77.0,,2.0,9.0,1308.0,42.0,1.0,,72.0,100716.0,159.0,33.0,1.0,,,42.0,,,289.65,3.76
4874720,2026,actual,88.0,1.0,0.0,94.0,2.0,0.0,1.0,2.0,12.0,72.0,0.0,1.0,9.0,1341.35,25.0,2.0,1.0,75.0,96577.0,148.0,16.0,0.0,0.0,1931.0,25.0,,,230.4,3.2
4874720,2027,projected,,,,,,,,,,,,,,,,,,,,,,,,,,,,,
4874720,2027,actual,,,,,,,,,,,,,,,,,,,,,,,,,,,,,
4874722,2023,projected,,,,,,,,,,,,,,,,,,,,,,,,,,,,,
4874722,2023,actual,11.0,1.0,0.0,3.0,1.0,0.0,0.0,0.0,-1.0,9.0,0.0,0.0,0.0,818.56,2.0,1.0,1.0,6.0,7367.0,14.0,2.0,0.0,0.0,151.0,2.0,,,19.55,2.17
4874722,2024,projected,66.0,6.0,0.0,24.0,6.0,0.0,0.0,1.0,5.0,52.0,1.0,0.0,3.0,1050.0,21.0,5.0,5.0,28.0,54600.0,73.0,18.0,1.0,0.0,263.0,18.0,,,136.9,2.63
4874722,2024,actual,31.0,3.0,0.0,6.0,3.0,0.0,0.0,1.0,-6.0,16.0,0.0,0.0,2.0,819.06,6.0,3.0,3.0,10.0,13105.0,21.0,4.0,0.0,0.0,263.0,6.0,,,46.35,2.9
4874722,2025,projected,48.0,2.0,,13.0,2.0,,,,-4.0,40.0,,,1.0,834.0,6.0,2.0,2.0,14.0,33360.0,29.0,5.0,,,,6.0,,,54.8,1.37
4874722,2025,actual,131.0,9.0,0.0,23.0,9.0,0.0,0.0,0.0,13.0,78.0,2.0,0.0,5.0,976.74,33.0,7.0,7.0,46.0,76186.0,121.0,28.0,2.0,0.0,1568.0,33.0,,,228.05,2.92
4874722,2026,projected,148.0,8.0,,26.0,8.0,,,,15.0,79.0,1.0,,7.0,1032.0,38.0,7.0,7.0,52.0,81528.0,133.0,31.0,1.0,,,38.0,,,257.6,3.26
4874722,2026,actual,159.0,13.0,0.0,31.0,13.0,0.0,0.0,2.0,11.0,82.0,2.0,0.0,8.0,1188.13,40.0,11.0,11.0,63.0,97427.0,185.0,32.0,2.0,0.0,1859.0,40.0,,,304.35,3.71
4874722,2027,projected,150.0,11.0,,27.0,11.0,,,,9.0,78.0,2.0,,7.0,1090.58,37.0,9.0,9.0,54.0,85065.24,166.0,30.0,2.0,,,37.0,,,274.7,3.52
4874722,2027,actual,,,,,,,,,,,,,,,,,,,,,,,,,,,,,
4874743,2023,projected,,,,,,,,,,,,,,,,,,,,,,,,,,,,,
4874743,2023,actual,,,,,,,,,,,,,,,,,,,,,,,,,,,,,
4874743,2024,projected,,,,,,,,,,,,,,,,,,,,,,,,,,,,,
4874743,2024,actual,,,,,,,,,,,,,,,,,,,,,,,,,,,,,
4874743,2025,projected,,,,,,,,,,,,,,,,,,,,,,,,,,,,,
4874743,2025,actual,,,,,,,,,,,,,,,,,,,,,,,,,,,,,
4874743,2026,projected,,,,,,,,,,,,,,,,,,,,,,,,,,,,,
4874743,2026,actual,1.0,0.0,0.0,0.0,0.0,0.0,0.0,0.0,1.0,1.0,0.0,0.0,0.0,616.0,0.0,0.0,0.0,0.0,616.0,1.0,0.0,0.0,0.0,17.0,0.0,,,0.75,0.75
4874743,2027,projected,,,,,,,,,,,,,,,,,,,,,,,,,,,,,
4874743,2027,actual,,,,,,,,,,,,,,,,,,,,,,,,,,,,,
4874748,2023,projected,,,,,,,,,,,,,,,,,,,,,,,,,,,,,
4874748,2023,actual,,,,,,,,,,,,,,,,,,,,,,,,,,,,,
4874748,2024,projected,,,,,,,,,,,,,,,,,,,,,,,,,,,,,
4874748,2024,actual,2.0,0.0,0.0,1.0,0.0,0.0,0.0,0.0,1.0,1.0,0.0,0.0,0.0,1274.0,1.0,0.0,0.0,0.0,1274.0,1.0,1.0,0.0,0.0,22.0,1.0,,,4.1,4.1
4874748,2025,projected,,,,,,,,,,,,,,,,,,,,,,,,,,,,,
4874748,2025,actual,10.0,0.0,0.0,9.0,0.0,0.0,0.0,0.0,-5.0,7.0,0.0,0.0,2.0,972.29,4.0,0.0,0.0,6.0,6806.0,8.0,2.0,0.0,0.0,134.0,4.0,,,24.4,3.49
4874748,2026,projected,,,,,,,,,,,,,,,,,,,,,,,,,,,,,
4874748,2026,actual,81.0,2.0,0.0,93.0,2.0,0.0,0.0,1.0,-10.0,67.0,0.0,0.0,5.0,1006.16,13.0,2.0,2.0,48.0,67413.0,57.0,8.0,0.0,0.0,1413.0,13.0,,,128.05,1.91
4874748,2027,projected,,,,,,,,,,,,,,,,,,,,,,,,,,,,,
4874748,2027,actual,,,,,,,,,,,,,,,,,,,,,,,,,,,,,
4874863,2023,projected,,,,,,,,,,,,,,,,,,,,,,,,,,,,,
4874863,2023,actual,,,,,,,,,,,,,,,,,,,,,,,,,,,,,
4874863,2024,projected,,,,,,,,,,,,,,,,,,,,,,,,,,,,,
4874863,2024,actual,34.0,2.0,0.0,14.0,2.0,0.0,0.0,0.0,-6.0,26.0,0.0,0.0,2.0,1157.08,9.0,2.0,2.0,4.0,30084.0,38.0,7.0,0.0,0.0,587.0,9.0,,,60.9,2.34
4874863,2025,projected,,,,,,,,,,,,,,,,,,,,,,,,,,,,,
4874863,2025,actual,130.0,5.0,0.0,37.0,5.0,0.0,0.0,0.0,1.0,62.0,1.0,0.0,7.0,1137.5,20.0,4.0,4.0,20.0,70525.0,72.0,13.0,1.0,0.0,1376.0,20.0,,,152.2,2.45
4874863,2026,projected,,,,,,,,,,,,,,,,,,,,,,,,,,,,,
4874863,2026,actual,119.0,3.0,0.0,33.0,3.0,0.0,0.0,1.0,4.0,76.0,1.0,0.0,7.0,1018.57,22.0,2.0,2.0,34.0,77411.0,85.0,15.0,1.0,0.0,1660.0,22.0,,,168.55,2.22
4874863,2027,projected,,,,,,,,,,,,,,,,,,,,,,,,,,,,,
4874863,2027,actual,,,,,,,,,,,,,,,,,,,,,,,,,,,,,
4874864,2023,projected,,,,,,,,,,,,,,,,,,,,,,,,,,,,,
4874864,2023,actual,,,,,,,,,,,,,,,,,,,,,,,,,,,,,
4874864,2024,projected,,,,,,,,,,,,,,,,,,,,,,,,,,,,,
4874864,2024,actual,44.0,5.0,0.0,62.0,5.0,0.0,0.0,0.0,-5.0,36.0,0.0,0.0,1.0,1150.72,9.0,5.0,5.0,20.0,41426.0,38.0,8.0,0.0,0.0,792.0,9.0,,,76.7,2.13
4874864,2025,projected,,,,,,,,,,,,,,,,,,,,,,,,,,,,,
4874864,2025,actual,59.0,3.0,0.0,123.0,3.0,0.0,0.0,0.0,-12.0,73.0,1.0,0.0,5.0,1168.84,25.0,2.0,2.0,30.0,85325.0,106.0,20.0,1.0,0.0,1520.0,25.0,,,177.05,2.43
4874864,2026,projected,,,,,,,,,,,,,,,,,,,,,,,,,,,,,
4874864,2026,actual,46.0,1.0,1.0,48.0,2.0,0.0,0.0,0.0,5.0,67.0,0.0,1.0,8.0,1068.3,17.0,1.0,1.0,40.0,71576.0,75.0,9.0,1.0,0.0,1353.0,17.0,,,135.3,2.02
4874864,2027,projected,,,,,,,,,,,,,,,,,,,,,,,,,,,,,
4874864,2027,actual,,,,,,,,,,,,,,,,,,,,,,,,,,,,,
4874882,2023,projected,,,,,,,,,,,,,,,,,,,,,,,,,,,,,
4874882,2023,actual,,,,,,,,,,,,,,,,,,,,,,,,,,,,,
4874882,2024,projected,,,,,,,,,,,,,,,,,,,,,,,,,,,,,
4874882,2024,actual,6.0,0.0,0.0,1.0,0.0,0.0,0.0,0.0,-3.0,2.0,0.0,0.0,0.0,1103.0,0.0,0.0,0.0,0.0,2206.0,2.0,0.0,0.0,0.0,38.0,0.0,,,2.6,1.3
4874882,2025,projected,,,,,,,,,,,,,,,,,,,,,,,,,,,,,
4874882,2025,actual,23.0,0.0,0.0,3.0,0.0,0.0,0.0,0.0,4.0,14.0,0.0,0.0,1.0,947.86,6.0,0.0,0.0,0.0,13270.0,16.0,5.0,0.0,0.0,261.0,6.0,,,33.05,2.36
4874882,2026,projected,,,,,,,,,,,,,,,,,,,,,,,,,,,,,
4874882,2026,actual,24.0,2.0,0.0,11.0,2.0,0.0,0.0,0.0,-5.0,29.0,0.0,0.0,0.0,940.14,6.0,2.0,2.0,4.0,27264.0,29.0,6.0,0.0,0.0,577.0,6.0,,,42.6,1.47
4874882,2027,projected,,,,,,,,,,,,,,,,,,,,,,,,,,,,,
4874882,2027,actual,,,,,,,,,,,,,,,,,,,,,,,,,,,,,
4874915,2023,projected,,,,,,,,,,,,,,,,,,,,,,,,,,,,,
4874915,2023,actual,3.0,0.0,0.0,2.0,0.0,0.0,0.0,0.0,0.0,3.0,0.0,0.0,0.0,860.67,1.0,0.0,0.0,0.0,2582.0,3.0,1.0,0.0,0.0,72.0,1.0,,,5.45,1.82
4874915,2024,projected,,,,,,,,,,,,,,,,,,,,,,,,,,,,,
4874915,2024,actual,6.0,0.0,0.0,3.0,0.0,0.0,0.0,0.0,1.0,6.0,0.0,0.0,0.0,589.5,0.0,0.0,0.0,0.0,3537.0,3.0,0.0,0.0,0.0,83.0,0.0,,,3.3,0.55
4874915,2025,projected,,,,,,,,,,,,,,,,,,,,,,,,,,,,,
4874915,2025,actual,,,,,,,,,,,,,,,,,,,,,,,,,,,,,
4874915,2026,projected,,,,,,,,,,,,,,,,,,,,,,,,,,,,,
4874915,2026,actual,15.0,0.0,0.0,15.0,0.0,0.0,0.0,0.0,-4.0,27.0,0.0,0.0,0.0,944.22,3.0,0.0,0.0,12.0,25494.0,39.0,3.0,0.0,0.0,515.0,3.0,,,39.75,1.47
4874915,2027,projected,,,,,,,,,,,,,,,,,,,,,,,,,,,,,
4874915,2027,actual,,,,,,,,,,,,,,,,,,,,,,,,,,,,,
4874929,2023,projected,,,,,,,,,,,,,,,,,,,,,,,,,,,,,
4874929,2023,actual,93.0,11.0,0.0,80.0,11.0,0.0,0.0,1.0,-12.0,82.0,3.0,0.0,7.0,1263.04,31.0,8.0,8.0,35.0,103569.0,137.0,24.0,3.0,0.0,2281.0,31.0,,,225.25,2.75
4874929,2024,projected,66.0,8.0,0.0,58.0,8.0,0.0,2.0,0.0,-11.0,62.0,2.0,2.0,5.0,1260.0,23.0,6.0,6.0,32.0,78120.0,103.0,18.0,2.0,0.0,2199.0,18.0,,,165.8,2.67
4874929,2024,actual,77.0,3.0,0.0,91.0,5.0,0.0,2.0,0.0,-5.0,80.0,0.0,2.0,5.0,1234.29,26.0,5.0,3.0,35.0,98743.0,112.0,21.0,0.0,0.0,2199.0,26.0,,,188.35,2.35
4874929,2025,projected,82.0,6.0,,105.0,6.0,,,,-13.0,80.0,1.0,,5.0,1230.0,28.0,5.0,5.0,36.0,98400.0,121.0,23.0,1.0,,,28.0,,,202.0,2.52
4874929,2025,actual,48.0,1.0,1.0,34.0,2.0,0.0,0.0,0.0,20.0,54.0,0.0,1.0,2.0,1131.17,14.0,1.0,1.0,22.0,61083.0,70.0,12.0,1.0,0.0,1307.0,14.0,,,107.9,2.0
4874929,2026,projected,,,,,,,,,,,,,,,,,,,,,,,,,,,,,
4874929,2026,actual,111.0,1.0,0.0,61.0,3.0,0.0,2.0,0.0,41.0,79.0,0.0,2.0,7.0,1294.3,29.0,3.0,1.0,69.0,102250.0,91.0,22.0,0.0,0.0,1966.0,29.0,,,210.35,2.66
4874929,2027,projected,,,,,,,,,,,,,,,,,,,,,,,,,,,,,
4874929,2027,actual,,,,,,,,,,,,,,,,,,,,,,,,,,,,,
4893969,2023,projected,,,,,,,,,,,,,,,,,,,,,,,,,,,,,
4893969,2023,actual,75.0,3.0,0.0,159.0,3.0,0.0,0.0,0.0,-9.0,51.0,2.0,0.0,5.0,916.24,12.0,1.0,1.0,101.0,46728.0,46.0,7.0,2.0,0.0,945.0,12.0,,,151.65,2.97
4893969,2024,projected,99.0,3.0,0.0,211.0,3.0,0.0,0.0,0.0,-11.0,69.0,1.0,0.0,5.0,1080.0,16.0,2.0,2.0,132.0,74520.0,61.0,11.0,1.0,0.0,800.0,11.0,,,192.35,2.79
4893969,2024,actual,61.0,0.0,0.0,116.0,0.0,0.0,0.0,0.0,6.0,44.0,0.0,0.0,3.0,955.64,10.0,0.0,0.0,81.0,42048.0,49.0,7.0,0.0,0.0,800.0,10.0,,,124.85,2.84
4893969,2025,projected,82.0,,,187.0,,,,,4.0,63.0,,,4.0,960.0,10.0,,,98.0,60480.0,53.0,6.0,,,,10.0,,,148.7,2.36
4893969,2025,actual,69.0,0.0,0.0,180.0,0.0,0.0,0.0,0.0,-13.0,70.0,0.0,0.0,1.0,877.44,6.0,0.0,0.0,118.0,61421.0,63.0,5.0,0.0,0.0,1246.0,6.0,,,144.75,2.07
4893969,2026,projected,,,,,,,,,,,,,,,,,,,,,,,,,,,,,
4893969,2026,actual,40.0,0.0,0.0,178.0,0.0,0.0,0.0,0.0,-8.0,65.0,0.0,0.0,1.0,685.35,4.0,0.0,0.0,116.0,44548.0,42.0,3.0,0.0,0.0,926.0,4.0,,,119.8,1.84
4893969,2027,projected,,,,,,,,,,,,,,,,,,,,,,,,,,,,,
4893969,2027,actual,,,,,,,,,,,,,,,,,,,,,,,,,,,,,
4894345,2023,projected,,,,,,,,,,,,,,,,,,,,,,,,,,,,,
4894345,2023,actual,,,,,,,,,,,,,,,,,,,,,,,,,,,,,
4894345,2024,projected,,,,,,,,,,,,,,,,,,,,,,,,,,,,,
4894345,2024,actual,,,,,,,,,,,,,,,,,,,,,,,,,,,,,
4894345,2025,projected,,,,,,,,,,,,,,,,,,,,,,,,,,,,,
4894345,2025,actual,,,,,,,,,,,,,,,,,,,,,,,,,,,,,
4894345,2026,projected,,,,,,,,,,,,,,,,,,,,,,,,,,,,,
4894345,2026,actual,0.0,0.0,0.0,4.0,0.0,0.0,0.0,0.0,1.0,1.0,0.0,0.0,0.0,645.0,0.0,0.0,0.0,0.0,645.0,1.0,0.0,0.0,0.0,16.0,0.0,,,0.9,0.9
4894345,2027,projected,,,,,,,,,,,,,,,,,,,,,,,,,,,,,
4894345,2027,actual,,,,,,,,,,,,,,,,,,,,,,,,,,,,,
4894726,2023,projected,,,,,,,,,,,,,,,,,,,,,,,,,,,,,
4894726,2023,actual,,,,,,,,,,,,,,,,,,,,,,,,,,,,,
4894726,2024,projected,,,,,,,,,,,,,,,,,,,,,,,,,,,,,
4894726,2024,actual,0.0,0.0,0.0,2.0,0.0,0.0,0.0,0.0,0.0,2.0,0.0,0.0,0.0,1114.5,0.0,0.0,0.0,0.0,2229.0,0.0,0.0,0.0,0.0,48.0,0.0,,,0.2,0.1
4894726,2025,projected,,,,,,,,,,,,,,,,,,,,,,,,,,,,,
4894726,2025,actual,19.0,0.0,0.0,40.0,0.0,0.0,0.0,0.0,-3.0,24.0,0.0,0.0,2.0,1098.54,6.0,0.0,0.0,6.0,26365.0,21.0,4.0,0.0,0.0,510.0,6.0,,,42.25,1.76
4894726,2026,projected,,,,,,,,,,,,,,,,,,,,,,,,,,,,,
4894726,2026,actual,18.0,0.0,0.0,19.0,0.0,0.0,0.0,0.0,-11.0,19.0,0.0,0.0,0.0,847.84,1.0,0.0,0.0,18.0,16109.0,22.0,1.0,0.0,0.0,342.0,1.0,,,29.4,1.55
4894726,2027,projected,,,,,,,,,,,,,,,,,,,,,,,,,,,,,
4894726,2027,actual,,,,,,,,,,,,,,,,,,,,,,,,,,,,,
4894820,2023,projected,,,,,,,,,,,,,,,,,,,,,,,,,,,,,
4894820,2023,actual,22.0,3.0,0.0,7.0,3.0,0.0,0.0,0.0,-6.0,14.0,1.0,0.0,2.0,1022.07,6.0,2.0,2.0,2.0,14309.0,13.0,4.0,1.0,0.0,307.0,6.0,,,35.7,2.55
4894820,2024,projected,,,,,,,,,,,,,,,,,,,,,,,,,,,,,
4894820,2024,actual,46.0,2.0,0.0,7.0,2.0,0.0,0.0,0.0,-2.0,24.0,0.0,0.0,3.0,1243.33,7.0,2.0,2.0,8.0,29840.0,34.0,4.0,0.0,0.0,628.0,7.0,,,58.2,2.43
4894820,2025,projected,,,,,,,,,,,,,,,,,,,,,,,,,,,,,
4894820,2025,actual,52.0,0.0,0.0,20.0,0.0,0.0,0.0,1.0,2.0,44.0,0.0,0.0,2.0,1060.77,9.0,0.0,0.0,12.0,46674.0,55.0,7.0,0.0,0.0,1145.0,9.0,,,78.5,1.78
4894820,2026,projected,,,,,,,,,,,,,,,,,,,,,,,,,,,,,
4894820,2026,actual,0.0,0.0,0.0,0.0,0.0,0.0,0.0,0.0,0.0,1.0,0.0,0.0,0.0,1069.0,0.0,0.0,0.0,0.0,1069.0,2.0,0.0,0.0,0.0,30.0,0.0,,,1.0,1.0
4894820,2027,projected,,,,,,,,,,,,,,,,,,,,,,,,,,,,,
4894820,2027,actual,,,,,,,,,,,,,,,,,,,,,,,,,,,,,
4915344,2023,projected,,,,,,,,,,,,,,,,,,,,,,,,,,,,,
4915344,2023,actual,,,,,,,,,,,,,,,,,,,,,,,,,,,,,
4915344,2024,projected,,,,,,,,,,,,,,,,,,,,,,,,,,,,,
4915344,2024,actual,73.0,2.0,0.0,19.0,2.0,0.0,0.0,1.0,-7.0,60.0,0.0,0.0,3.0,1191.78,19.0,2.0,2.0,33.0,71507.0,105.0,16.0,0.0,0.0,1464.0,19.0,,,151.15,2.52
4915344,2025,projected,,,,,,,,,,,,,,,,,,,,,,,,,,,,,
4915344,2025,actual,26.0,2.0,0.0,2.0,2.0,0.0,0.0,1.0,-10.0,27.0,0.0,0.0,2.0,898.85,4.0,2.0,2.0,14.0,24269.0,26.0,2.0,0.0,0.0,516.0,4.0,,,42.7,1.58
4915344,2026,projected,,,,,,,,,,,,,,,,,,,,,,,,,,,,,
4915344,2026,actual,101.0,2.0,0.0,23.0,2.0,0.0,0.0,3.0,-11.0,68.0,1.0,0.0,11.0,1180.12,26.0,1.0,1.0,26.0,80248.0,104.0,15.0,1.0,0.0,1462.0,26.0,1.0,,189.05,2.78
4915344,2027,projected,,,,,,,,,,,,,,,,,,,,,,,,,,,,,
4915344,2027,actual,,,,,,,,,,,,,,,,,,,,,,,,,,,,,
4997019,2023,projected,,,,,,,,,,,,,,,,,,,,,,,,,,,,,
4997019,2023,actual,,,,,,,,,,,,,,,,,,,,,,,,,,,,,
4997019,2024,projected,,,,,,,,,,,,,,,,,,,,,,,,,,,,,
4997019,2024,actual,,,,,,,,,,,,,,,,,,,,,,,,,,,,,
4997019,2025,projected,,,,,,,,,,,,,,,,,,,,,,,,,,,,,
4997019,2025,actual,,,,,,,,,,,,,,,,,,,,,,,,,,,,,
4997019,2026,projected,,,,,,,,,,,,,,,,,,,,,,,,,,,,,
4997019,2026,actual,15.0,1.0,0.0,4.0,1.0,0.0,0.0,0.0,-4.0,18.0,0.0,0.0,2.0,1014.11,6.0,1.0,1.0,2.0,18254.0,16.0,4.0,0.0,0.0,374.0,6.0,,,33.65,1.87
4997019,2027,projected,,,,,,,,,,,,,,,,,,,,,,,,,,,,,
4997019,2027,actual,,,,,,,,,,,,,,,,,,,,,,,,,,,,,
4997138,2023,projected,,,,,,,,,,,,,,,,,,,,,,,,,,,,,
4997138,2023,actual,7.0,0.0,0.0,4.0,0.0,0.0,0.0,0.0,-3.0,8.0,0.0,0.0,0.0,1191.88,2.0,0.0,0.0,0.0,9535.0,9.0,2.0,0.0,0.0,188.0,2.0,,,12.65,1.58
4997138,2024,projected,,,,,,,,,,,,,,,,,,,,,,,,,,,,,
4997138,2024,actual,48.0,4.0,0.0,22.0,4.0,0.0,0.0,0.0,-22.0,51.0,2.0,0.0,3.0,1199.98,11.0,2.0,2.0,16.0,61199.0,71.0,8.0,2.0,0.0,1254.0,11.0,,,96.7,1.9
4997138,2025,projected,,,,,,,,,,,,,,,,,,,,,,,,,,,,,
4997138,2025,actual,52.0,0.0,0.0,43.0,0.0,0.0,0.0,0.0,-23.0,60.0,0.0,0.0,2.0,1050.82,12.0,0.0,0.0,30.0,63049.0,66.0,10.0,0.0,0.0,1296.0,12.0,,,103.3,1.72
4997138,2026,projected,,,,,,,,,,,,,,,,,,,,,,,,,,,,,
4997138,2026,actual,4.0,0.0,0.0,3.0,0.0,0.0,0.0,0.0,-1.0,4.0,0.0,0.0,0.0,891.75,0.0,0.0,0.0,0.0,3567.0,4.0,0.0,0.0,0.0,80.0,0.0,,,3.3,0.82
4997138,2027,projected,,,,,,,,,,,,,,,,,,,,,,,,,,,,,
4997138,2027,actual,,,,,,,,,,,,,,,,,,,,,,,,,,,,,
5080147,2023,projected,,,,,,,,,,,,,,,,,,,,,,,,,,,,,
5080147,2023,actual,5.0,0.0,0.0,9.0,0.0,0.0,0.0,0.0,-4.0,4.0,0.0,0.0,0.0,1084.0,0.0,0.0,0.0,2.0,4336.0,7.0,0.0,0.0,0.0,99.0,0.0,,,6.65,1.66
5080147,2024,projected,49.0,2.0,0.0,81.0,2.0,0.0,0.0,1.0,-4.0,44.0,1.0,0.0,2.0,1110.0,15.0,1.0,1.0,22.0,48840.0,74.0,13.0,1.0,0.0,776.0,13.0,,,115.85,2.63
5080147,2024,actual,38.0,0.0,0.0,18.0,0.0,0.0,0.0,1.0,-4.0,43.0,0.0,0.0,1.0,875.86,10.0,0.0,0.0,22.0,37662.0,45.0,9.0,0.0,0.0,776.0,10.0,,,76.8,1.79
5080147,2025,projected,49.0,,,46.0,,,,,-8.0,56.0,,,,948.0,8.0,,,26.0,53088.0,59.0,8.0,,,,8.0,,,83.35,1.49
5080147,2025,actual,9.0,0.0,0.0,12.0,0.0,0.0,0.0,0.0,0.0,12.0,0.0,0.0,1.0,727.08,3.0,0.0,0.0,6.0,8725.0,7.0,2.0,0.0,0.0,177.0,3.0,,,19.95,1.66
5080147,2026,projected,,,,,,,,,,,,,,,,,,,,,,,,,,,,,
5080147,2026,actual,16.0,0.0,0.0,8.0,0.0,0.0,0.0,0.0,0.0,26.0,0.0,0.0,0.0,720.92,0.0,0.0,0.0,16.0,18744.0,19.0,0.0,0.0,0.0,402.0,0.0,,,22.3,0.86
5080147,2027,projected,,,,,,,,,,,,,,,,,,,,,,,,,,,,,
5080147,2027,actual,,,,,,,,,,,,,,,,,,,,,,,,,,,,,
5080148,2023,projected,,,,,,,,,,,,,,,,,,,,,,,,,,,,,
5080148,2023,actual,,,,,,,,,,,,,,,,,,,,,,,,,,,,,
5080148,2024,projected,,,,,,,,,,,,,,,,,,,,,,,,,,,,,
5080148,2024,actual,93.0,7.0,0.0,23.0,7.0,0.0,0.0,2.0,-39.0,76.0,0.0,0.0,5.0,1176.99,15.0,7.0,7.0,20.0,89451.0,82.0,10.0,0.0,0.0,1762.0,15.0,,,132.05,1.74
5080148,2025,projected,,,,,,,,,,,,,,,,,,,,,,,,,,,,,
5080148,2025,actual,14.0,0.0,0.0,2.0,0.0,0.0,0.0,0.0,-5.0,16.0,0.0,0.0,1.0,1025.38,2.0,0.0,0.0,8.0,16406.0,14.0,1.0,0.0,0.0,331.0,2.0,,,21.7,1.36
5080148,2026,projected,,,,,,,,,,,,,,,,,,,,,,,,,,,,,
5080148,2026,actual,7.0,0.0,0.0,4.0,0.0,0.0,0.0,0.0,-4.0,13.0,0.0,0.0,0.0,818.23,2.0,0.0,0.0,4.0,10637.0,13.0,2.0,0.0,0.0,237.0,2.0,,,16.65,1.28
5080148,2027,projected,,,,,,,,,,,,,,,,,,,,,,,,,,,,,
5080148,2027,actual,,,,,,,,,,,,,,,,,,,,,,,,,,,,,
5080154,2023,projected,,,,,,,,,,,,,,,,,,,,,,,,,,,,,
5080154,2023,actual,,,,,,,,,,,,,,,,,,,,,,,,,,,,,
5080154,2024,projected,,,,,,,,,,,,,,,,,,,,,,,,,,,,,
5080154,2024,actual,88.0,7.0,0.0,77.0,8.0,0.0,1.0,0.0,-20.0,63.0,0.0,1.0,4.0,1130.68,28.0,8.0,7.0,24.0,71233.0,65.0,24.0,0.0,0.0,1469.0,28.0,,,166.7,2.65
5080154,2025,projected,101.0,12.0,,91.0,12.0,,,,-29.0,77.0,1.0,,8.0,1146.0,44.0,11.0,11.0,38.0,88242.0,72.0,36.0,1.0,,,44.0,,,235.85,3.06
5080154,2025,actual,69.0,3.0,0.0,81.0,3.0,0.0,0.0,0.0,-4.0,68.0,0.0,0.0,5.0,1055.82,19.0,3.0,3.0,20.0,71796.0,92.0,14.0,0.0,0.0,1517.0,19.0,,,144.85,2.13
5080154,2026,projected,,,,,,,,,,,,,,,,,,,,,,,,,,,,,
5080154,2026,actual,79.0,2.0,0.0,39.0,3.0,0.0,1.0,2.0,-3.0,73.0,0.0,1.0,8.0,1105.52,22.0,3.0,2.0,17.0,80703.0,112.0,14.0,0.0,0.0,1790.0,22.0,,,166.15,2.28
5080154,2027,projected,,,,,,,,,,,,,,,,,,,,,,,,,,,,,
5080154,2027,actual,,,,,,,,,,,,,,,,,,,,,,,,,,,,,
5080156,2023,projected,,,,,,,,,,,,,,,,,,,,,,,,,,,,,
5080156,2023,actual,,,,,,,,,,,,,,,,,,,,,,,,,,,,,
5080156,2024,projected,,,,,,,,,,,,,,,,,,,,,,,,,,,,,
5080156,2024,actual,,,,,,,,,,,,,,,,,,,,,,,,,,,,,
5080156,2025,projected,,,,,,,,,,,,,,,,,,,,,,,,,,,,,
5080156,2025,actual,44.0,0.0,0.0,26.0,0.0,0.0,0.0,0.0,4.0,45.0,0.0,0.0,4.0,1082.11,13.0,0.0,0.0,20.0,48695.0,63.0,9.0,0.0,0.0,956.0,13.0,,,98.1,2.18
5080156,2026,projected,,,,,,,,,,,,,,,,,,,,,,,,,,,,,
5080156,2026,actual,88.0,3.0,0.0,26.0,3.0,0.0,0.0,0.0,12.0,75.0,1.0,0.0,13.0,1151.13,31.0,2.0,2.0,8.0,86335.0,92.0,18.0,1.0,0.0,1612.0,31.0,,,182.6,2.43
5080156,2027,projected,,,,,,,,,,,,,,,,,,,,,,,,,,,,,
5080156,2027,actual,,,,,,,,,,,,,,,,,,,,,,,,,,,,,
5080162,2023,projected,,,,,,,,,,,,,,,,,,,,,,,,,,,,,
5080162,2023,actual,,,,,,,,,,,,,,,,,,,,,,,,,,,,,
5080162,2024,projected,,,,,,,,,,,,,,,,,,,,,,,,,,,,,
5080162,2024,actual,,,,,,,,,,,,,,,,,,,,,,,,,,,,,
5080162,2025,projected,,,,,,,,,,,,,,,,,,,,,,,,,,,,,
5080162,2025,actual,39.0,0.0,0.0,155.0,0.0,0.0,0.0,1.0,2.0,38.0,0.0,0.0,4.0,893.45,9.0,0.0,0.0,41.0,33951.0,23.0,5.0,0.0,0.0,711.0,9.0,,,89.25,2.35
5080162,2026,projected,,,,,,,,,,,,,,,,,,,,,,,,,,,,,
5080162,2026,actual,27.0,0.0,0.0,139.0,0.0,0.0,0.0,2.0,6.0,50.0,0.0,0.0,4.0,940.0,8.0,0.0,0.0,37.0,47000.0,42.0,4.0,0.0,0.0,972.0,8.0,,,90.15,1.8
5080162,2027,projected,,,,,,,,,,,,,,,,,,,,,,,,,,,,,
5080162,2027,actual,,,,,,,,,,,,,,,,,,,,,,,,,,,,,
5080169,2023,projected,,,,,,,,,,,,,,,,,,,,,,,,,,,,,
5080169,2023,actual,,,,,,,,,,,,,,,,,,,,,,,,,,,,,
5080169,2024,projected,,,,,,,,,,,,,,,,,,,,,,,,,,,,,
5080169,2024,actual,,,,,,,,,,,,,,,,,,,,,,,,,,,,,
5080169,2025,projected,,,,,,,,,,,,,,,,,,,,,,,,,,,,,
5080169,2025,actual,15.0,0.0,0.0,13.0,0.0,0.0,0.0,0.0,-5.0,25.0,0.0,0.0,1.0,888.92,3.0,0.0,0.0,6.0,22223.0,19.0,2.0,0.0,0.0,518.0,3.0,,,27.55,1.1
5080169,2026,projected,,,,,,,,,,,,,,,,,,,,,,,,,,,,,
5080169,2026,actual,1.0,0.0,0.0,1.0,0.0,0.0,0.0,0.0,-3.0,4.0,0.0,0.0,0.0,725.75,0.0,0.0,0.0,2.0,2903.0,2.0,0.0,0.0,0.0,73.0,0.0,,,2.35,0.59
5080169,2027,projected,,,,,,,,,,,,,,,,,,,,,,,,,,,,,
5080169,2027,actual,,,,,,,,,,,,,,,,,,,,,,,,,,,,,
5080173,2023,projected,,,,,,,,,,,,,,,,,,,,,,,,,,,,,
5080173,2023,actual,,,,,,,,,,,,,,,,,,,,,,,,,,,,,
5080173,2024,projected,,,,,,,,,,,,,,,,,,,,,,,,,,,,,
5080173,2024,actual,,,,,,,,,,,,,,,,,,,,,,,,,,,,,
5080173,2025,projected,,,,,,,,,,,,,,,,,,,,,,,,,,,,,
5080173,2025,actual,22.0,3.0,0.0,12.0,3.0,0.0,0.0,0.0,1.0,9.0,0.0,0.0,0.0,1401.67,5.0,3.0,3.0,0.0,12615.0,4.0,5.0,0.0,0.0,232.0,5.0,,,25.2,2.8
5080173,2026,projected,,,,,,,,,,,,,,,,,,,,,,,,,,,,,
5080173,2026,actual,83.0,1.0,0.0,49.0,1.0,0.0,0.0,1.0,-7.0,54.0,0.0,0.0,4.0,1096.39,14.0,1.0,1.0,44.0,59205.0,63.0,10.0,0.0,0.0,1143.0,14.0,,,126.65,2.35
5080173,2027,projected,,,,,,,,,,,,,,,,,,,,,,,,,,,,,
5080173,2027,actual,,,,,,,,,,,,,,,,,,,,,,,,,,,,,
5080177,2023,projected,,,,,,,,,,,,,,,,,,,,,,,,,,,,,
5080177,2023,actual,,,,,,,,,,,,,,,,,,,,,,,,,,,,,
5080177,2024,projected,,,,,,,,,,,,,,,,,,,,,,,,,,,,,
5080177,2024,actual,,,,,,,,,,,,,,,,,,,,,,,,,,,,,
5080177,2025,projected,,,,,,,,,,,,,,,,,,,,,,,,,,,,,
5080177,2025,actual,17.0,0.0,0.0,18.0,0.0,0.0,0.0,0.0,3.0,15.0,0.0,0.0,1.0,967.47,3.0,0.0,0.0,42.0,14512.0,11.0,2.0,0.0,0.0,350.0,3.0,,,42.55,2.84
5080177,2026,projected,,,,,,,,,,,,,,,,,,,,,,,,,,,,,
5080177,2026,actual,4.0,0.0,0.0,11.0,0.0,0.0,0.0,0.0,4.0,5.0,0.0,0.0,0.0,879.2,1.0,0.0,0.0,2.0,4396.0,9.0,1.0,0.0,0.0,97.0,1.0,,,10.6,2.12
5080177,2027,projected,,,,,,,,,,,,,,,,,,,,,,,,,,,,,
5080177,2027,actual,,,,,,,,,,,,,,,,,,,,,,,,,,,,,
5080212,2023,projected,,,,,,,,,,,,,,,,,,,,,,,,,,,,,
5080212,2023,actual,,,,,,,,,,,,,,,,,,,,,,,,,,,,,
5080212,2024,projected,,,,,,,,,,,,,,,,,,,,,,,,,,,,,
5080212,2024,actual,,,,,,,,,,,,,,,,,,,,,,,,,,,,,
5080212,2025,projected,,,,,,,,,,,,,,,,,,,,,,,,,,,,,
5080212,2025,actual,12.0,3.0,0.0,10.0,3.0,0.0,0.0,1.0,3.0,14.0,2.0,0.0,4.0,758.57,8.0,1.0,1.0,0.0,10620.0,7.0,4.0,2.0,0.0,234.0,8.0,,,39.0,2.79
5080212,2026,projected,,,,,,,,,,,,,,,,,,,,,,,,,,,,,
5080212,2026,actual,4.0,0.0,0.0,0.0,0.0,0.0,0.0,0.0,-3.0,2.0,0.0,0.0,0.0,1080.5,0.0,0.0,0.0,0.0,2161.0,1.0,0.0,0.0,0.0,48.0,0.0,,,1.5,0.75
5080212,2027,projected,,,,,,,,,,,,,,,,,,,,,,,,,,,,,
5080212,2027,actual,,,,,,,,,,,,,,,,,,,,,,,,,,,,,
5080220,2023,projected,,,,,,,,,,,,,,,,,,,,,,,,,,,,,
5080220,2023,actual,,,,,,,,,,,,,,,,,,,,,,,,,,,,,
5080220,2024,projected,,,,,,,,,,,,,,,,,,,,,,,,,,,,,
5080220,2024,actual,11.0,0.0,0.0,5.0,0.0,0.0,0.0,0.0,1.0,7.0,0.0,0.0,1.0,1072.29,3.0,0.0,0.0,4.0,7506.0,4.0,2.0,0.0,0.0,145.0,3.0,,,17.25,2.46
5080220,2025,projected,,,,,,,,,,,,,,,,,,,,,,,,,,,,,
5080220,2025,actual,6.0,0.0,0.0,5.0,0.0,0.0,0.0,0.0,-5.0,6.0,0.0,0.0,0.0,993.33,0.0,0.0,0.0,2.0,5960.0,9.0,0.0,0.0,0.0,116.0,0.0,,,7.5,1.25
5080220,2026,projected,,,,,,,,,,,,,,,,,,,,,,,,,,,,,
5080220,2026,actual,2.0,0.0,0.0,1.0,0.0,0.0,0.0,0.0,2.0,1.0,0.0,0.0,1.0,697.0,1.0,0.0,0.0,0.0,697.0,1.0,0.0,0.0,0.0,16.0,1.0,,,5.1,5.1
5080220,2027,projected,,,,,,,,,,,,,,,,,,,,,,,,,,,,,
5080220,2027,actual,,,,,,,,,,,,,,,,,,,,,,,,,,,,,
5080223,2023,projected,,,,,,,,,,,,,,,,,,,,,,,,,,,,,
5080223,2023,actual,,,,,,,,,,,,,,,,,,,,,,,,,,,,,
5080223,2024,projected,,,,,,,,,,,,,,,,,,,,,,,,,,,,,
5080223,2024,actual,,,,,,,,,,,,,,,,,,,,,,,,,,,,,
5080223,2025,projected,,,,,,,,,,,,,,,,,,,,,,,,,,,,,
5080223,2025,actual,,,,,,,,,,,,,,,,,,,,,,,,,,,,,
5080223,2026,projected,,,,,,,,,,,,,,,,,,,,,,,,,,,,,
5080223,2026,actual,37.0,1.0,0.0,50.0,1.0,0.0,0.0,0.0,-6.0,32.0,0.0,0.0,1.0,1077.75,5.0,1.0,1.0,12.0,34488.0,27.0,4.0,0.0,0.0,754.0,5.0,,,50.25,1.57
5080223,2027,projected,,,,,,,,,,,,,,,,,,,,,,,,,,,,,
5080223,2027,actual,,,,,,,,,,,,,,,,,,,,,,,,,,,,,
5080230,2023,projected,,,,,,,,,,,,,,,,,,,,,,,,,,,,,
5080230,2023,actual,,,,,,,,,,,,,,,,,,,,,,,,,,,,,
5080230,2024,projected,,,,,,,,,,,,,,,,,,,,,,,,,,,,,
5080230,2024,actual,3.0,0.0,0.0,1.0,0.0,0.0,0.0,0.0,-2.0,2.0,0.0,0.0,0.0,1363.0,2.0,0.0,0.0,0.0,2726.0,0.0,2.0,0.0,0.0,47.0,2.0,,,6.85,3.42
5080230,2025,projected,,,,,,,,,,,,,,,,,,,,,,,,,,,,,
5080230,2025,actual,91.0,26.0,0.0,40.0,26.0,0.0,0.0,0.0,-2.0,82.0,1.0,0.0,6.0,1363.99,66.0,25.0,25.0,34.0,111847.0,123.0,60.0,1.0,0.0,1930.0,66.0,,,322.75,3.94
5080230,2026,projected,119.0,19.0,,47.0,19.0,,,,8.0,81.0,,,7.0,1404.0,59.0,19.0,19.0,42.0,113724.0,131.0,52.0,,,,59.0,,,314.45,3.88
5080230,2026,actual,124.0,20.0,0.0,31.0,20.0,0.0,0.0,3.0,36.0,82.0,2.0,0.0,12.0,1426.33,78.0,18.0,18.0,34.0,116959.0,137.0,66.0,2.0,0.0,2010.0,78.0,,,379.6,4.63
5080230,2027,projected,113.0,21.0,,30.0,21.0,,,,30.0,80.0,2.0,,10.0,1448.04,70.0,19.0,19.0,35.0,115843.2,130.0,60.0,2.0,,,70.0,,,345.25,4.32
5080230,2027,actual,,,,,,,,,,,,,,,,,,,,,,,,,,,,,
5101628,2023,projected,,,,,,,,,,,,,,,,,,,,,,,,,,,,,
5101628,2023,actual,,,,,,,,,,,,,,,,,,,,,,,,,,,,,
5101628,2024,projected,,,,,,,,,,,,,,,,,,,,,,,,,,,,,
5101628,2024,actual,,,,,,,,,,,,,,,,,,,,,,,,,,,,,
5101628,2025,projected,,,,,,,,,,,,,,,,,,,,,,,,,,,,,
5101628,2025,actual,,,,,,,,,,,,,,,,,,,,,,,,,,,,,
5101628,2026,projected,,,,,,,,,,,,,,,,,,,,,,,,,,,,,
5101628,2026,actual,6.0,0.0,0.0,4.0,0.0,0.0,0.0,0.0,4.0,4.0,0.0,0.0,0.0,1221.5,3.0,0.0,0.0,0.0,4886.0,6.0,3.0,0.0,0.0,101.0,3.0,,,13.9,3.48
5101628,2027,projected,,,,,,,,,,,,,,,,,,,,,,,,,,,,,
5101628,2027,actual,,,,,,,,,,,,,,,,,,,,,,,,,,,,,
5102979,2023,projected,,,,,,,,,,,,,,,,,,,,,,,,,,,,,
5102979,2023,actual,,,,,,,,,,,,,,,,,,,,,,,,,,,,,
5102979,2024,projected,,,,,,,,,,,,,,,,,,,,,,,,,,,,,
5102979,2024,actual,,,,,,,,,,,,,,,,,,,,,,,,,,,,,
5102979,2025,projected,,,,,,,,,,,,,,,,,,,,,,,,,,,,,
5102979,2025,actual,,,,,,,,,,,,,,,,,,,,,,,,,,,,,
5102979,2026,projected,,,,,,,,,,,,,,,,,,,,,,,,,,,,,
5102979,2026,actual,1.0,0.0,0.0,2.0,0.0,0.0,0.0,0.0,0.0,2.0,0.0,0.0,0.0,422.0,0.0,0.0,0.0,0.0,844.0,1.0,0.0,0.0,0.0,20.0,0.0,,,0.95,0.47
5102979,2027,projected,,,,,,,,,,,,,,,,,,,,,,,,,,,,,
5102979,2027,actual,,,,,,,,,,,,,,,,,,,,,,,,,,,,,
5103533,2023,projected,,,,,,,,,,,,,,,,,,,,,,,,,,,,,
5103533,2023,actual,,,,,,,,,,,,,,,,,,,,,,,,,,,,,
5103533,2024,projected,,,,,,,,,,,,,,,,,,,,,,,,,,,,,
5103533,2024,actual,,,,,,,,,,,,,,,,,,,,,,,,,,,,,
5103533,2025,projected,,,,,,,,,,,,,,,,,,,,,,,,,,,,,
5103533,2025,actual,,,,,,,,,,,,,,,,,,,,,,,,,,,,,
5103533,2026,projected,,,,,,,,,,,,,,,,,,,,,,,,,,,,,
5103533,2026,actual,0.0,0.0,0.0,1.0,0.0,0.0,0.0,0.0,-1.0,2.0,0.0,0.0,0.0,645.0,0.0,0.0,0.0,0.0,1290.0,2.0,0.0,0.0,0.0,29.0,0.0,,,1.1,0.55
5103533,2027,projected,,,,,,,,,,,,,,,,,,,,,,,,,,,,,
5103533,2027,actual,,,,,,,,,,,,,,,,,,,,,,,,,,,,,
5103541,2023,projected,,,,,,,,,,,,,,,,,,,,,,,,,,,,,
5103541,2023,actual,,,,,,,,,,,,,,,,,,,,,,,,,,,,,
5103541,2024,projected,,,,,,,,,,,,,,,,,,,,,,,,,,,,,
5103541,2024,actual,,,,,,,,,,,,,,,,,,,,,,,,,,,,,
5103541,2025,projected,,,,,,,,,,,,,,,,,,,,,,,,,,,,,
5103541,2025,actual,,,,,,,,,,,,,,,,,,,,,,,,,,,,,
5103541,2026,projected,,,,,,,,,,,,,,,,,,,,,,,,,,,,,
5103541,2026,actual,1.0,0.0,0.0,2.0,0.0,0.0,0.0,0.0,1.0,1.0,0.0,0.0,1.0,738.0,1.0,0.0,0.0,0.0,738.0,1.0,0.0,0.0,0.0,20.0,1.0,,,4.95,4.95
5103541,2027,projected,,,,,,,,,,,,,,,,,,,,,,,,,,,,,
5103541,2027,actual,,,,,,,,,,,,,,,,,,,,,,,,,,,,,
5103595,2023,projected,,,,,,,,,,,,,,,,,,,,,,,,,,,,,
5103595,2023,actual,,,,,,,,,,,,,,,,,,,,,,,,,,,,,
5103595,2024,projected,,,,,,,,,,,,,,,,,,,,,,,,,,,,,
5103595,2024,actual,,,,,,,,,,,,,,,,,,,,,,,,,,,,,
5103595,2025,projected,,,,,,,,,,,,,,,,,,,,,,,,,,,,,
5103595,2025,actual,,,,,,,,,,,,,,,,,,,,,,,,,,,,,
5103595,2026,projected,,,,,,,,,,,,,,,,,,,,,,,,,,,,,
5103595,2026,actual,0.0,0.0,0.0,0.0,0.0,0.0,0.0,0.0,1.0,2.0,0.0,0.0,0.0,927.5,0.0,0.0,0.0,0.0,1855.0,1.0,0.0,0.0,0.0,34.0,0.0,,,0.5,0.25
5103595,2027,projected,,,,,,,,,,,,,,,,,,,,,,,,,,,,,
5103595,2027,actual,,,,,,,,,,,,,,,,,,,,,,,,,,,,,
5103702,2023,projected,,,,,,,,,,,,,,,,,,,,,,,,,,,,,
5103702,2023,actual,,,,,,,,,,,,,,,,,,,,,,,,,,,,,
5103702,2024,projected,,,,,,,,,,,,,,,,,,,,,,,,,,,,,
5103702,2024,actual,,,,,,,,,,,,,,,,,,,,,,,,,,,,,
5103702,2025,projected,,,,,,,,,,,,,,,,,,,,,,,,,,,,,
5103702,2025,actual,,,,,,,,,,,,,,,,,,,,,,,,,,,,,
5103702,2026,projected,,,,,,,,,,,,,,,,,,,,,,,,,,,,,
5103702,2026,actual,9.0,0.0,0.0,6.0,0.0,0.0,0.0,0.0,1.0,6.0,0.0,0.0,0.0,937.0,0.0,0.0,0.0,2.0,5622.0,10.0,0.0,0.0,0.0,117.0,0.0,,,8.85,1.47
5103702,2027,projected,,,,,,,,,,,,,,,,,,,,,,,,,,,,,
5103702,2027,actual,,,,,,,,,,,,,,,,,,,,,,,,,,,,,
5103725,2023,projected,,,,,,,,,,,,,,,,,,,,,,,,,,,,,
5103725,2023,actual,,,,,,,,,,,,,,,,,,,,,,,,,,,,,
5103725,2024,projected,,,,,,,,,,,,,,,,,,,,,,,,,,,,,
5103725,2024,actual,,,,,,,,,,,,,,,,,,,,,,,,,,,,,
5103725,2025,projected,,,,,,,,,,,,,,,,,,,,,,,,,,,,,
5103725,2025,actual,,,,,,,,,,,,,,,,,,,,,,,,,,,,,
5103725,2026,projected,,,,,,,,,,,,,,,,,,,,,,,,,,,,,
5103725,2026,actual,0.0,0.0,0.0,5.0,0.0,0.0,0.0,0.0,3.0,1.0,0.0,0.0,0.0,911.0,1.0,0.0,0.0,4.0,911.0,1.0,1.0,0.0,0.0,27.0,1.0,,,6.0,6.0
5103725,2027,projected,,,,,,,,,,,,,,,,,,,,,,,,,,,,,
5103725,2027,actual,,,,,,,,,,,,,,,,,,,,,,,,,,,,,
5103825,2023,projected,,,,,,,,,,,,,,,,,,,,,,,,,,,,,
5103825,2023,actual,,,,,,,,,,,,,,,,,,,,,,,,,,,,,
5103825,2024,projected,,,,,,,,,,,,,,,,,,,,,,,,,,,,,
5103825,2024,actual,0.0,0.0,0.0,1.0,0.0,0.0,0.0,0.0,1.0,1.0,0.0,0.0,0.0,687.0,0.0,0.0,0.0,0.0,687.0,2.0,0.0,0.0,0.0,20.0,0.0,,,1.1,1.1
5103825,2025,projected,,,,,,,,,,,,,,,,,,,,,,,,,,,,,
5103825,2025,actual,3.0,0.0,0.0,1.0,0.0,0.0,0.0,0.0,2.0,3.0,0.0,0.0,1.0,780.33,1.0,0.0,0.0,0.0,2341.0,2.0,0.0,0.0,0.0,57.0,1.0,,,5.85,1.95
5103825,2026,projected,,,,,,,,,,,,,,,,,,,,,,,,,,,,,
5103825,2026,actual,33.0,0.0,0.0,51.0,0.0,0.0,0.0,0.0,5.0,42.0,0.0,0.0,1.0,886.69,3.0,0.0,0.0,40.0,37241.0,38.0,2.0,0.0,0.0,802.0,3.0,,,62.35,1.48
5103825,2027,projected,,,,,,,,,,,,,,,,,,,,,,,,,,,,,
5103825,2027,actual,,,,,,,,,,,,,,,,,,,,,,,,,,,,,
5104209,2023,projected,,,,,,,,,,,,,,,,,,,,,,,,,,,,,
5104209,2023,actual,,,,,,,,,,,,,,,,,,,,,,,,,,,,,
5104209,2024,projected,,,,,,,,,,,,,,,,,,,,,,,,,,,,,
5104209,2024,actual,,,,,,,,,,,,,,,,,,,,,,,,,,,,,
5104209,2025,projected,,,,,,,,,,,,,,,,,,,,,,,,,,,,,
5104209,2025,actual,,,,,,,,,,,,,,,,,,,,,,,,,,,,,
5104209,2026,projected,,,,,,,,,,,,,,,,,,,,,,,,,,,,,
5104209,2026,actual,0.0,0.0,0.0,2.0,0.0,0.0,0.0,0.0,0.0,4.0,0.0,0.0,0.0,721.25,0.0,0.0,0.0,2.0,2885.0,1.0,0.0,0.0,0.0,69.0,0.0,,,1.7,0.42
5104209,2027,projected,,,,,,,,,,,,,,,,,,,,,,,,,,,,,
5104209,2027,actual,,,,,,,,,,,,,,,,,,,,,,,,,,,,,
5104231,2023,projected,,,,,,,,,,,,,,,,,,,,,,,,,,,,,
5104231,2023,actual,,,,,,,,,,,,,,,,,,,,,,,,,,,,,
5104231,2024,projected,,,,,,,,,,,,,,,,,,,,,,,,,,,,,
5104231,2024,actual,,,,,,,,,,,,,,,,,,,,,,,,,,,,,
5104231,2025,projected,,,,,,,,,,,,,,,,,,,,,,,,,,,,,
5104231,2025,actual,,,,,,,,,,,,,,,,,,,,,,,,,,,,,
5104231,2026,projected,,,,,,,,,,,,,,,,,,,,,,,,,,,,,
5104231,2026,actual,42.0,0.0,0.0,10.0,0.0,0.0,0.0,0.0,6.0,37.0,0.0,0.0,1.0,916.05,10.0,0.0,0.0,6.0,33894.0,22.0,9.0,0.0,0.0,812.0,10.0,,,56.5,1.53
5104231,2027,projected,,,,,,,,,,,,,,,,,,,,,,,,,,,,,
5104231,2027,actual,,,,,,,,,,,,,,,,,,,,,,,,,,,,,
5104716,2023,projected,,,,,,,,,,,,,,,,,,,,,,,,,,,,,
5104716,2023,actual,,,,,,,,,,,,,,,,,,,,,,,,,,,,,
5104716,2024,projected,,,,,,,,,,,,,,,,,,,,,,,,,,,,,
5104716,2024,actual,13.0,0.0,0.0,15.0,0.0,0.0,0.0,0.0,-2.0,13.0,0.0,0.0,0.0,776.08,2.0,0.0,0.0,7.0,10089.0,11.0,2.0,0.0,0.0,228.0,2.0,,,19.75,1.52
5104716,2025,projected,,,,,,,,,,,,,,,,,,,,,,,,,,,,,
5104716,2025,actual,8.0,0.0,0.0,11.0,0.0,0.0,0.0,0.0,0.0,5.0,0.0,0.0,0.0,1001.4,0.0,0.0,0.0,0.0,5007.0,6.0,0.0,0.0,0.0,101.0,0.0,,,6.1,1.22
5104716,2026,projected,,,,,,,,,,,,,,,,,,,,,,,,,,,,,
5104716,2026,actual,46.0,0.0,0.0,40.0,1.0,0.0,1.0,0.0,7.0,35.0,0.0,1.0,1.0,960.69,10.0,1.0,0.0,40.0,33624.0,31.0,9.0,0.0,0.0,692.0,10.0,,,83.0,2.37
5104716,2027,projected,,,,,,,,,,,,,,,,,,,,,,,,,,,,,
5104716,2027,actual,,,,,,,,,,,,,,,,,,,,,,,,,,,,,
5136696,2023,projected,,,,,,,,,,,,,,,,,,,,,,,,,,,,,
5136696,2023,actual,6.0,0.0,0.0,5.0,0.0,0.0,0.0,0.0,0.0,5.0,0.0,0.0,1.0,852.8,1.0,0.0,0.0,0.0,4264.0,6.0,0.0,0.0,0.0,95.0,1.0,,,9.0,1.8
5136696,2024,projected,,,,,,,,,,,,,,,,,,,,,,,,,,,,,
5136696,2024,actual,1.0,0.0,0.0,0.0,0.0,0.0,0.0,0.0,0.0,1.0,0.0,0.0,0.0,545.0,0.0,0.0,0.0,0.0,545.0,0.0,0.0,0.0,0.0,12.0,0.0,,,0.25,0.25
5136696,2025,projected,,,,,,,,,,,,,,,,,,,,,,,,,,,,,
5136696,2025,actual,,,,,,,,,,,,,,,,,,,,,,,,,,,,,
5136696,2026,projected,,,,,,,,,,,,,,,,,,,,,,,,,,,,,
5136696,2026,actual,1.0,0.0,0.0,4.0,0.0,0.0,0.0,0.0,1.0,3.0,0.0,0.0,0.0,824.0,0.0,0.0,0.0,0.0,2472.0,5.0,0.0,0.0,0.0,47.0,0.0,,,3.15,1.05
5136696,2027,projected,,,,,,,,,,,,,,,,,,,,,,,,,,,,,
5136696,2027,actual,,,,,,,,,,,,,,,,,,,,,,,,,,,,,
5136735,2023,projected,,,,,,,,,,,,,,,,,,,,,,,,,,,,,
5136735,2023,actual,,,,,,,,,,,,,,,,,,,,,,,,,,,,,
5136735,2024,projected,,,,,,,,,,,,,,,,,,,,,,,,,,,,,
5136735,2024,actual,31.0,2.0,0.0,13.0,2.0,0.0,0.0,1.0,3.0,23.0,1.0,0.0,3.0,853.52,10.0,1.0,1.0,6.0,19631.0,22.0,7.0,1.0,0.0,416.0,10.0,,,58.55,2.55
5136735,2025,projected,,,,,,,,,,,,,,,,,,,,,,,,,,,,,
5136735,2025,actual,115.0,1.0,0.0,57.0,1.0,0.0,0.0,0.0,8.0,76.0,0.0,0.0,5.0,957.25,15.0,1.0,1.0,16.0,72751.0,107.0,10.0,0.0,0.0,1575.0,15.0,,,146.45,1.93
5136735,2026,projected,,,,,,,,,,,,,,,,,,,,,,,,,,,,,
5136735,2026,actual,164.0,1.0,0.0,46.0,1.0,0.0,0.0,1.0,43.0,82.0,0.0,0.0,8.0,1056.98,40.0,1.0,1.0,22.0,86672.0,95.0,32.0,0.0,0.0,1789.0,40.0,,,233.6,2.85
5136735,2027,projected,142.0,1.0,,44.0,1.0,,,,34.0,77.0,,,7.0,1001.78,36.0,1.0,1.0,19.0,77137.06,90.0,29.0,,,,36.0,,,209.9,2.73
5136735,2027,actual,,,,,,,,,,,,,,,,,,,,,,,,,,,,,
5142461,2023,projected,,,,,,,,,,,,,,,,,,,,,,,,,,,,,
5142461,2023,actual,,,,,,,,,,,,,,,,,,,,,,,,,,,,,
5142461,2024,projected,,,,,,,,,,,,,,,,,,,,,,,,,,,,,
5142461,2024,actual,22.0,0.0,0.0,27.0,0.0,0.0,0.0,0.0,0.0,26.0,0.0,0.0,1.0,846.08,3.0,0.0,0.0,8.0,21998.0,15.0,2.0,0.0,0.0,500.0,3.0,,,29.7,1.14
5142461,2025,projected,,,,,,,,,,,,,,,,,,,,,,,,,,,,,
5142461,2025,actual,92.0,4.0,0.0,83.0,4.0,2.0,0.0,0.0,-7.0,76.0,0.0,0.0,4.0,891.16,18.0,4.0,4.0,27.0,67728.0,55.0,14.0,0.0,0.0,1568.0,18.0,,,132.3,1.74
5142461,2026,projected,,,,,,,,,,,,,,,,,,,,,,,,,,,,,
5142461,2026,actual,66.0,6.0,0.0,71.0,6.0,0.0,0.0,1.0,-13.0,54.0,3.0,0.0,5.0,982.28,15.0,3.0,3.0,30.0,53043.0,42.0,10.0,3.0,0.0,1136.0,15.0,,,115.1,2.13
5142461,2027,projected,,,,,,,,,,,,,,,,,,,,,,,,,,,,,
5142461,2027,actual,,,,,,,,,,,,,,,,,,,,,,,,,,,,,
5146599,2023,projected,,,,,,,,,,,,,,,,,,,,,,,,,,,,,
5146599,2023,actual,,,,,,,,,,,,,,,,,,,,,,,,,,,,,
5146599,2024,projected,,,,,,,,,,,,,,,,,,,,,,,,,,,,,
5146599,2024,actual,31.0,0.0,0.0,97.0,0.0,0.0,0.0,0.0,-15.0,37.0,0.0,0.0,0.0,972.27,5.0,0.0,0.0,16.0,35974.0,48.0,5.0,0.0,0.0,795.0,5.0,,,64.45,1.74
5146599,2025,projected,,,,,,,,,,,,,,,,,,,,,,,,,,,,,
5146599,2025,actual,46.0,0.0,0.0,114.0,1.0,0.0,1.0,1.0,-1.0,76.0,0.0,1.0,1.0,916.91,19.0,1.0,0.0,105.0,69685.0,61.0,18.0,0.0,0.0,1540.0,19.0,,,165.9,2.18
5146599,2026,projected,,,,,,,,,,,,,,,,,,,,,,,,,,,,,
5146599,2026,actual,43.0,0.0,0.0,96.0,0.0,0.0,0.0,2.0,15.0,50.0,0.0,0.0,4.0,1038.48,12.0,0.0,0.0,61.0,51924.0,45.0,8.0,0.0,0.0,1124.0,12.0,,,115.35,2.31
5146599,2027,projected,,,,,,,,,,,,,,,,,,,,,,,,,,,,,
5146599,2027,actual,,,,,,,,,,,,,,,,,,,,,,,,,,,,,
5149157,2023,projected,,,,,,,,,,,,,,,,,,,,,,,,,,,,,
5149157,2023,actual,,,,,,,,,,,,,,,,,,,,,,,,,,,,,
5149157,2024,projected,,,,,,,,,,,,,,,,,,,,,,,,,,,,,
5149157,2024,actual,,,,,,,,,,,,,,,,,,,,,,,,,,,,,
5149157,2025,projected,,,,,,,,,,,,,,,,,,,,,,,,,,,,,
5149157,2025,actual,,,,,,,,,,,,,,,,,,,,,,,,,,,,,
5149157,2026,projected,,,,,,,,,,,,,,,,,,,,,,,,,,,,,
5149157,2026,actual,3.0,0.0,0.0,1.0,0.0,0.0,0.0,0.0,0.0,2.0,0.0,0.0,0.0,788.5,1.0,0.0,0.0,0.0,1577.0,2.0,1.0,0.0,0.0,36.0,1.0,,,4.85,2.42
5149157,2027,projected,,,,,,,,,,,,,,,,,,,,,,,,,,,,,
5149157,2027,actual,,,,,,,,,,,,,,,,,,,,,,,,,,,,,
5149158,2023,projected,,,,,,,,,,,,,,,,,,,,,,,,,,,,,
5149158,2023,actual,,,,,,,,,,,,,,,,,,,,,,,,,,,,,
5149158,2024,projected,,,,,,,,,,,,,,,,,,,,,,,,,,,,,
5149158,2024,actual,,,,,,,,,,,,,,,,,,,,,,,,,,,,,
5149158,2025,projected,,,,,,,,,,,,,,,,,,,,,,,,,,,,,
5149158,2025,actual,,,,,,,,,,,,,,,,,,,,,,,,,,,,,
5149158,2026,projected,,,,,,,,,,,,,,,,,,,,,,,,,,,,,
5149158,2026,actual,26.0,0.0,0.0,14.0,0.0,0.0,0.0,0.0,-11.0,28.0,0.0,0.0,0.0,906.46,1.0,0.0,0.0,23.0,25381.0,28.0,1.0,0.0,0.0,570.0,1.0,,,36.4,1.3
5149158,2027,projected,,,,,,,,,,,,,,,,,,,,,,,,,,,,,
5149158,2027,actual,,,,,,,,,,,,,,,,,,,,,,,,,,,,,
5149180,2023,projected,,,,,,,,,,,,,,,,,,,,,,,,,,,,,
5149180,2023,actual,,,,,,,,,,,,,,,,,,,,,,,,,,,,,
5149180,2024,projected,,,,,,,,,,,,,,,,,,,,,,,,,,,,,
5149180,2024,actual,,,,,,,,,,,,,,,,,,,,,,,,,,,,,
5149180,2025,projected,,,,,,,,,,,,,,,,,,,,,,,,,,,,,
5149180,2025,actual,,,,,,,,,,,,,,,,,,,,,,,,,,,,,
5149180,2026,projected,,,,,,,,,,,,,,,,,,,,,,,,,,,,,
5149180,2026,actual,59.0,3.0,0.0,35.0,3.0,0.0,0.0,0.0,-23.0,70.0,0.0,0.0,5.0,1019.37,21.0,3.0,3.0,28.0,71356.0,78.0,16.0,0.0,0.0,1551.0,21.0,,,140.75,2.01
5149180,2027,projected,,,,,,,,,,,,,,,,,,,,,,,,,,,,,
5149180,2027,actual,,,,,,,,,,,,,,,,,,,,,,,,,,,,,
5149192,2023,projected,,,,,,,,,,,,,,,,,,,,,,,,,,,,,
5149192,2023,actual,,,,,,,,,,,,,,,,,,,,,,,,,,,,,
5149192,2024,projected,,,,,,,,,,,,,,,,,,,,,,,,,,,,,
5149192,2024,actual,,,,,,,,,,,,,,,,,,,,,,,,,,,,,
5149192,2025,projected,,,,,,,,,,,,,,,,,,,,,,,,,,,,,
5149192,2025,actual,,,,,,,,,,,,,,,,,,,,,,,,,,,,,
5149192,2026,projected,,,,,,,,,,,,,,,,,,,,,,,,,,,,,
5149192,2026,actual,68.0,7.0,0.0,17.0,7.0,0.0,0.0,1.0,-20.0,68.0,1.0,0.0,7.0,972.65,21.0,6.0,6.0,18.0,66140.0,54.0,14.0,1.0,0.0,1390.0,21.0,,,129.7,1.91
5149192,2027,projected,,,,,,,,,,,,,,,,,,,,,,,,,,,,,
5149192,2027,actual,,,,,,,,,,,,,,,,,,,,,,,,,,,,,
5149199,2023,projected,,,,,,,,,,,,,,,,,,,,,,,,,,,,,
5149199,2023,actual,,,,,,,,,,,,,,,,,,,,,,,,,,,,,
5149199,2024,projected,,,,,,,,,,,,,,,,,,,,,,,,,,,,,
5149199,2024,actual,,,,,,,,,,,,,,,,,,,,,,,,,,,,,
5149199,2025,projected,,,,,,,,,,,,,,,,,,,,,,,,,,,,,
5149199,2025,actual,,,,,,,,,,,,,,,,,,,,,,,,,,,,,
5149199,2026,projected,,,,,,,,,,,,,,,,,,,,,,,,,,,,,
5149199,2026,actual,1.0,0.0,0.0,2.0,0.0,0.0,0.0,0.0,1.0,1.0,0.0,0.0,1.0,988.0,2.0,0.0,0.0,0.0,988.0,0.0,1.0,0.0,0.0,27.0,2.0,,,7.45,7.45
5149199,2027,projected,,,,,,,,,,,,,,,,,,,,,,,,,,,,,
5149199,2027,actual,,,,,,,,,,,,,,,,,,,,,,,,,,,,,
5149212,2023,projected,,,,,,,,,,,,,,,,,,,,,,,,,,,,,
5149212,2023,actual,,,,,,,,,,,,,,,,,,,,,,,,,,,,,
5149212,2024,projected,,,,,,,,,,,,,,,,,,,,,,,,,,,,,
5149212,2024,actual,,,,,,,,,,,,,,,,,,,,,,,,,,,,,
5149212,2025,projected,,,,,,,,,,,,,,,,,,,,,,,,,,,,,
5149212,2025,actual,,,,,,,,,,,,,,,,,,,,,,,,,,,,,
5149212,2026,projected,,,,,,,,,,,,,,,,,,,,,,,,,,,,,
5149212,2026,actual,20.0,0.0,0.0,8.0,0.0,0.0,0.0,1.0,6.0,17.0,0.0,0.0,2.0,945.65,4.0,0.0,0.0,6.0,16076.0,14.0,2.0,0.0,0.0,364.0,4.0,,,30.8,1.81
5149212,2027,projected,,,,,,,,,,,,,,,,,,,,,,,,,,,,,
5149212,2027,actual,,,,,,,,,,,,,,,,,,,,,,,,,,,,,
5171570,2023,projected,,,,,,,,,,,,,,,,,,,,,,,,,,,,,
5171570,2023,actual,,,,,,,,,,,,,,,,,,,,,,,,,,,,,
5171570,2024,projected,,,,,,,,,,,,,,,,,,,,,,,,,,,,,
5171570,2024,actual,,,,,,,,,,,,,,,,,,,,,,,,,,,,,
5171570,2025,projected,,,,,,,,,,,,,,,,,,,,,,,,,,,,,
5171570,2025,actual,26.0,0.0,0.0,14.0,0.0,0.0,0.0,1.0,-3.0,33.0,0.0,0.0,1.0,938.79,5.0,0.0,0.0,6.0,30980.0,34.0,4.0,0.0,0.0,691.0,5.0,,,44.9,1.36
5171570,2026,projected,,,,,,,,,,,,,,,,,,,,,,,,,,,,,
5171570,2026,actual,2.0,0.0,0.0,1.0,0.0,0.0,0.0,0.0,1.0,4.0,0.0,0.0,0.0,802.25,1.0,0.0,0.0,0.0,3209.0,3.0,1.0,0.0,0.0,74.0,1.0,,,5.1,1.27
5171570,2027,projected,,,,,,,,,,,,,,,,,,,,,,,,,,,,,
5171570,2027,actual,,,,,,,,,,,,,,,,,,,,,,,,,,,,,
5173614,2023,projected,,,,,,,,,,,,,,,,,,,,,,,,,,,,,
5173614,2023,actual,,,,,,,,,,,,,,,,,,,,,,,,,,,,,
5173614,2024,projected,,,,,,,,,,,,,,,,,,,,,,,,,,,,,
5173614,2024,actual,,,,,,,,,,,,,,,,,,,,,,,,,,,,,
5173614,2025,projected,,,,,,,,,,,,,,,,,,,,,,,,,,,,,
5173614,2025,actual,,,,,,,,,,,,,,,,,,,,,,,,,,,,,
5173614,2026,projected,,,,,,,,,,,,,,,,,,,,,,,,,,,,,
5173614,2026,actual,4.0,0.0,0.0,13.0,0.0,0.0,0.0,0.0,0.0,9.0,0.0,0.0,1.0,692.22,1.0,0.0,0.0,6.0,6230.0,6.0,0.0,0.0,0.0,144.0,1.0,,,12.3,1.37
5173614,2027,projected,,,,,,,,,,,,,,,,,,,,,,,,,,,,,
5173614,2027,actual,,,,,,,,,,,,,,,,,,,,,,,,,,,,,
5174232,2023,projected,,,,,,,,,,,,,,,,,,,,,,,,,,,,,
5174232,2023,actual,,,,,,,,,,,,,,,,,,,,,,,,,,,,,
5174232,2024,projected,,,,,,,,,,,,,,,,,,,,,,,,,,,,,
5174232,2024,actual,2.0,0.0,0.0,2.0,0.0,0.0,0.0,0.0,1.0,4.0,0.0,0.0,0.0,420.25,0.0,0.0,0.0,0.0,1681.0,2.0,0.0,0.0,0.0,45.0,0.0,,,1.7,0.42
5174232,2025,projected,,,,,,,,,,,,,,,,,,,,,,,,,,,,,
5174232,2025,actual,43.0,0.0,0.0,25.0,0.0,0.0,0.0,0.0,-2.0,41.0,0.0,0.0,1.0,756.59,4.0,0.0,0.0,20.0,31020.0,29.0,3.0,0.0,0.0,811.0,4.0,,,50.75,1.24
5174232,2026,projected,,,,,,,,,,,,,,,,,,,,,,,,,,,,,
5174232,2026,actual,37.0,0.0,0.0,49.0,1.0,0.0,1.0,0.0,-1.0,50.0,0.0,1.0,0.0,937.64,5.0,1.0,0.0,16.0,46882.0,55.0,5.0,0.0,0.0,1165.0,5.0,,,65.65,1.31
5174232,2027,projected,,,,,,,,,,,,,,,,,,,,,,,,,,,,,
5174232,2027,actual,,,,,,,,,,,,,,,,,,,,,,,,,,,,,
5188334,2023,projected,,,,,,,,,,,,,,,,,,,,,,,,,,,,,
5188334,2023,actual,,,,,,,,,,,,,,,,,,,,,,,,,,,,,
5188334,2024,projected,,,,,,,,,,,,,,,,,,,,,,,,,,,,,
5188334,2024,actual,,,,,,,,,,,,,,,,,,,,,,,,,,,,,
5188334,2025,projected,,,,,,,,,,,,,,,,,,,,,,,,,,,,,
5188334,2025,actual,27.0,1.0,0.0,38.0,1.0,0.0,0.0,0.0,-9.0,31.0,1.0,0.0,2.0,918.32,8.0,0.0,0.0,10.0,28468.0,41.0,6.0,1.0,0.0,596.0,8.0,,,63.05,2.03
5188334,2026,projected,,,,,,,,,,,,,,,,,,,,,,,,,,,,,
5188334,2026,actual,14.0,0.0,0.0,28.0,0.0,0.0,0.0,0.0,-12.0,24.0,0.0,0.0,0.0,824.08,3.0,0.0,0.0,7.0,19778.0,26.0,3.0,0.0,0.0,412.0,3.0,,,31.8,1.32
5188334,2027,projected,,,,,,,,,,,,,,,,,,,,,,,,,,,,,
5188334,2027,actual,,,,,,,,,,,,,,,,,,,,,,,,,,,,,
5188369,2023,projected,,,,,,,,,,,,,,,,,,,,,,,,,,,,,
5188369,2023,actual,,,,,,,,,,,,,,,,,,,,,,,,,,,,,
5188369,2024,projected,,,,,,,,,,,,,,,,,,,,,,,,,,,,,
5188369,2024,actual,,,,,,,,,,,,,,,,,,,,,,,,,,,,,
5188369,2025,projected,,,,,,,,,,,,,,,,,,,,,,,,,,,,,
5188369,2025,actual,,,,,,,,,,,,,,,,,,,,,,,,,,,,,
5188369,2026,projected,,,,,,,,,,,,,,,,,,,,,,,,,,,,,
5188369,2026,actual,1.0,0.0,0.0,5.0,0.0,0.0,0.0,0.0,1.0,3.0,0.0,0.0,0.0,900.33,0.0,0.0,0.0,0.0,2701.0,2.0,0.0,0.0,0.0,62.0,0.0,,,1.75,0.58
5188369,2027,projected,,,,,,,,,,,,,,,,,,,,,,,,,,,,,
5188369,2027,actual,,,,,,,,,,,,,,,,,,,,,,,,,,,,,
5188393,2023,projected,,,,,,,,,,,,,,,,,,,,,,,,,,,,,
5188393,2023,actual,,,,,,,,,,,,,,,,,,,,,,,,,,,,,
5188393,2024,projected,,,,,,,,,,,,,,,,,,,,,,,,,,,,,
5188393,2024,actual,,,,,,,,,,,,,,,,,,,,,,,,,,,,,
5188393,2025,projected,,,,,,,,,,,,,,,,,,,,,,,,,,,,,
5188393,2025,actual,,,,,,,,,,,,,,,,,,,,,,,,,,,,,
5188393,2026,projected,,,,,,,,,,,,,,,,,,,,,,,,,,,,,
5188393,2026,actual,122.0,10.0,1.0,132.0,11.0,0.0,0.0,1.0,18.0,81.0,4.0,1.0,11.0,1091.06,33.0,6.0,6.0,33.0,88376.0,94.0,22.0,5.0,0.0,1821.0,33.0,,,227.2,2.8
5188393,2027,projected,124.0,10.0,1.0,141.0,12.0,,1.0,,18.0,83.0,4.0,2.0,11.0,1038.95,34.0,7.0,6.0,35.0,86232.85,92.0,23.0,5.0,,,34.0,,,231.6,2.79
5188393,2027,actual,,,,,,,,,,,,,,,,,,,,,,,,,,,,,
5188394,2023,projected,,,,,,,,,,,,,,,,,,,,,,,,,,,,,
5188394,2023,actual,,,,,,,,,,,,,,,,,,,,,,,,,,,,,
5188394,2024,projected,,,,,,,,,,,,,,,,,,,,,,,,,,,,,
5188394,2024,actual,,,,,,,,,,,,,,,,,,,,,,,,,,,,,
5188394,2025,projected,,,,,,,,,,,,,,,,,,,,,,,,,,,,,
5188394,2025,actual,,,,,,,,,,,,,,,,,,,,,,,,,,,,,
5188394,2026,projected,,,,,,,,,,,,,,,,,,,,,,,,,,,,,
5188394,2026,actual,3.0,0.0,0.0,6.0,0.0,0.0,0.0,0.0,4.0,9.0,0.0,0.0,0.0,890.56,2.0,0.0,0.0,4.0,8015.0,7.0,2.0,0.0,0.0,163.0,2.0,,,12.85,1.43
5188394,2027,projected,,,,,,,,,,,,,,,,,,,,,,,,,,,,,
5188394,2027,actual,,,,,,,,,,,,,,,,,,,,,,,,,,,,,
5188450,2023,projected,,,,,,,,,,,,,,,,,,,,,,,,,,,,,
5188450,2023,actual,,,,,,,,,,,,,,,,,,,,,,,,,,,,,
5188450,2024,projected,,,,,,,,,,,,,,,,,,,,,,,,,,,,,
5188450,2024,actual,,,,,,,,,,,,,,,,,,,,,,,,,,,,,
5188450,2025,projected,,,,,,,,,,,,,,,,,,,,,,,,,,,,,
5188450,2025,actual,,,,,,,,,,,,,,,,,,,,,,,,,,,,,
5188450,2026,projected,,,,,,,,,,,,,,,,,,,,,,,,,,,,,
5188450,2026,actual,11.0,0.0,0.0,7.0,0.0,0.0,0.0,0.0,2.0,15.0,0.0,0.0,0.0,783.13,1.0,0.0,0.0,8.0,11747.0,8.0,1.0,0.0,0.0,253.0,1.0,,,14.45,0.96
5188450,2027,projected,,,,,,,,,,,,,,,,,,,,,,,,,,,,,
5188450,2027,actual,,,,,,,,,,,,,,,,,,,,,,,,,,,,,
5188462,2023,projected,,,,,,,,,,,,,,,,,,,,,,,,,,,,,
5188462,2023,actual,,,,,,,,,,,,,,,,,,,,,,,,,,,,,
5188462,2024,projected,,,,,,,,,,,,,,,,,,,,,,,,,,,,,
5188462,2024,actual,,,,,,,,,,,,,,,,,,,,,,,,,,,,,
5188462,2025,projected,,,,,,,,,,,,,,,,,,,,,,,,,,,,,
5188462,2025,actual,,,,,,,,,,,,,,,,,,,,,,,,,,,,,
5188462,2026,projected,,,,,,,,,,,,,,,,,,,,,,,,,,,,,
5188462,2026,actual,12.0,0.0,0.0,13.0,0.0,0.0,0.0,0.0,5.0,12.0,0.0,0.0,1.0,857.67,2.0,0.0,0.0,15.0,10292.0,10.0,1.0,0.0,0.0,245.0,2.0,,,23.8,1.98
5188462,2027,projected,,,,,,,,,,,,,,,,,,,,,,,,,,,,,
5188462,2027,actual,,,,,,,,,,,,,,,,,,,,,,,,,,,,,
5188478,2023,projected,,,,,,,,,,,,,,,,,,,,,,,,,,,,,
5188478,2023,actual,,,,,,,,,,,,,,,,,,,,,,,,,,,,,
5188478,2024,projected,,,,,,,,,,,,,,,,,,,,,,,,,,,,,
5188478,2024,actual,,,,,,,,,,,,,,,,,,,,,,,,,,,,,
5188478,2025,projected,,,,,,,,,,,,,,,,,,,,,,,,,,,,,
5188478,2025,actual,,,,,,,,,,,,,,,,,,,,,,,,,,,,,
5188478,2026,projected,,,,,,,,,,,,,,,,,,,,,,,,,,,,,
5188478,2026,actual,3.0,1.0,0.0,0.0,1.0,0.0,0.0,0.0,2.0,4.0,0.0,0.0,0.0,1036.25,1.0,1.0,1.0,0.0,4145.0,5.0,1.0,0.0,0.0,89.0,1.0,,,6.75,1.69
5188478,2027,projected,,,,,,,,,,,,,,,,,,,,,,,,,,,,,
5188478,2027,actual,,,,,,,,,,,,,,,,,,,,,,,,,,,,,
5188493,2023,projected,,,,,,,,,,,,,,,,,,,,,,,,,,,,,
5188493,2023,actual,,,,,,,,,,,,,,,,,,,,,,,,,,,,,
5188493,2024,projected,,,,,,,,,,,,,,,,,,,,,,,,,,,,,
5188493,2024,actual,,,,,,,,,,,,,,,,,,,,,,,,,,,,,
5188493,2025,projected,,,,,,,,,,,,,,,,,,,,,,,,,,,,,
5188493,2025,actual,0.0,0.0,0.0,1.0,0.0,0.0,0.0,0.0,0.0,1.0,0.0,0.0,0.0,937.0,0.0,0.0,0.0,0.0,937.0,0.0,0.0,0.0,0.0,20.0,0.0,,,0.1,0.1
5188493,2026,projected,,,,,,,,,,,,,,,,,,,,,,,,,,,,,
5188493,2026,actual,11.0,2.0,0.0,10.0,2.0,0.0,0.0,1.0,0.0,18.0,0.0,0.0,2.0,833.0,11.0,2.0,2.0,6.0,14994.0,13.0,9.0,0.0,0.0,309.0,11.0,,,50.25,2.79
5188493,2027,projected,,,,,,,,,,,,,,,,,,,,,,,,,,,,,
5188493,2027,actual,,,,,,,,,,,,,,,,,,,,,,,,,,,,,
5188523,2023,projected,,,,,,,,,,,,,,,,,,,,,,,,,,,,,
5188523,2023,actual,,,,,,,,,,,,,,,,,,,,,,,,,,,,,
5188523,2024,projected,,,,,,,,,,,,,,,,,,,,,,,,,,,,,
5188523,2024,actual,,,,,,,,,,,,,,,,,,,,,,,,,,,,,
5188523,2025,projected,,,,,,,,,,,,,,,,,,,,,,,,,,,,,
5188523,2025,actual,4.0,0.0,0.0,1.0,0.0,0.0,0.0,0.0,1.0,3.0,0.0,0.0,0.0,818.33,1.0,0.0,0.0,0.0,2455.0,1.0,1.0,0.0,0.0,52.0,1.0,,,4.6,1.53
5188523,2026,projected,,,,,,,,,,,,,,,,,,,,,,,,,,,,,
5188523,2026,actual,66.0,0.0,0.0,42.0,1.0,2.0,1.0,1.0,-14.0,67.0,0.0,1.0,4.0,820.06,12.0,1.0,0.0,24.0,54944.0,80.0,8.0,0.0,0.0,1315.0,12.0,,,114.7,1.71
5188523,2027,projected,,,,,,,,,,,,,,,,,,,,,,,,,,,,,
5188523,2027,actual,,,,,,,,,,,,,,,,,,,,,,,,,,,,,
5188544,2023,projected,,,,,,,,,,,,,,,,,,,,,,,,,,,,,
5188544,2023,actual,,,,,,,,,,,,,,,,,,,,,,,,,,,,,
5188544,2024,projected,,,,,,,,,,,,,,,,,,,,,,,,,,,,,
5188544,2024,actual,,,,,,,,,,,,,,,,,,,,,,,,,,,,,
5188544,2025,projected,,,,,,,,,,,,,,,,,,,,,,,,,,,,,
5188544,2025,actual,2.0,0.0,0.0,0.0,0.0,0.0,0.0,0.0,1.0,2.0,0.0,0.0,0.0,848.0,0.0,0.0,0.0,0.0,1696.0,5.0,0.0,0.0,0.0,34.0,0.0,,,3.0,1.5
5188544,2026,projected,,,,,,,,,,,,,,,,,,,,,,,,,,,,,
5188544,2026,actual,4.0,0.0,0.0,1.0,0.0,0.0,0.0,0.0,2.0,3.0,0.0,0.0,0.0,938.0,2.0,0.0,0.0,0.0,2814.0,1.0,2.0,0.0,0.0,60.0,2.0,,,7.6,2.53
5188544,2027,projected,,,,,,,,,,,,,,,,,,,,,,,,,,,,,
5188544,2027,actual,,,,,,,,,,,,,,,,,,,,,,,,,,,,,
5188554,2023,projected,,,,,,,,,,,,,,,,,,,,,,,,,,,,,
5188554,2023,actual,,,,,,,,,,,,,,,,,,,,,,,,,,,,,
5188554,2024,projected,,,,,,,,,,,,,,,,,,,,,,,,,,,,,
5188554,2024,actual,,,,,,,,,,,,,,,,,,,,,,,,,,,,,
5188554,2025,projected,,,,,,,,,,,,,,,,,,,,,,,,,,,,,
5188554,2025,actual,,,,,,,,,,,,,,,,,,,,,,,,,,,,,
5188554,2026,projected,,,,,,,,,,,,,,,,,,,,,,,,,,,,,
5188554,2026,actual,33.0,1.0,0.0,24.0,1.0,0.0,0.0,0.0,0.0,34.0,0.0,0.0,2.0,969.59,7.0,1.0,1.0,4.0,32966.0,23.0,5.0,0.0,0.0,739.0,7.0,,,47.65,1.4
5188554,2027,projected,,,,,,,,,,,,,,,,,,,,,,,,,,,,,
5188554,2027,actual,,,,,,,,,,,,,,,,,,,,,,,,,,,,,
5188591,2023,projected,,,,,,,,,,,,,,,,,,,,,,,,,,,,,
5188591,2023,actual,,,,,,,,,,,,,,,,,,,,,,,,,,,,,
5188591,2024,projected,,,,,,,,,,,,,,,,,,,,,,,,,,,,,
5188591,2024,actual,,,,,,,,,,,,,,,,,,,,,,,,,,,,,
5188591,2025,projected,,,,,,,,,,,,,,,,,,,,,,,,,,,,,
5188591,2025,actual,7.0,1.0,0.0,1.0,1.0,0.0,0.0,0.0,-4.0,6.0,0.0,0.0,0.0,1058.5,2.0,1.0,1.0,8.0,6351.0,9.0,2.0,0.0,0.0,118.0,2.0,,,16.85,2.81
5188591,2026,projected,,,,,,,,,,,,,,,,,,,,,,,,,,,,,
5188591,2026,actual,4.0,0.0,0.0,5.0,0.0,0.0,0.0,0.0,0.0,3.0,0.0,0.0,0.0,1081.67,0.0,0.0,0.0,2.0,3245.0,3.0,0.0,0.0,0.0,57.0,0.0,,,4.0,1.33
5188591,2027,projected,,,,,,,,,,,,,,,,,,,,,,,,,,,,,
5188591,2027,actual,,,,,,,,,,,,,,,,,,,,,,,,,,,,,
5206630,2023,projected,,,,,,,,,,,,,,,,,,,,,,,,,,,,,
5206630,2023,actual,,,,,,,,,,,,,,,,,,,,,,,,,,,,,
5206630,2024,projected,,,,,,,,,,,,,,,,,,,,,,,,,,,,,
5206630,2024,actual,,,,,,,,,,,,,,,,,,,,,,,,,,,,,
5206630,2025,projected,,,,,,,,,,,,,,,,,,,,,,,,,,,,,
5206630,2025,actual,,,,,,,,,,,,,,,,,,,,,,,,,,,,,
5206630,2026,projected,,,,,,,,,,,,,,,,,,,,,,,,,,,,,
5206630,2026,actual,0.0,0.0,0.0,0.0,0.0,0.0,0.0,0.0,-2.0,1.0,0.0,0.0,0.0,1514.0,0.0,0.0,0.0,0.0,1514.0,1.0,0.0,0.0,0.0,21.0,0.0,,,0.5,0.5
5206630,2027,projected,,,,,,,,,,,,,,,,,,,,,,,,,,,,,
5206630,2027,actual,,,,,,,,,,,,,,,,,,,,,,,,,,,,,
5206642,2023,projected,,,,,,,,,,,,,,,,,,,,,,,,,,,,,
5206642,2023,actual,,,,,,,,,,,,,,,,,,,,,,,,,,,,,
5206642,2024,projected,,,,,,,,,,,,,,,,,,,,,,,,,,,,,
5206642,2024,actual,,,,,,,,,,,,,,,,,,,,,,,,,,,,,
5206642,2025,projected,,,,,,,,,,,,,,,,,,,,,,,,,,,,,
5206642,2025,actual,,,,,,,,,,,,,,,,,,,,,,,,,,,,,
5206642,2026,projected,,,,,,,,,,,,,,,,,,,,,,,,,,,,,
5206642,2026,actual,73.0,13.0,0.0,28.0,13.0,0.0,0.0,1.0,-33.0,76.0,3.0,0.0,6.0,1174.59,26.0,10.0,10.0,41.0,89269.0,55.0,20.0,3.0,0.0,1642.0,26.0,,,162.05,2.13
5206642,2027,projected,,,,,,,,,,,,,,,,,,,,,,,,,,,,,
5206642,2027,actual,,,,,,,,,,,,,,,,,,,,,,,,,,,,,
5206648,2023,projected,,,,,,,,,,,,,,,,,,,,,,,,,,,,,
5206648,2023,actual,,,,,,,,,,,,,,,,,,,,,,,,,,,,,
5206648,2024,projected,,,,,,,,,,,,,,,,,,,,,,,,,,,,,
5206648,2024,actual,,,,,,,,,,,,,,,,,,,,,,,,,,,,,
5206648,2025,projected,,,,,,,,,,,,,,,,,,,,,,,,,,,,,
5206648,2025,actual,21.0,2.0,0.0,19.0,2.0,0.0,0.0,0.0,-13.0,18.0,0.0,0.0,0.0,1218.94,6.0,2.0,2.0,8.0,21941.0,20.0,6.0,0.0,0.0,407.0,6.0,,,40.15,2.23
5206648,2026,projected,,,,,,,,,,,,,,,,,,,,,,,,,,,,,
5206648,2026,actual,84.0,11.0,0.0,98.0,11.0,0.0,0.0,0.0,-41.0,68.0,1.0,0.0,2.0,1174.76,24.0,10.0,10.0,44.0,79884.0,74.0,22.0,1.0,0.0,1495.0,24.0,,,169.8,2.5
5206648,2027,projected,,,,,,,,,,,,,,,,,,,,,,,,,,,,,
5206648,2027,actual,,,,,,,,,,,,,,,,,,,,,,,,,,,,,
5209557,2023,projected,,,,,,,,,,,,,,,,,,,,,,,,,,,,,
5209557,2023,actual,,,,,,,,,,,,,,,,,,,,,,,,,,,,,
5209557,2024,projected,,,,,,,,,,,,,,,,,,,,,,,,,,,,,
5209557,2024,actual,,,,,,,,,,,,,,,,,,,,,,,,,,,,,
5209557,2025,projected,,,,,,,,,,,,,,,,,,,,,,,,,,,,,
5209557,2025,actual,,,,,,,,,,,,,,,,,,,,,,,,,,,,,
5209557,2026,projected,,,,,,,,,,,,,,,,,,,,,,,,,,,,,
5209557,2026,actual,3.0,0.0,0.0,3.0,0.0,0.0,0.0,0.0,-1.0,4.0,0.0,0.0,0.0,894.5,1.0,0.0,0.0,0.0,3578.0,2.0,1.0,0.0,0.0,80.0,1.0,,,5.05,1.26
5209557,2027,projected,,,,,,,,,,,,,,,,,,,,,,,,,,,,,
5209557,2027,actual,,,,,,,,,,,,,,,,,,,,,,,,,,,,,
5216868,2023,projected,,,,,,,,,,,,,,,,,,,,,,,,,,,,,
5216868,2023,actual,,,,,,,,,,,,,,,,,,,,,,,,,,,,,
5216868,2024,projected,,,,,,,,,,,,,,,,,,,,,,,,,,,,,
5216868,2024,actual,,,,,,,,,,,,,,,,,,,,,,,,,,,,,
5216868,2025,projected,,,,,,,,,,,,,,,,,,,,,,,,,,,,,
5216868,2025,actual,,,,,,,,,,,,,,,,,,,,,,,,,,,,,
5216868,2026,projected,,,,,,,,,,,,,,,,,,,,,,,,,,,,,
5216868,2026,actual,5.0,1.0,0.0,0.0,1.0,0.0,0.0,0.0,-1.0,4.0,0.0,0.0,1.0,872.0,2.0,1.0,1.0,2.0,3488.0,4.0,1.0,0.0,0.0,88.0,2.0,,,11.75,2.94
5216868,2027,projected,,,,,,,,,,,,,,,,,,,,,,,,,,,,,
5216868,2027,actual,,,,,,,,,,,,,,,,,,,,,,,,,,,,,
5216878,2023,projected,,,,,,,,,,,,,,,,,,,,,,,,,,,,,
5216878,2023,actual,,,,,,,,,,,,,,,,,,,,,,,,,,,,,
5216878,2024,projected,,,,,,,,,,,,,,,,,,,,,,,,,,,,,
5216878,2024,actual,,,,,,,,,,,,,,,,,,,,,,,,,,,,,
5216878,2025,projected,,,,,,,,,,,,,,,,,,,,,,,,,,,,,
5216878,2025,actual,2.0,0.0,0.0,1.0,0.0,0.0,0.0,0.0,3.0,1.0,0.0,0.0,1.0,1231.0,1.0,0.0,0.0,2.0,1231.0,1.0,0.0,0.0,0.0,27.0,1.0,,,6.1,6.1
5216878,2026,projected,,,,,,,,,,,,,,,,,,,,,,,,,,,,,
5216878,2026,actual,49.0,6.0,0.0,15.0,6.0,0.0,0.0,1.0,-9.0,37.0,3.0,0.0,4.0,1027.57,9.0,3.0,3.0,8.0,38020.0,30.0,5.0,3.0,0.0,803.0,9.0,,,69.25,1.87
5216878,2027,projected,,,,,,,,,,,,,,,,,,,,,,,,,,,,,
5216878,2027,actual,,,,,,,,,,,,,,,,,,,,,,,,,,,,,
5216880,2023,projected,,,,,,,,,,,,,,,,,,,,,,,,,,,,,
5216880,2023,actual,,,,,,,,,,,,,,,,,,,,,,,,,,,,,
5216880,2024,projected,,,,,,,,,,,,,,,,,,,,,,,,,,,,,
5216880,2024,actual,,,,,,,,,,,,,,,,,,,,,,,,,,,,,
5216880,2025,projected,,,,,,,,,,,,,,,,,,,,,,,,,,,,,
5216880,2025,actual,,,,,,,,,,,,,,,,,,,,,,,,,,,,,
5216880,2026,projected,,,,,,,,,,,,,,,,,,,,,,,,,,,,,
5216880,2026,actual,72.0,0.0,0.0,74.0,0.0,0.0,0.0,0.0,-5.0,72.0,0.0,0.0,1.0,1005.36,14.0,0.0,0.0,22.0,72386.0,69.0,13.0,0.0,0.0,1381.0,14.0,,,113.9,1.58
5216880,2027,projected,,,,,,,,,,,,,,,,,,,,,,,,,,,,,
5216880,2027,actual,,,,,,,,,,,,,,,,,,,,,,,,,,,,,
5216918,2023,projected,,,,,,,,,,,,,,,,,,,,,,,,,,,,,
5216918,2023,actual,,,,,,,,,,,,,,,,,,,,,,,,,,,,,
5216918,2024,projected,,,,,,,,,,,,,,,,,,,,,,,,,,,,,
5216918,2024,actual,,,,,,,,,,,,,,,,,,,,,,,,,,,,,
5216918,2025,projected,,,,,,,,,,,,,,,,,,,,,,,,,,,,,
5216918,2025,actual,,,,,,,,,,,,,,,,,,,,,,,,,,,,,
5216918,2026,projected,,,,,,,,,,,,,,,,,,,,,,,,,,,,,
5216918,2026,actual,22.0,6.0,0.0,16.0,6.0,0.0,0.0,0.0,-3.0,14.0,1.0,0.0,3.0,1047.43,10.0,5.0,5.0,8.0,14664.0,6.0,7.0,1.0,0.0,285.0,10.0,,,50.6,3.61
5216918,2027,projected,,,,,,,,,,,,,,,,,,,,,,,,,,,,,
5216918,2027,actual,,,,,,,,,,,,,,,,,,,,,,,,,,,,,
5216919,2023,projected,,,,,,,,,,,,,,,,,,,,,,,,,,,,,
5216919,2023,actual,,,,,,,,,,,,,,,,,,,,,,,,,,,,,
5216919,2024,projected,,,,,,,,,,,,,,,,,,,,,,,,,,,,,
5216919,2024,actual,,,,,,,,,,,,,,,,,,,,,,,,,,,,,
5216919,2025,projected,,,,,,,,,,,,,,,,,,,,,,,,,,,,,
5216919,2025,actual,,,,,,,,,,,,,,,,,,,,,,,,,,,,,
5216919,2026,projected,,,,,,,,,,,,,,,,,,,,,,,,,,,,,
5216919,2026,actual,8.0,0.0,0.0,4.0,0.0,0.0,0.0,0.0,-4.0,9.0,0.0,0.0,1.0,942.89,1.0,0.0,0.0,6.0,8486.0,13.0,0.0,0.0,0.0,171.0,1.0,,,15.9,1.77
5216919,2027,projected,,,,,,,,,,,,,,,,,,,,,,,,,,,,,
5216919,2027,actual,,,,,,,,,,,,,,,,,,,,,,,,,,,,,
5238086,2023,projected,,,,,,,,,,,,,,,,,,,,,,,,,,,,,
5238086,2023,actual,,,,,,,,,,,,,,,,,,,,,,,,,,,,,
5238086,2024,projected,,,,,,,,,,,,,,,,,,,,,,,,,,,,,
5238086,2024,actual,,,,,,,,,,,,,,,,,,,,,,,,,,,,,
5238086,2025,projected,,,,,,,,,,,,,,,,,,,,,,,,,,,,,
5238086,2025,actual,19.0,0.0,0.0,39.0,0.0,0.0,0.0,0.0,-4.0,28.0,0.0,0.0,1.0,769.32,3.0,0.0,0.0,17.0,21541.0,16.0,2.0,0.0,0.0,513.0,3.0,,,35.15,1.26
5238086,2026,projected,,,,,,,,,,,,,,,,,,,,,,,,,,,,,
5238086,2026,actual,46.0,0.0,0.0,136.0,0.0,0.0,0.0,0.0,-16.0,70.0,0.0,0.0,3.0,898.73,10.0,0.0,0.0,39.0,62911.0,85.0,7.0,0.0,0.0,1432.0,10.0,,,120.1,1.72
5238086,2027,projected,,,,,,,,,,,,,,,,,,,,,,,,,,,,,
5238086,2027,actual,,,,,,,,,,,,,,,,,,,,,,,,,,,,,
5275403,2023,projected,,,,,,,,,,,,,,,,,,,,,,,,,,,,,
5275403,2023,actual,,,,,,,,,,,,,,,,,,,,,,,,,,,,,
5275403,2024,projected,,,,,,,,,,,,,,,,,,,,,,,,,,,,,
5275403,2024,actual,,,,,,,,,,,,,,,,,,,,,,,,,,,,,
5275403,2025,projected,,,,,,,,,,,,,,,,,,,,,,,,,,,,,
5275403,2025,actual,,,,,,,,,,,,,,,,,,,,,,,,,,,,,
5275403,2026,projected,,,,,,,,,,,,,,,,,,,,,,,,,,,,,
5275403,2026,actual,0.0,0.0,0.0,2.0,0.0,0.0,0.0,0.0,1.0,2.0,0.0,0.0,0.0,1277.5,0.0,0.0,0.0,0.0,2555.0,3.0,0.0,0.0,0.0,48.0,0.0,,,1.7,0.85
5275403,2027,projected,,,,,,,,,,,,,,,,,,,,,,,,,,,,,
5275403,2027,actual,,,,,,,,,,,,,,,,,,,,,,,,,,,,,
5291933,2023,projected,,,,,,,,,,,,,,,,,,,,,,,,,,,,,
5291933,2023,actual,,,,,,,,,,,,,,,,,,,,,,,,,,,,,
5291933,2024,projected,,,,,,,,,,,,,,,,,,,,,,,,,,,,,
5291933,2024,actual,,,,,,,,,,,,,,,,,,,,,,,,,,,,,
5291933,2025,projected,,,,,,,,,,,,,,,,,,,,,,,,,,,,,
5291933,2025,actual,,,,,,,,,,,,,,,,,,,,,,,,,,,,,
5291933,2026,projected,,,,,,,,,,,,,,,,,,,,,,,,,,,,,
5291933,2026,actual,222.0,18.0,0.0,40.0,18.0,0.0,0.0,4.0,13.0,82.0,8.0,0.0,23.0,1480.98,59.0,10.0,10.0,38.0,121440.0,111.0,36.0,8.0,0.0,2204.0,59.0,,,351.0,4.28
5291933,2027,projected,229.0,18.0,,39.0,18.0,,,,13.0,84.0,8.0,,24.0,1435.61,61.0,10.0,10.0,38.0,120591.24,110.0,37.0,8.0,,,61.0,,,355.15,4.23
5291933,2027,actual,,,,,,,,,,,,,,,,,,,,,,,,,,,,,
