id,year,stats_type,SOG,PPP,SHG,HIT,STP,FOL,SHA,GWG,P_M,GP,PPG,SHP,G,ATOI,PTS,STPA,PPA,PIM,TTOI,BLK,A,STPG,FOW,_25,HAT,MIN,FP,FP_AVG
2273,2023,projected,,,,,,,,,,,,,,,,,,,,,,,,,,,,
2273,2023,actual,116.0,12.0,0.0,48.0,12.0,0.0,0.0,3.0,-28.0,81.0,6.0,0.0,12.0,693.74,25.0,6.0,6.0,95.0,56193.0,25.0,13.0,6.0,0.0,1241.0,,,167.8,2.07
2273,2024,projected,,,,,,,,,,,,,,,,,,,,,,,,,,,,
2273,2024,actual,82.0,4.0,0.0,40.0,4.0,1.0,0.0,2.0,-6.0,54.0,3.0,0.0,12.0,802.93,22.0,1.0,1.0,46.0,43358.0,17.0,10.0,3.0,0.0,866.0,,,117.5,2.18
2273,2025,projected,,,,,,,,,,,,,,,,,,,,,,,,,,,,
2273,2025,actual,100.0,7.0,0.0,36.0,7.0,16.0,0.0,4.0,12.0,81.0,4.0,0.0,19.0,716.22,30.0,3.0,3.0,61.0,58014.0,26.0,11.0,4.0,17.0,1174.0,,,160.6,1.98
2273,2026,projected,,,,,,,,,,,,,,,,,,,,,,,,,,,,
2273,2026,actual,113.0,13.0,0.0,30.0,13.0,24.0,0.0,2.0,0.0,72.0,5.0,0.0,17.0,820.25,37.0,8.0,8.0,81.0,59058.0,20.0,20.0,5.0,7.0,1160.0,,,183.75,2.55
2273,2027,projected,114.0,11.0,,34.0,11.0,,,,1.0,73.0,5.0,,16.0,798.18,34.0,6.0,6.0,81.0,58266.99,22.0,18.0,5.0,,,,,175.4,2.4
2273,2027,actual,,,,,,,,,,,,,,,,,,,,,,,,,,,,
3101,2023,projected,317.0,23.0,0.0,163.0,23.0,5.0,0.0,3.0,5.0,74.0,15.0,0.0,48.0,1230.0,84.0,8.0,8.0,16.0,91020.0,26.0,36.0,15.0,4.0,14.0,2.0,,360.55,4.87
3101,2023,actual,294.0,25.0,0.0,188.0,25.0,5.0,0.0,3.0,-16.0,73.0,14.0,0.0,42.0,1212.25,75.0,11.0,11.0,48.0,88494.0,23.0,33.0,14.0,4.0,1591.0,2.0,,348.3,4.77
3101,2024,projected,301.0,23.0,0.0,165.0,23.0,2.0,0.0,5.0,-18.0,75.0,13.0,0.0,40.0,1212.0,70.0,10.0,10.0,32.0,90900.0,24.0,30.0,13.0,0.0,1670.0,,,322.75,4.3
3101,2024,actual,272.0,28.0,0.0,146.0,28.0,2.0,0.0,5.0,-22.0,79.0,13.0,0.0,31.0,1153.27,65.0,15.0,15.0,20.0,91108.0,27.0,34.0,13.0,0.0,1670.0,,,292.6,3.7
3101,2025,projected,302.0,26.0,,171.0,26.0,,,,-19.0,77.0,15.0,,38.0,1182.0,69.0,11.0,11.0,28.0,91014.0,26.0,31.0,15.0,,,,,316.1,4.11
3101,2025,actual,237.0,22.0,0.0,110.0,22.0,2.0,0.0,7.0,15.0,65.0,14.0,0.0,44.0,1063.46,73.0,8.0,8.0,14.0,69125.0,13.0,29.0,14.0,0.0,1274.0,2.0,,304.75,4.69
3101,2026,projected,289.0,25.0,,139.0,25.0,,,,-12.0,75.0,15.0,,42.0,1098.0,73.0,10.0,10.0,22.0,82350.0,21.0,31.0,15.0,,,,,315.65,4.21
3101,2026,actual,244.0,19.0,0.0,134.0,19.0,2.0,0.0,5.0,-5.0,82.0,5.0,0.0,32.0,1046.9,64.0,14.0,14.0,26.0,85846.0,16.0,32.0,5.0,2.0,1615.0,2.0,,278.4,3.4
3101,2027,projected,258.0,21.0,,133.0,21.0,,,,-4.0,82.0,7.0,,35.0,1050.12,68.0,14.0,14.0,24.0,86109.84,18.0,33.0,7.0,,,,,283.8,3.46
3101,2027,actual,,,,,,,,,,,,,,,,,,,,,,,,,,,,
3114,2023,projected,213.0,29.0,0.0,61.0,29.0,868.0,0.0,9.0,18.0,74.0,10.0,0.0,33.0,1200.0,91.0,19.0,19.0,30.0,88800.0,39.0,58.0,10.0,978.0,26.0,,,337.35,4.56
3114,2023,actual,255.0,27.0,0.0,71.0,27.0,868.0,0.0,9.0,8.0,82.0,9.0,0.0,33.0,1208.61,93.0,18.0,18.0,52.0,99106.0,47.0,60.0,9.0,978.0,1945.0,,,366.35,4.47
3114,2024,projected,235.0,34.0,0.0,68.0,34.0,782.0,0.0,3.0,12.0,80.0,10.0,0.0,32.0,1200.0,89.0,24.0,24.0,44.0,96000.0,46.0,57.0,10.0,1090.0,1996.0,1.0,,348.55,4.36
3114,2024,actual,278.0,23.0,0.0,90.0,23.0,782.0,0.0,3.0,7.0,82.0,10.0,0.0,42.0,1205.21,94.0,13.0,13.0,40.0,98827.0,37.0,52.0,10.0,1090.0,1996.0,1.0,,369.5,4.51
3114,2025,projected,268.0,32.0,,87.0,32.0,,,,15.0,82.0,12.0,,37.0,1200.0,98.0,20.0,20.0,42.0,98400.0,42.0,61.0,12.0,,,,,372.7,4.55
3114,2025,actual,227.0,27.0,0.0,66.0,27.0,765.0,0.0,10.0,-20.0,80.0,12.0,0.0,33.0,1222.47,91.0,15.0,15.0,31.0,97798.0,39.0,58.0,12.0,1017.0,1958.0,1.0,,345.85,4.32
3114,2026,projected,231.0,26.0,,73.0,26.0,,,,6.0,80.0,10.0,,33.0,1206.0,92.0,16.0,16.0,38.0,96480.0,39.0,59.0,10.0,,,,,338.55,4.23
3114,2026,actual,160.0,23.0,0.0,60.0,23.0,628.0,0.0,4.0,0.0,68.0,10.0,0.0,29.0,1153.85,74.0,13.0,13.0,44.0,78462.0,30.0,45.0,10.0,773.0,1479.0,,,280.5,4.12
3114,2027,projected,181.0,24.0,,67.0,24.0,,,,-2.0,73.0,11.0,,32.0,1127.4,82.0,13.0,13.0,42.0,82300.2,36.0,50.0,11.0,,,,,304.45,4.17
3114,2027,actual,,,,,,,,,,,,,,,,,,,,,,,,,,,,
3124,2023,projected,211.0,25.0,0.0,51.0,25.0,434.0,0.0,3.0,-6.0,66.0,8.0,0.0,24.0,1110.0,69.0,17.0,17.0,79.0,73260.0,33.0,45.0,8.0,422.0,93.0,,,295.35,4.48
3124,2023,actual,240.0,36.0,0.0,53.0,36.0,434.0,0.0,3.0,-12.0,82.0,11.0,0.0,27.0,1114.83,83.0,25.0,25.0,82.0,91416.0,33.0,56.0,11.0,422.0,1719.0,,,342.3,4.17
3124,2024,projected,194.0,30.0,0.0,32.0,30.0,412.0,0.0,2.0,-11.0,65.0,10.0,0.0,24.0,1110.0,68.0,20.0,20.0,42.0,72150.0,26.0,44.0,10.0,389.0,1793.0,,,267.7,4.12
3124,2024,actual,199.0,18.0,0.0,26.0,18.0,412.0,0.0,2.0,5.0,82.0,6.0,0.0,27.0,1115.07,67.0,12.0,12.0,70.0,91436.0,42.0,40.0,6.0,389.0,1793.0,,,283.35,3.46
3124,2025,projected,224.0,31.0,,33.0,31.0,,,,4.0,80.0,12.0,,27.0,1110.0,73.0,19.0,19.0,78.0,88800.0,37.0,46.0,12.0,,,,,311.3,3.89
3124,2025,actual,125.0,16.0,0.0,32.0,16.0,343.0,0.0,3.0,-24.0,68.0,4.0,0.0,16.0,1067.13,50.0,12.0,12.0,42.0,72565.0,48.0,34.0,4.0,290.0,1451.0,,,208.45,3.07
3124,2026,projected,175.0,25.0,,31.0,25.0,,,,-13.0,70.0,7.0,,21.0,1074.0,60.0,18.0,18.0,56.0,75180.0,45.0,39.0,7.0,,,,,254.35,3.63
3124,2026,actual,148.0,22.0,0.0,24.0,22.0,136.0,0.0,3.0,13.0,56.0,4.0,0.0,19.0,1055.62,61.0,18.0,18.0,61.0,59115.0,17.0,42.0,4.0,109.0,1092.0,1.0,,238.4,4.26
3124,2027,projected,159.0,24.0,,29.0,24.0,,,,7.0,66.0,5.0,,22.0,1022.08,69.0,19.0,19.0,67.0,67457.28,25.0,47.0,5.0,,,,,263.15,3.99
3124,2027,actual,,,,,,,,,,,,,,,,,,,,,,,,,,,,
3183,2023,projected,181.0,24.0,0.0,64.0,24.0,709.0,1.0,4.0,-2.0,81.0,6.0,1.0,20.0,1260.0,64.0,18.0,18.0,16.0,102060.0,65.0,44.0,6.0,899.0,77.0,1.0,,263.15,3.25
3183,2023,actual,169.0,20.0,0.0,68.0,21.0,709.0,1.0,4.0,19.0,82.0,7.0,1.0,28.0,1218.12,74.0,14.0,13.0,4.0,99886.0,87.0,46.0,7.0,899.0,1984.0,1.0,,292.05,3.56
3183,2024,projected,162.0,15.0,1.0,61.0,16.0,702.0,1.0,6.0,16.0,81.0,5.0,1.0,19.0,1170.0,59.0,11.0,10.0,12.0,94770.0,56.0,40.0,5.0,858.0,1833.0,,,236.6,2.92
3183,2024,actual,133.0,23.0,1.0,34.0,26.0,702.0,2.0,6.0,11.0,81.0,9.0,3.0,26.0,1179.49,70.0,16.0,14.0,22.0,95539.0,65.0,44.0,10.0,858.0,1833.0,,,272.15,3.36
3183,2025,projected,162.0,25.0,1.0,59.0,27.0,,1.0,,16.0,81.0,10.0,2.0,28.0,1188.0,73.0,16.0,15.0,16.0,96228.0,76.0,45.0,11.0,,,,,286.9,3.54
3183,2025,actual,98.0,22.0,0.0,31.0,23.0,658.0,1.0,7.0,14.0,81.0,4.0,1.0,21.0,1137.35,67.0,19.0,18.0,4.0,92125.0,67.0,46.0,4.0,879.0,1769.0,1.0,,242.1,2.99
3183,2026,projected,121.0,23.0,,41.0,23.0,,,,10.0,81.0,6.0,,24.0,1152.0,69.0,17.0,17.0,16.0,93312.0,69.0,45.0,6.0,,,,,253.35,3.13
3183,2026,actual,101.0,12.0,0.0,33.0,12.0,563.0,0.0,1.0,19.0,67.0,5.0,0.0,12.0,1147.28,38.0,7.0,7.0,10.0,76868.0,61.0,26.0,5.0,744.0,1497.0,,,161.55,2.41
3183,2027,projected,,,,,,,,,,,,,,,,,,,,,,,,,,,,
3183,2027,actual,,,,,,,,,,,,,,,,,,,,,,,,,,,,
3535,2023,projected,62.0,2.0,0.0,171.0,2.0,32.0,0.0,1.0,-7.0,66.0,1.0,0.0,3.0,750.0,16.0,1.0,1.0,62.0,49500.0,33.0,13.0,1.0,40.0,368.0,,,117.6,1.78
3535,2023,actual,71.0,5.0,0.0,147.0,5.0,32.0,0.0,1.0,18.0,60.0,2.0,0.0,10.0,741.97,26.0,3.0,3.0,45.0,44518.0,29.0,16.0,2.0,40.0,1031.0,,,135.95,2.27
3535,2024,projected,,,,,,,,,,,,,,,,,,,,,,,,,,,,
3535,2024,actual,146.0,16.0,1.0,168.0,17.0,207.0,0.0,0.0,-29.0,74.0,8.0,1.0,17.0,1065.88,37.0,8.0,8.0,57.0,78875.0,39.0,20.0,9.0,228.0,1531.0,,,206.3,2.79
3535,2025,projected,127.0,8.0,,187.0,8.0,,,,-13.0,74.0,4.0,,12.0,1002.0,27.0,4.0,4.0,46.0,74148.0,37.0,15.0,4.0,,,,,163.95,2.22
3535,2025,actual,104.0,4.0,2.0,198.0,6.0,363.0,0.0,1.0,-17.0,78.0,2.0,2.0,15.0,955.49,35.0,2.0,2.0,48.0,74528.0,34.0,20.0,4.0,341.0,1588.0,,,179.8,2.31
3535,2026,projected,127.0,10.0,1.0,198.0,12.0,,1.0,,-24.0,77.0,4.0,2.0,18.0,960.0,39.0,7.0,6.0,52.0,73920.0,37.0,21.0,5.0,,,,,202.05,2.62
3535,2026,actual,49.0,2.0,0.0,129.0,4.0,209.0,2.0,0.0,2.0,54.0,0.0,2.0,4.0,758.98,15.0,4.0,2.0,44.0,40985.0,33.0,11.0,0.0,204.0,910.0,,,100.65,1.86
3535,2027,projected,,,,,,,,,,,,,,,,,,,,,,,,,,,,
3535,2027,actual,,,,,,,,,,,,,,,,,,,,,,,,,,,,
3541,2023,projected,139.0,3.0,1.0,193.0,5.0,653.0,1.0,3.0,7.0,78.0,1.0,2.0,15.0,978.0,33.0,3.0,2.0,32.0,76284.0,31.0,18.0,2.0,821.0,293.0,,,174.55,2.24
3541,2023,actual,124.0,0.0,1.0,155.0,2.0,653.0,1.0,3.0,7.0,81.0,0.0,2.0,17.0,976.09,34.0,1.0,0.0,32.0,79063.0,39.0,17.0,1.0,821.0,1844.0,,,173.0,2.14
3541,2024,projected,,,,,,,,,,,,,,,,,,,,,,,,,,,,
3541,2024,actual,123.0,1.0,1.0,116.0,5.0,576.0,3.0,3.0,-14.0,80.0,0.0,4.0,10.0,922.73,30.0,4.0,1.0,44.0,73818.0,41.0,20.0,1.0,799.0,1783.0,,,163.35,2.04
3541,2025,projected,116.0,1.0,1.0,146.0,3.0,,1.0,,9.0,80.0,,2.0,12.0,936.0,31.0,2.0,1.0,38.0,74880.0,40.0,19.0,1.0,,,,,160.1,2.0
3541,2025,actual,107.0,0.0,2.0,137.0,2.0,605.0,0.0,3.0,15.0,75.0,0.0,2.0,13.0,926.24,36.0,0.0,0.0,16.0,69468.0,43.0,23.0,2.0,724.0,1607.0,1.0,,164.95,2.2
3541,2026,projected,,,,,,,,,,,,,,,,,,,,,,,,,,,,
3541,2026,actual,107.0,4.0,0.0,166.0,5.0,673.0,1.0,4.0,5.0,75.0,4.0,1.0,20.0,971.25,36.0,1.0,0.0,29.0,72844.0,48.0,16.0,4.0,839.0,1699.0,,,182.85,2.44
3541,2027,projected,108.0,3.0,,161.0,3.0,,,,5.0,77.0,3.0,,18.0,989.0,35.0,,,29.0,76153.0,45.0,17.0,3.0,,,,,171.1,2.22
3541,2027,actual,,,,,,,,,,,,,,,,,,,,,,,,,,,,
3669,2023,projected,134.0,11.0,1.0,34.0,12.0,347.0,0.0,1.0,-6.0,73.0,5.0,1.0,14.0,1062.0,42.0,6.0,6.0,44.0,77526.0,29.0,28.0,6.0,594.0,299.0,,,182.4,2.5
3669,2023,actual,87.0,12.0,0.0,9.0,12.0,347.0,0.0,1.0,-31.0,53.0,9.0,0.0,15.0,1062.64,31.0,3.0,3.0,43.0,56320.0,23.0,16.0,9.0,594.0,1151.0,,,144.15,2.72
3669,2024,projected,,,,,,,,,,,,,,,,,,,,,,,,,,,,
3669,2024,actual,,,,,,,,,,,,,,,,,,,,,,,,,,,,
3669,2025,projected,,,,,,,,,,,,,,,,,,,,,,,,,,,,
3669,2025,actual,,,,,,,,,,,,,,,,,,,,,,,,,,,,
3669,2026,projected,,,,,,,,,,,,,,,,,,,,,,,,,,,,
3669,2026,actual,105.0,8.0,0.0,17.0,8.0,389.0,0.0,1.0,-20.0,82.0,5.0,0.0,11.0,869.35,29.0,3.0,3.0,38.0,71287.0,34.0,18.0,5.0,637.0,1553.0,,,140.45,1.71
3669,2027,projected,,,,,,,,,,,,,,,,,,,,,,,,,,,,
3669,2027,actual,,,,,,,,,,,,,,,,,,,,,,,,,,,,
3683,2023,projected,,,,,,,,,,,,,,,,,,,,,,,,,,,,
3683,2023,actual,48.0,0.0,0.0,196.0,0.0,11.0,0.0,0.0,-6.0,73.0,0.0,0.0,5.0,559.25,15.0,0.0,0.0,43.0,40825.0,24.0,10.0,0.0,4.0,889.0,,,100.1,1.37
3683,2024,projected,,,,,,,,,,,,,,,,,,,,,,,,,,,,
3683,2024,actual,26.0,0.0,0.0,150.0,0.0,0.0,0.0,0.0,-13.0,49.0,0.0,0.0,4.0,486.98,6.0,0.0,0.0,49.0,23862.0,17.0,2.0,0.0,1.0,572.0,,,70.5,1.44
3683,2025,projected,,,,,,,,,,,,,,,,,,,,,,,,,,,,
3683,2025,actual,14.0,0.0,0.0,103.0,0.0,1.0,0.0,0.0,-2.0,35.0,0.0,0.0,0.0,468.03,2.0,0.0,0.0,28.0,16381.0,8.0,2.0,0.0,0.0,396.0,,,35.8,1.02
3683,2026,projected,,,,,,,,,,,,,,,,,,,,,,,,,,,,
3683,2026,actual,25.0,0.0,0.0,160.0,0.0,2.0,0.0,0.0,-12.0,50.0,0.0,0.0,3.0,468.48,3.0,0.0,0.0,37.0,23424.0,15.0,0.0,0.0,0.0,546.0,,,57.25,1.15
3683,2027,projected,,,,,,,,,,,,,,,,,,,,,,,,,,,,
3683,2027,actual,,,,,,,,,,,,,,,,,,,,,,,,,,,,
3735,2023,projected,261.0,22.0,0.0,12.0,22.0,1.0,0.0,1.0,-15.0,75.0,5.0,0.0,22.0,1314.0,74.0,17.0,17.0,16.0,98550.0,18.0,52.0,5.0,1.0,117.0,1.0,,270.95,3.61
3735,2023,actual,227.0,22.0,0.0,13.0,22.0,1.0,0.0,1.0,-22.0,73.0,4.0,0.0,21.0,1158.52,57.0,18.0,18.0,16.0,84572.0,19.0,36.0,4.0,1.0,1468.0,1.0,,227.55,3.12
3735,2024,projected,197.0,19.0,0.0,14.0,19.0,0.0,0.0,7.0,-12.0,60.0,4.0,0.0,18.0,1110.0,48.0,15.0,15.0,14.0,66600.0,17.0,30.0,4.0,0.0,1070.0,,,198.65,3.31
3735,2024,actual,147.0,15.0,0.0,14.0,15.0,0.0,0.0,7.0,-5.0,50.0,2.0,0.0,20.0,1102.58,47.0,13.0,13.0,16.0,55129.0,13.0,27.0,2.0,0.0,1070.0,,,182.15,3.64
3735,2025,projected,198.0,24.0,,16.0,24.0,,,,-18.0,71.0,6.0,,25.0,1098.0,74.0,18.0,18.0,20.0,77958.0,21.0,49.0,6.0,,,,,259.6,3.66
3735,2025,actual,175.0,29.0,0.0,19.0,29.0,8.0,0.0,6.0,-16.0,72.0,12.0,0.0,21.0,1078.76,59.0,17.0,17.0,12.0,77671.0,23.0,38.0,12.0,5.0,1468.0,,,228.65,3.18
3735,2026,projected,187.0,22.0,,15.0,22.0,,,,-14.0,67.0,9.0,,19.0,1092.0,55.0,13.0,13.0,14.0,73164.0,18.0,36.0,9.0,,,,,208.75,3.12
3735,2026,actual,169.0,19.0,0.0,21.0,19.0,10.0,0.0,4.0,-1.0,67.0,2.0,0.0,16.0,1061.72,57.0,17.0,17.0,16.0,71135.0,24.0,41.0,2.0,5.0,1396.0,,,208.85,3.12
3735,2027,projected,170.0,21.0,,22.0,21.0,,,,-4.0,68.0,4.0,,17.0,1111.76,58.0,17.0,17.0,16.0,75599.68,24.0,41.0,4.0,,,,,210.2,3.09
3735,2027,actual,,,,,,,,,,,,,,,,,,,,,,,,,,,,
3775,2023,projected,192.0,25.0,0.0,55.0,25.0,509.0,1.0,6.0,-2.0,77.0,6.0,1.0,22.0,1128.0,69.0,19.0,19.0,20.0,86856.0,19.0,47.0,6.0,712.0,118.0,,,255.5,3.32
3775,2023,actual,214.0,24.0,0.0,75.0,25.0,509.0,1.0,6.0,4.0,82.0,7.0,1.0,35.0,1127.76,79.0,18.0,17.0,34.0,92476.0,30.0,44.0,7.0,712.0,2176.0,,,308.5,3.76
3775,2024,projected,182.0,14.0,2.0,60.0,14.0,484.0,1.0,2.0,5.0,67.0,4.0,3.0,17.0,1104.0,44.0,10.0,10.0,26.0,73968.0,13.0,27.0,4.0,668.0,2157.0,,,192.0,2.87
3775,2024,actual,183.0,19.0,2.0,35.0,22.0,484.0,1.0,2.0,-14.0,82.0,3.0,3.0,21.0,1205.52,64.0,17.0,16.0,26.0,98853.0,30.0,43.0,5.0,668.0,2157.0,,,244.25,2.98
3775,2025,projected,198.0,24.0,1.0,51.0,26.0,,1.0,,-9.0,82.0,6.0,2.0,26.0,1176.0,67.0,19.0,18.0,32.0,96432.0,30.0,41.0,7.0,,,,,263.6,3.21
3775,2025,actual,138.0,18.0,0.0,64.0,19.0,376.0,1.0,3.0,-8.0,81.0,4.0,1.0,15.0,1092.32,50.0,15.0,14.0,18.0,88478.0,41.0,35.0,4.0,600.0,2119.0,,,200.4,2.47
3775,2026,projected,158.0,20.0,,57.0,20.0,,,,-11.0,82.0,4.0,,17.0,1116.0,50.0,16.0,16.0,24.0,91512.0,33.0,33.0,4.0,,,,,202.7,2.47
3775,2026,actual,138.0,13.0,0.0,65.0,13.0,295.0,0.0,3.0,20.0,82.0,1.0,0.0,14.0,978.13,49.0,12.0,12.0,22.0,80207.0,27.0,35.0,1.0,504.0,2010.0,,,187.5,2.29
3775,2027,projected,153.0,15.0,,68.0,15.0,,,,12.0,84.0,2.0,,15.0,1049.79,51.0,13.0,13.0,25.0,88182.36,32.0,36.0,2.0,,,,,199.05,2.37
3775,2027,actual,,,,,,,,,,,,,,,,,,,,,,,,,,,,
3792,2023,projected,173.0,18.0,0.0,73.0,18.0,9.0,0.0,3.0,-4.0,71.0,7.0,0.0,22.0,1092.0,53.0,11.0,11.0,50.0,77532.0,22.0,31.0,7.0,2.0,180.0,1.0,,233.05,3.28
3792,2023,actual,195.0,22.0,0.0,107.0,22.0,9.0,0.0,3.0,-7.0,82.0,6.0,0.0,24.0,1015.11,56.0,16.0,16.0,52.0,83239.0,24.0,32.0,6.0,2.0,1638.0,1.0,,253.45,3.09
3792,2024,projected,,,,,,,,,,,,,,,,,,,,,,,,,,,,
3792,2024,actual,151.0,17.0,0.0,99.0,17.0,18.0,0.0,4.0,-12.0,76.0,7.0,0.0,17.0,937.74,47.0,10.0,10.0,55.0,71268.0,27.0,30.0,7.0,16.0,1530.0,,,215.65,2.84
3792,2025,projected,145.0,14.0,,103.0,14.0,,,,-16.0,77.0,5.0,,15.0,966.0,42.0,9.0,9.0,54.0,74382.0,22.0,27.0,5.0,,,,,193.05,2.51
3792,2025,actual,71.0,6.0,0.0,71.0,6.0,13.0,0.0,2.0,-7.0,43.0,4.0,0.0,9.0,841.21,16.0,2.0,2.0,12.0,36172.0,9.0,7.0,4.0,6.0,915.0,,,83.35,1.94
3792,2026,projected,111.0,18.0,,105.0,18.0,,,,-17.0,73.0,7.0,,13.0,852.0,43.0,11.0,11.0,58.0,62196.0,31.0,30.0,7.0,,,,,194.25,2.66
3792,2026,actual,93.0,8.0,0.0,90.0,8.0,7.0,0.0,1.0,-7.0,65.0,3.0,0.0,13.0,814.22,28.0,5.0,5.0,40.0,52924.0,23.0,15.0,3.0,3.0,1255.0,,,139.25,2.14
3792,2027,projected,,,,,,,,,,,,,,,,,,,,,,,,,,,,
3792,2027,actual,,,,,,,,,,,,,,,,,,,,,,,,,,,,
3797,2023,projected,203.0,7.0,1.0,60.0,10.0,681.0,2.0,2.0,8.0,80.0,1.0,3.0,14.0,1038.0,42.0,8.0,6.0,36.0,83040.0,28.0,28.0,2.0,705.0,286.0,,,196.75,2.46
3797,2023,actual,260.0,12.0,1.0,97.0,16.0,681.0,3.0,2.0,24.0,82.0,5.0,4.0,19.0,1089.78,56.0,10.0,7.0,36.0,89362.0,31.0,37.0,6.0,705.0,2008.0,,,254.7,3.11
3797,2024,projected,160.0,3.0,1.0,53.0,5.0,769.0,2.0,2.0,9.0,66.0,2.0,2.0,8.0,1008.0,25.0,5.0,3.0,26.0,66528.0,18.0,17.0,3.0,778.0,2039.0,,,134.8,2.04
3797,2024,actual,209.0,3.0,1.0,59.0,5.0,769.0,1.0,2.0,-4.0,82.0,2.0,2.0,15.0,1154.07,39.0,2.0,1.0,24.0,94634.0,33.0,24.0,3.0,778.0,2039.0,,,187.15,2.28
3797,2025,projected,248.0,8.0,1.0,71.0,10.0,,1.0,,-7.0,82.0,3.0,2.0,18.0,1128.0,47.0,6.0,5.0,30.0,92496.0,29.0,29.0,4.0,,,,,219.1,2.67
3797,2025,actual,175.0,6.0,1.0,40.0,7.0,749.0,0.0,3.0,4.0,76.0,1.0,1.0,15.0,1124.21,32.0,5.0,5.0,32.0,85440.0,51.0,17.0,2.0,703.0,1827.0,,,176.75,2.33
3797,2026,projected,205.0,9.0,1.0,57.0,11.0,,1.0,,5.0,79.0,2.0,2.0,17.0,1128.0,38.0,8.0,7.0,30.0,89112.0,36.0,21.0,3.0,,,,,191.45,2.42
3797,2026,actual,186.0,3.0,1.0,23.0,8.0,720.0,4.0,3.0,7.0,82.0,1.0,5.0,17.0,1076.91,43.0,6.0,2.0,16.0,88307.0,28.0,26.0,2.0,721.0,1969.0,,,184.8,2.25
3797,2027,projected,186.0,4.0,1.0,30.0,6.0,,1.0,,6.0,83.0,1.0,2.0,16.0,1098.19,41.0,4.0,3.0,20.0,91149.77,34.0,25.0,2.0,,,,,180.0,2.17
3797,2027,actual,,,,,,,,,,,,,,,,,,,,,,,,,,,,
3822,2023,projected,179.0,11.0,0.0,31.0,11.0,7.0,0.0,1.0,-21.0,79.0,7.0,0.0,23.0,948.0,42.0,4.0,4.0,16.0,74892.0,20.0,19.0,7.0,7.0,270.0,,,182.85,2.31
3822,2023,actual,119.0,4.0,0.0,18.0,4.0,7.0,0.0,1.0,-3.0,61.0,2.0,0.0,12.0,921.23,29.0,2.0,2.0,28.0,56195.0,20.0,17.0,2.0,7.0,1219.0,,,129.55,2.12
3822,2024,projected,,,,,,,,,,,,,,,,,,,,,,,,,,,,
3822,2024,actual,142.0,12.0,0.0,31.0,12.0,11.0,0.0,3.0,7.0,71.0,6.0,0.0,11.0,810.37,38.0,6.0,6.0,20.0,57536.0,22.0,27.0,6.0,10.0,1287.0,,,158.6,2.23
3822,2025,projected,126.0,7.0,,36.0,7.0,,,,10.0,72.0,4.0,,9.0,870.0,30.0,3.0,3.0,32.0,62640.0,23.0,21.0,4.0,,,,,137.1,1.9
3822,2025,actual,85.0,2.0,0.0,31.0,2.0,14.0,0.0,2.0,-4.0,71.0,1.0,0.0,16.0,743.97,36.0,1.0,1.0,23.0,52822.0,16.0,20.0,1.0,6.0,1152.0,,,135.35,1.91
3822,2026,projected,,,,,,,,,,,,,,,,,,,,,,,,,,,,
3822,2026,actual,99.0,11.0,0.0,15.0,11.0,8.0,0.0,1.0,-17.0,72.0,7.0,0.0,15.0,705.14,31.0,4.0,4.0,14.0,50770.0,28.0,16.0,7.0,6.0,1144.0,,,134.25,1.86
3822,2027,projected,,,,,,,,,,,,,,,,,,,,,,,,,,,,
3822,2027,actual,,,,,,,,,,,,,,,,,,,,,,,,,,,,
3852,2023,projected,179.0,21.0,2.0,68.0,25.0,35.0,2.0,4.0,23.0,57.0,5.0,4.0,28.0,1146.0,69.0,18.0,16.0,66.0,65322.0,15.0,41.0,7.0,22.0,107.0,,,281.05,4.93
3852,2023,actual,183.0,29.0,0.0,81.0,30.0,35.0,1.0,4.0,27.0,73.0,9.0,1.0,21.0,1111.68,67.0,21.0,20.0,74.0,81153.0,22.0,46.0,9.0,22.0,1764.0,,,280.85,3.85
3852,2024,projected,176.0,16.0,3.0,69.0,17.0,31.0,1.0,6.0,14.0,66.0,4.0,1.0,16.0,1104.0,46.0,13.0,12.0,80.0,72864.0,19.0,30.0,4.0,24.0,1977.0,1.0,,234.4,3.55
3852,2024,actual,207.0,26.0,3.0,102.0,30.0,31.0,1.0,6.0,2.0,82.0,7.0,4.0,29.0,1146.11,67.0,20.0,19.0,78.0,93981.0,35.0,38.0,10.0,24.0,1977.0,1.0,,313.95,3.83
3852,2025,projected,192.0,28.0,2.0,106.0,32.0,,2.0,,15.0,80.0,8.0,4.0,26.0,1134.0,69.0,22.0,20.0,82.0,90720.0,23.0,43.0,10.0,,,,,299.1,3.74
3852,2025,actual,194.0,13.0,0.0,81.0,14.0,8.0,1.0,5.0,-7.0,71.0,5.0,1.0,23.0,1099.45,51.0,9.0,8.0,64.0,78061.0,34.0,28.0,5.0,5.0,1634.0,,,245.6,3.46
3852,2026,projected,211.0,24.0,,79.0,24.0,,,,18.0,77.0,6.0,,22.0,1068.0,56.0,18.0,18.0,72.0,82236.0,33.0,34.0,6.0,,,,,262.15,3.4
3852,2026,actual,138.0,20.0,0.0,36.0,20.0,7.0,0.0,3.0,-16.0,52.0,6.0,0.0,27.0,1064.1,54.0,14.0,14.0,38.0,55333.0,16.0,27.0,6.0,1.0,1133.0,,,216.1,4.16
3852,2027,projected,178.0,23.0,,58.0,23.0,,,,-12.0,70.0,8.0,,29.0,1074.89,60.0,15.0,15.0,55.0,75242.3,26.0,31.0,8.0,,,,,255.3,3.65
3852,2027,actual,,,,,,,,,,,,,,,,,,,,,,,,,,,,
3946,2023,projected,131.0,5.0,1.0,71.0,6.0,474.0,0.0,1.0,-2.0,74.0,1.0,1.0,15.0,972.0,38.0,4.0,4.0,44.0,71928.0,45.0,23.0,2.0,549.0,291.0,,,181.35,2.45
3946,2023,actual,140.0,0.0,1.0,93.0,1.0,474.0,0.0,1.0,3.0,84.0,0.0,1.0,10.0,887.51,23.0,0.0,0.0,46.0,74551.0,42.0,13.0,1.0,549.0,1633.0,,,147.3,1.75
3946,2024,projected,,,,,,,,,,,,,,,,,,,,,,,,,,,,
3946,2024,actual,154.0,5.0,1.0,50.0,7.0,445.0,1.0,0.0,-1.0,82.0,4.0,2.0,15.0,957.93,31.0,2.0,1.0,32.0,78550.0,56.0,16.0,5.0,487.0,1850.0,,,172.0,2.1
3946,2025,projected,147.0,3.0,1.0,67.0,5.0,,1.0,,5.0,82.0,2.0,2.0,14.0,948.0,33.0,2.0,1.0,38.0,77736.0,51.0,19.0,3.0,,,,,173.45,2.12
3946,2025,actual,104.0,1.0,0.0,56.0,1.0,359.0,0.0,0.0,-5.0,80.0,0.0,0.0,10.0,797.49,22.0,1.0,1.0,36.0,63799.0,35.0,12.0,0.0,392.0,1427.0,,,121.6,1.52
3946,2026,projected,,,,,,,,,,,,,,,,,,,,,,,,,,,,
3946,2026,actual,67.0,0.0,1.0,50.0,1.0,283.0,0.0,2.0,5.0,68.0,0.0,1.0,5.0,686.85,15.0,0.0,0.0,12.0,46706.0,34.0,10.0,1.0,332.0,1206.0,,,83.75,1.23
3946,2027,projected,,,,,,,,,,,,,,,,,,,,,,,,,,,,
3946,2027,actual,,,,,,,,,,,,,,,,,,,,,,,,,,,,
3998,2023,projected,175.0,13.0,1.0,154.0,14.0,345.0,1.0,4.0,-4.0,80.0,5.0,1.0,18.0,1020.0,49.0,8.0,8.0,73.0,81600.0,56.0,31.0,6.0,520.0,136.0,1.0,,258.65,3.23
3998,2023,actual,190.0,30.0,2.0,97.0,33.0,345.0,1.0,4.0,23.0,82.0,13.0,3.0,33.0,947.01,78.0,18.0,17.0,34.0,77655.0,38.0,45.0,15.0,520.0,1812.0,1.0,,315.7,3.85
3998,2024,projected,189.0,13.0,1.0,106.0,15.0,276.0,1.0,3.0,15.0,82.0,4.0,2.0,18.0,960.0,47.0,10.0,9.0,56.0,78720.0,42.0,29.0,5.0,436.0,1734.0,,,233.35,2.85
3998,2024,actual,164.0,22.0,1.0,94.0,25.0,276.0,2.0,3.0,8.0,82.0,7.0,3.0,21.0,907.2,60.0,17.0,15.0,41.0,74390.0,50.0,39.0,8.0,436.0,1734.0,,,258.4,3.15
3998,2025,projected,178.0,26.0,2.0,106.0,30.0,,2.0,,13.0,82.0,9.0,4.0,22.0,924.0,61.0,19.0,17.0,44.0,75768.0,49.0,39.0,11.0,,,,,269.1,3.28
3998,2025,actual,136.0,10.0,0.0,113.0,10.0,233.0,0.0,4.0,3.0,80.0,1.0,0.0,16.0,918.08,49.0,9.0,9.0,70.0,73446.0,45.0,33.0,1.0,296.0,1662.0,,,226.3,2.83
3998,2026,projected,159.0,12.0,1.0,111.0,14.0,,1.0,,7.0,81.0,4.0,2.0,17.0,906.0,48.0,9.0,8.0,52.0,73386.0,51.0,31.0,5.0,,,,,226.35,2.79
3998,2026,actual,72.0,6.0,0.0,79.0,6.0,52.0,0.0,3.0,8.0,60.0,2.0,0.0,15.0,797.35,36.0,4.0,4.0,53.0,47841.0,23.0,21.0,2.0,49.0,1090.0,,,157.9,2.63
3998,2027,projected,95.0,9.0,,99.0,9.0,,,,7.0,72.0,3.0,,16.0,851.08,45.0,6.0,6.0,60.0,61277.98,33.0,29.0,3.0,,,,,192.15,2.67
3998,2027,actual,,,,,,,,,,,,,,,,,,,,,,,,,,,,
4968,2023,projected,162.0,12.0,1.0,90.0,14.0,1.0,1.0,5.0,8.0,82.0,5.0,2.0,23.0,1104.0,54.0,10.0,7.0,59.0,90528.0,23.0,31.0,4.0,1.0,189.0,,,238.0,2.9
4968,2023,actual,143.0,12.0,1.0,61.0,14.0,1.0,1.0,5.0,18.0,82.0,3.0,2.0,27.0,1032.54,64.0,10.0,9.0,45.0,84668.0,31.0,37.0,4.0,1.0,1746.0,,,250.35,3.05
4968,2024,projected,104.0,4.0,0.0,45.0,4.0,25.0,0.0,5.0,-17.0,69.0,1.0,0.0,9.0,1074.0,21.0,3.0,3.0,41.0,74106.0,17.0,12.0,1.0,14.0,1403.0,,,118.0,1.71
4968,2024,actual,145.0,7.0,0.0,67.0,7.0,25.0,0.0,5.0,-15.0,63.0,5.0,0.0,18.0,1123.92,36.0,2.0,2.0,54.0,70807.0,25.0,18.0,5.0,14.0,1403.0,,,183.45,2.91
4968,2025,projected,181.0,13.0,1.0,89.0,15.0,,1.0,,-18.0,79.0,6.0,2.0,24.0,1092.0,59.0,8.0,7.0,64.0,86268.0,27.0,35.0,7.0,,,,,254.15,3.22
4968,2025,actual,134.0,3.0,1.0,77.0,5.0,13.0,1.0,5.0,12.0,82.0,0.0,2.0,19.0,1036.56,37.0,4.0,3.0,30.0,84998.0,23.0,18.0,1.0,8.0,1776.0,,,170.2,2.08
4968,2026,projected,,,,,,,,,,,,,,,,,,,,,,,,,,,,
4968,2026,actual,148.0,5.0,0.0,70.0,6.0,83.0,1.0,2.0,-2.0,82.0,3.0,1.0,15.0,1002.29,33.0,3.0,2.0,40.0,82188.0,30.0,18.0,3.0,40.0,1802.0,,,167.0,2.04
4968,2027,projected,145.0,5.0,,75.0,5.0,,,,-2.0,82.0,3.0,,15.0,1033.63,33.0,2.0,2.0,42.0,84757.66,30.0,18.0,3.0,,,,,164.75,2.01
4968,2027,actual,,,,,,,,,,,,,,,,,,,,,,,,,,,,
4969,2023,projected,181.0,7.0,0.0,43.0,7.0,6.0,0.0,0.0,-11.0,79.0,5.0,0.0,21.0,936.0,43.0,2.0,2.0,16.0,73944.0,27.0,22.0,5.0,2.0,272.0,,,184.05,2.33
4969,2023,actual,110.0,8.0,0.0,33.0,8.0,6.0,0.0,0.0,-8.0,73.0,0.0,0.0,7.0,883.44,33.0,8.0,8.0,18.0,64491.0,43.0,26.0,0.0,2.0,1340.0,,,138.3,1.89
4969,2024,projected,,,,,,,,,,,,,,,,,,,,,,,,,,,,
4969,2024,actual,67.0,2.0,0.0,22.0,2.0,4.0,0.0,3.0,-6.0,51.0,1.0,0.0,12.0,790.55,23.0,1.0,1.0,6.0,40318.0,19.0,11.0,1.0,0.0,874.0,,,93.95,1.84
4969,2025,projected,,,,,,,,,,,,,,,,,,,,,,,,,,,,
4969,2025,actual,123.0,7.0,0.0,44.0,7.0,0.0,0.0,2.0,1.0,80.0,5.0,0.0,20.0,812.0,40.0,2.0,2.0,10.0,64960.0,39.0,20.0,5.0,0.0,1440.0,1.0,,170.65,2.13
4969,2026,projected,139.0,11.0,,51.0,11.0,,,,3.0,73.0,5.0,,21.0,816.0,44.0,6.0,6.0,12.0,59568.0,41.0,23.0,5.0,,,,,183.35,2.51
4969,2026,actual,21.0,0.0,0.0,7.0,0.0,1.0,0.0,0.0,-6.0,24.0,0.0,0.0,1.0,639.29,1.0,0.0,0.0,2.0,15343.0,12.0,0.0,0.0,0.0,348.0,,,15.95,0.66
4969,2027,projected,,,,,,,,,,,,,,,,,,,,,,,,,,,,
4969,2027,actual,,,,,,,,,,,,,,,,,,,,,,,,,,,,
5032,2023,projected,159.0,9.0,0.0,44.0,9.0,43.0,0.0,4.0,-18.0,78.0,4.0,0.0,20.0,1074.0,44.0,5.0,5.0,16.0,83772.0,37.0,24.0,4.0,34.0,248.0,,,189.15,2.43
5032,2023,actual,177.0,15.0,0.0,44.0,15.0,43.0,0.0,4.0,6.0,82.0,3.0,0.0,20.0,1001.06,63.0,12.0,12.0,34.0,82087.0,25.0,43.0,3.0,34.0,1672.0,,,237.15,2.89
5032,2024,projected,,,,,,,,,,,,,,,,,,,,,,,,,,,,
5032,2024,actual,168.0,12.0,0.0,28.0,12.0,42.0,0.0,3.0,1.0,78.0,6.0,0.0,17.0,1046.68,44.0,6.0,6.0,17.0,81641.0,23.0,27.0,6.0,31.0,1656.0,,,181.8,2.33
5032,2025,projected,173.0,13.0,,41.0,13.0,,,,7.0,79.0,5.0,,20.0,1026.0,51.0,8.0,8.0,18.0,81054.0,24.0,31.0,5.0,,,,,199.35,2.52
5032,2025,actual,66.0,5.0,0.0,13.0,5.0,11.0,0.0,1.0,0.0,42.0,1.0,0.0,9.0,975.79,26.0,4.0,4.0,14.0,40983.0,25.0,17.0,1.0,7.0,810.0,,,102.3,2.44
5032,2026,projected,163.0,12.0,,36.0,12.0,,,,4.0,72.0,3.0,,18.0,1008.0,49.0,9.0,9.0,20.0,72576.0,25.0,31.0,3.0,,,,,190.35,2.64
5032,2026,actual,168.0,16.0,0.0,55.0,16.0,20.0,0.0,3.0,2.0,80.0,4.0,0.0,26.0,1108.59,55.0,12.0,12.0,28.0,88687.0,43.0,29.0,4.0,12.0,1775.0,,,232.0,2.9
5032,2027,projected,159.0,15.0,,49.0,15.0,,,,2.0,76.0,4.0,,23.0,1083.7,53.0,11.0,11.0,27.0,82361.2,37.0,30.0,4.0,,,,,215.15,2.83
5032,2027,actual,,,,,,,,,,,,,,,,,,,,,,,,,,,,
5037,2023,projected,231.0,32.0,0.0,66.0,32.0,430.0,0.0,6.0,16.0,78.0,15.0,0.0,39.0,1110.0,92.0,17.0,17.0,32.0,86580.0,33.0,53.0,15.0,501.0,17.0,1.0,,352.35,4.52
5037,2023,actual,240.0,35.0,0.0,92.0,35.0,430.0,0.0,6.0,-5.0,81.0,14.0,0.0,34.0,1141.25,84.0,21.0,21.0,46.0,92441.0,51.0,50.0,14.0,501.0,1722.0,1.0,,353.2,4.36
5037,2024,projected,213.0,30.0,0.0,82.0,30.0,280.0,0.0,6.0,8.0,72.0,12.0,0.0,30.0,1122.0,75.0,18.0,18.0,40.0,80784.0,39.0,45.0,12.0,357.0,1612.0,2.0,,313.95,4.36
5037,2024,actual,262.0,39.0,0.0,69.0,39.0,280.0,0.0,6.0,-21.0,79.0,19.0,0.0,40.0,1093.71,81.0,20.0,20.0,34.0,86403.0,43.0,41.0,19.0,357.0,1612.0,2.0,,353.9,4.48
5037,2025,projected,272.0,38.0,,87.0,38.0,,,,-15.0,80.0,18.0,,40.0,1104.0,82.0,20.0,20.0,38.0,88320.0,48.0,42.0,18.0,,,,,351.7,4.4
5037,2025,actual,174.0,21.0,0.0,66.0,21.0,398.0,0.0,6.0,-36.0,82.0,14.0,0.0,27.0,1079.99,53.0,7.0,7.0,48.0,88559.0,46.0,26.0,14.0,396.0,1710.0,1.0,,256.6,3.13
5037,2026,projected,239.0,35.0,,73.0,35.0,,,,-23.0,81.0,15.0,,36.0,1092.0,78.0,20.0,20.0,42.0,88452.0,44.0,42.0,15.0,,,,,327.05,4.04
5037,2026,actual,206.0,26.0,0.0,89.0,26.0,237.0,0.0,10.0,-17.0,82.0,14.0,0.0,42.0,1069.65,66.0,12.0,12.0,58.0,87711.0,36.0,24.0,14.0,323.0,1706.0,2.0,,317.4,3.87
5037,2027,projected,214.0,27.0,,88.0,27.0,,,,-22.0,84.0,15.0,,42.0,1028.05,69.0,12.0,12.0,53.0,86356.2,39.0,27.0,15.0,,,,,309.3,3.68
5037,2027,actual,,,,,,,,,,,,,,,,,,,,,,,,,,,,
5074,2023,projected,133.0,10.0,0.0,36.0,11.0,327.0,1.0,1.0,-4.0,74.0,5.0,1.0,20.0,1014.0,43.0,6.0,5.0,16.0,75036.0,52.0,23.0,5.0,342.0,215.0,,,186.35,2.52
5074,2023,actual,132.0,10.0,0.0,28.0,10.0,327.0,0.0,1.0,-8.0,62.0,4.0,0.0,22.0,1090.81,38.0,6.0,6.0,22.0,67630.0,46.0,16.0,4.0,342.0,1459.0,,,175.8,2.84
5074,2024,projected,,,,,,,,,,,,,,,,,,,,,,,,,,,,
5074,2024,actual,140.0,10.0,2.0,91.0,15.0,506.0,3.0,4.0,9.0,82.0,5.0,5.0,24.0,1010.95,51.0,8.0,5.0,37.0,82898.0,78.0,27.0,7.0,577.0,1756.0,1.0,,249.1,3.04
5074,2025,projected,139.0,10.0,1.0,78.0,12.0,,1.0,,18.0,76.0,5.0,2.0,21.0,888.0,39.0,6.0,5.0,32.0,67488.0,49.0,18.0,6.0,,,,,192.55,2.53
5074,2025,actual,104.0,6.0,1.0,58.0,7.0,448.0,0.0,3.0,2.0,81.0,2.0,1.0,12.0,878.64,27.0,4.0,4.0,16.0,71170.0,85.0,15.0,3.0,562.0,1583.0,,,157.3,1.94
5074,2026,projected,116.0,6.0,1.0,53.0,8.0,,1.0,,7.0,77.0,3.0,2.0,16.0,882.0,33.0,4.0,3.0,24.0,67914.0,73.0,17.0,4.0,,,,,172.3,2.24
5074,2026,actual,91.0,3.0,0.0,34.0,5.0,278.0,2.0,0.0,-12.0,65.0,0.0,2.0,3.0,794.25,15.0,5.0,3.0,18.0,51626.0,75.0,12.0,0.0,327.0,1201.0,,,109.15,1.68
5074,2027,projected,85.0,5.0,1.0,48.0,7.0,,1.0,,,58.0,2.0,2.0,10.0,892.28,24.0,4.0,3.0,18.0,51752.01,60.0,14.0,3.0,,,,,129.55,2.23
5074,2027,actual,,,,,,,,,,,,,,,,,,,,,,,,,,,,
5160,2023,projected,217.0,22.0,0.0,60.0,22.0,519.0,0.0,9.0,5.0,73.0,9.0,0.0,25.0,1086.0,65.0,13.0,13.0,30.0,79278.0,44.0,40.0,9.0,726.0,89.0,1.0,,279.75,3.83
5160,2023,actual,277.0,39.0,0.0,112.0,39.0,519.0,0.0,9.0,-7.0,80.0,18.0,0.0,36.0,1059.39,80.0,21.0,21.0,34.0,84751.0,36.0,44.0,18.0,726.0,1672.0,1.0,,351.95,4.4
5160,2024,projected,256.0,33.0,0.0,108.0,33.0,551.0,0.0,6.0,-8.0,80.0,15.0,0.0,35.0,1080.0,83.0,18.0,18.0,32.0,86400.0,41.0,48.0,15.0,802.0,1638.0,,,342.3,4.28
5160,2024,actual,279.0,20.0,0.0,122.0,20.0,551.0,0.0,6.0,2.0,80.0,9.0,0.0,29.0,1071.9,65.0,11.0,11.0,30.0,85752.0,37.0,36.0,9.0,802.0,1638.0,,,294.95,3.69
5160,2025,projected,261.0,27.0,,121.0,27.0,,,,-5.0,80.0,12.0,,28.0,1056.0,75.0,15.0,15.0,32.0,84480.0,36.0,47.0,12.0,,,,,308.85,3.86
5160,2025,actual,200.0,20.0,0.0,91.0,20.0,546.0,0.0,8.0,10.0,75.0,12.0,0.0,38.0,1093.53,74.0,8.0,8.0,46.0,82015.0,45.0,36.0,12.0,762.0,1612.0,2.0,,320.6,4.27
5160,2026,projected,263.0,21.0,,123.0,21.0,,,,9.0,76.0,10.0,,31.0,1092.0,68.0,11.0,11.0,44.0,82992.0,41.0,37.0,10.0,,,,,303.05,3.99
5160,2026,actual,192.0,21.0,0.0,74.0,21.0,590.0,0.0,4.0,-28.0,82.0,12.0,0.0,31.0,1090.65,71.0,9.0,9.0,28.0,89433.0,24.0,40.0,12.0,802.0,1740.0,,,274.9,3.35
5160,2027,projected,199.0,20.0,,85.0,20.0,,,,-18.0,83.0,11.0,,33.0,1134.48,72.0,9.0,9.0,33.0,94161.84,31.0,39.0,11.0,,,,,282.75,3.41
5160,2027,actual,,,,,,,,,,,,,,,,,,,,,,,,,,,,
5161,2023,projected,206.0,16.0,0.0,32.0,16.0,122.0,0.0,3.0,4.0,77.0,8.0,0.0,32.0,1134.0,73.0,8.0,8.0,28.0,87318.0,26.0,41.0,8.0,137.0,102.0,,,274.7,3.57
5161,2023,actual,168.0,13.0,0.0,27.0,13.0,122.0,0.0,3.0,4.0,71.0,5.0,0.0,22.0,1099.11,56.0,8.0,8.0,32.0,78037.0,32.0,34.0,5.0,137.0,1417.0,,,222.7,3.14
5161,2024,projected,160.0,9.0,0.0,26.0,9.0,277.0,0.0,7.0,5.0,68.0,3.0,0.0,19.0,990.0,48.0,6.0,6.0,30.0,67320.0,28.0,29.0,3.0,360.0,1629.0,,,199.6,2.94
5161,2024,actual,172.0,16.0,0.0,28.0,16.0,277.0,0.0,7.0,15.0,80.0,6.0,0.0,25.0,1005.98,65.0,10.0,10.0,18.0,80478.0,48.0,40.0,6.0,360.0,1629.0,,,251.8,3.15
5161,2025,projected,169.0,15.0,,29.0,15.0,,,,11.0,77.0,5.0,,24.0,1014.0,61.0,10.0,10.0,26.0,78078.0,45.0,37.0,5.0,,,,,236.65,3.07
5161,2025,actual,152.0,27.0,0.0,29.0,27.0,400.0,0.0,6.0,13.0,82.0,8.0,0.0,30.0,1028.57,82.0,19.0,19.0,12.0,84343.0,21.0,52.0,8.0,440.0,1693.0,,,274.9,3.35
5161,2026,projected,157.0,19.0,,30.0,19.0,,,,14.0,81.0,6.0,,28.0,1026.0,69.0,13.0,13.0,18.0,83106.0,33.0,41.0,6.0,,,,,246.25,3.04
5161,2026,actual,89.0,14.0,0.0,29.0,14.0,244.0,0.0,4.0,-3.0,57.0,5.0,0.0,16.0,990.58,45.0,9.0,9.0,8.0,56463.0,23.0,29.0,5.0,266.0,1085.0,,,160.15,2.81
5161,2027,projected,155.0,23.0,,40.0,23.0,,,,2.0,84.0,8.0,,27.0,1114.85,77.0,15.0,15.0,14.0,93647.4,34.0,50.0,8.0,,,,,263.25,3.13
5161,2027,actual,,,,,,,,,,,,,,,,,,,,,,,,,,,,
5172,2023,projected,103.0,4.0,1.0,234.0,3.0,7.0,0.0,0.0,21.0,75.0,2.0,1.0,15.0,930.0,34.0,3.0,2.0,94.0,69750.0,44.0,19.0,0.0,7.0,250.0,,,206.15,2.75
5172,2023,actual,83.0,3.0,0.0,237.0,3.0,7.0,0.0,0.0,-6.0,65.0,0.0,0.0,7.0,899.45,21.0,3.0,3.0,97.0,58464.0,40.0,14.0,0.0,7.0,1234.0,,,163.45,2.51
5172,2024,projected,,,,,,,,,,,,,,,,,,,,,,,,,,,,
5172,2024,actual,56.0,0.0,0.0,152.0,1.0,11.0,1.0,3.0,10.0,55.0,0.0,1.0,10.0,868.93,22.0,1.0,0.0,59.0,47791.0,40.0,12.0,0.0,7.0,1010.0,,,136.7,2.49
5172,2025,projected,,,,,,,,,,,,,,,,,,,,,,,,,,,,
5172,2025,actual,91.0,0.0,0.0,252.0,0.0,12.0,0.0,1.0,7.0,77.0,0.0,0.0,14.0,868.92,29.0,0.0,0.0,75.0,66907.0,49.0,15.0,0.0,7.0,1339.0,,,182.95,2.38
5172,2026,projected,98.0,,,241.0,,,,,9.0,74.0,,,15.0,870.0,31.0,,,78.0,64380.0,43.0,16.0,,,,,,186.1,2.51
5172,2026,actual,65.0,2.0,0.0,180.0,2.0,11.0,0.0,0.0,-12.0,56.0,2.0,0.0,8.0,770.71,13.0,0.0,0.0,67.0,43160.0,47.0,5.0,2.0,9.0,872.0,1.0,,130.25,2.33
5172,2027,projected,,,,,,,,,,,,,,,,,,,,,,,,,,,,
5172,2027,actual,,,,,,,,,,,,,,,,,,,,,,,,,,,,
5193,2023,projected,,,,,,,,,,,,,,,,,,,,,,,,,,,,
5193,2023,actual,70.0,0.0,1.0,306.0,1.0,8.0,0.0,0.0,-11.0,80.0,0.0,1.0,6.0,606.01,12.0,0.0,0.0,136.0,48481.0,26.0,6.0,1.0,3.0,1148.0,,,161.1,2.01
5193,2024,projected,,,,,,,,,,,,,,,,,,,,,,,,,,,,
5193,2024,actual,49.0,0.0,0.0,159.0,0.0,8.0,0.0,0.0,-7.0,60.0,0.0,0.0,1.0,488.97,4.0,0.0,0.0,89.0,29338.0,21.0,3.0,0.0,5.0,690.0,,,92.15,1.54
5193,2025,projected,,,,,,,,,,,,,,,,,,,,,,,,,,,,
5193,2025,actual,25.0,0.0,0.0,85.0,0.0,2.0,0.0,0.0,-9.0,31.0,0.0,0.0,2.0,458.13,3.0,0.0,0.0,15.0,14202.0,9.0,1.0,0.0,1.0,323.0,,,34.75,1.12
5193,2026,projected,,,,,,,,,,,,,,,,,,,,,,,,,,,,
5193,2026,actual,18.0,0.0,0.0,121.0,0.0,0.0,0.0,0.0,-3.0,31.0,0.0,0.0,0.0,512.84,2.0,0.0,0.0,38.0,15898.0,8.0,2.0,0.0,1.0,360.0,,,43.6,1.41
5193,2027,projected,,,,,,,,,,,,,,,,,,,,,,,,,,,,
5193,2027,actual,,,,,,,,,,,,,,,,,,,,,,,,,,,,
5208,2023,projected,195.0,22.0,2.0,22.0,25.0,396.0,1.0,4.0,18.0,80.0,6.0,3.0,24.0,1200.0,69.0,17.0,16.0,12.0,96000.0,40.0,45.0,8.0,499.0,95.0,1.0,,264.95,3.31
5208,2023,actual,102.0,5.0,1.0,18.0,6.0,396.0,0.0,4.0,-21.0,53.0,1.0,1.0,16.0,1076.34,30.0,4.0,4.0,16.0,57046.0,23.0,14.0,2.0,499.0,1224.0,1.0,,134.8,2.54
5208,2024,projected,,,,,,,,,,,,,,,,,,,,,,,,,,,,
5208,2024,actual,180.0,28.0,0.0,21.0,28.0,708.0,0.0,1.0,6.0,82.0,14.0,0.0,26.0,1185.95,69.0,14.0,14.0,18.0,97248.0,56.0,43.0,14.0,828.0,1979.0,1.0,,273.1,3.33
5208,2025,projected,169.0,17.0,,28.0,17.0,,,,5.0,80.0,9.0,,25.0,1188.0,64.0,8.0,8.0,16.0,95040.0,57.0,39.0,9.0,,,,,247.55,3.09
5208,2025,actual,151.0,17.0,0.0,20.0,17.0,592.0,0.0,3.0,-23.0,79.0,9.0,0.0,21.0,1139.3,53.0,8.0,8.0,24.0,90005.0,72.0,32.0,9.0,747.0,1829.0,1.0,,233.75,2.96
5208,2026,projected,171.0,29.0,,25.0,29.0,,,,8.0,77.0,8.0,,24.0,1152.0,59.0,21.0,21.0,22.0,88704.0,49.0,35.0,8.0,,,,,241.25,3.13
5208,2026,actual,154.0,20.0,2.0,17.0,23.0,602.0,1.0,8.0,8.0,81.0,5.0,3.0,25.0,1223.69,74.0,16.0,15.0,22.0,99119.0,66.0,49.0,7.0,740.0,1954.0,1.0,,285.7,3.53
5208,2027,projected,158.0,19.0,2.0,20.0,23.0,,2.0,,4.0,83.0,6.0,4.0,25.0,1261.86,71.0,15.0,13.0,24.0,104734.38,72.0,46.0,8.0,,,,,275.0,3.31
5208,2027,actual,,,,,,,,,,,,,,,,,,,,,,,,,,,,
5219,2023,projected,162.0,17.0,0.0,133.0,17.0,542.0,0.0,3.0,7.0,77.0,6.0,0.0,22.0,1086.0,57.0,11.0,11.0,46.0,83622.0,28.0,35.0,6.0,473.0,141.0,,,241.3,3.13
5219,2023,actual,144.0,15.0,0.0,140.0,15.0,542.0,0.0,3.0,-27.0,82.0,6.0,0.0,21.0,1105.76,65.0,9.0,9.0,50.0,90672.0,41.0,44.0,6.0,473.0,1806.0,,,260.0,3.17
5219,2024,projected,102.0,7.0,1.0,106.0,7.0,466.0,0.0,3.0,-16.0,57.0,3.0,1.0,15.0,1068.0,40.0,4.0,4.0,36.0,60876.0,18.0,25.0,3.0,454.0,1738.0,1.0,,171.1,3.0
5219,2024,actual,170.0,12.0,1.0,151.0,13.0,466.0,0.0,3.0,-22.0,82.0,4.0,1.0,20.0,1066.85,46.0,8.0,8.0,56.0,87482.0,51.0,26.0,5.0,454.0,1738.0,1.0,,239.1,2.92
5219,2025,projected,167.0,16.0,,156.0,16.0,,,,-24.0,82.0,7.0,,22.0,1068.0,59.0,9.0,9.0,54.0,87576.0,47.0,37.0,7.0,,,,,259.35,3.16
5219,2025,actual,145.0,7.0,0.0,193.0,7.0,564.0,0.0,5.0,3.0,82.0,2.0,0.0,18.0,1053.66,50.0,5.0,5.0,61.0,86400.0,55.0,32.0,2.0,618.0,1818.0,,,241.05,2.94
5219,2026,projected,163.0,13.0,,171.0,13.0,,,,-16.0,82.0,4.0,,19.0,1068.0,55.0,9.0,9.0,58.0,87576.0,52.0,36.0,4.0,,,,,250.35,3.05
5219,2026,actual,119.0,9.0,0.0,180.0,9.0,387.0,0.0,2.0,-28.0,80.0,4.0,0.0,18.0,1006.12,39.0,5.0,5.0,68.0,80490.0,41.0,21.0,4.0,456.0,1669.0,,,206.75,2.58
5219,2027,projected,132.0,9.0,,186.0,9.0,,,,-25.0,84.0,3.0,,22.0,996.76,48.0,6.0,6.0,69.0,83728.01,47.0,26.0,3.0,,,,,233.6,2.78
5219,2027,actual,,,,,,,,,,,,,,,,,,,,,,,,,,,,
5251,2023,projected,247.0,16.0,2.0,174.0,20.0,22.0,2.0,3.0,21.0,76.0,8.0,4.0,37.0,1170.0,71.0,10.0,8.0,135.0,88920.0,25.0,34.0,10.0,12.0,53.0,2.0,,365.15,4.8
5251,2023,actual,146.0,2.0,1.0,124.0,4.0,22.0,1.0,3.0,-4.0,41.0,0.0,2.0,16.0,1122.2,28.0,3.0,2.0,53.0,46010.0,15.0,12.0,1.0,12.0,869.0,2.0,,167.9,4.1
5251,2024,projected,190.0,5.0,1.0,154.0,7.0,38.0,1.0,3.0,11.0,58.0,3.0,2.0,21.0,1128.0,38.0,3.0,2.0,77.0,65424.0,19.0,17.0,4.0,35.0,1458.0,2.0,,223.9,3.86
5251,2024,actual,220.0,7.0,1.0,236.0,8.0,38.0,0.0,3.0,-4.0,77.0,2.0,1.0,24.0,1006.61,44.0,5.0,5.0,85.0,77509.0,29.0,20.0,3.0,35.0,1458.0,2.0,,263.1,3.42
5251,2025,projected,218.0,9.0,1.0,261.0,11.0,,1.0,,-6.0,71.0,3.0,2.0,26.0,1020.0,44.0,7.0,6.0,90.0,72420.0,31.0,18.0,4.0,,,,,264.1,3.72
5251,2025,actual,,,,,,,,,,,,,,,,,,,,,,,,,,,,
5251,2026,projected,210.0,11.0,1.0,218.0,13.0,,1.0,,-6.0,73.0,4.0,2.0,23.0,1014.0,46.0,8.0,7.0,92.0,74022.0,25.0,23.0,5.0,,,,,258.3,3.54
5251,2026,actual,171.0,6.0,0.0,111.0,6.0,35.0,0.0,1.0,-20.0,71.0,2.0,0.0,13.0,984.92,31.0,4.0,4.0,92.0,69929.0,28.0,18.0,2.0,21.0,1397.0,,,193.85,2.73
5251,2027,projected,185.0,6.0,,134.0,6.0,,,,-18.0,76.0,2.0,,15.0,1024.0,35.0,4.0,4.0,94.0,77824.0,31.0,20.0,2.0,,,,,211.15,2.78
5251,2027,actual,,,,,,,,,,,,,,,,,,,,,,,,,,,,
5262,2023,projected,,,,,,,,,,,,,,,,,,,,,,,,,,,,
5262,2023,actual,111.0,0.0,0.0,188.0,2.0,438.0,2.0,0.0,-1.0,81.0,0.0,2.0,6.0,872.11,21.0,2.0,0.0,54.0,70641.0,58.0,15.0,0.0,501.0,1773.0,,,152.55,1.88
5262,2024,projected,,,,,,,,,,,,,,,,,,,,,,,,,,,,
5262,2024,actual,82.0,1.0,1.0,120.0,2.0,301.0,0.0,1.0,-2.0,70.0,0.0,1.0,10.0,836.46,23.0,1.0,1.0,22.0,58552.0,71.0,13.0,1.0,345.0,1433.0,,,138.5,1.98
5262,2025,projected,,,,,,,,,,,,,,,,,,,,,,,,,,,,
5262,2025,actual,97.0,1.0,1.0,201.0,2.0,274.0,0.0,1.0,-13.0,82.0,0.0,1.0,7.0,782.44,17.0,1.0,1.0,51.0,64160.0,66.0,10.0,1.0,337.0,1497.0,,,147.35,1.8
5262,2026,projected,,,,,,,,,,,,,,,,,,,,,,,,,,,,
5262,2026,actual,80.0,0.0,1.0,153.0,2.0,291.0,1.0,0.0,-3.0,81.0,0.0,2.0,10.0,706.07,18.0,1.0,0.0,20.0,57192.0,57.0,8.0,1.0,351.0,1355.0,,,122.8,1.52
5262,2027,projected,,,,,,,,,,,,,,,,,,,,,,,,,,,,
5262,2027,actual,,,,,,,,,,,,,,,,,,,,,,,,,,,,
5337,2023,projected,,,,,,,,,,,,,,,,,,,,,,,,,,,,
5337,2023,actual,,,,,,,,,,,,,,,,,,,,,,,,,,,,
5337,2024,projected,,,,,,,,,,,,,,,,,,,,,,,,,,,,
5337,2024,actual,,,,,,,,,,,,,,,,,,,,,,,,,,,,
5337,2025,projected,,,,,,,,,,,,,,,,,,,,,,,,,,,,
5337,2025,actual,,,,,,,,,,,,,,,,,,,,,,,,,,,,
5337,2026,projected,,,,,,,,,,,,,,,,,,,,,,,,,,,,
5337,2026,actual,3.0,0.0,0.0,6.0,0.0,0.0,0.0,0.0,0.0,3.0,0.0,0.0,0.0,520.67,0.0,0.0,0.0,5.0,1562.0,0.0,0.0,0.0,0.0,39.0,,,3.85,1.28
5337,2027,projected,,,,,,,,,,,,,,,,,,,,,,,,,,,,
5337,2027,actual,,,,,,,,,,,,,,,,,,,,,,,,,,,,
5349,2023,projected,220.0,16.0,0.0,64.0,16.0,648.0,0.0,4.0,6.0,77.0,5.0,0.0,25.0,1080.0,57.0,11.0,11.0,47.0,83160.0,22.0,32.0,5.0,586.0,158.0,,,249.4,3.24
5349,2023,actual,267.0,19.0,0.0,99.0,19.0,648.0,0.0,4.0,-18.0,82.0,11.0,0.0,24.0,1032.52,56.0,8.0,8.0,56.0,84667.0,31.0,32.0,11.0,586.0,1791.0,,,275.15,3.36
5349,2024,projected,205.0,13.0,0.0,48.0,13.0,618.0,0.0,4.0,-15.0,68.0,6.0,0.0,16.0,990.0,36.0,7.0,7.0,54.0,67320.0,17.0,20.0,6.0,592.0,1798.0,,,193.05,2.84
5349,2024,actual,277.0,22.0,0.0,49.0,22.0,618.0,0.0,4.0,0.0,82.0,10.0,0.0,29.0,1105.55,75.0,12.0,12.0,43.0,90655.0,24.0,46.0,10.0,592.0,1798.0,,,306.65,3.74
5349,2025,projected,252.0,19.0,,78.0,19.0,,,,-9.0,82.0,10.0,,27.0,1092.0,68.0,9.0,9.0,68.0,89544.0,27.0,41.0,10.0,,,,,295.8,3.61
5349,2025,actual,279.0,22.0,0.0,55.0,22.0,785.0,0.0,5.0,-17.0,82.0,9.0,0.0,35.0,1161.29,67.0,13.0,13.0,72.0,95226.0,30.0,32.0,9.0,679.0,1922.0,,,315.75,3.85
5349,2026,projected,278.0,22.0,,61.0,22.0,,,,-18.0,82.0,10.0,,32.0,1128.0,66.0,12.0,12.0,58.0,92496.0,29.0,34.0,10.0,,,,,299.1,3.65
5349,2026,actual,213.0,19.0,0.0,50.0,19.0,525.0,0.0,2.0,-30.0,77.0,5.0,0.0,16.0,1142.01,50.0,14.0,14.0,30.0,87935.0,30.0,34.0,5.0,464.0,1694.0,,,218.25,2.83
5349,2027,projected,241.0,21.0,,55.0,21.0,,,,-27.0,84.0,6.0,,22.0,1101.87,60.0,15.0,15.0,42.0,92557.08,34.0,38.0,6.0,,,,,259.25,3.09
5349,2027,actual,,,,,,,,,,,,,,,,,,,,,,,,,,,,
5393,2023,projected,,,,,,,,,,,,,,,,,,,,,,,,,,,,
5393,2023,actual,9.0,0.0,1.0,12.0,1.0,0.0,0.0,0.0,-1.0,4.0,0.0,1.0,1.0,982.25,3.0,0.0,0.0,0.0,3929.0,4.0,2.0,1.0,1.0,87.0,,,14.45,3.61
5393,2024,projected,,,,,,,,,,,,,,,,,,,,,,,,,,,,
5393,2024,actual,,,,,,,,,,,,,,,,,,,,,,,,,,,,
5393,2025,projected,,,,,,,,,,,,,,,,,,,,,,,,,,,,
5393,2025,actual,,,,,,,,,,,,,,,,,,,,,,,,,,,,
5393,2026,projected,,,,,,,,,,,,,,,,,,,,,,,,,,,,
5393,2026,actual,0.0,0.0,0.0,2.0,0.0,2.0,0.0,0.0,0.0,1.0,0.0,0.0,0.0,321.0,0.0,0.0,0.0,0.0,321.0,0.0,0.0,0.0,2.0,9.0,,,0.2,0.2
5393,2027,projected,,,,,,,,,,,,,,,,,,,,,,,,,,,,
5393,2027,actual,,,,,,,,,,,,,,,,,,,,,,,,,,,,
5428,2023,projected,212.0,13.0,0.0,48.0,13.0,5.0,0.0,5.0,8.0,76.0,6.0,0.0,19.0,1020.0,56.0,7.0,7.0,38.0,77520.0,29.0,37.0,6.0,4.0,188.0,,,236.8,3.12
5428,2023,actual,150.0,8.0,0.0,35.0,8.0,5.0,0.0,5.0,11.0,61.0,4.0,0.0,16.0,955.75,36.0,4.0,4.0,24.0,58301.0,33.0,20.0,4.0,4.0,1273.0,,,168.5,2.76
5428,2024,projected,180.0,11.0,0.0,45.0,11.0,3.0,0.0,1.0,-14.0,68.0,5.0,0.0,17.0,1056.0,43.0,6.0,6.0,32.0,71808.0,32.0,26.0,5.0,6.0,177.0,,,193.5,2.85
5428,2024,actual,20.0,1.0,0.0,5.0,1.0,3.0,0.0,1.0,-3.0,10.0,0.0,0.0,2.0,979.8,4.0,1.0,1.0,4.0,9798.0,3.0,2.0,0.0,6.0,177.0,,,20.5,2.05
5428,2025,projected,159.0,12.0,,37.0,12.0,,,,-19.0,63.0,5.0,,13.0,972.0,32.0,7.0,7.0,40.0,61236.0,33.0,19.0,5.0,,,,,165.45,2.63
5428,2025,actual,144.0,9.0,0.0,43.0,9.0,50.0,0.0,3.0,-14.0,77.0,5.0,0.0,18.0,910.43,42.0,4.0,4.0,36.0,70103.0,42.0,24.0,5.0,43.0,1381.0,2.0,,197.3,2.56
5428,2026,projected,148.0,18.0,,48.0,18.0,,,,9.0,75.0,7.0,,22.0,936.0,49.0,11.0,11.0,32.0,70200.0,41.0,27.0,7.0,,,,,210.8,2.81
5428,2026,actual,137.0,7.0,0.0,54.0,7.0,29.0,0.0,1.0,6.0,80.0,3.0,0.0,18.0,871.77,48.0,4.0,4.0,44.0,69742.0,30.0,30.0,3.0,20.0,1435.0,,,196.65,2.46
5428,2027,projected,126.0,7.0,,50.0,7.0,,,,3.0,75.0,3.0,,17.0,855.57,46.0,4.0,4.0,37.0,64167.97,31.0,29.0,3.0,,,,,184.5,2.46
5428,2027,actual,,,,,,,,,,,,,,,,,,,,,,,,,,,,
5430,2023,projected,246.0,16.0,1.0,99.0,16.0,394.0,1.0,3.0,-16.0,80.0,4.0,2.0,26.0,1110.0,57.0,12.0,12.0,28.0,88800.0,32.0,31.0,4.0,476.0,125.0,,,257.4,3.22
5430,2023,actual,189.0,11.0,1.0,84.0,13.0,394.0,1.0,3.0,3.0,76.0,7.0,2.0,21.0,997.05,50.0,5.0,4.0,24.0,75776.0,23.0,29.0,8.0,476.0,1665.0,,,215.15,2.83
5430,2024,projected,135.0,6.0,0.0,68.0,6.0,266.0,2.0,3.0,-8.0,63.0,3.0,2.0,13.0,960.0,31.0,3.0,3.0,22.0,60480.0,18.0,18.0,3.0,342.0,1468.0,,,145.05,2.3
5430,2024,actual,154.0,8.0,0.0,53.0,10.0,266.0,2.0,3.0,10.0,68.0,3.0,2.0,25.0,992.82,52.0,7.0,5.0,26.0,67512.0,22.0,27.0,3.0,342.0,1468.0,,,207.3,3.05
5430,2025,projected,183.0,12.0,,76.0,12.0,,,,14.0,71.0,4.0,,26.0,990.0,57.0,8.0,8.0,28.0,70290.0,24.0,31.0,4.0,,,,,227.35,3.2
5430,2025,actual,46.0,3.0,0.0,5.0,3.0,82.0,0.0,2.0,15.0,20.0,3.0,0.0,9.0,968.95,21.0,0.0,0.0,4.0,19379.0,6.0,12.0,3.0,92.0,425.0,,,73.0,3.65
5430,2026,projected,182.0,9.0,,72.0,9.0,,,,12.0,69.0,3.0,,22.0,990.0,45.0,6.0,6.0,32.0,68310.0,24.0,23.0,3.0,,,,,198.7,2.88
5430,2026,actual,31.0,4.0,0.0,18.0,4.0,109.0,0.0,2.0,10.0,27.0,1.0,0.0,7.0,999.7,17.0,3.0,3.0,2.0,26992.0,6.0,10.0,1.0,126.0,554.0,,,59.05,2.19
5430,2027,projected,128.0,6.0,,50.0,6.0,,,,7.0,56.0,2.0,,17.0,998.88,35.0,4.0,4.0,22.0,55937.0,18.0,18.0,2.0,,,,,148.0,2.64
5430,2027,actual,,,,,,,,,,,,,,,,,,,,,,,,,,,,
5474,2023,projected,,,,,,,,,,,,,,,,,,,,,,,,,,,,
5474,2023,actual,50.0,0.0,0.0,98.0,0.0,187.0,0.0,0.0,-16.0,52.0,0.0,0.0,3.0,633.92,7.0,0.0,0.0,86.0,32964.0,24.0,4.0,0.0,182.0,783.0,,,94.3,1.81
5474,2024,projected,,,,,,,,,,,,,,,,,,,,,,,,,,,,
5474,2024,actual,92.0,1.0,2.0,136.0,3.0,366.0,0.0,0.0,-11.0,77.0,1.0,2.0,10.0,733.17,16.0,0.0,0.0,102.0,56454.0,35.0,6.0,3.0,419.0,1317.0,,,152.1,1.98
5474,2025,projected,,,,,,,,,,,,,,,,,,,,,,,,,,,,
5474,2025,actual,81.0,0.0,1.0,130.0,3.0,308.0,2.0,2.0,5.0,77.0,0.0,3.0,6.0,717.06,19.0,2.0,0.0,56.0,55214.0,39.0,13.0,1.0,358.0,1321.0,,,130.75,1.7
5474,2026,projected,,,,,,,,,,,,,,,,,,,,,,,,,,,,
5474,2026,actual,75.0,0.0,0.0,106.0,1.0,244.0,1.0,1.0,2.0,73.0,0.0,1.0,9.0,628.22,16.0,1.0,0.0,65.0,45860.0,35.0,7.0,0.0,296.0,1127.0,,,122.35,1.68
5474,2027,projected,,,,,,,,,,,,,,,,,,,,,,,,,,,,
5474,2027,actual,,,,,,,,,,,,,,,,,,,,,,,,,,,,
5509,2023,projected,201.0,9.0,1.0,70.0,10.0,6.0,0.0,3.0,-7.0,73.0,5.0,1.0,26.0,1170.0,51.0,4.0,4.0,32.0,85410.0,28.0,25.0,6.0,6.0,187.0,1.0,,230.25,3.15
5509,2023,actual,276.0,26.0,0.0,77.0,26.0,6.0,0.0,3.0,13.0,79.0,15.0,0.0,36.0,1209.04,83.0,11.0,11.0,39.0,95514.0,19.0,47.0,15.0,6.0,1712.0,1.0,,334.2,4.23
5509,2024,projected,238.0,18.0,0.0,75.0,18.0,9.0,0.0,7.0,11.0,77.0,10.0,0.0,31.0,1200.0,66.0,8.0,8.0,37.0,92400.0,28.0,35.0,10.0,7.0,1619.0,4.0,,295.5,3.84
5509,2024,actual,290.0,20.0,0.0,74.0,20.0,9.0,0.0,7.0,36.0,80.0,15.0,0.0,54.0,1170.03,77.0,5.0,5.0,48.0,93602.0,37.0,23.0,15.0,7.0,1619.0,4.0,,366.9,4.59
5509,2025,projected,289.0,22.0,,82.0,22.0,,,,22.0,80.0,15.0,,48.0,1182.0,74.0,7.0,7.0,42.0,94560.0,29.0,26.0,15.0,,,,,330.45,4.13
5509,2025,actual,210.0,12.0,0.0,58.0,12.0,3.0,0.0,7.0,9.0,73.0,6.0,0.0,27.0,1132.89,44.0,6.0,6.0,32.0,82701.0,24.0,17.0,6.0,2.0,1458.0,,,217.3,2.98
5509,2026,projected,225.0,17.0,,71.0,17.0,,,,19.0,76.0,9.0,,31.0,1146.0,52.0,8.0,8.0,40.0,87096.0,31.0,21.0,9.0,,,,,246.85,3.25
5509,2026,actual,159.0,15.0,0.0,56.0,15.0,1.0,0.0,2.0,13.0,58.0,10.0,0.0,31.0,1199.03,52.0,5.0,5.0,28.0,69544.0,18.0,21.0,10.0,0.0,1197.0,1.0,,220.85,3.81
5509,2027,projected,245.0,23.0,,79.0,23.0,,,,16.0,84.0,15.0,,46.0,1167.98,74.0,8.0,8.0,43.0,98110.32,31.0,28.0,15.0,,,,,319.15,3.8
5509,2027,actual,,,,,,,,,,,,,,,,,,,,,,,,,,,,
5511,2023,projected,143.0,6.0,0.0,97.0,7.0,5.0,0.0,2.0,14.0,77.0,4.0,0.0,23.0,918.0,44.0,3.0,2.0,36.0,70686.0,18.0,21.0,4.0,8.0,268.0,,,190.45,2.47
5511,2023,actual,181.0,7.0,0.0,165.0,7.0,5.0,0.0,2.0,-13.0,78.0,4.0,0.0,24.0,977.21,41.0,3.0,3.0,22.0,76222.0,33.0,17.0,4.0,8.0,1509.0,,,202.75,2.6
5511,2024,projected,115.0,3.0,0.0,95.0,3.0,31.0,0.0,3.0,-9.0,62.0,2.0,0.0,15.0,948.0,28.0,1.0,1.0,20.0,58776.0,14.0,13.0,2.0,26.0,1466.0,1.0,,134.75,2.17
5511,2024,actual,170.0,4.0,0.0,106.0,4.0,31.0,0.0,3.0,12.0,77.0,3.0,0.0,18.0,897.9,34.0,1.0,1.0,34.0,69138.0,42.0,16.0,3.0,26.0,1466.0,1.0,,186.6,2.42
5511,2025,projected,197.0,4.0,,108.0,4.0,,,,14.0,73.0,2.0,,23.0,912.0,48.0,2.0,2.0,28.0,66576.0,37.0,25.0,2.0,,,,,214.55,2.94
5511,2025,actual,150.0,11.0,0.0,151.0,11.0,26.0,0.0,3.0,16.0,82.0,4.0,0.0,17.0,891.12,37.0,7.0,7.0,24.0,73072.0,39.0,20.0,4.0,20.0,1559.0,,,185.6,2.26
5511,2026,projected,168.0,9.0,,141.0,9.0,,,,14.0,81.0,3.0,,19.0,894.0,38.0,6.0,6.0,32.0,72414.0,40.0,19.0,3.0,,,,,193.1,2.38
5511,2026,actual,84.0,5.0,0.0,70.0,5.0,4.0,0.0,2.0,-7.0,61.0,1.0,0.0,8.0,826.15,19.0,4.0,4.0,18.0,50395.0,20.0,11.0,1.0,3.0,1085.0,,,98.0,1.61
5511,2027,projected,,,,,,,,,,,,,,,,,,,,,,,,,,,,
5511,2027,actual,,,,,,,,,,,,,,,,,,,,,,,,,,,,
5517,2023,projected,148.0,7.0,1.0,75.0,8.0,15.0,0.0,3.0,-4.0,66.0,2.0,1.0,15.0,912.0,36.0,5.0,5.0,45.0,60192.0,23.0,21.0,3.0,10.0,318.0,,,175.0,2.65
5517,2023,actual,122.0,5.0,0.0,76.0,5.0,15.0,0.0,3.0,13.0,55.0,3.0,0.0,16.0,1025.91,33.0,2.0,2.0,24.0,56425.0,17.0,17.0,3.0,10.0,1208.0,,,147.6,2.68
5517,2024,projected,,,,,,,,,,,,,,,,,,,,,,,,,,,,
5517,2024,actual,218.0,20.0,0.0,77.0,20.0,21.0,0.0,8.0,-16.0,82.0,10.0,0.0,30.0,1033.18,54.0,10.0,10.0,26.0,84721.0,42.0,24.0,10.0,13.0,1807.0,1.0,,260.2,3.17
5517,2025,projected,201.0,13.0,,83.0,13.0,,,,-12.0,78.0,7.0,,27.0,1038.0,52.0,6.0,6.0,28.0,80964.0,37.0,25.0,7.0,,,,,232.05,2.98
5517,2025,actual,169.0,9.0,0.0,54.0,10.0,20.0,1.0,2.0,-17.0,82.0,5.0,1.0,24.0,1110.99,48.0,5.0,4.0,20.0,91101.0,48.0,24.0,5.0,13.0,1850.0,,,211.65,2.58
5517,2026,projected,186.0,14.0,,77.0,14.0,,,,-15.0,82.0,6.0,,25.0,1068.0,52.0,8.0,8.0,22.0,87576.0,42.0,27.0,6.0,,,,,225.2,2.75
5517,2026,actual,71.0,5.0,1.0,19.0,6.0,2.0,0.0,1.0,-2.0,25.0,1.0,1.0,6.0,1132.6,18.0,4.0,4.0,8.0,28315.0,9.0,12.0,2.0,2.0,551.0,,,76.15,3.05
5517,2027,projected,169.0,12.0,,62.0,12.0,,,,-15.0,72.0,6.0,,22.0,1067.72,41.0,6.0,6.0,20.0,76875.84,40.0,19.0,6.0,,,,,191.45,2.66
5517,2027,actual,,,,,,,,,,,,,,,,,,,,,,,,,,,,
5526,2023,projected,,,,,,,,,,,,,,,,,,,,,,,,,,,,
5526,2023,actual,54.0,0.0,0.0,103.0,0.0,2.0,0.0,0.0,-1.0,61.0,0.0,0.0,7.0,604.54,16.0,0.0,0.0,14.0,36877.0,29.0,9.0,0.0,2.0,833.0,,,84.3,1.38
5526,2024,projected,,,,,,,,,,,,,,,,,,,,,,,,,,,,
5526,2024,actual,32.0,0.0,0.0,67.0,0.0,14.0,0.0,0.0,-6.0,34.0,0.0,0.0,1.0,611.88,4.0,0.0,0.0,4.0,20804.0,15.0,3.0,0.0,3.0,503.0,,,33.2,0.98
5526,2025,projected,,,,,,,,,,,,,,,,,,,,,,,,,,,,
5526,2025,actual,,,,,,,,,,,,,,,,,,,,,,,,,,,,
5526,2026,projected,,,,,,,,,,,,,,,,,,,,,,,,,,,,
5526,2026,actual,26.0,0.0,0.0,78.0,0.0,3.0,0.0,0.0,-4.0,32.0,0.0,0.0,2.0,466.38,2.0,0.0,0.0,24.0,14924.0,19.0,0.0,0.0,0.0,323.0,,,41.8,1.31
5526,2027,projected,,,,,,,,,,,,,,,,,,,,,,,,,,,,
5526,2027,actual,,,,,,,,,,,,,,,,,,,,,,,,,,,,
5540,2023,projected,274.0,10.0,0.0,28.0,10.0,158.0,0.0,3.0,-12.0,80.0,4.0,0.0,31.0,1038.0,58.0,6.0,6.0,34.0,83040.0,18.0,27.0,4.0,142.0,165.0,,,254.3,3.18
5540,2023,actual,242.0,21.0,0.0,21.0,21.0,158.0,0.0,3.0,15.0,79.0,8.0,0.0,35.0,1043.84,82.0,13.0,13.0,39.0,82463.0,14.0,47.0,8.0,142.0,1667.0,,,305.6,3.87
5540,2024,projected,236.0,12.0,0.0,20.0,12.0,72.0,0.0,3.0,11.0,77.0,5.0,0.0,31.0,1050.0,66.0,7.0,7.0,36.0,80850.0,13.0,35.0,5.0,52.0,1423.0,1.0,,263.0,3.42
5540,2024,actual,211.0,12.0,0.0,22.0,12.0,72.0,0.0,3.0,-2.0,74.0,8.0,0.0,24.0,959.77,46.0,4.0,4.0,34.0,71023.0,13.0,22.0,8.0,52.0,1423.0,1.0,,210.45,2.84
5540,2025,projected,224.0,19.0,,25.0,19.0,,,,-5.0,77.0,8.0,,27.0,1002.0,52.0,11.0,11.0,38.0,77154.0,13.0,25.0,8.0,,,,,228.5,2.97
5540,2025,actual,144.0,2.0,0.0,44.0,2.0,21.0,0.0,1.0,1.0,72.0,0.0,0.0,16.0,779.99,29.0,2.0,2.0,26.0,56159.0,23.0,13.0,0.0,22.0,1181.0,,,140.9,1.96
5540,2026,projected,,,,,,,,,,,,,,,,,,,,,,,,,,,,
5540,2026,actual,56.0,4.0,0.0,17.0,4.0,8.0,0.0,0.0,-8.0,32.0,2.0,0.0,6.0,740.53,13.0,2.0,2.0,14.0,23697.0,11.0,7.0,2.0,3.0,517.0,,,63.2,1.98
5540,2027,projected,,,,,,,,,,,,,,,,,,,,,,,,,,,,
5540,2027,actual,,,,,,,,,,,,,,,,,,,,,,,,,,,,
5545,2023,projected,172.0,17.0,1.0,58.0,18.0,3.0,0.0,1.0,16.0,66.0,6.0,1.0,23.0,1140.0,64.0,11.0,11.0,27.0,75240.0,53.0,41.0,7.0,0.0,106.0,,,254.3,3.85
5545,2023,actual,113.0,9.0,2.0,31.0,11.0,3.0,0.0,1.0,11.0,43.0,3.0,2.0,17.0,1162.6,38.0,6.0,6.0,10.0,49992.0,23.0,21.0,5.0,0.0,953.0,,,151.85,3.53
5545,2024,projected,130.0,12.0,1.0,45.0,14.0,4.0,1.0,5.0,9.0,50.0,4.0,2.0,19.0,1152.0,47.0,9.0,8.0,10.0,57600.0,30.0,28.0,5.0,0.0,1198.0,1.0,,189.0,3.78
5545,2024,actual,117.0,14.0,2.0,29.0,18.0,4.0,2.0,5.0,1.0,56.0,4.0,4.0,16.0,1164.43,53.0,12.0,10.0,22.0,65208.0,40.0,37.0,6.0,0.0,1198.0,1.0,,208.15,3.72
5545,2025,projected,157.0,13.0,2.0,43.0,17.0,,2.0,,6.0,60.0,4.0,4.0,23.0,1164.0,61.0,11.0,9.0,26.0,69840.0,37.0,38.0,6.0,,,,,234.55,3.91
5545,2025,actual,131.0,25.0,0.0,32.0,26.0,10.0,1.0,4.0,22.0,66.0,5.0,1.0,19.0,1155.26,67.0,21.0,20.0,14.0,76247.0,42.0,48.0,5.0,5.0,1404.0,,,236.95,3.59
5545,2026,projected,129.0,14.0,1.0,33.0,16.0,,1.0,,13.0,70.0,3.0,2.0,18.0,1164.0,58.0,12.0,11.0,16.0,81480.0,41.0,40.0,4.0,,,,,209.55,2.99
5545,2026,actual,130.0,27.0,1.0,31.0,29.0,10.0,1.0,4.0,26.0,60.0,9.0,2.0,28.0,1152.9,73.0,19.0,18.0,9.0,69174.0,47.0,45.0,10.0,4.0,1268.0,,,262.6,4.38
5545,2027,projected,135.0,26.0,1.0,31.0,28.0,,1.0,,25.0,62.0,8.0,2.0,26.0,1184.66,71.0,19.0,18.0,11.0,73448.92,47.0,45.0,9.0,,,,,253.85,4.09
5545,2027,actual,,,,,,,,,,,,,,,,,,,,,,,,,,,,
5550,2023,projected,197.0,13.0,1.0,75.0,25.0,5.0,1.0,4.0,6.0,73.0,7.0,2.0,22.0,1008.0,48.0,15.0,6.0,12.0,73584.0,18.0,26.0,10.0,7.0,285.0,,,206.75,2.83
5550,2023,actual,268.0,25.0,0.0,59.0,25.0,5.0,0.0,4.0,16.0,82.0,10.0,0.0,34.0,996.66,73.0,15.0,15.0,28.0,81726.0,14.0,39.0,10.0,7.0,1893.0,,,295.4,3.6
5550,2024,projected,244.0,21.0,1.0,70.0,22.0,44.0,0.0,4.0,14.0,77.0,8.0,1.0,30.0,996.0,67.0,13.0,13.0,22.0,76692.0,19.0,37.0,9.0,27.0,1686.0,2.0,,279.0,3.62
5550,2024,actual,229.0,18.0,0.0,64.0,18.0,44.0,0.0,4.0,-6.0,79.0,11.0,0.0,33.0,1017.61,55.0,7.0,7.0,14.0,80391.0,11.0,22.0,11.0,27.0,1686.0,2.0,,243.65,3.08
5550,2025,projected,244.0,21.0,1.0,70.0,23.0,,1.0,,14.0,77.0,8.0,2.0,30.0,996.0,67.0,14.0,13.0,22.0,76692.0,19.0,37.0,9.0,,,,,270.0,3.51
5550,2025,actual,233.0,15.0,0.0,54.0,15.0,11.0,0.0,1.0,-21.0,78.0,6.0,0.0,30.0,1015.77,54.0,9.0,9.0,14.0,79230.0,32.0,24.0,6.0,13.0,1548.0,,,236.15,3.03
5550,2026,projected,229.0,17.0,,61.0,17.0,,,,-17.0,77.0,7.0,,31.0,1008.0,56.0,10.0,10.0,18.0,77616.0,20.0,25.0,7.0,,,,,237.35,3.08
5550,2026,actual,172.0,15.0,0.0,48.0,15.0,16.0,0.0,2.0,-12.0,79.0,6.0,0.0,19.0,898.72,49.0,9.0,9.0,10.0,70999.0,31.0,30.0,6.0,6.0,1453.0,,,197.8,2.5
5550,2027,projected,194.0,16.0,,54.0,16.0,,,,-13.0,81.0,7.0,,23.0,885.53,53.0,9.0,9.0,11.0,71728.01,30.0,30.0,7.0,,,,,214.9,2.65
5550,2027,actual,,,,,,,,,,,,,,,,,,,,,,,,,,,,
5560,2023,projected,152.0,22.0,0.0,26.0,29.0,36.0,0.0,3.0,13.0,66.0,6.0,0.0,19.0,1080.0,60.0,20.0,16.0,18.0,71280.0,28.0,41.0,9.0,25.0,162.0,1.0,,222.6,3.37
5560,2023,actual,198.0,29.0,0.0,51.0,29.0,36.0,0.0,3.0,-3.0,78.0,9.0,0.0,22.0,1211.62,67.0,20.0,20.0,26.0,94506.0,51.0,45.0,9.0,25.0,1492.0,1.0,,274.1,3.51
5560,2024,projected,153.0,24.0,0.0,34.0,24.0,45.0,0.0,1.0,-10.0,65.0,7.0,0.0,19.0,1116.0,57.0,17.0,17.0,22.0,72540.0,31.0,38.0,7.0,27.0,1285.0,,,217.65,3.35
5560,2024,actual,173.0,33.0,0.0,23.0,33.0,45.0,0.0,1.0,-5.0,69.0,5.0,0.0,12.0,1133.55,63.0,28.0,28.0,30.0,78215.0,50.0,51.0,5.0,27.0,1285.0,,,243.55,3.53
5560,2025,projected,183.0,31.0,,37.0,31.0,,,,-9.0,72.0,8.0,,18.0,1158.0,71.0,23.0,23.0,32.0,83376.0,49.0,53.0,8.0,,,,,269.45,3.74
5560,2025,actual,151.0,16.0,0.0,32.0,16.0,21.0,0.0,6.0,0.0,69.0,3.0,0.0,19.0,1179.38,54.0,13.0,13.0,22.0,81377.0,48.0,35.0,3.0,14.0,1290.0,,,218.45,3.17
5560,2026,projected,147.0,27.0,,33.0,27.0,,,,-6.0,70.0,6.0,,17.0,1152.0,58.0,21.0,21.0,28.0,80640.0,50.0,41.0,6.0,,,,,228.55,3.27
5560,2026,actual,122.0,21.0,0.0,16.0,21.0,33.0,0.0,5.0,-5.0,59.0,6.0,0.0,15.0,1118.66,54.0,15.0,15.0,20.0,66001.0,26.0,39.0,6.0,27.0,1083.0,,,196.6,3.33
5560,2027,projected,154.0,20.0,,24.0,20.0,,,,-5.0,72.0,5.0,,16.0,1078.54,55.0,15.0,15.0,25.0,77654.88,37.0,39.0,5.0,,,,,210.4,2.92
5560,2027,actual,,,,,,,,,,,,,,,,,,,,,,,,,,,,
5614,2023,projected,192.0,9.0,0.0,68.0,9.0,11.0,0.0,2.0,-3.0,64.0,4.0,0.0,21.0,930.0,43.0,5.0,5.0,45.0,59520.0,32.0,22.0,4.0,6.0,237.0,,,208.8,3.26
5614,2023,actual,93.0,2.0,0.0,18.0,2.0,11.0,0.0,2.0,-5.0,37.0,0.0,0.0,8.0,856.89,14.0,2.0,2.0,45.0,31705.0,13.0,6.0,0.0,6.0,630.0,,,93.05,2.51
5614,2024,projected,,,,,,,,,,,,,,,,,,,,,,,,,,,,
5614,2024,actual,154.0,4.0,0.0,57.0,4.0,20.0,0.0,2.0,-24.0,77.0,1.0,0.0,16.0,827.44,31.0,3.0,3.0,74.0,63713.0,35.0,15.0,1.0,14.0,1355.0,,,181.2,2.35
5614,2025,projected,178.0,5.0,,55.0,5.0,,,,-18.0,75.0,2.0,,17.0,834.0,38.0,3.0,3.0,68.0,62550.0,27.0,21.0,2.0,,,,,194.0,2.59
5614,2025,actual,148.0,7.0,0.0,91.0,7.0,6.0,0.0,1.0,-6.0,82.0,5.0,0.0,21.0,834.87,38.0,2.0,2.0,39.0,68459.0,38.0,17.0,5.0,0.0,1476.0,,,188.6,2.3
5614,2026,projected,161.0,7.0,,79.0,7.0,,,,-8.0,80.0,3.0,,19.0,840.0,39.0,4.0,4.0,46.0,67200.0,37.0,20.0,3.0,,,,,191.65,2.4
5614,2026,actual,120.0,5.0,0.0,98.0,5.0,4.0,0.0,0.0,0.0,77.0,2.0,0.0,7.0,741.04,23.0,3.0,3.0,39.0,57060.0,20.0,16.0,2.0,6.0,1238.0,,,125.8,1.63
5614,2027,projected,,,,,,,,,,,,,,,,,,,,,,,,,,,,
5614,2027,actual,,,,,,,,,,,,,,,,,,,,,,,,,,,,
5714,2023,projected,,,,,,,,,,,,,,,,,,,,,,,,,,,,
5714,2023,actual,137.0,18.0,2.0,26.0,20.0,29.0,0.0,7.0,3.0,80.0,5.0,2.0,19.0,989.4,46.0,13.0,13.0,8.0,79152.0,23.0,27.0,7.0,23.0,1542.0,,,185.85,2.32
5714,2024,projected,,,,,,,,,,,,,,,,,,,,,,,,,,,,
5714,2024,actual,112.0,6.0,0.0,38.0,6.0,26.0,0.0,0.0,-15.0,78.0,1.0,0.0,11.0,953.27,30.0,5.0,5.0,22.0,74355.0,29.0,19.0,1.0,6.0,1424.0,,,131.8,1.69
5714,2025,projected,118.0,9.0,,39.0,9.0,,,,-18.0,74.0,3.0,,13.0,966.0,31.0,6.0,6.0,32.0,71484.0,28.0,18.0,3.0,,,,,144.4,1.95
5714,2025,actual,121.0,6.0,1.0,49.0,7.0,15.0,0.0,1.0,-7.0,72.0,1.0,1.0,11.0,983.0,34.0,5.0,5.0,12.0,70776.0,25.0,23.0,2.0,5.0,1313.0,,,139.15,1.93
5714,2026,projected,,,,,,,,,,,,,,,,,,,,,,,,,,,,
5714,2026,actual,106.0,9.0,0.0,34.0,10.0,10.0,1.0,4.0,18.0,75.0,3.0,1.0,15.0,925.31,49.0,7.0,6.0,12.0,69398.0,20.0,34.0,3.0,6.0,1388.0,,,169.9,2.27
5714,2027,projected,,,,,,,,,,,,,,,,,,,,,,,,,,,,
5714,2027,actual,,,,,,,,,,,,,,,,,,,,,,,,,,,,
5767,2023,projected,150.0,10.0,1.0,79.0,11.0,342.0,0.0,1.0,-14.0,69.0,4.0,1.0,14.0,1068.0,40.0,6.0,6.0,32.0,73692.0,21.0,26.0,5.0,334.0,303.0,1.0,,178.9,2.59
5767,2023,actual,209.0,16.0,0.0,52.0,16.0,342.0,0.0,1.0,-22.0,81.0,6.0,0.0,18.0,1053.69,54.0,10.0,10.0,23.0,85349.0,22.0,36.0,6.0,334.0,1736.0,1.0,,220.95,2.73
5767,2024,projected,,,,,,,,,,,,,,,,,,,,,,,,,,,,
5767,2024,actual,153.0,5.0,0.0,37.0,5.0,360.0,0.0,2.0,0.0,79.0,0.0,0.0,13.0,868.01,29.0,5.0,5.0,12.0,68573.0,17.0,16.0,0.0,478.0,1415.0,,,131.95,1.67
5767,2025,projected,163.0,8.0,,47.0,8.0,,,,-5.0,80.0,2.0,,14.0,900.0,32.0,6.0,6.0,24.0,72000.0,19.0,18.0,2.0,,,,,149.95,1.87
5767,2025,actual,98.0,7.0,0.0,52.0,8.0,217.0,1.0,1.0,-15.0,64.0,4.0,1.0,13.0,722.88,23.0,4.0,3.0,8.0,46264.0,11.0,10.0,4.0,236.0,1041.0,,,105.7,1.65
5767,2026,projected,,,,,,,,,,,,,,,,,,,,,,,,,,,,
5767,2026,actual,45.0,0.0,0.0,32.0,0.0,83.0,0.0,1.0,-1.0,28.0,0.0,0.0,4.0,748.43,8.0,0.0,0.0,8.0,20956.0,10.0,4.0,0.0,56.0,452.0,,,44.45,1.59
5767,2027,projected,,,,,,,,,,,,,,,,,,,,,,,,,,,,
5767,2027,actual,,,,,,,,,,,,,,,,,,,,,,,,,,,,
5793,2023,projected,179.0,12.0,0.0,101.0,12.0,23.0,0.0,4.0,8.0,78.0,7.0,0.0,26.0,1038.0,48.0,5.0,5.0,52.0,80964.0,44.0,22.0,7.0,27.0,154.0,,,238.35,3.06
5793,2023,actual,213.0,13.0,0.0,125.0,13.0,23.0,0.0,4.0,-2.0,82.0,6.0,0.0,28.0,1033.39,50.0,7.0,7.0,50.0,84738.0,57.0,22.0,6.0,27.0,1756.0,,,260.75,3.18
5793,2024,projected,157.0,8.0,0.0,89.0,8.0,25.0,0.0,2.0,-5.0,70.0,4.0,0.0,23.0,1008.0,38.0,4.0,4.0,36.0,70560.0,28.0,15.0,4.0,19.0,1654.0,,,187.15,2.67
5793,2024,actual,185.0,5.0,0.0,157.0,5.0,25.0,0.0,2.0,2.0,81.0,5.0,0.0,20.0,934.02,37.0,0.0,0.0,68.0,75656.0,54.0,17.0,5.0,19.0,1654.0,,,223.95,2.76
5793,2025,projected,208.0,11.0,,159.0,11.0,,,,-5.0,80.0,7.0,,27.0,942.0,46.0,4.0,4.0,56.0,75360.0,55.0,19.0,7.0,,,,,251.4,3.14
5793,2025,actual,233.0,9.0,0.0,120.0,9.0,15.0,0.0,3.0,3.0,82.0,5.0,0.0,29.0,1023.61,54.0,4.0,4.0,35.0,83936.0,39.0,25.0,5.0,12.0,1684.0,,,254.25,3.1
5793,2026,projected,226.0,8.0,,132.0,8.0,,,,7.0,81.0,5.0,,28.0,996.0,51.0,3.0,3.0,40.0,80676.0,51.0,23.0,5.0,,,,,251.7,3.11
5793,2026,actual,199.0,8.0,0.0,91.0,8.0,56.0,0.0,4.0,0.0,82.0,5.0,0.0,19.0,938.27,42.0,3.0,3.0,44.0,76938.0,37.0,23.0,5.0,65.0,1590.0,,,212.85,2.6
5793,2027,projected,205.0,9.0,,109.0,9.0,,,,,84.0,6.0,,20.0,948.3,44.0,3.0,3.0,48.0,79657.03,38.0,24.0,6.0,,,,,220.65,2.63
5793,2027,actual,,,,,,,,,,,,,,,,,,,,,,,,,,,,
5798,2023,projected,177.0,13.0,0.0,34.0,14.0,547.0,1.0,8.0,-2.0,80.0,8.0,1.0,27.0,1074.0,54.0,6.0,5.0,28.0,85920.0,41.0,27.0,8.0,490.0,152.0,,,236.65,2.96
5798,2023,actual,222.0,17.0,0.0,50.0,17.0,547.0,0.0,8.0,14.0,82.0,6.0,0.0,36.0,1106.13,75.0,11.0,11.0,24.0,90703.0,43.0,39.0,6.0,490.0,1870.0,,,299.5,3.65
5798,2024,projected,174.0,9.0,1.0,33.0,9.0,432.0,1.0,2.0,8.0,74.0,4.0,2.0,26.0,1068.0,49.0,5.0,5.0,28.0,79032.0,41.0,23.0,4.0,355.0,1814.0,,,216.8,2.93
5798,2024,actual,250.0,19.0,1.0,33.0,21.0,432.0,1.0,2.0,-5.0,82.0,9.0,2.0,34.0,1085.01,69.0,11.0,10.0,28.0,88971.0,47.0,35.0,10.0,355.0,1814.0,,,294.3,3.59
5798,2025,projected,241.0,18.0,1.0,41.0,20.0,,1.0,,8.0,82.0,8.0,2.0,31.0,1098.0,64.0,11.0,10.0,26.0,90036.0,44.0,33.0,9.0,,,,,274.35,3.35
5798,2025,actual,193.0,7.0,3.0,34.0,10.0,579.0,0.0,7.0,8.0,80.0,3.0,3.0,26.0,1134.79,56.0,4.0,4.0,18.0,90783.0,43.0,30.0,6.0,630.0,1822.0,,,238.15,2.98
5798,2026,projected,238.0,9.0,2.0,37.0,13.0,,2.0,,10.0,81.0,4.0,4.0,35.0,1128.0,71.0,7.0,5.0,22.0,91368.0,47.0,36.0,6.0,,,,,287.2,3.55
5798,2026,actual,186.0,18.0,0.0,38.0,19.0,724.0,1.0,9.0,15.0,81.0,10.0,1.0,33.0,1179.2,65.0,9.0,8.0,36.0,95515.0,65.0,32.0,10.0,735.0,1929.0,1.0,,290.8,3.59
5798,2027,projected,196.0,17.0,,40.0,17.0,,,,11.0,83.0,9.0,,33.0,1184.1,66.0,8.0,8.0,34.0,98280.3,62.0,33.0,9.0,,,,,279.0,3.36
5798,2027,actual,,,,,,,,,,,,,,,,,,,,,,,,,,,,
5823,2023,projected,133.0,10.0,2.0,44.0,3.0,18.0,0.0,2.0,-3.0,82.0,3.0,2.0,16.0,1038.0,49.0,1.0,7.0,22.0,85116.0,48.0,33.0,2.0,14.0,264.0,,,199.15,2.43
5823,2023,actual,102.0,1.0,2.0,41.0,3.0,18.0,0.0,2.0,-9.0,51.0,0.0,2.0,11.0,1057.18,27.0,1.0,1.0,16.0,53916.0,30.0,16.0,2.0,14.0,1118.0,,,124.1,2.43
5823,2024,projected,,,,,,,,,,,,,,,,,,,,,,,,,,,,
5823,2024,actual,153.0,24.0,1.0,28.0,26.0,24.0,1.0,4.0,7.0,81.0,5.0,2.0,23.0,1064.54,75.0,20.0,19.0,8.0,86228.0,38.0,52.0,6.0,15.0,1770.0,,,258.55,3.19
5823,2025,projected,165.0,17.0,1.0,39.0,19.0,,1.0,,9.0,78.0,4.0,2.0,19.0,1056.0,57.0,14.0,13.0,10.0,82368.0,33.0,38.0,5.0,,,,,213.15,2.73
5823,2025,actual,103.0,3.0,1.0,43.0,5.0,19.0,1.0,0.0,-24.0,79.0,2.0,2.0,11.0,1011.22,28.0,2.0,1.0,16.0,79886.0,30.0,17.0,3.0,11.0,1687.0,,,125.55,1.59
5823,2026,projected,,,,,,,,,,,,,,,,,,,,,,,,,,,,
5823,2026,actual,62.0,5.0,0.0,28.0,5.0,12.0,0.0,0.0,-8.0,51.0,0.0,0.0,1.0,760.73,12.0,5.0,5.0,10.0,38797.0,19.0,11.0,0.0,8.0,856.0,,,60.3,1.18
5823,2027,projected,,,,,,,,,,,,,,,,,,,,,,,,,,,,
5823,2027,actual,,,,,,,,,,,,,,,,,,,,,,,,,,,,
5828,2023,projected,,,,,,,,,,,,,,,,,,,,,,,,,,,,
5828,2023,actual,145.0,1.0,1.0,168.0,2.0,578.0,0.0,1.0,12.0,78.0,1.0,1.0,17.0,971.97,29.0,0.0,0.0,34.0,75814.0,44.0,12.0,2.0,530.0,1842.0,,,171.05,2.19
5828,2024,projected,,,,,,,,,,,,,,,,,,,,,,,,,,,,
5828,2024,actual,165.0,6.0,1.0,110.0,7.0,636.0,0.0,2.0,11.0,76.0,2.0,1.0,22.0,1046.68,45.0,4.0,4.0,59.0,79548.0,48.0,23.0,3.0,617.0,1804.0,1.0,,228.75,3.01
5828,2025,projected,183.0,9.0,1.0,112.0,11.0,,1.0,,15.0,77.0,3.0,2.0,24.0,1008.0,43.0,7.0,6.0,48.0,77616.0,51.0,19.0,4.0,,,,,225.45,2.93
5828,2025,actual,115.0,1.0,0.0,104.0,1.0,230.0,0.0,0.0,-2.0,66.0,1.0,0.0,8.0,738.98,19.0,0.0,0.0,16.0,48773.0,29.0,11.0,1.0,207.0,1183.0,,,108.65,1.65
5828,2026,projected,,,,,,,,,,,,,,,,,,,,,,,,,,,,
5828,2026,actual,77.0,0.0,1.0,108.0,1.0,176.0,0.0,1.0,-11.0,61.0,0.0,1.0,6.0,656.25,9.0,0.0,0.0,33.0,40031.0,33.0,3.0,1.0,175.0,940.0,,,90.05,1.48
5828,2027,projected,,,,,,,,,,,,,,,,,,,,,,,,,,,,
5828,2027,actual,,,,,,,,,,,,,,,,,,,,,,,,,,,,
5831,2023,projected,119.0,19.0,1.0,75.0,21.0,213.0,1.0,1.0,-7.0,77.0,3.0,2.0,13.0,1188.0,53.0,17.0,16.0,26.0,91476.0,44.0,40.0,4.0,171.0,173.0,,,206.25,2.68
5831,2023,actual,121.0,12.0,0.0,78.0,12.0,213.0,0.0,1.0,-15.0,79.0,1.0,0.0,10.0,1069.52,41.0,11.0,11.0,20.0,84492.0,60.0,31.0,1.0,171.0,1687.0,,,177.55,2.25
5831,2024,projected,119.0,11.0,0.0,81.0,12.0,560.0,1.0,1.0,-22.0,80.0,1.0,1.0,9.0,1170.0,39.0,11.0,10.0,28.0,93600.0,52.0,30.0,1.0,493.0,1607.0,,,172.85,2.16
5831,2024,actual,134.0,23.0,0.0,52.0,24.0,560.0,1.0,1.0,-23.0,69.0,1.0,1.0,12.0,1257.57,60.0,23.0,22.0,32.0,86772.0,55.0,48.0,1.0,493.0,1607.0,,,228.2,3.31
5831,2025,projected,149.0,18.0,,71.0,18.0,,,,-27.0,72.0,1.0,,15.0,1206.0,58.0,17.0,17.0,34.0,86832.0,57.0,43.0,1.0,,,,,230.35,3.2
5831,2025,actual,169.0,19.0,1.0,57.0,20.0,365.0,0.0,4.0,0.0,83.0,5.0,1.0,22.0,1166.99,66.0,14.0,14.0,28.0,96860.0,60.0,44.0,6.0,359.0,1813.0,,,263.95,3.18
5831,2026,projected,173.0,23.0,,54.0,23.0,,,,-20.0,77.0,10.0,,22.0,1068.0,55.0,13.0,13.0,36.0,82236.0,49.0,33.0,10.0,,,,,239.65,3.11
5831,2026,actual,117.0,12.0,0.0,32.0,12.0,386.0,0.0,2.0,-9.0,58.0,8.0,0.0,19.0,1150.43,41.0,4.0,4.0,18.0,66725.0,41.0,22.0,8.0,380.0,1319.0,2.0,,180.95,3.12
5831,2027,projected,161.0,18.0,,50.0,18.0,,,,-8.0,75.0,9.0,,22.0,1252.79,57.0,9.0,9.0,28.0,93959.25,60.0,35.0,9.0,,,,,238.75,3.18
5831,2027,actual,,,,,,,,,,,,,,,,,,,,,,,,,,,,
5833,2023,projected,188.0,23.0,1.0,127.0,24.0,46.0,0.0,3.0,15.0,75.0,15.0,1.0,29.0,1110.0,53.0,8.0,8.0,56.0,83250.0,44.0,24.0,16.0,38.0,94.0,,,268.7,3.58
5833,2023,actual,229.0,17.0,4.0,128.0,21.0,46.0,0.0,3.0,21.0,79.0,8.0,4.0,36.0,1104.78,54.0,9.0,9.0,26.0,87278.0,24.0,18.0,12.0,38.0,1670.0,,,262.55,3.32
5833,2024,projected,203.0,12.0,2.0,121.0,14.0,61.0,3.0,7.0,20.0,70.0,6.0,2.0,22.0,1116.0,37.0,6.0,6.0,20.0,78120.0,22.0,15.0,8.0,35.0,1940.0,1.0,,205.85,2.94
5833,2024,actual,246.0,29.0,2.0,81.0,34.0,61.0,3.0,7.0,19.0,82.0,18.0,5.0,39.0,1127.01,75.0,14.0,11.0,26.0,92415.0,20.0,36.0,20.0,35.0,1940.0,1.0,,322.1,3.93
5833,2025,projected,251.0,23.0,2.0,107.0,27.0,,2.0,,20.0,81.0,12.0,4.0,38.0,1122.0,71.0,13.0,11.0,26.0,90882.0,23.0,33.0,14.0,,,,,301.45,3.72
5833,2025,actual,152.0,7.0,4.0,79.0,11.0,41.0,0.0,6.0,-5.0,68.0,6.0,4.0,22.0,1005.25,30.0,1.0,1.0,24.0,68357.0,26.0,8.0,10.0,27.0,1445.0,,,173.4,2.55
5833,2026,projected,231.0,17.0,3.0,81.0,23.0,,3.0,,18.0,75.0,9.0,6.0,36.0,1056.0,55.0,11.0,8.0,26.0,79200.0,24.0,19.0,12.0,,,,,258.85,3.45
5833,2026,actual,139.0,17.0,0.0,69.0,17.0,27.0,0.0,3.0,-4.0,75.0,8.0,0.0,22.0,1022.93,50.0,9.0,9.0,34.0,76720.0,20.0,28.0,8.0,15.0,1606.0,,,206.15,2.75
5833,2027,projected,160.0,14.0,1.0,76.0,16.0,,1.0,,-2.0,75.0,7.0,2.0,20.0,1086.51,42.0,8.0,7.0,36.0,81488.25,21.0,22.0,8.0,,,,,193.6,2.58
5833,2027,actual,,,,,,,,,,,,,,,,,,,,,,,,,,,,
5835,2023,projected,170.0,8.0,0.0,76.0,8.0,84.0,0.0,2.0,-11.0,70.0,2.0,0.0,18.0,1086.0,47.0,6.0,6.0,26.0,76020.0,27.0,29.0,2.0,73.0,253.0,,,195.6,2.79
5835,2023,actual,167.0,8.0,0.0,55.0,8.0,84.0,0.0,2.0,-17.0,71.0,6.0,0.0,21.0,1045.39,40.0,2.0,2.0,22.0,74223.0,25.0,19.0,6.0,73.0,1543.0,,,180.75,2.55
5835,2024,projected,,,,,,,,,,,,,,,,,,,,,,,,,,,,
5835,2024,actual,117.0,10.0,0.0,38.0,10.0,69.0,0.0,0.0,-15.0,62.0,7.0,0.0,13.0,981.74,30.0,3.0,3.0,24.0,60868.0,27.0,17.0,7.0,92.0,1278.0,,,140.05,2.26
5835,2025,projected,118.0,7.0,,48.0,7.0,,,,-16.0,74.0,5.0,,12.0,996.0,31.0,2.0,2.0,24.0,73704.0,26.0,19.0,5.0,,,,,139.3,1.88
5835,2025,actual,194.0,10.0,0.0,43.0,10.0,34.0,0.0,6.0,-6.0,81.0,6.0,0.0,26.0,1072.96,49.0,4.0,4.0,24.0,86910.0,42.0,23.0,6.0,34.0,1658.0,1.0,,226.8,2.8
5835,2026,projected,177.0,11.0,,44.0,11.0,,,,-12.0,78.0,7.0,,24.0,1068.0,48.0,4.0,4.0,24.0,83304.0,39.0,24.0,7.0,,,,,209.15,2.68
5835,2026,actual,82.0,3.0,1.0,32.0,4.0,22.0,0.0,2.0,5.0,50.0,2.0,1.0,11.0,968.44,26.0,1.0,1.0,8.0,48422.0,41.0,15.0,3.0,32.0,1045.0,,,117.7,2.35
5835,2027,projected,,,,,,,,,,,,,,,,,,,,,,,,,,,,
5835,2027,actual,,,,,,,,,,,,,,,,,,,,,,,,,,,,
5837,2023,projected,248.0,16.0,1.0,88.0,16.0,2.0,0.0,1.0,5.0,77.0,6.0,1.0,33.0,1038.0,71.0,10.0,10.0,33.0,79926.0,44.0,38.0,6.0,1.0,64.0,,,298.3,3.87
5837,2023,actual,169.0,14.0,1.0,75.0,15.0,2.0,0.0,1.0,-14.0,69.0,3.0,1.0,18.0,1008.01,50.0,11.0,11.0,8.0,69553.0,36.0,32.0,4.0,1.0,1404.0,,,201.25,2.92
5837,2024,projected,188.0,18.0,0.0,79.0,18.0,3.0,0.0,5.0,-9.0,73.0,4.0,0.0,27.0,1008.0,67.0,14.0,14.0,24.0,73584.0,39.0,40.0,4.0,4.0,1663.0,,,263.4,3.61
5837,2024,actual,155.0,9.0,0.0,77.0,9.0,3.0,0.0,5.0,13.0,76.0,3.0,0.0,23.0,944.21,55.0,6.0,6.0,12.0,71760.0,39.0,32.0,3.0,4.0,1663.0,,,215.95,2.84
5837,2025,projected,142.0,12.0,,77.0,12.0,,,,-3.0,71.0,5.0,,19.0,948.0,50.0,7.0,7.0,10.0,67308.0,37.0,31.0,5.0,,,,,194.2,2.74
5837,2025,actual,133.0,8.0,0.0,63.0,8.0,2.0,0.0,1.0,-13.0,80.0,1.0,0.0,11.0,886.85,33.0,7.0,7.0,6.0,70948.0,35.0,22.0,1.0,0.0,1609.0,,,142.55,1.78
5837,2026,projected,,,,,,,,,,,,,,,,,,,,,,,,,,,,
5837,2026,actual,148.0,13.0,0.0,60.0,13.0,7.0,0.0,4.0,-11.0,75.0,5.0,0.0,23.0,896.31,47.0,8.0,8.0,10.0,67223.0,33.0,24.0,5.0,6.0,1281.0,,,194.5,2.59
5837,2027,projected,149.0,12.0,,66.0,12.0,,,,-9.0,78.0,4.0,,22.0,854.18,48.0,8.0,8.0,10.0,66625.96,35.0,26.0,4.0,,,,,192.35,2.47
5837,2027,actual,,,,,,,,,,,,,,,,,,,,,,,,,,,,
2335062,2023,projected,,,,,,,,,,,,,,,,,,,,,,,,,,,,
2335062,2023,actual,65.0,0.0,2.0,114.0,2.0,249.0,0.0,0.0,-9.0,70.0,0.0,2.0,3.0,723.74,6.0,0.0,0.0,50.0,50662.0,60.0,3.0,2.0,359.0,1296.0,,,101.65,1.45
2335062,2024,projected,,,,,,,,,,,,,,,,,,,,,,,,,,,,
2335062,2024,actual,57.0,0.0,1.0,114.0,1.0,417.0,0.0,1.0,-2.0,81.0,0.0,1.0,10.0,696.98,11.0,0.0,0.0,39.0,56455.0,53.0,1.0,1.0,531.0,1441.0,,,106.65,1.32
2335062,2025,projected,,,,,,,,,,,,,,,,,,,,,,,,,,,,
2335062,2025,actual,51.0,0.0,1.0,105.0,2.0,379.0,1.0,0.0,-9.0,77.0,0.0,2.0,4.0,647.06,7.0,1.0,0.0,10.0,49824.0,58.0,3.0,1.0,502.0,1349.0,,,78.25,1.02
2335062,2026,projected,,,,,,,,,,,,,,,,,,,,,,,,,,,,
2335062,2026,actual,50.0,0.0,0.0,97.0,1.0,304.0,1.0,0.0,-7.0,70.0,0.0,1.0,2.0,632.27,9.0,1.0,0.0,8.0,44259.0,53.0,7.0,0.0,345.0,1142.0,,,73.7,1.05
2335062,2027,projected,,,,,,,,,,,,,,,,,,,,,,,,,,,,
2335062,2027,actual,,,,,,,,,,,,,,,,,,,,,,,,,,,,
2486992,2023,projected,,,,,,,,,,,,,,,,,,,,,,,,,,,,
2486992,2023,actual,,,,,,,,,,,,,,,,,,,,,,,,,,,,
2486992,2024,projected,,,,,,,,,,,,,,,,,,,,,,,,,,,,
2486992,2024,actual,,,,,,,,,,,,,,,,,,,,,,,,,,,,
2486992,2025,projected,,,,,,,,,,,,,,,,,,,,,,,,,,,,
2486992,2025,actual,,,,,,,,,,,,,,,,,,,,,,,,,,,,
2486992,2026,projected,,,,,,,,,,,,,,,,,,,,,,,,,,,,
2486992,2026,actual,0.0,0.0,0.0,4.0,0.0,4.0,0.0,0.0,0.0,2.0,0.0,0.0,0.0,368.0,0.0,0.0,0.0,0.0,736.0,1.0,0.0,0.0,3.0,20.0,,,0.9,0.45
2486992,2027,projected,,,,,,,,,,,,,,,,,,,,,,,,,,,,
2486992,2027,actual,,,,,,,,,,,,,,,,,,,,,,,,,,,,
2500990,2023,projected,164.0,9.0,2.0,64.0,13.0,3.0,2.0,4.0,8.0,72.0,4.0,4.0,19.0,1074.0,49.0,7.0,5.0,12.0,77328.0,28.0,30.0,6.0,4.0,220.0,,,200.9,2.79
2500990,2023,actual,180.0,10.0,4.0,69.0,14.0,3.0,0.0,4.0,11.0,78.0,6.0,4.0,26.0,1018.18,56.0,4.0,4.0,16.0,79418.0,32.0,30.0,10.0,4.0,1647.0,,,233.9,3.0
2500990,2024,projected,,,,,,,,,,,,,,,,,,,,,,,,,,,,
2500990,2024,actual,152.0,8.0,0.0,50.0,8.0,14.0,0.0,3.0,3.0,76.0,1.0,0.0,13.0,968.03,40.0,7.0,7.0,18.0,73570.0,28.0,27.0,1.0,5.0,1652.0,,,166.5,2.19
2500990,2025,projected,153.0,7.0,,59.0,7.0,,,,8.0,78.0,2.0,,17.0,972.0,50.0,5.0,5.0,18.0,75816.0,31.0,33.0,2.0,,,,,190.15,2.44
2500990,2025,actual,129.0,6.0,2.0,48.0,9.0,7.0,1.0,4.0,10.0,79.0,2.0,3.0,13.0,926.44,40.0,5.0,4.0,24.0,73189.0,41.0,27.0,4.0,4.0,1641.0,,,175.55,2.22
2500990,2026,projected,139.0,8.0,1.0,51.0,10.0,,1.0,,13.0,78.0,3.0,2.0,15.0,912.0,43.0,6.0,5.0,20.0,71136.0,38.0,28.0,4.0,,,,,178.35,2.29
2500990,2026,actual,95.0,1.0,1.0,25.0,2.0,36.0,0.0,3.0,-9.0,69.0,1.0,1.0,16.0,821.0,26.0,0.0,0.0,4.0,56649.0,13.0,10.0,2.0,17.0,1257.0,,,108.75,1.58
2500990,2027,projected,,,,,,,,,,,,,,,,,,,,,,,,,,,,
2500990,2027,actual,,,,,,,,,,,,,,,,,,,,,,,,,,,,
2555315,2023,projected,139.0,6.0,1.0,80.0,8.0,484.0,1.0,0.0,-3.0,79.0,2.0,2.0,15.0,996.0,41.0,5.0,4.0,26.0,78684.0,37.0,26.0,3.0,535.0,274.0,,,178.25,2.26
2555315,2023,actual,139.0,0.0,1.0,68.0,5.0,484.0,4.0,0.0,29.0,82.0,0.0,5.0,16.0,1018.8,45.0,4.0,0.0,30.0,83542.0,63.0,29.0,1.0,535.0,1906.0,,,200.05,2.44
2555315,2024,projected,95.0,11.0,1.0,51.0,1.0,715.0,1.0,5.0,-8.0,66.0,7.0,1.0,9.0,1032.0,25.0,1.0,4.0,24.0,68112.0,27.0,16.0,8.0,762.0,2017.0,1.0,,133.35,2.02
2555315,2024,actual,147.0,11.0,1.0,119.0,16.0,715.0,4.0,5.0,-2.0,82.0,7.0,5.0,25.0,1083.99,60.0,8.0,4.0,38.0,88887.0,60.0,35.0,8.0,762.0,2017.0,1.0,,265.65,3.24
2555315,2025,projected,153.0,10.0,1.0,118.0,12.0,,1.0,,6.0,82.0,5.0,2.0,23.0,1056.0,60.0,6.0,5.0,42.0,86592.0,66.0,37.0,6.0,,,,,257.55,3.14
2555315,2025,actual,115.0,7.0,1.0,108.0,8.0,395.0,0.0,3.0,-9.0,83.0,3.0,1.0,17.0,1019.36,35.0,4.0,4.0,24.0,84607.0,61.0,18.0,4.0,374.0,1926.0,,,179.05,2.16
2555315,2026,projected,112.0,11.0,,117.0,11.0,,,,18.0,82.0,5.0,,16.0,1008.0,50.0,6.0,6.0,30.0,82656.0,63.0,34.0,5.0,,,,,210.2,2.56
2555315,2026,actual,144.0,13.0,0.0,111.0,13.0,608.0,0.0,3.0,3.0,82.0,7.0,0.0,20.0,1085.96,58.0,6.0,6.0,14.0,89049.0,53.0,38.0,7.0,626.0,1843.0,1.0,,232.6,2.84
2555315,2027,projected,142.0,12.0,,117.0,12.0,,,,1.0,84.0,6.0,,23.0,1085.86,59.0,6.0,6.0,20.0,91212.24,54.0,36.0,6.0,,,,,234.2,2.79
2555315,2027,actual,,,,,,,,,,,,,,,,,,,,,,,,,,,,
2555316,2023,projected,112.0,4.0,1.0,35.0,8.0,52.0,1.0,2.0,8.0,69.0,1.0,2.0,12.0,882.0,28.0,4.0,3.0,10.0,60858.0,23.0,16.0,4.0,42.0,360.0,,,123.5,1.79
2555316,2023,actual,106.0,5.0,1.0,50.0,8.0,52.0,2.0,2.0,9.0,73.0,3.0,3.0,20.0,862.95,39.0,4.0,2.0,14.0,62995.0,19.0,19.0,4.0,42.0,1506.0,,,156.0,2.14
2555316,2024,projected,,,,,,,,,,,,,,,,,,,,,,,,,,,,
2555316,2024,actual,92.0,1.0,1.0,43.0,3.0,68.0,1.0,3.0,16.0,52.0,0.0,2.0,10.0,915.5,21.0,2.0,1.0,18.0,47606.0,13.0,11.0,1.0,65.0,1069.0,,,101.3,1.95
2555316,2025,projected,,,,,,,,,,,,,,,,,,,,,,,,,,,,
2555316,2025,actual,9.0,1.0,0.0,15.0,1.0,7.0,0.0,0.0,1.0,19.0,1.0,0.0,1.0,793.74,7.0,0.0,0.0,4.0,15081.0,9.0,6.0,1.0,2.0,354.0,,,26.25,1.38
2555316,2026,projected,,,,,,,,,,,,,,,,,,,,,,,,,,,,
2555316,2026,actual,45.0,0.0,0.0,33.0,0.0,30.0,0.0,0.0,-15.0,56.0,0.0,0.0,6.0,710.36,8.0,0.0,0.0,8.0,39780.0,11.0,2.0,0.0,28.0,934.0,,,46.05,0.82
2555316,2027,projected,,,,,,,,,,,,,,,,,,,,,,,,,,,,
2555316,2027,actual,,,,,,,,,,,,,,,,,,,,,,,,,,,,
2562596,2023,projected,132.0,2.0,2.0,118.0,5.0,6.0,1.0,0.0,-9.0,64.0,1.0,3.0,11.0,852.0,24.0,2.0,1.0,20.0,54528.0,30.0,13.0,3.0,3.0,347.0,1.0,,138.3,2.16
2562596,2023,actual,69.0,1.0,1.0,37.0,2.0,6.0,0.0,0.0,-7.0,43.0,0.0,1.0,7.0,896.77,14.0,1.0,1.0,22.0,38561.0,25.0,7.0,1.0,3.0,783.0,1.0,,84.95,1.98
2562596,2024,projected,,,,,,,,,,,,,,,,,,,,,,,,,,,,
2562596,2024,actual,139.0,0.0,2.0,46.0,2.0,11.0,0.0,3.0,4.0,66.0,0.0,2.0,17.0,933.09,25.0,0.0,0.0,34.0,61584.0,41.0,8.0,2.0,5.0,1278.0,,,150.85,2.29
2562596,2025,projected,127.0,,2.0,53.0,4.0,,2.0,,6.0,70.0,,4.0,13.0,918.0,21.0,2.0,,32.0,64260.0,36.0,8.0,2.0,,,,,132.05,1.89
2562596,2025,actual,104.0,3.0,3.0,87.0,6.0,11.0,0.0,1.0,-2.0,81.0,0.0,3.0,11.0,858.12,29.0,3.0,3.0,16.0,69508.0,35.0,18.0,3.0,3.0,1440.0,,,137.7,1.7
2562596,2026,projected,,,,,,,,,,,,,,,,,,,,,,,,,,,,
2562596,2026,actual,92.0,1.0,4.0,74.0,6.0,57.0,1.0,1.0,1.0,67.0,1.0,5.0,13.0,843.72,25.0,1.0,0.0,30.0,56529.0,40.0,12.0,5.0,34.0,1251.0,,,139.4,2.08
2562596,2027,projected,,,,,,,,,,,,,,,,,,,,,,,,,,,,
2562596,2027,actual,,,,,,,,,,,,,,,,,,,,,,,,,,,,
2562601,2023,projected,109.0,8.0,,32.0,8.0,,,,-6.0,41.0,3.0,,14.0,1188.0,35.0,5.0,5.0,16.0,48708.0,21.0,21.0,3.0,,340.0,,,138.45,3.38
2562601,2023,actual,,,,,,,,,,,,,,,,,,,,,,,,,,,,
2562601,2024,projected,198.0,14.0,0.0,51.0,14.0,602.0,2.0,3.0,-8.0,73.0,5.0,2.0,25.0,1188.0,63.0,9.0,9.0,26.0,86724.0,35.0,38.0,5.0,692.0,1677.0,,,250.6,3.43
2562601,2024,actual,192.0,7.0,0.0,51.0,9.0,602.0,2.0,3.0,-10.0,74.0,3.0,2.0,11.0,1069.43,38.0,6.0,4.0,29.0,79138.0,41.0,27.0,3.0,692.0,1677.0,,,185.1,2.5
2562601,2025,projected,197.0,7.0,,61.0,7.0,,,,-8.0,75.0,3.0,,12.0,1116.0,35.0,4.0,4.0,24.0,83700.0,40.0,23.0,3.0,,,,,174.35,2.32
2562601,2025,actual,155.0,4.0,0.0,54.0,4.0,525.0,0.0,2.0,1.0,79.0,1.0,0.0,15.0,1037.62,45.0,3.0,3.0,41.0,81972.0,45.0,30.0,1.0,670.0,1654.0,1.0,,199.65,2.53
2562601,2026,projected,173.0,6.0,,58.0,6.0,,,,4.0,76.0,2.0,,14.0,1038.0,43.0,4.0,4.0,38.0,78888.0,42.0,29.0,2.0,,,,,193.05,2.54
2562601,2026,actual,119.0,1.0,0.0,100.0,1.0,534.0,0.0,2.0,-5.0,78.0,0.0,0.0,12.0,999.09,36.0,1.0,1.0,30.0,77929.0,42.0,24.0,0.0,632.0,1730.0,,,162.25,2.08
2562601,2027,projected,133.0,1.0,,95.0,1.0,,,,-5.0,80.0,,,12.0,1008.0,38.0,1.0,1.0,32.0,80640.0,43.0,26.0,,,,,,168.75,2.11
2562601,2027,actual,,,,,,,,,,,,,,,,,,,,,,,,,,,,
2562602,2023,projected,186.0,6.0,0.0,75.0,6.0,581.0,2.0,1.0,15.0,78.0,2.0,2.0,22.0,1092.0,51.0,4.0,4.0,36.0,85176.0,46.0,29.0,2.0,692.0,185.0,,,226.0,2.9
2562602,2023,actual,152.0,20.0,0.0,81.0,22.0,581.0,2.0,1.0,-8.0,82.0,3.0,2.0,18.0,1099.5,54.0,19.0,17.0,63.0,90159.0,75.0,36.0,3.0,692.0,1954.0,,,255.6,3.12
2562602,2024,projected,156.0,6.0,0.0,75.0,6.0,557.0,2.0,2.0,4.0,79.0,2.0,2.0,19.0,1086.0,44.0,4.0,4.0,44.0,85794.0,51.0,25.0,2.0,600.0,1738.0,1.0,,212.0,2.68
2562602,2024,actual,159.0,9.0,0.0,69.0,11.0,557.0,2.0,2.0,12.0,78.0,3.0,2.0,17.0,1081.27,47.0,8.0,6.0,18.0,84339.0,60.0,30.0,3.0,600.0,1738.0,1.0,,209.65,2.69
2562602,2025,projected,157.0,14.0,,80.0,14.0,,,,7.0,80.0,3.0,,18.0,1086.0,49.0,11.0,11.0,32.0,86880.0,67.0,31.0,3.0,,,,,221.25,2.77
2562602,2025,actual,123.0,1.0,0.0,83.0,2.0,581.0,1.0,3.0,20.0,80.0,1.0,1.0,8.0,1060.4,43.0,1.0,0.0,26.0,84832.0,73.0,35.0,1.0,635.0,1763.0,,,187.55,2.34
2562602,2026,projected,154.0,6.0,,82.0,6.0,,,,17.0,80.0,2.0,,12.0,1086.0,44.0,4.0,4.0,42.0,86880.0,69.0,32.0,2.0,,,,,206.2,2.58
2562602,2026,actual,91.0,0.0,1.0,63.0,2.0,448.0,1.0,1.0,-3.0,75.0,0.0,2.0,6.0,933.95,17.0,1.0,0.0,26.0,70046.0,40.0,11.0,1.0,543.0,1468.0,,,106.05,1.41
2562602,2027,projected,,,,,,,,,,,,,,,,,,,,,,,,,,,,
2562602,2027,actual,,,,,,,,,,,,,,,,,,,,,,,,,,,,
2562606,2023,projected,203.0,31.0,1.0,55.0,33.0,10.0,1.0,1.0,11.0,81.0,5.0,2.0,27.0,1146.0,83.0,27.0,26.0,42.0,92826.0,43.0,56.0,6.0,5.0,36.0,,,313.75,3.87
2562606,2023,actual,126.0,14.0,0.0,65.0,14.0,10.0,0.0,1.0,3.0,79.0,4.0,0.0,15.0,1011.85,54.0,10.0,10.0,36.0,79936.0,27.0,39.0,4.0,5.0,1749.0,,,202.5,2.56
2562606,2024,projected,141.0,18.0,0.0,67.0,18.0,16.0,0.0,2.0,10.0,80.0,5.0,0.0,17.0,1110.0,59.0,13.0,13.0,40.0,88800.0,28.0,42.0,5.0,15.0,1787.0,,,224.45,2.81
2562606,2024,actual,143.0,19.0,0.0,53.0,19.0,16.0,0.0,2.0,-29.0,81.0,4.0,0.0,12.0,1045.32,52.0,15.0,15.0,49.0,84671.0,37.0,40.0,4.0,15.0,1787.0,,,213.55,2.64
2562606,2025,projected,138.0,19.0,,61.0,19.0,,,,-18.0,80.0,5.0,,14.0,1032.0,54.0,14.0,14.0,42.0,82560.0,35.0,40.0,5.0,,,,,213.1,2.66
2562606,2025,actual,153.0,23.0,3.0,50.0,27.0,26.0,1.0,6.0,-13.0,81.0,10.0,4.0,28.0,1172.52,62.0,14.0,13.0,34.0,94974.0,64.0,34.0,13.0,13.0,1997.0,,,273.75,3.38
2562606,2026,projected,156.0,22.0,,57.0,22.0,,,,-19.0,81.0,8.0,,23.0,1128.0,64.0,14.0,14.0,40.0,91368.0,47.0,41.0,8.0,,,,,254.2,3.14
2562606,2026,actual,83.0,7.0,0.0,30.0,7.0,10.0,0.0,2.0,-9.0,50.0,3.0,0.0,10.0,1087.88,25.0,4.0,4.0,41.0,54394.0,30.0,15.0,3.0,8.0,1171.0,,,126.25,2.52
2562606,2027,projected,140.0,14.0,,53.0,14.0,,,,-10.0,70.0,5.0,,18.0,1397.83,46.0,9.0,9.0,58.0,97848.1,51.0,28.0,5.0,,,,,214.3,3.06
2562606,2027,actual,,,,,,,,,,,,,,,,,,,,,,,,,,,,
2562609,2023,projected,224.0,20.0,,117.0,20.0,,,,19.0,76.0,9.0,,32.0,1200.0,75.0,11.0,11.0,55.0,91200.0,55.0,43.0,9.0,,43.0,,,319.2,4.2
2562609,2023,actual,,,,,,,,,,,,,,,,,,,,,,,,,,,,
2562609,2024,projected,,,,,,,,,,,,,,,,,,,,,,,,,,,,
2562609,2024,actual,,,,,,,,,,,,,,,,,,,,,,,,,,,,
2562609,2025,projected,165.0,16.0,,101.0,16.0,,,,18.0,62.0,8.0,,24.0,1218.0,53.0,8.0,8.0,54.0,75516.0,37.0,29.0,8.0,,,,,238.85,3.85
2562609,2025,actual,,,,,,,,,,,,,,,,,,,,,,,,,,,,
2562609,2026,projected,169.0,27.0,,62.0,27.0,,,,18.0,70.0,12.0,,27.0,1091.44,61.0,15.0,15.0,52.0,76401.01,31.0,34.0,12.0,,,,,258.45,3.69
2562609,2026,actual,132.0,5.0,0.0,86.0,5.0,98.0,0.0,2.0,29.0,60.0,2.0,0.0,14.0,984.82,35.0,3.0,3.0,47.0,59089.0,32.0,21.0,2.0,162.0,1198.0,,,170.6,2.84
2562609,2027,projected,139.0,5.0,,84.0,5.0,,,,30.0,61.0,2.0,,14.0,1019.69,34.0,3.0,3.0,46.0,62201.09,32.0,20.0,2.0,,,,,167.65,2.75
2562609,2027,actual,,,,,,,,,,,,,,,,,,,,,,,,,,,,
2562622,2023,projected,91.0,3.0,1.0,67.0,3.0,128.0,2.0,0.0,8.0,77.0,1.0,3.0,12.0,894.0,23.0,2.0,2.0,38.0,68838.0,40.0,11.0,1.0,77.0,353.0,,,132.45,1.72
2562622,2023,actual,108.0,3.0,0.0,108.0,3.0,128.0,0.0,0.0,5.0,77.0,1.0,0.0,8.0,757.45,25.0,2.0,2.0,35.0,58324.0,39.0,17.0,1.0,77.0,1295.0,,,134.8,1.75
2562622,2024,projected,,,,,,,,,,,,,,,,,,,,,,,,,,,,
2562622,2024,actual,95.0,5.0,1.0,87.0,6.0,304.0,0.0,0.0,17.0,78.0,3.0,1.0,11.0,867.9,37.0,2.0,2.0,37.0,67696.0,45.0,26.0,4.0,173.0,1462.0,,,164.45,2.11
2562622,2025,projected,119.0,5.0,,82.0,5.0,,,,12.0,76.0,2.0,,13.0,870.0,36.0,3.0,3.0,34.0,66120.0,36.0,23.0,2.0,,,,,161.45,2.12
2562622,2025,actual,94.0,11.0,0.0,84.0,12.0,426.0,1.0,1.0,20.0,78.0,2.0,1.0,11.0,905.46,38.0,10.0,9.0,38.0,70626.0,49.0,27.0,2.0,365.0,1540.0,,,170.9,2.19
2562622,2026,projected,,,,,,,,,,,,,,,,,,,,,,,,,,,,
2562622,2026,actual,76.0,2.0,0.0,76.0,2.0,133.0,0.0,1.0,-13.0,60.0,2.0,0.0,8.0,826.6,14.0,0.0,0.0,28.0,49596.0,37.0,6.0,2.0,92.0,1111.0,,,98.1,1.64
2562622,2027,projected,,,,,,,,,,,,,,,,,,,,,,,,,,,,
2562622,2027,actual,,,,,,,,,,,,,,,,,,,,,,,,,,,,
2562623,2023,projected,,,,,,,,,,,,,,,,,,,,,,,,,,,,
2562623,2023,actual,134.0,15.0,0.0,99.0,15.0,55.0,0.0,4.0,11.0,78.0,7.0,0.0,13.0,739.95,36.0,8.0,8.0,32.0,57716.0,18.0,23.0,7.0,53.0,1263.0,,,168.4,2.16
2562623,2024,projected,,,,,,,,,,,,,,,,,,,,,,,,,,,,
2562623,2024,actual,111.0,11.0,0.0,110.0,11.0,63.0,0.0,3.0,13.0,81.0,3.0,0.0,14.0,711.79,37.0,8.0,8.0,33.0,57655.0,25.0,23.0,3.0,46.0,1322.0,,,165.75,2.05
2562623,2025,projected,118.0,12.0,,108.0,12.0,,,,12.0,80.0,4.0,,13.0,726.0,36.0,8.0,8.0,34.0,58080.0,21.0,23.0,4.0,,,,,160.8,2.01
2562623,2025,actual,165.0,15.0,0.0,149.0,15.0,44.0,0.0,5.0,-8.0,78.0,11.0,0.0,22.0,955.99,41.0,4.0,4.0,54.0,74567.0,26.0,19.0,11.0,41.0,1642.0,,,218.15,2.8
2562623,2026,projected,149.0,15.0,,149.0,15.0,,,,-9.0,79.0,9.0,,19.0,948.0,42.0,6.0,6.0,48.0,74892.0,25.0,23.0,9.0,,,,,203.65,2.58
2562623,2026,actual,52.0,3.0,0.0,33.0,3.0,16.0,0.0,1.0,-12.0,38.0,1.0,0.0,3.0,705.26,7.0,2.0,2.0,33.0,26800.0,15.0,4.0,1.0,17.0,623.0,,,60.3,1.59
2562623,2027,projected,,,,,,,,,,,,,,,,,,,,,,,,,,,,
2562623,2027,actual,,,,,,,,,,,,,,,,,,,,,,,,,,,,
2562624,2023,projected,174.0,23.0,1.0,49.0,25.0,374.0,1.0,3.0,5.0,72.0,7.0,2.0,23.0,1224.0,63.0,17.0,16.0,24.0,88128.0,40.0,40.0,8.0,308.0,109.0,,,250.4,3.48
2562624,2023,actual,201.0,53.0,1.0,48.0,57.0,374.0,3.0,3.0,12.0,82.0,15.0,4.0,37.0,1188.07,104.0,41.0,38.0,35.0,97422.0,26.0,67.0,16.0,308.0,1876.0,,,372.55,4.54
2562624,2024,projected,186.0,42.0,2.0,45.0,46.0,256.0,2.0,3.0,12.0,79.0,11.0,4.0,32.0,1176.0,86.0,33.0,31.0,28.0,92904.0,32.0,54.0,13.0,236.0,1747.0,,,320.5,4.06
2562624,2024,actual,183.0,26.0,0.0,60.0,29.0,256.0,3.0,3.0,10.0,80.0,4.0,3.0,18.0,1177.45,67.0,25.0,22.0,36.0,94196.0,34.0,49.0,4.0,236.0,1747.0,,,259.75,3.25
2562624,2025,projected,191.0,36.0,1.0,52.0,38.0,,1.0,,10.0,81.0,9.0,2.0,27.0,1170.0,76.0,28.0,27.0,34.0,94770.0,29.0,49.0,10.0,,,,,288.95,3.57
2562624,2025,actual,164.0,20.0,2.0,26.0,22.0,287.0,0.0,5.0,4.0,78.0,7.0,2.0,20.0,1138.37,49.0,13.0,13.0,24.0,88793.0,48.0,29.0,9.0,270.0,1668.0,1.0,,223.1,2.86
2562624,2026,projected,177.0,21.0,1.0,37.0,23.0,,1.0,,10.0,79.0,6.0,2.0,21.0,1146.0,52.0,16.0,15.0,36.0,90534.0,33.0,31.0,7.0,,,,,223.95,2.83
2562624,2026,actual,133.0,29.0,0.0,25.0,30.0,191.0,1.0,2.0,-9.0,72.0,11.0,1.0,20.0,1143.76,56.0,19.0,18.0,21.0,82351.0,31.0,36.0,11.0,172.0,1560.0,,,216.75,3.01
2562624,2027,projected,154.0,27.0,,30.0,27.0,,,,-5.0,76.0,9.0,,19.0,1089.36,56.0,18.0,18.0,25.0,82791.36,33.0,37.0,9.0,,,,,219.5,2.89
2562624,2027,actual,,,,,,,,,,,,,,,,,,,,,,,,,,,,
2562629,2023,projected,198.0,9.0,0.0,95.0,10.0,11.0,1.0,2.0,10.0,71.0,3.0,1.0,21.0,1038.0,53.0,7.0,6.0,12.0,73698.0,38.0,32.0,3.0,10.0,174.0,,,220.0,3.1
2562629,2023,actual,243.0,21.0,0.0,141.0,21.0,11.0,0.0,2.0,-5.0,82.0,11.0,0.0,28.0,1106.27,60.0,10.0,10.0,16.0,90714.0,53.0,32.0,11.0,10.0,1791.0,,,275.35,3.36
2562629,2024,projected,216.0,14.0,0.0,122.0,14.0,10.0,0.0,2.0,-3.0,74.0,7.0,0.0,22.0,1104.0,46.0,7.0,7.0,14.0,81696.0,48.0,24.0,7.0,3.0,1491.0,,,223.7,3.02
2562629,2024,actual,165.0,6.0,0.0,107.0,6.0,10.0,0.0,2.0,4.0,70.0,4.0,0.0,15.0,990.94,37.0,2.0,2.0,22.0,69366.0,40.0,22.0,4.0,3.0,1491.0,,,178.95,2.56
2562629,2025,projected,186.0,7.0,,121.0,7.0,,,,6.0,73.0,4.0,,18.0,1026.0,45.0,3.0,3.0,26.0,74898.0,49.0,27.0,4.0,,,,,209.6,2.87
2562629,2025,actual,203.0,19.0,0.0,116.0,19.0,26.0,0.0,1.0,-22.0,81.0,9.0,0.0,35.0,1157.85,70.0,10.0,10.0,14.0,93786.0,77.0,35.0,9.0,19.0,1912.0,,,297.85,3.68
2562629,2026,projected,206.0,16.0,,115.0,16.0,,,,-13.0,77.0,8.0,,31.0,1128.0,61.0,8.0,8.0,20.0,86856.0,66.0,30.0,8.0,,,,,271.0,3.52
2562629,2026,actual,166.0,16.0,1.0,71.0,18.0,144.0,1.0,1.0,-2.0,60.0,7.0,2.0,24.0,1136.92,48.0,10.0,9.0,8.0,68215.0,43.0,24.0,8.0,81.0,1295.0,,,209.6,3.49
2562629,2027,projected,180.0,16.0,1.0,91.0,18.0,,1.0,,-5.0,70.0,6.0,2.0,26.0,1085.56,54.0,11.0,10.0,11.0,75989.2,52.0,28.0,7.0,,,,,233.6,3.34
2562629,2027,actual,,,,,,,,,,,,,,,,,,,,,,,,,,,,
2562632,2023,projected,179.0,22.0,0.0,34.0,22.0,627.0,0.0,10.0,-8.0,75.0,9.0,0.0,31.0,1260.0,77.0,13.0,13.0,27.0,94500.0,51.0,46.0,9.0,580.0,56.0,2.0,,303.65,4.05
2562632,2023,actual,206.0,22.0,0.0,50.0,22.0,627.0,0.0,10.0,-16.0,81.0,12.0,0.0,42.0,1228.73,68.0,10.0,10.0,43.0,99527.0,38.0,26.0,12.0,580.0,1784.0,2.0,,308.0,3.8
2562632,2024,projected,171.0,19.0,0.0,39.0,19.0,650.0,0.0,4.0,-14.0,71.0,9.0,0.0,30.0,1260.0,66.0,10.0,10.0,31.0,89460.0,42.0,36.0,9.0,603.0,1561.0,1.0,,266.15,3.75
2562632,2024,actual,154.0,18.0,0.0,55.0,18.0,650.0,0.0,4.0,19.0,74.0,6.0,0.0,25.0,1211.14,72.0,12.0,12.0,57.0,89624.0,40.0,47.0,6.0,603.0,1561.0,1.0,,280.5,3.79
2562632,2025,projected,169.0,19.0,,52.0,19.0,,,,12.0,78.0,8.0,,28.0,1224.0,70.0,11.0,11.0,40.0,95472.0,39.0,42.0,8.0,,,,,268.45,3.44
2562632,2025,actual,181.0,25.0,0.0,73.0,25.0,641.0,0.0,11.0,12.0,82.0,11.0,0.0,39.0,1226.39,87.0,14.0,14.0,61.0,100564.0,60.0,48.0,11.0,627.0,1724.0,2.0,,361.05,4.4
2562632,2026,projected,201.0,23.0,,65.0,23.0,,,,13.0,77.0,10.0,,37.0,1224.0,84.0,13.0,13.0,58.0,94248.0,51.0,47.0,10.0,,,,,332.75,4.32
2562632,2026,actual,175.0,22.0,0.0,32.0,23.0,679.0,1.0,6.0,0.0,82.0,7.0,1.0,36.0,1290.24,103.0,16.0,15.0,43.0,105800.0,47.0,67.0,7.0,594.0,1768.0,,,355.45,4.33
2562632,2027,projected,177.0,21.0,,43.0,21.0,,,,4.0,83.0,8.0,,35.0,1313.69,99.0,13.0,13.0,48.0,109036.27,48.0,64.0,8.0,,,,,344.05,4.15
2562632,2027,actual,,,,,,,,,,,,,,,,,,,,,,,,,,,,
2562636,2023,projected,151.0,10.0,0.0,44.0,10.0,516.0,0.0,2.0,-16.0,76.0,3.0,0.0,17.0,1116.0,45.0,7.0,7.0,62.0,84816.0,33.0,28.0,3.0,402.0,263.0,,,205.15,2.7
2562636,2023,actual,130.0,4.0,0.0,29.0,4.0,516.0,0.0,2.0,-31.0,82.0,1.0,0.0,15.0,1021.91,41.0,3.0,3.0,79.0,83797.0,24.0,26.0,1.0,402.0,1765.0,,,188.4,2.3
2562636,2024,projected,,,,,,,,,,,,,,,,,,,,,,,,,,,,
2562636,2024,actual,131.0,15.0,0.0,55.0,15.0,262.0,0.0,0.0,-20.0,79.0,2.0,0.0,11.0,947.94,41.0,13.0,13.0,86.0,74887.0,21.0,30.0,2.0,224.0,1515.0,,,193.25,2.45
2562636,2025,projected,132.0,11.0,,43.0,11.0,,,,-25.0,80.0,3.0,,12.0,942.0,39.0,8.0,8.0,82.0,75360.0,23.0,27.0,3.0,,,,,186.8,2.33
2562636,2025,actual,137.0,6.0,0.0,52.0,6.0,715.0,0.0,3.0,-3.0,82.0,0.0,0.0,10.0,1000.95,41.0,6.0,6.0,70.0,82078.0,36.0,31.0,0.0,511.0,1695.0,,,190.45,2.32
2562636,2026,projected,,,,,,,,,,,,,,,,,,,,,,,,,,,,
2562636,2026,actual,57.0,2.0,0.0,22.0,2.0,222.0,0.0,1.0,-8.0,52.0,1.0,0.0,8.0,797.6,21.0,1.0,1.0,35.0,41475.0,15.0,13.0,1.0,184.0,938.0,,,93.95,1.81
2562636,2027,projected,,,,,,,,,,,,,,,,,,,,,,,,,,,,
2562636,2027,actual,,,,,,,,,,,,,,,,,,,,,,,,,,,,
2562637,2023,projected,217.0,27.0,2.0,73.0,32.0,706.0,3.0,5.0,16.0,80.0,15.0,5.0,30.0,1200.0,81.0,15.0,12.0,14.0,96000.0,62.0,51.0,17.0,692.0,23.0,,,324.55,4.06
2562637,2023,actual,251.0,39.0,1.0,71.0,41.0,706.0,1.0,5.0,25.0,82.0,20.0,2.0,39.0,1197.73,91.0,20.0,19.0,20.0,98214.0,48.0,52.0,21.0,692.0,1806.0,,,362.35,4.42
2562637,2024,projected,248.0,36.0,2.0,74.0,39.0,564.0,1.0,3.0,28.0,82.0,18.0,3.0,37.0,1200.0,89.0,19.0,18.0,18.0,98400.0,52.0,52.0,20.0,548.0,1974.0,,,354.4,4.32
2562637,2024,actual,221.0,31.0,2.0,41.0,37.0,564.0,4.0,3.0,15.0,81.0,12.0,6.0,26.0,1184.63,72.0,23.0,19.0,30.0,95955.0,55.0,46.0,14.0,548.0,1974.0,,,304.35,3.76
2562637,2025,projected,257.0,36.0,2.0,58.0,40.0,,2.0,,24.0,82.0,18.0,4.0,31.0,1182.0,79.0,20.0,18.0,22.0,96924.0,52.0,48.0,20.0,,,,,329.05,4.01
2562637,2025,actual,183.0,19.0,0.0,44.0,25.0,507.0,6.0,0.0,-22.0,82.0,7.0,6.0,20.0,1125.74,62.0,18.0,12.0,22.0,92311.0,46.0,42.0,7.0,549.0,1915.0,,,247.15,3.01
2562637,2026,projected,199.0,24.0,2.0,51.0,28.0,,2.0,,8.0,81.0,11.0,4.0,29.0,1146.0,76.0,15.0,13.0,24.0,92826.0,53.0,47.0,13.0,,,,,297.85,3.68
2562637,2026,actual,215.0,35.0,2.0,105.0,37.0,520.0,0.0,3.0,-20.0,81.0,16.0,2.0,34.0,1253.85,78.0,19.0,19.0,14.0,101562.0,50.0,44.0,18.0,574.0,2027.0,2.0,,324.75,4.01
2562637,2027,projected,218.0,32.0,2.0,90.0,36.0,,2.0,,-16.0,83.0,14.0,4.0,34.0,1218.9,80.0,20.0,18.0,16.0,101168.7,53.0,46.0,16.0,,,,,321.0,3.87
2562637,2027,actual,,,,,,,,,,,,,,,,,,,,,,,,,,,,
2563026,2023,projected,210.0,2.0,1.0,167.0,4.0,22.0,1.0,2.0,8.0,80.0,1.0,2.0,20.0,906.0,35.0,2.0,1.0,58.0,72480.0,42.0,15.0,2.0,20.0,230.0,,,215.7,2.7
2563026,2023,actual,188.0,0.0,2.0,107.0,2.0,22.0,0.0,2.0,9.0,82.0,0.0,2.0,18.0,912.18,38.0,0.0,0.0,54.0,74799.0,39.0,20.0,2.0,20.0,1725.0,,,204.2,2.49
2563026,2024,projected,,,,,,,,,,,,,,,,,,,,,,,,,,,,
2563026,2024,actual,191.0,3.0,4.0,113.0,9.0,38.0,2.0,7.0,19.0,78.0,3.0,6.0,30.0,1027.99,54.0,2.0,0.0,76.0,80183.0,57.0,24.0,7.0,31.0,1770.0,,,283.55,3.64
2563026,2025,projected,189.0,3.0,3.0,135.0,9.0,,3.0,,14.0,79.0,2.0,6.0,25.0,948.0,51.0,4.0,1.0,62.0,74892.0,62.0,26.0,5.0,,,,,261.25,3.31
2563026,2025,actual,194.0,5.0,1.0,176.0,8.0,41.0,2.0,4.0,-2.0,82.0,4.0,3.0,15.0,1061.09,39.0,3.0,1.0,36.0,87009.0,66.0,24.0,5.0,38.0,1873.0,,,222.6,2.71
2563026,2026,projected,187.0,4.0,2.0,143.0,8.0,,2.0,,-6.0,81.0,3.0,4.0,17.0,1050.0,42.0,3.0,1.0,48.0,85050.0,59.0,25.0,5.0,,,,,225.05,2.78
2563026,2026,actual,176.0,1.0,4.0,152.0,5.0,22.0,0.0,3.0,12.0,69.0,0.0,4.0,20.0,1039.72,35.0,1.0,1.0,49.0,71741.0,48.0,15.0,4.0,13.0,1620.0,,,209.2,3.03
2563026,2027,projected,196.0,2.0,3.0,173.0,8.0,,3.0,,11.0,80.0,1.0,6.0,23.0,1038.24,41.0,4.0,1.0,54.0,83059.2,58.0,18.0,4.0,,,,,237.8,2.97
2563026,2027,actual,,,,,,,,,,,,,,,,,,,,,,,,,,,,
2563027,2023,projected,,,,,,,,,,,,,,,,,,,,,,,,,,,,
2563027,2023,actual,102.0,0.0,0.0,87.0,0.0,73.0,0.0,2.0,-1.0,79.0,0.0,0.0,9.0,661.53,27.0,0.0,0.0,38.0,52261.0,36.0,18.0,0.0,71.0,1174.0,,,136.2,1.72
2563027,2024,projected,,,,,,,,,,,,,,,,,,,,,,,,,,,,
2563027,2024,actual,111.0,0.0,0.0,112.0,0.0,15.0,0.0,3.0,1.0,69.0,0.0,0.0,7.0,731.17,15.0,0.0,0.0,64.0,50451.0,33.0,8.0,0.0,17.0,1145.0,,,127.45,1.85
2563027,2025,projected,118.0,0.0,0.0,138.0,0.0,6.0,0.0,0.0,-7.0,71.0,0.0,0.0,8.0,623.66,21.0,0.0,0.0,68.0,44280.0,35.0,13.0,0.0,1.0,908.0,,,144.8,2.04
2563027,2025,actual,68.0,0.0,0.0,85.0,0.0,6.0,0.0,0.0,-1.0,50.0,0.0,0.0,6.0,714.16,15.0,0.0,0.0,41.0,35708.0,26.0,9.0,0.0,1.0,908.0,,,95.0,1.9
2563027,2026,projected,,,,,,,,,,,,,,,,,,,,,,,,,,,,
2563027,2026,actual,79.0,0.0,0.0,169.0,0.0,15.0,0.0,1.0,8.0,81.0,0.0,0.0,9.0,685.4,23.0,0.0,0.0,92.0,55517.0,41.0,14.0,0.0,13.0,1418.0,,,159.15,1.96
2563027,2027,projected,,,,,,,,,,,,,,,,,,,,,,,,,,,,
2563027,2027,actual,,,,,,,,,,,,,,,,,,,,,,,,,,,,
2563033,2023,projected,,,,,,,,,,,,,,,,,,,,,,,,,,,,
2563033,2023,actual,,,,,,,,,,,,,,,,,,,,,,,,,,,,
2563033,2024,projected,,,,,,,,,,,,,,,,,,,,,,,,,,,,
2563033,2024,actual,,,,,,,,,,,,,,,,,,,,,,,,,,,,
2563033,2025,projected,,,,,,,,,,,,,,,,,,,,,,,,,,,,
2563033,2025,actual,5.0,0.0,0.0,5.0,0.0,14.0,0.0,0.0,-1.0,9.0,0.0,0.0,0.0,471.44,1.0,0.0,0.0,4.0,4243.0,4.0,1.0,0.0,7.0,111.0,,,7.75,0.86
2563033,2026,projected,,,,,,,,,,,,,,,,,,,,,,,,,,,,
2563033,2026,actual,1.0,0.0,0.0,0.0,0.0,6.0,0.0,0.0,1.0,1.0,0.0,0.0,0.0,493.0,0.0,0.0,0.0,0.0,493.0,0.0,0.0,0.0,4.0,12.0,,,0.25,0.25
2563033,2027,projected,,,,,,,,,,,,,,,,,,,,,,,,,,,,
2563033,2027,actual,,,,,,,,,,,,,,,,,,,,,,,,,,,,
2563036,2023,projected,167.0,13.0,1.0,166.0,14.0,565.0,0.0,3.0,16.0,80.0,6.0,1.0,23.0,1080.0,56.0,7.0,7.0,66.0,86400.0,41.0,33.0,7.0,721.0,123.0,,,261.35,3.27
2563036,2023,actual,225.0,17.0,0.0,182.0,17.0,565.0,0.0,3.0,3.0,82.0,9.0,0.0,22.0,1158.95,64.0,8.0,8.0,58.0,95034.0,44.0,42.0,9.0,721.0,1659.0,,,291.45,3.55
2563036,2024,projected,195.0,14.0,1.0,183.0,14.0,619.0,0.0,5.0,14.0,82.0,7.0,1.0,21.0,1146.0,55.0,7.0,7.0,68.0,93972.0,45.0,34.0,7.0,881.0,2005.0,,,272.05,3.32
2563036,2024,actual,215.0,24.0,1.0,143.0,25.0,619.0,0.0,5.0,16.0,82.0,11.0,1.0,25.0,1287.28,77.0,13.0,13.0,55.0,105557.0,86.0,52.0,12.0,881.0,2005.0,,,342.05,4.17
2563036,2025,projected,227.0,22.0,1.0,177.0,24.0,,1.0,,17.0,82.0,10.0,2.0,24.0,1242.0,71.0,13.0,12.0,62.0,101844.0,74.0,47.0,11.0,,,,,327.45,3.99
2563036,2025,actual,202.0,12.0,6.0,213.0,19.0,624.0,1.0,7.0,0.0,82.0,5.0,7.0,26.0,1265.94,59.0,8.0,7.0,44.0,103807.0,78.0,33.0,11.0,910.0,1994.0,,,305.3,3.72
2563036,2026,projected,208.0,18.0,3.0,198.0,24.0,,3.0,,10.0,82.0,9.0,6.0,25.0,1278.0,66.0,12.0,9.0,48.0,104796.0,81.0,41.0,12.0,,,,,315.8,3.85
2563036,2026,actual,114.0,16.0,2.0,193.0,18.0,474.0,0.0,1.0,-16.0,67.0,2.0,2.0,16.0,1233.07,53.0,14.0,14.0,64.0,82616.0,49.0,37.0,4.0,625.0,1611.0,,,240.3,3.59
2563036,2027,projected,181.0,22.0,3.0,213.0,28.0,,3.0,,7.0,76.0,5.0,6.0,24.0,1295.13,66.0,20.0,17.0,68.0,98429.88,62.0,42.0,8.0,,,,,310.05,4.08
2563036,2027,actual,,,,,,,,,,,,,,,,,,,,,,,,,,,,
2563054,2023,projected,138.0,4.0,1.0,132.0,5.0,628.0,0.0,3.0,-10.0,71.0,2.0,1.0,14.0,1080.0,31.0,2.0,2.0,38.0,76680.0,93.0,17.0,3.0,758.0,195.0,,,197.2,2.78
2563054,2023,actual,214.0,11.0,0.0,129.0,11.0,628.0,0.0,3.0,-32.0,68.0,7.0,0.0,26.0,1212.44,45.0,4.0,4.0,51.0,82446.0,70.0,19.0,7.0,758.0,1587.0,,,254.9,3.75
2563054,2024,projected,154.0,7.0,1.0,75.0,7.0,509.0,0.0,1.0,-27.0,55.0,5.0,1.0,20.0,1212.0,37.0,2.0,2.0,42.0,66660.0,52.0,17.0,5.0,604.0,1356.0,1.0,,199.0,3.62
2563054,2024,actual,155.0,8.0,1.0,107.0,9.0,509.0,0.0,1.0,-8.0,58.0,5.0,1.0,22.0,1205.76,35.0,3.0,3.0,28.0,69934.0,74.0,13.0,6.0,604.0,1356.0,1.0,,204.95,3.53
2563054,2025,projected,176.0,10.0,1.0,121.0,12.0,,1.0,,-21.0,64.0,6.0,2.0,24.0,1206.0,41.0,5.0,4.0,36.0,77184.0,71.0,17.0,7.0,,,,,226.6,3.54
2563054,2025,actual,70.0,3.0,1.0,43.0,4.0,100.0,0.0,1.0,3.0,26.0,2.0,1.0,7.0,1079.15,19.0,1.0,1.0,4.0,28058.0,18.0,12.0,3.0,105.0,533.0,,,83.3,3.2
2563054,2026,projected,163.0,6.0,1.0,118.0,8.0,,1.0,,-13.0,66.0,3.0,2.0,22.0,1200.0,38.0,4.0,3.0,38.0,79200.0,72.0,16.0,4.0,,,,,213.05,3.23
2563054,2026,actual,132.0,3.0,0.0,147.0,4.0,180.0,1.0,3.0,3.0,67.0,1.0,1.0,13.0,964.76,38.0,3.0,2.0,44.0,64639.0,66.0,25.0,1.0,200.0,1366.0,,,197.7,2.95
2563054,2027,projected,134.0,4.0,,131.0,4.0,,,,1.0,61.0,2.0,,13.0,1025.74,35.0,2.0,2.0,40.0,62570.14,65.0,22.0,2.0,,,,,185.1,3.03
2563054,2027,actual,,,,,,,,,,,,,,,,,,,,,,,,,,,,
2563057,2023,projected,149.0,7.0,1.0,37.0,9.0,509.0,1.0,2.0,5.0,75.0,2.0,2.0,17.0,1104.0,45.0,6.0,5.0,6.0,82800.0,44.0,28.0,3.0,633.0,245.0,,,182.45,2.43
2563057,2023,actual,161.0,9.0,2.0,50.0,14.0,509.0,3.0,2.0,14.0,82.0,2.0,5.0,14.0,1048.13,53.0,10.0,7.0,10.0,85947.0,50.0,39.0,4.0,633.0,1739.0,,,209.75,2.56
2563057,2024,projected,,,,,,,,,,,,,,,,,,,,,,,,,,,,
2563057,2024,actual,175.0,15.0,1.0,40.0,17.0,426.0,1.0,2.0,15.0,70.0,7.0,2.0,30.0,1056.1,60.0,9.0,8.0,22.0,73927.0,46.0,30.0,8.0,547.0,1459.0,,,247.75,3.54
2563057,2025,projected,183.0,11.0,2.0,47.0,15.0,,2.0,,14.0,76.0,4.0,4.0,27.0,1056.0,55.0,9.0,7.0,18.0,80256.0,48.0,28.0,6.0,,,,,233.95,3.08
2563057,2025,actual,119.0,6.0,2.0,20.0,8.0,296.0,0.0,4.0,17.0,53.0,0.0,2.0,9.0,1020.85,29.0,6.0,6.0,4.0,54105.0,37.0,20.0,2.0,410.0,1101.0,,,130.25,2.46
2563057,2026,projected,171.0,10.0,2.0,39.0,14.0,,2.0,,16.0,72.0,3.0,4.0,16.0,1032.0,47.0,9.0,7.0,12.0,74304.0,43.0,31.0,5.0,,,,,196.65,2.73
2563057,2026,actual,30.0,1.0,1.0,3.0,2.0,67.0,0.0,1.0,-1.0,14.0,1.0,1.0,4.0,908.79,7.0,0.0,0.0,4.0,12723.0,13.0,3.0,2.0,91.0,274.0,,,38.3,2.74
2563057,2027,projected,146.0,10.0,1.0,32.0,12.0,,1.0,,13.0,61.0,3.0,2.0,13.0,1048.82,30.0,8.0,7.0,13.0,63978.02,41.0,17.0,4.0,,,,,149.2,2.45
2563057,2027,actual,,,,,,,,,,,,,,,,,,,,,,,,,,,,
2563060,2023,projected,223.0,36.0,0.0,41.0,36.0,0.0,0.0,4.0,25.0,70.0,10.0,0.0,36.0,1194.0,94.0,26.0,26.0,34.0,83580.0,24.0,58.0,10.0,2.0,20.0,,,339.85,4.86
2563060,2023,actual,271.0,50.0,0.0,61.0,50.0,0.0,0.0,4.0,-2.0,82.0,8.0,0.0,30.0,1207.94,113.0,42.0,42.0,36.0,99051.0,28.0,83.0,8.0,2.0,1754.0,,,394.85,4.82
2563060,2024,projected,261.0,42.0,0.0,49.0,42.0,2.0,0.0,6.0,1.0,79.0,9.0,0.0,33.0,1200.0,107.0,33.0,33.0,36.0,94800.0,23.0,74.0,9.0,2.0,1793.0,1.0,,381.15,4.82
2563060,2024,actual,306.0,53.0,0.0,40.0,53.0,2.0,0.0,6.0,8.0,81.0,13.0,0.0,44.0,1300.12,144.0,40.0,40.0,22.0,105310.0,35.0,100.0,13.0,2.0,1793.0,1.0,,483.0,5.96
2563060,2025,projected,276.0,53.0,,51.0,53.0,,,,5.0,81.0,11.0,,39.0,1224.0,131.0,42.0,42.0,28.0,99144.0,34.0,92.0,11.0,,,,,438.1,5.41
2563060,2025,actual,265.0,46.0,0.0,23.0,46.0,1.0,0.0,9.0,22.0,78.0,8.0,0.0,37.0,1271.37,121.0,38.0,38.0,45.0,99167.0,33.0,84.0,8.0,1.0,1776.0,1.0,,425.55,5.46
2563060,2026,projected,289.0,48.0,,38.0,48.0,,,,17.0,80.0,9.0,,40.0,1278.0,81.0,39.0,39.0,34.0,102240.0,34.0,41.0,9.0,,,,,340.55,4.26
2563060,2026,actual,231.0,37.0,1.0,36.0,38.0,2.0,0.0,8.0,43.0,76.0,8.0,1.0,44.0,1220.11,130.0,29.0,29.0,50.0,92728.0,29.0,86.0,9.0,0.0,1634.0,1.0,,440.35,5.79
2563060,2027,projected,240.0,41.0,1.0,36.0,43.0,,1.0,,35.0,79.0,8.0,2.0,43.0,1286.06,132.0,34.0,33.0,48.0,101598.74,32.0,89.0,9.0,,,,,438.1,5.55
2563060,2027,actual,,,,,,,,,,,,,,,,,,,,,,,,,,,,
2563061,2023,projected,,,,,,,,,,,,,,,,,,,,,,,,,,,,
2563061,2023,actual,,,,,,,,,,,,,,,,,,,,,,,,,,,,
2563061,2024,projected,,,,,,,,,,,,,,,,,,,,,,,,,,,,
2563061,2024,actual,,,,,,,,,,,,,,,,,,,,,,,,,,,,
2563061,2025,projected,,,,,,,,,,,,,,,,,,,,,,,,,,,,
2563061,2025,actual,3.0,0.0,0.0,14.0,0.0,2.0,0.0,0.0,1.0,6.0,0.0,0.0,0.0,546.33,1.0,0.0,0.0,10.0,3278.0,11.0,1.0,0.0,0.0,82.0,,,14.65,2.44
2563061,2026,projected,,,,,,,,,,,,,,,,,,,,,,,,,,,,
2563061,2026,actual,2.0,0.0,0.0,6.0,0.0,1.0,0.0,0.0,-1.0,1.0,0.0,0.0,0.0,572.0,0.0,0.0,0.0,0.0,572.0,2.0,0.0,0.0,1.0,16.0,,,2.1,2.1
2563061,2027,projected,,,,,,,,,,,,,,,,,,,,,,,,,,,,
2563061,2027,actual,,,,,,,,,,,,,,,,,,,,,,,,,,,,
2563065,2023,projected,154.0,10.0,1.0,26.0,12.0,4.0,1.0,1.0,10.0,75.0,4.0,2.0,21.0,966.0,46.0,7.0,6.0,12.0,72450.0,19.0,25.0,5.0,4.0,269.0,,,180.6,2.41
2563065,2023,actual,127.0,4.0,2.0,24.0,7.0,4.0,1.0,1.0,-8.0,71.0,2.0,3.0,19.0,999.3,37.0,3.0,2.0,12.0,70950.0,31.0,18.0,4.0,4.0,1468.0,,,157.65,2.22
2563065,2024,projected,,,,,,,,,,,,,,,,,,,,,,,,,,,,
2563065,2024,actual,144.0,5.0,0.0,13.0,5.0,16.0,0.0,7.0,-4.0,82.0,5.0,0.0,26.0,930.18,42.0,0.0,0.0,20.0,76275.0,16.0,16.0,5.0,12.0,1543.0,,,177.3,2.16
2563065,2025,projected,138.0,4.0,,18.0,4.0,,,,-7.0,78.0,1.0,,21.0,966.0,40.0,3.0,3.0,18.0,75348.0,23.0,19.0,1.0,,,,,160.3,2.06
2563065,2025,actual,127.0,3.0,0.0,12.0,3.0,18.0,0.0,1.0,-8.0,72.0,0.0,0.0,13.0,889.11,30.0,3.0,3.0,6.0,64016.0,21.0,17.0,0.0,7.0,1360.0,1.0,,124.95,1.74
2563065,2026,projected,,,,,,,,,,,,,,,,,,,,,,,,,,,,
2563065,2026,actual,78.0,0.0,0.0,11.0,0.0,22.0,0.0,0.0,-7.0,49.0,0.0,0.0,3.0,803.1,9.0,0.0,0.0,14.0,39352.0,18.0,6.0,0.0,9.0,871.0,,,57.6,1.18
2563065,2027,projected,,,,,,,,,,,,,,,,,,,,,,,,,,,,
2563065,2027,actual,,,,,,,,,,,,,,,,,,,,,,,,,,,,
2563066,2023,projected,,,,,,,,,,,,,,,,,,,,,,,,,,,,
2563066,2023,actual,126.0,2.0,3.0,161.0,7.0,585.0,2.0,2.0,4.0,82.0,0.0,5.0,13.0,938.84,35.0,4.0,2.0,48.0,76985.0,46.0,22.0,3.0,595.0,1888.0,,,188.6,2.3
2563066,2024,projected,,,,,,,,,,,,,,,,,,,,,,,,,,,,
2563066,2024,actual,119.0,2.0,1.0,170.0,4.0,704.0,1.0,1.0,17.0,81.0,0.0,2.0,12.0,966.25,35.0,3.0,2.0,57.0,78266.0,65.0,23.0,1.0,676.0,1796.0,,,194.75,2.4
2563066,2025,projected,126.0,2.0,2.0,174.0,6.0,,2.0,,10.0,80.0,,4.0,13.0,948.0,35.0,4.0,2.0,52.0,75840.0,58.0,22.0,2.0,,,,,193.9,2.42
2563066,2025,actual,99.0,0.0,0.0,140.0,2.0,573.0,2.0,4.0,18.0,73.0,0.0,2.0,16.0,925.7,34.0,2.0,0.0,28.0,67576.0,60.0,18.0,0.0,615.0,1595.0,,,172.75,2.37
2563066,2026,projected,,,,,,,,,,,,,,,,,,,,,,,,,,,,
2563066,2026,actual,71.0,0.0,1.0,150.0,2.0,429.0,1.0,1.0,-6.0,70.0,0.0,2.0,5.0,898.29,21.0,1.0,0.0,32.0,62880.0,48.0,16.0,1.0,522.0,1474.0,,,123.75,1.77
2563066,2027,projected,,,,,,,,,,,,,,,,,,,,,,,,,,,,
2563066,2027,actual,,,,,,,,,,,,,,,,,,,,,,,,,,,,
2564154,2023,projected,,,,,,,,,,,,,,,,,,,,,,,,,,,,
2564154,2023,actual,100.0,1.0,1.0,187.0,3.0,575.0,1.0,0.0,-28.0,71.0,1.0,2.0,11.0,904.41,20.0,1.0,0.0,68.0,64213.0,46.0,9.0,2.0,567.0,1422.0,,,155.7,2.19
2564154,2024,projected,,,,,,,,,,,,,,,,,,,,,,,,,,,,
2564154,2024,actual,92.0,0.0,0.0,135.0,1.0,293.0,1.0,0.0,-5.0,62.0,0.0,1.0,9.0,824.11,18.0,1.0,0.0,40.0,51095.0,34.0,9.0,0.0,272.0,1114.0,,,119.5,1.93
2564154,2025,projected,,,,,,,,,,,,,,,,,,,,,,,,,,,,
2564154,2025,actual,88.0,0.0,0.0,163.0,0.0,266.0,0.0,0.0,-4.0,82.0,0.0,0.0,6.0,705.84,17.0,0.0,0.0,40.0,57879.0,45.0,11.0,0.0,316.0,1198.0,,,120.8,1.47
2564154,2026,projected,,,,,,,,,,,,,,,,,,,,,,,,,,,,
2564154,2026,actual,110.0,0.0,0.0,87.0,0.0,324.0,0.0,1.0,0.0,82.0,0.0,0.0,6.0,799.76,22.0,0.0,0.0,41.0,65580.0,47.0,16.0,0.0,338.0,1423.0,,,131.2,1.6
2564154,2027,projected,,,,,,,,,,,,,,,,,,,,,,,,,,,,
2564154,2027,actual,,,,,,,,,,,,,,,,,,,,,,,,,,,,
2590389,2023,projected,134.0,10.0,1.0,118.0,11.0,9.0,0.0,1.0,21.0,75.0,4.0,1.0,17.0,1008.0,51.0,6.0,6.0,24.0,75600.0,46.0,34.0,5.0,0.0,179.0,,,209.3,2.79
2590389,2023,actual,79.0,3.0,0.0,70.0,3.0,9.0,0.0,1.0,5.0,49.0,1.0,0.0,8.0,932.12,23.0,2.0,2.0,6.0,45674.0,44.0,15.0,1.0,0.0,1011.0,,,108.75,2.22
2590389,2024,projected,,,,,,,,,,,,,,,,,,,,,,,,,,,,
2590389,2024,actual,108.0,5.0,0.0,80.0,5.0,13.0,0.0,0.0,-9.0,71.0,1.0,0.0,11.0,938.92,31.0,4.0,4.0,37.0,66663.0,49.0,20.0,1.0,4.0,1607.0,,,154.0,2.17
2590389,2025,projected,119.0,5.0,,89.0,5.0,,,,-8.0,74.0,1.0,,13.0,930.0,32.0,4.0,4.0,32.0,68820.0,47.0,19.0,1.0,,,,,158.15,2.14
2590389,2025,actual,96.0,4.0,1.0,123.0,5.0,16.0,0.0,3.0,-5.0,77.0,2.0,1.0,15.0,825.26,28.0,2.0,2.0,12.0,63545.0,58.0,13.0,3.0,4.0,1494.0,,,150.3,1.95
2590389,2026,projected,,,,,,,,,,,,,,,,,,,,,,,,,,,,
2590389,2026,actual,83.0,2.0,0.0,133.0,2.0,9.0,0.0,0.0,-11.0,80.0,1.0,0.0,5.0,769.19,15.0,1.0,1.0,14.0,61535.0,67.0,10.0,1.0,7.0,1430.0,,,111.05,1.39
2590389,2027,projected,,,,,,,,,,,,,,,,,,,,,,,,,,,,
2590389,2027,actual,,,,,,,,,,,,,,,,,,,,,,,,,,,,
2590852,2023,projected,188.0,24.0,1.0,134.0,25.0,399.0,4.0,3.0,13.0,81.0,7.0,1.0,30.0,1260.0,76.0,17.0,17.0,45.0,100503.0,52.0,46.0,8.0,486.0,38.0,,,315.4,3.89
2590852,2023,actual,223.0,30.0,5.0,200.0,39.0,399.0,4.0,3.0,-7.0,81.0,11.0,9.0,32.0,1240.78,82.0,23.0,19.0,60.0,100503.0,52.0,50.0,16.0,486.0,2039.0,,,365.25,4.51
2590852,2024,projected,207.0,28.0,1.0,168.0,31.0,638.0,2.0,9.0,8.0,80.0,8.0,3.0,31.0,1248.0,81.0,22.0,20.0,51.0,99840.0,52.0,50.0,9.0,823.0,2028.0,1.0,,347.05,4.34
2590852,2024,actual,194.0,40.0,2.0,197.0,42.0,638.0,0.0,9.0,32.0,81.0,10.0,2.0,37.0,1169.4,103.0,30.0,30.0,58.0,94721.0,61.0,66.0,12.0,823.0,2028.0,1.0,,411.7,5.08
2590852,2025,projected,219.0,38.0,3.0,202.0,44.0,,3.0,,23.0,81.0,11.0,6.0,37.0,1206.0,101.0,30.0,27.0,58.0,97686.0,54.0,64.0,14.0,,,,,403.45,4.98
2590852,2025,actual,137.0,22.0,0.0,168.0,26.0,450.0,4.0,2.0,-6.0,72.0,5.0,4.0,22.0,1092.01,70.0,21.0,17.0,55.0,78625.0,50.0,48.0,5.0,628.0,1785.0,,,285.05,3.96
2590852,2026,projected,201.0,29.0,2.0,198.0,33.0,,2.0,,7.0,78.0,8.0,4.0,33.0,1146.0,84.0,23.0,21.0,62.0,89388.0,47.0,51.0,10.0,,,,,350.05,4.49
2590852,2026,actual,144.0,19.0,0.0,123.0,20.0,343.0,1.0,5.0,-30.0,68.0,6.0,1.0,17.0,1208.74,53.0,14.0,13.0,33.0,82194.0,34.0,36.0,6.0,547.0,1731.0,,,223.3,3.28
2590852,2027,projected,170.0,26.0,,157.0,26.0,,,,-22.0,80.0,8.0,,22.0,1201.81,70.0,18.0,18.0,45.0,96144.8,46.0,48.0,8.0,,,,,282.7,3.53
2590852,2027,actual,,,,,,,,,,,,,,,,,,,,,,,,,,,,
2590857,2023,projected,,,,,,,,,,,,,,,,,,,,,,,,,,,,
2590857,2023,actual,53.0,0.0,0.0,49.0,1.0,18.0,1.0,0.0,-16.0,53.0,0.0,1.0,2.0,708.06,10.0,1.0,0.0,6.0,37527.0,17.0,8.0,0.0,18.0,841.0,,,52.65,0.99
2590857,2024,projected,,,,,,,,,,,,,,,,,,,,,,,,,,,,
2590857,2024,actual,88.0,1.0,0.0,44.0,1.0,38.0,0.0,2.0,-2.0,44.0,1.0,0.0,8.0,869.55,12.0,0.0,0.0,10.0,38260.0,22.0,4.0,1.0,32.0,833.0,1.0,,80.4,1.83
2590857,2025,projected,,,,,,,,,,,,,,,,,,,,,,,,,,,,
2590857,2025,actual,63.0,1.0,2.0,84.0,4.0,157.0,1.0,0.0,4.0,63.0,0.0,3.0,6.0,693.76,17.0,2.0,1.0,16.0,43707.0,23.0,11.0,2.0,151.0,1043.0,,,89.15,1.42
2590857,2026,projected,,,,,,,,,,,,,,,,,,,,,,,,,,,,
2590857,2026,actual,61.0,0.0,0.0,112.0,0.0,163.0,0.0,1.0,-2.0,70.0,0.0,0.0,4.0,713.56,15.0,0.0,0.0,40.0,49949.0,37.0,11.0,0.0,124.0,1152.0,,,99.95,1.43
2590857,2027,projected,,,,,,,,,,,,,,,,,,,,,,,,,,,,
2590857,2027,actual,,,,,,,,,,,,,,,,,,,,,,,,,,,,
2591155,2023,projected,190.0,21.0,0.0,54.0,21.0,5.0,1.0,2.0,11.0,67.0,8.0,1.0,26.0,1146.0,63.0,13.0,13.0,22.0,76782.0,33.0,37.0,8.0,5.0,116.0,,,249.9,3.73
2591155,2023,actual,211.0,11.0,0.0,98.0,12.0,5.0,1.0,2.0,-4.0,81.0,2.0,1.0,20.0,1073.98,46.0,10.0,9.0,31.0,86992.0,50.0,26.0,2.0,5.0,1921.0,,,224.55,2.77
2591155,2024,projected,,,,,,,,,,,,,,,,,,,,,,,,,,,,
2591155,2024,actual,196.0,9.0,1.0,41.0,10.0,6.0,0.0,3.0,10.0,62.0,3.0,1.0,28.0,1174.69,56.0,6.0,6.0,20.0,72831.0,51.0,28.0,4.0,2.0,1561.0,,,239.6,3.86
2591155,2025,projected,199.0,12.0,1.0,66.0,14.0,,1.0,,12.0,77.0,5.0,2.0,27.0,1128.0,59.0,8.0,7.0,28.0,86856.0,54.0,32.0,6.0,,,,,253.85,3.3
2591155,2025,actual,191.0,18.0,0.0,62.0,18.0,8.0,0.0,5.0,-21.0,71.0,5.0,0.0,31.0,1185.04,65.0,13.0,13.0,18.0,84138.0,54.0,34.0,5.0,9.0,1784.0,1.0,,270.45,3.81
2591155,2026,projected,201.0,13.0,,69.0,13.0,,,,13.0,74.0,4.0,,30.0,1182.0,59.0,9.0,9.0,22.0,87468.0,55.0,29.0,4.0,,,,,252.15,3.41
2591155,2026,actual,183.0,24.0,1.0,35.0,26.0,13.0,1.0,4.0,0.0,72.0,8.0,2.0,29.0,1196.67,65.0,17.0,16.0,26.0,86160.0,71.0,36.0,9.0,2.0,1679.0,,,279.75,3.89
2591155,2027,projected,186.0,22.0,1.0,43.0,24.0,,1.0,,-2.0,73.0,7.0,2.0,30.0,1221.68,64.0,16.0,15.0,25.0,89182.64,66.0,34.0,8.0,,,,,271.8,3.72
2591155,2027,actual,,,,,,,,,,,,,,,,,,,,,,,,,,,,
2592095,2023,projected,195.0,27.0,1.0,16.0,29.0,20.0,1.0,2.0,21.0,75.0,7.0,2.0,21.0,1074.0,66.0,21.0,20.0,16.0,80550.0,30.0,45.0,8.0,33.0,112.0,1.0,,251.35,3.35
2592095,2023,actual,144.0,11.0,2.0,15.0,14.0,20.0,1.0,2.0,11.0,68.0,5.0,3.0,12.0,1014.53,37.0,7.0,6.0,16.0,68988.0,18.0,25.0,7.0,33.0,1442.0,1.0,,158.5,2.33
2592095,2024,projected,,,,,,,,,,,,,,,,,,,,,,,,,,,,
2592095,2024,actual,142.0,17.0,1.0,13.0,21.0,74.0,3.0,4.0,15.0,76.0,9.0,4.0,25.0,984.11,53.0,11.0,8.0,10.0,74792.0,26.0,28.0,10.0,66.0,1615.0,1.0,,210.8,2.77
2592095,2025,projected,162.0,16.0,2.0,15.0,20.0,,2.0,,8.0,74.0,8.0,4.0,24.0,996.0,65.0,10.0,8.0,18.0,73704.0,22.0,41.0,10.0,,,,,234.0,3.16
2592095,2025,actual,111.0,24.0,0.0,27.0,26.0,93.0,2.0,0.0,-23.0,82.0,7.0,2.0,15.0,1023.94,58.0,19.0,17.0,12.0,83963.0,29.0,43.0,7.0,60.0,1606.0,,,199.45,2.43
2592095,2026,projected,158.0,20.0,1.0,17.0,22.0,,1.0,,-13.0,77.0,6.0,2.0,21.0,1008.0,52.0,15.0,14.0,14.0,77616.0,28.0,31.0,7.0,,,,,203.2,2.64
2592095,2026,actual,89.0,19.0,1.0,21.0,20.0,73.0,0.0,2.0,-30.0,75.0,7.0,1.0,14.0,1065.11,35.0,12.0,12.0,6.0,79883.0,43.0,21.0,8.0,47.0,1624.0,,,149.85,2.0
2592095,2027,projected,110.0,22.0,1.0,25.0,24.0,,1.0,,-25.0,84.0,8.0,2.0,16.0,1064.8,45.0,15.0,14.0,9.0,89443.2,45.0,29.0,9.0,,,,,181.0,2.15
2592095,2027,actual,,,,,,,,,,,,,,,,,,,,,,,,,,,,
2593131,2023,projected,131.0,10.0,2.0,175.0,13.0,537.0,1.0,2.0,8.0,79.0,5.0,3.0,21.0,1074.0,43.0,6.0,5.0,36.0,84846.0,57.0,22.0,7.0,719.0,149.0,,,218.25,2.76
2593131,2023,actual,123.0,8.0,3.0,175.0,12.0,537.0,1.0,2.0,-2.0,70.0,5.0,4.0,13.0,1057.07,40.0,4.0,3.0,14.0,73995.0,61.0,27.0,8.0,719.0,1752.0,,,194.25,2.77
2593131,2024,projected,104.0,6.0,1.0,161.0,8.0,546.0,1.0,2.0,1.0,67.0,3.0,2.0,10.0,1032.0,27.0,4.0,3.0,22.0,69144.0,45.0,17.0,4.0,679.0,1922.0,,,149.1,2.23
2593131,2024,actual,101.0,2.0,1.0,165.0,8.0,546.0,5.0,2.0,-8.0,82.0,1.0,6.0,11.0,954.5,33.0,6.0,1.0,13.0,78269.0,81.0,22.0,2.0,679.0,1922.0,,,176.25,2.15
2593131,2025,projected,129.0,5.0,1.0,183.0,7.0,,1.0,,-6.0,78.0,3.0,2.0,14.0,984.0,37.0,3.0,2.0,16.0,76752.0,76.0,23.0,4.0,,,,,191.55,2.46
2593131,2025,actual,120.0,5.0,1.0,140.0,9.0,399.0,3.0,1.0,4.0,79.0,2.0,4.0,14.0,1019.82,42.0,6.0,3.0,23.0,80566.0,57.0,28.0,3.0,589.0,1745.0,,,191.5,2.42
2593131,2026,projected,118.0,6.0,2.0,163.0,10.0,,2.0,,6.0,81.0,2.0,4.0,13.0,1008.0,38.0,6.0,4.0,20.0,81648.0,77.0,25.0,4.0,,,,,193.3,2.39
2593131,2026,actual,81.0,1.0,3.0,115.0,8.0,452.0,4.0,4.0,0.0,74.0,0.0,7.0,17.0,939.93,35.0,5.0,1.0,4.0,69555.0,51.0,18.0,3.0,653.0,1582.0,,,160.75,2.17
2593131,2027,projected,93.0,1.0,2.0,125.0,5.0,,2.0,,,78.0,,4.0,16.0,969.23,35.0,3.0,1.0,7.0,75600.02,57.0,19.0,2.0,,,,,160.25,2.05
2593131,2027,actual,,,,,,,,,,,,,,,,,,,,,,,,,,,,
2593311,2023,projected,136.0,3.0,1.0,122.0,10.0,484.0,1.0,0.0,1.0,77.0,1.0,1.0,15.0,924.0,38.0,6.0,2.0,44.0,71148.0,39.0,23.0,4.0,573.0,301.0,,,183.7,2.39
2593311,2023,actual,164.0,7.0,2.0,92.0,10.0,484.0,1.0,0.0,13.0,80.0,2.0,3.0,14.0,997.86,40.0,6.0,5.0,47.0,79829.0,54.0,26.0,4.0,573.0,1789.0,,,204.2,2.55
2593311,2024,projected,,,,,,,,,,,,,,,,,,,,,,,,,,,,
2593311,2024,actual,155.0,3.0,1.0,83.0,5.0,403.0,1.0,2.0,-1.0,76.0,1.0,2.0,16.0,1012.67,35.0,3.0,2.0,54.0,76963.0,49.0,19.0,2.0,489.0,1772.0,,,191.55,2.52
2593311,2025,projected,161.0,3.0,1.0,93.0,5.0,,1.0,,-8.0,77.0,1.0,2.0,15.0,1008.0,36.0,3.0,2.0,48.0,77616.0,51.0,21.0,2.0,,,,,191.05,2.48
2593311,2025,actual,110.0,5.0,0.0,101.0,5.0,341.0,0.0,1.0,-6.0,69.0,2.0,0.0,11.0,882.25,21.0,3.0,3.0,39.0,60875.0,35.0,10.0,2.0,378.0,1422.0,,,132.1,1.91
2593311,2026,projected,158.0,6.0,1.0,99.0,8.0,,1.0,,-8.0,73.0,2.0,2.0,17.0,894.0,39.0,5.0,4.0,50.0,65262.0,42.0,22.0,3.0,,,,,197.4,2.7
2593311,2026,actual,127.0,12.0,1.0,118.0,14.0,511.0,1.0,1.0,-15.0,81.0,4.0,2.0,14.0,1000.44,38.0,9.0,8.0,64.0,81036.0,51.0,24.0,5.0,494.0,1818.0,,,203.05,2.51
2593311,2027,projected,132.0,9.0,1.0,115.0,11.0,,1.0,,-13.0,81.0,3.0,2.0,15.0,1019.07,39.0,7.0,6.0,60.0,82544.67,50.0,24.0,4.0,,,,,201.5,2.49
2593311,2027,actual,,,,,,,,,,,,,,,,,,,,,,,,,,,,
2593315,2023,projected,122.0,5.0,0.0,74.0,5.0,11.0,0.0,5.0,-5.0,55.0,4.0,0.0,14.0,906.0,26.0,1.0,1.0,20.0,49830.0,19.0,12.0,4.0,4.0,356.0,,,132.9,2.42
2593315,2023,actual,197.0,9.0,0.0,197.0,9.0,11.0,0.0,5.0,-4.0,78.0,2.0,0.0,27.0,939.36,48.0,7.0,7.0,47.0,73270.0,29.0,21.0,2.0,4.0,1566.0,,,240.45,3.08
2593315,2024,projected,131.0,6.0,0.0,89.0,6.0,20.0,0.0,0.0,-18.0,55.0,2.0,0.0,11.0,990.0,23.0,4.0,4.0,24.0,54450.0,22.0,12.0,2.0,13.0,1250.0,,,125.65,2.28
2593315,2024,actual,150.0,10.0,0.0,85.0,10.0,20.0,0.0,0.0,-9.0,69.0,5.0,0.0,14.0,829.43,32.0,5.0,5.0,81.0,57231.0,18.0,18.0,5.0,13.0,1250.0,,,181.0,2.62
2593315,2025,projected,174.0,5.0,,112.0,5.0,,,,-10.0,72.0,2.0,,19.0,858.0,36.0,3.0,3.0,52.0,61776.0,20.0,17.0,2.0,,,,,185.2,2.57
2593315,2025,actual,143.0,21.0,0.0,68.0,21.0,64.0,0.0,4.0,4.0,73.0,11.0,0.0,21.0,959.63,53.0,10.0,10.0,57.0,70053.0,22.0,32.0,11.0,42.0,1470.0,1.0,,232.05,3.18
2593315,2026,projected,162.0,21.0,,63.0,21.0,,,,7.0,75.0,10.0,,24.0,948.0,54.0,11.0,11.0,64.0,71100.0,19.0,30.0,10.0,,,,,235.8,3.14
2593315,2026,actual,128.0,16.0,0.0,57.0,16.0,76.0,0.0,7.0,-5.0,62.0,10.0,0.0,24.0,937.32,45.0,6.0,6.0,23.0,58114.0,21.0,21.0,10.0,48.0,1187.0,,,193.7,3.12
2593315,2027,projected,137.0,19.0,,62.0,19.0,,,,-4.0,67.0,11.0,,23.0,896.27,47.0,8.0,8.0,37.0,60050.02,22.0,24.0,11.0,,,,,201.95,3.01
2593315,2027,actual,,,,,,,,,,,,,,,,,,,,,,,,,,,,
2967072,2023,projected,256.0,17.0,0.0,67.0,17.0,35.0,0.0,4.0,6.0,79.0,5.0,0.0,28.0,1050.0,64.0,12.0,12.0,32.0,82950.0,15.0,36.0,5.0,21.0,127.0,,,265.2,3.36
2967072,2023,actual,234.0,16.0,0.0,76.0,16.0,35.0,0.0,4.0,2.0,76.0,9.0,0.0,28.0,1028.42,57.0,7.0,7.0,21.0,78160.0,17.0,29.0,9.0,21.0,1494.0,,,243.6,3.21
2967072,2024,projected,217.0,10.0,0.0,54.0,10.0,18.0,0.0,5.0,3.0,68.0,4.0,0.0,24.0,1032.0,49.0,6.0,6.0,28.0,70176.0,14.0,25.0,4.0,6.0,1606.0,3.0,,223.65,3.29
2967072,2024,actual,266.0,17.0,0.0,91.0,17.0,18.0,0.0,5.0,-2.0,82.0,8.0,0.0,42.0,1073.68,69.0,9.0,9.0,40.0,88042.0,23.0,27.0,8.0,6.0,1606.0,3.0,,313.6,3.82
2967072,2025,projected,268.0,16.0,,89.0,16.0,,,,-4.0,78.0,8.0,,38.0,1056.0,66.0,8.0,8.0,34.0,82368.0,19.0,28.0,8.0,,,,,284.4,3.65
2967072,2025,actual,206.0,23.0,0.0,77.0,23.0,50.0,0.0,4.0,-29.0,78.0,4.0,0.0,21.0,1078.62,56.0,19.0,19.0,37.0,84132.0,25.0,35.0,4.0,17.0,1631.0,,,240.7,3.09
2967072,2026,projected,241.0,20.0,,81.0,20.0,,,,8.0,79.0,7.0,,27.0,1080.0,58.0,13.0,13.0,38.0,85320.0,24.0,31.0,7.0,,,,,255.85,3.24
2967072,2026,actual,132.0,8.0,0.0,75.0,8.0,25.0,0.0,1.0,-18.0,62.0,4.0,0.0,12.0,1002.44,31.0,4.0,4.0,30.0,62151.0,9.0,19.0,4.0,18.0,1209.0,,,141.0,2.27
2967072,2027,projected,200.0,15.0,,106.0,15.0,,,,-18.0,84.0,6.0,,22.0,1020.85,49.0,9.0,9.0,43.0,85751.4,16.0,27.0,6.0,,,,,220.6,2.63
2967072,2027,actual,,,,,,,,,,,,,,,,,,,,,,,,,,,,
2968772,2023,projected,223.0,17.0,0.0,101.0,17.0,1.0,0.0,2.0,10.0,67.0,7.0,0.0,30.0,1086.0,62.0,10.0,10.0,26.0,72762.0,33.0,32.0,7.0,0.0,103.0,1.0,,266.35,3.98
2968772,2023,actual,157.0,13.0,0.0,86.0,13.0,1.0,0.0,2.0,-4.0,50.0,4.0,0.0,19.0,1048.32,42.0,9.0,9.0,20.0,52416.0,20.0,23.0,4.0,0.0,1014.0,1.0,,184.35,3.69
2968772,2024,projected,199.0,16.0,0.0,99.0,16.0,11.0,0.0,11.0,-7.0,63.0,5.0,0.0,24.0,1068.0,53.0,11.0,11.0,22.0,67284.0,28.0,29.0,5.0,11.0,1854.0,2.0,,242.15,3.84
2968772,2024,actual,347.0,32.0,0.0,128.0,32.0,11.0,0.0,11.0,16.0,82.0,13.0,0.0,48.0,1134.33,94.0,19.0,19.0,43.0,93015.0,44.0,46.0,13.0,11.0,1854.0,2.0,,418.55,5.1
2968772,2025,projected,276.0,26.0,,124.0,26.0,,,,10.0,72.0,10.0,,38.0,1104.0,75.0,16.0,16.0,36.0,79488.0,37.0,37.0,10.0,,,,,323.9,4.5
2968772,2025,actual,281.0,26.0,0.0,150.0,26.0,13.0,0.0,3.0,-27.0,82.0,10.0,0.0,31.0,1117.67,76.0,16.0,16.0,44.0,91649.0,52.0,45.0,10.0,4.0,1818.0,,,337.25,4.11
2968772,2026,projected,301.0,29.0,,159.0,29.0,,,,14.0,81.0,11.0,,39.0,1122.0,86.0,18.0,18.0,42.0,90882.0,49.0,47.0,11.0,,,,,367.65,4.54
2968772,2026,actual,246.0,26.0,0.0,124.0,26.0,22.0,0.0,3.0,-2.0,82.0,11.0,0.0,40.0,1133.21,75.0,15.0,15.0,34.0,92923.0,33.0,35.0,11.0,10.0,1797.0,1.0,,321.9,3.93
2968772,2027,projected,265.0,26.0,,134.0,26.0,,,,-4.0,84.0,11.0,,42.0,1145.86,81.0,15.0,15.0,36.0,96252.24,38.0,39.0,11.0,,,,,339.15,4.04
2968772,2027,actual,,,,,,,,,,,,,,,,,,,,,,,,,,,,
2968829,2023,projected,,,,,,,,,,,,,,,,,,,,,,,,,,,,
2968829,2023,actual,114.0,1.0,0.0,96.0,1.0,113.0,0.0,0.0,-5.0,80.0,0.0,0.0,10.0,778.61,18.0,1.0,1.0,14.0,62289.0,49.0,8.0,0.0,94.0,1477.0,,,116.1,1.45
2968829,2024,projected,,,,,,,,,,,,,,,,,,,,,,,,,,,,
2968829,2024,actual,73.0,0.0,0.0,130.0,0.0,103.0,0.0,3.0,-1.0,63.0,0.0,0.0,8.0,710.98,14.0,0.0,0.0,21.0,44792.0,36.0,6.0,0.0,94.0,1059.0,,,98.75,1.57
2968829,2025,projected,,,,,,,,,,,,,,,,,,,,,,,,,,,,
2968829,2025,actual,83.0,0.0,0.0,174.0,0.0,68.0,0.0,1.0,-7.0,82.0,0.0,0.0,2.0,699.88,6.0,0.0,0.0,47.0,57390.0,50.0,4.0,0.0,61.0,1361.0,,,101.65,1.24
2968829,2026,projected,,,,,,,,,,,,,,,,,,,,,,,,,,,,
2968829,2026,actual,89.0,0.0,0.0,195.0,0.0,124.0,0.0,2.0,1.0,74.0,0.0,0.0,9.0,886.05,20.0,0.0,0.0,31.0,65568.0,44.0,11.0,0.0,100.0,1509.0,,,130.25,1.76
2968829,2027,projected,,,,,,,,,,,,,,,,,,,,,,,,,,,,
2968829,2027,actual,,,,,,,,,,,,,,,,,,,,,,,,,,,,
2970615,2023,projected,104.0,7.0,1.0,177.0,9.0,10.0,1.0,1.0,7.0,55.0,3.0,2.0,16.0,1074.0,37.0,5.0,4.0,85.0,59070.0,38.0,21.0,4.0,5.0,247.0,,,204.2,3.71
2970615,2023,actual,82.0,5.0,0.0,97.0,5.0,10.0,0.0,1.0,-13.0,33.0,4.0,0.0,13.0,1057.06,22.0,1.0,1.0,78.0,34883.0,30.0,9.0,4.0,5.0,723.0,,,146.7,4.45
2970615,2024,projected,74.0,4.0,2.0,99.0,4.0,38.0,0.0,3.0,-16.0,36.0,2.0,2.0,11.0,1092.0,23.0,2.0,2.0,88.0,39312.0,20.0,12.0,2.0,22.0,1699.0,1.0,,152.4,4.23
2970615,2024,actual,169.0,10.0,2.0,205.0,12.0,38.0,0.0,3.0,-19.0,74.0,5.0,2.0,18.0,1086.12,35.0,5.0,5.0,133.0,80373.0,74.0,17.0,7.0,22.0,1699.0,1.0,,271.75,3.67
2970615,2025,projected,152.0,10.0,2.0,231.0,14.0,,2.0,,-18.0,73.0,4.0,4.0,17.0,1074.0,38.0,8.0,6.0,122.0,78402.0,53.0,21.0,6.0,,,,,254.6,3.49
2970615,2025,actual,169.0,17.0,2.0,233.0,22.0,14.0,3.0,6.0,20.0,81.0,11.0,5.0,33.0,1123.6,65.0,9.0,6.0,100.0,91012.0,71.0,32.0,13.0,5.0,1833.0,,,341.05,4.21
2970615,2026,projected,170.0,12.0,2.0,230.0,16.0,,2.0,,19.0,76.0,5.0,4.0,21.0,1122.0,54.0,9.0,7.0,124.0,85272.0,72.0,33.0,7.0,,,,,307.0,4.04
2970615,2026,actual,153.0,12.0,1.0,179.0,13.0,21.0,0.0,3.0,15.0,72.0,7.0,1.0,30.0,1167.76,62.0,5.0,5.0,117.0,84079.0,52.0,32.0,8.0,17.0,1669.0,,,309.15,4.29
2970615,2027,projected,159.0,14.0,1.0,187.0,16.0,,1.0,,12.0,75.0,8.0,2.0,31.0,1204.68,62.0,7.0,6.0,122.0,90351.0,58.0,31.0,9.0,,,,,317.45,4.23
2970615,2027,actual,,,,,,,,,,,,,,,,,,,,,,,,,,,,
2976842,2023,projected,,,,,,,,,,,,,,,,,,,,,,,,,,,,
2976842,2023,actual,88.0,0.0,1.0,89.0,2.0,243.0,1.0,3.0,9.0,81.0,0.0,2.0,11.0,823.23,20.0,1.0,0.0,39.0,66682.0,69.0,9.0,1.0,309.0,1545.0,,,141.9,1.75
2976842,2024,projected,,,,,,,,,,,,,,,,,,,,,,,,,,,,
2976842,2024,actual,71.0,0.0,2.0,86.0,4.0,237.0,2.0,2.0,0.0,74.0,0.0,4.0,7.0,750.93,19.0,2.0,0.0,20.0,55569.0,42.0,12.0,2.0,283.0,1286.0,,,110.35,1.49
2976842,2025,projected,,,,,,,,,,,,,,,,,,,,,,,,,,,,
2976842,2025,actual,68.0,0.0,0.0,116.0,0.0,326.0,0.0,1.0,-2.0,70.0,0.0,0.0,5.0,781.41,15.0,0.0,0.0,30.0,54699.0,50.0,10.0,0.0,432.0,1306.0,,,104.6,1.49
2976842,2026,projected,,,,,,,,,,,,,,,,,,,,,,,,,,,,
2976842,2026,actual,38.0,0.0,1.0,78.0,3.0,206.0,2.0,0.0,2.0,58.0,0.0,3.0,2.0,704.09,17.0,2.0,0.0,18.0,40837.0,44.0,15.0,1.0,235.0,973.0,,,88.3,1.52
2976842,2027,projected,,,,,,,,,,,,,,,,,,,,,,,,,,,,
2976842,2027,actual,,,,,,,,,,,,,,,,,,,,,,,,,,,,
2976844,2023,projected,196.0,14.0,1.0,88.0,16.0,653.0,1.0,1.0,-6.0,80.0,5.0,2.0,31.0,1200.0,67.0,10.0,9.0,28.0,96000.0,59.0,36.0,6.0,792.0,66.0,,,279.8,3.5
2976844,2023,actual,183.0,22.0,0.0,91.0,22.0,653.0,0.0,1.0,-36.0,79.0,6.0,0.0,22.0,1156.87,63.0,16.0,16.0,42.0,91393.0,57.0,41.0,6.0,792.0,1793.0,,,267.35,3.38
2976844,2024,projected,186.0,15.0,1.0,93.0,15.0,418.0,0.0,2.0,-26.0,80.0,5.0,1.0,21.0,1170.0,55.0,10.0,10.0,38.0,93600.0,56.0,34.0,5.0,565.0,1229.0,1.0,,250.8,3.14
2976844,2024,actual,124.0,11.0,1.0,49.0,12.0,418.0,0.0,2.0,-28.0,54.0,6.0,1.0,17.0,1229.37,38.0,5.0,5.0,22.0,66386.0,49.0,21.0,7.0,565.0,1229.0,1.0,,179.9,3.33
2976844,2025,projected,184.0,23.0,1.0,89.0,25.0,,1.0,,-22.0,80.0,8.0,2.0,27.0,1152.0,69.0,16.0,15.0,44.0,92160.0,58.0,42.0,9.0,,,,,289.4,3.62
2976844,2025,actual,177.0,23.0,0.0,99.0,23.0,421.0,0.0,3.0,-3.0,73.0,14.0,0.0,32.0,1027.0,61.0,9.0,9.0,20.0,74971.0,56.0,29.0,14.0,537.0,1417.0,2.0,,273.65,3.75
2976844,2026,projected,169.0,21.0,,81.0,21.0,,,,-9.0,71.0,10.0,,31.0,1074.0,65.0,11.0,11.0,28.0,76254.0,57.0,34.0,10.0,,,,,269.35,3.79
2976844,2026,actual,202.0,25.0,0.0,114.0,25.0,525.0,0.0,4.0,-17.0,82.0,13.0,0.0,24.0,1022.04,58.0,12.0,12.0,39.0,83807.0,45.0,34.0,13.0,720.0,1590.0,,,266.9,3.25
2976844,2027,projected,199.0,24.0,,110.0,24.0,,,,-17.0,80.0,13.0,,26.0,1037.2,59.0,11.0,11.0,36.0,82976.0,48.0,33.0,13.0,,,,,265.25,3.32
2976844,2027,actual,,,,,,,,,,,,,,,,,,,,,,,,,,,,
2976848,2023,projected,,,,,,,,,,,,,,,,,,,,,,,,,,,,
2976848,2023,actual,170.0,9.0,3.0,156.0,16.0,568.0,4.0,0.0,-9.0,78.0,5.0,7.0,18.0,1097.1,43.0,8.0,4.0,50.0,85574.0,57.0,25.0,8.0,510.0,1879.0,,,232.6,2.98
2976848,2024,projected,128.0,5.0,2.0,154.0,9.0,499.0,2.0,2.0,-10.0,73.0,2.0,4.0,13.0,1020.0,33.0,5.0,3.0,44.0,74460.0,50.0,20.0,4.0,478.0,1721.0,,,184.9,2.53
2976848,2024,actual,167.0,5.0,2.0,139.0,13.0,499.0,6.0,2.0,-9.0,82.0,1.0,8.0,13.0,939.32,39.0,10.0,4.0,69.0,77024.0,56.0,26.0,3.0,478.0,1721.0,,,224.15,2.73
2976848,2025,projected,168.0,6.0,2.0,155.0,10.0,,2.0,,-9.0,80.0,2.0,4.0,14.0,1002.0,39.0,6.0,4.0,56.0,80160.0,57.0,25.0,4.0,,,,,216.0,2.7
2976848,2025,actual,125.0,0.0,1.0,178.0,2.0,245.0,1.0,2.0,-18.0,80.0,0.0,2.0,13.0,876.02,31.0,1.0,0.0,32.0,70082.0,54.0,18.0,1.0,253.0,1610.0,1.0,,175.05,2.19
2976848,2026,projected,146.0,,,156.0,,,,,-7.0,80.0,,,15.0,888.0,33.0,,,42.0,71040.0,55.0,18.0,,,,,,181.6,2.27
2976848,2026,actual,95.0,2.0,2.0,120.0,4.0,325.0,0.0,2.0,-5.0,64.0,1.0,2.0,13.0,861.25,20.0,1.0,1.0,31.0,55120.0,42.0,7.0,3.0,443.0,1343.0,,,132.75,2.07
2976848,2027,projected,,,,,,,,,,,,,,,,,,,,,,,,,,,,
2976848,2027,actual,,,,,,,,,,,,,,,,,,,,,,,,,,,,
2976849,2023,projected,,,,,,,,,,,,,,,,,,,,,,,,,,,,
2976849,2023,actual,57.0,0.0,3.0,45.0,3.0,152.0,0.0,3.0,-1.0,50.0,0.0,3.0,7.0,746.38,12.0,0.0,0.0,18.0,37319.0,31.0,5.0,3.0,191.0,833.0,,,83.25,1.67
2976849,2024,projected,,,,,,,,,,,,,,,,,,,,,,,,,,,,
2976849,2024,actual,48.0,1.0,1.0,8.0,2.0,81.0,0.0,1.0,11.0,32.0,0.0,1.0,7.0,760.03,15.0,1.0,1.0,8.0,24321.0,11.0,8.0,1.0,82.0,575.0,,,62.8,1.96
2976849,2025,projected,,,,,,,,,,,,,,,,,,,,,,,,,,,,
2976849,2025,actual,66.0,0.0,0.0,27.0,0.0,214.0,0.0,1.0,4.0,60.0,0.0,0.0,12.0,754.08,17.0,0.0,0.0,33.0,45245.0,35.0,5.0,0.0,219.0,1089.0,,,100.2,1.67
2976849,2026,projected,,,,,,,,,,,,,,,,,,,,,,,,,,,,
2976849,2026,actual,63.0,2.0,0.0,45.0,2.0,342.0,0.0,3.0,7.0,68.0,0.0,0.0,11.0,669.07,21.0,2.0,2.0,16.0,45497.0,45.0,10.0,0.0,361.0,1089.0,,,107.75,1.58
2976849,2027,projected,,,,,,,,,,,,,,,,,,,,,,,,,,,,
2976849,2027,actual,,,,,,,,,,,,,,,,,,,,,,,,,,,,
2976854,2023,projected,,,,,,,,,,,,,,,,,,,,,,,,,,,,
2976854,2023,actual,9.0,0.0,0.0,4.0,0.0,23.0,0.0,0.0,-1.0,5.0,0.0,0.0,0.0,627.8,1.0,0.0,0.0,2.0,3139.0,2.0,1.0,0.0,33.0,75.0,,,6.65,1.33
2976854,2024,projected,,,,,,,,,,,,,,,,,,,,,,,,,,,,
2976854,2024,actual,24.0,0.0,0.0,47.0,0.0,84.0,0.0,0.0,-7.0,24.0,0.0,0.0,2.0,704.71,4.0,0.0,0.0,6.0,16913.0,8.0,2.0,0.0,98.0,368.0,,,27.7,1.15
2976854,2025,projected,,,,,,,,,,,,,,,,,,,,,,,,,,,,
2976854,2025,actual,11.0,0.0,0.0,18.0,0.0,42.0,0.0,0.0,-4.0,12.0,0.0,0.0,0.0,581.67,1.0,0.0,0.0,4.0,6980.0,7.0,1.0,0.0,39.0,143.0,,,12.05,1.0
2976854,2026,projected,,,,,,,,,,,,,,,,,,,,,,,,,,,,
2976854,2026,actual,29.0,0.0,2.0,44.0,2.0,78.0,0.0,1.0,-1.0,25.0,0.0,2.0,2.0,714.16,6.0,0.0,0.0,12.0,17854.0,21.0,4.0,2.0,103.0,408.0,,,47.15,1.89
2976854,2027,projected,,,,,,,,,,,,,,,,,,,,,,,,,,,,
2976854,2027,actual,,,,,,,,,,,,,,,,,,,,,,,,,,,,
2976860,2023,projected,167.0,4.0,0.0,88.0,5.0,11.0,1.0,0.0,7.0,76.0,1.0,1.0,16.0,966.0,39.0,4.0,3.0,24.0,73416.0,39.0,23.0,1.0,7.0,283.0,,,179.55,2.36
2976860,2023,actual,17.0,1.0,0.0,20.0,1.0,11.0,0.0,0.0,-9.0,14.0,0.0,0.0,1.0,809.64,5.0,1.0,1.0,21.0,11335.0,3.0,4.0,0.0,7.0,287.0,,,29.75,2.12
2976860,2024,projected,,,,,,,,,,,,,,,,,,,,,,,,,,,,
2976860,2024,actual,77.0,2.0,0.0,45.0,2.0,17.0,0.0,1.0,-12.0,54.0,1.0,0.0,5.0,776.31,13.0,1.0,1.0,21.0,41921.0,35.0,8.0,1.0,5.0,921.0,,,85.25,1.58
2976860,2025,projected,,,,,,,,,,,,,,,,,,,,,,,,,,,,
2976860,2025,actual,109.0,0.0,1.0,95.0,1.0,18.0,0.0,2.0,4.0,78.0,0.0,1.0,12.0,707.19,27.0,0.0,0.0,8.0,55161.0,45.0,15.0,1.0,6.0,1243.0,,,133.25,1.71
2976860,2026,projected,,,,,,,,,,,,,,,,,,,,,,,,,,,,
2976860,2026,actual,52.0,0.0,0.0,74.0,0.0,16.0,0.0,2.0,9.0,56.0,0.0,0.0,7.0,649.95,15.0,0.0,0.0,27.0,36397.0,27.0,8.0,0.0,4.0,900.0,,,86.4,1.54
2976860,2027,projected,,,,,,,,,,,,,,,,,,,,,,,,,,,,
2976860,2027,actual,,,,,,,,,,,,,,,,,,,,,,,,,,,,
2989376,2023,projected,,,,,,,,,,,,,,,,,,,,,,,,,,,,
2989376,2023,actual,162.0,0.0,1.0,81.0,2.0,39.0,1.0,3.0,7.0,82.0,0.0,2.0,13.0,937.96,34.0,1.0,0.0,61.0,76913.0,31.0,21.0,1.0,32.0,1742.0,1.0,,184.6,2.25
2989376,2024,projected,,,,,,,,,,,,,,,,,,,,,,,,,,,,
2989376,2024,actual,148.0,0.0,1.0,54.0,1.0,47.0,0.0,1.0,-1.0,82.0,0.0,1.0,14.0,878.82,32.0,0.0,0.0,36.0,72063.0,36.0,18.0,1.0,48.0,1673.0,,,159.4,1.94
2989376,2025,projected,153.0,,1.0,73.0,2.0,,1.0,,-3.0,82.0,,2.0,13.0,888.0,32.0,1.0,,48.0,72816.0,35.0,19.0,1.0,,,,,167.05,2.04
2989376,2025,actual,112.0,0.0,0.0,84.0,1.0,37.0,1.0,3.0,16.0,79.0,0.0,1.0,15.0,917.8,36.0,1.0,0.0,18.0,72506.0,52.0,21.0,0.0,35.0,1641.0,,,162.4,2.06
2989376,2026,projected,,,,,,,,,,,,,,,,,,,,,,,,,,,,
2989376,2026,actual,109.0,0.0,3.0,112.0,3.0,41.0,0.0,3.0,6.0,77.0,0.0,3.0,12.0,890.16,29.0,0.0,0.0,35.0,68542.0,50.0,17.0,3.0,32.0,1586.0,,,159.95,2.08
2989376,2027,projected,121.0,,2.0,109.0,4.0,,2.0,,7.0,80.0,,4.0,12.0,858.95,29.0,2.0,,32.0,68716.0,49.0,17.0,2.0,,,,,157.65,1.97
2989376,2027,actual,,,,,,,,,,,,,,,,,,,,,,,,,,,,
2993474,2023,projected,,,,,,,,,,,,,,,,,,,,,,,,,,,,
2993474,2023,actual,87.0,2.0,1.0,164.0,3.0,516.0,0.0,1.0,-4.0,82.0,0.0,1.0,12.0,949.65,30.0,2.0,2.0,20.0,77871.0,72.0,18.0,1.0,592.0,1696.0,,,160.15,1.95
2993474,2024,projected,,,,,,,,,,,,,,,,,,,,,,,,,,,,
2993474,2024,actual,131.0,7.0,3.0,120.0,11.0,558.0,1.0,2.0,-6.0,81.0,3.0,4.0,15.0,994.42,35.0,5.0,4.0,38.0,80548.0,57.0,20.0,6.0,618.0,1859.0,,,191.25,2.36
2993474,2025,projected,118.0,6.0,2.0,154.0,10.0,,2.0,,-6.0,81.0,2.0,4.0,14.0,984.0,33.0,6.0,4.0,36.0,79704.0,68.0,19.0,4.0,,,,,186.9,2.31
2993474,2025,actual,80.0,1.0,0.0,99.0,1.0,282.0,0.0,0.0,-12.0,72.0,0.0,0.0,7.0,861.54,21.0,1.0,1.0,22.0,62031.0,67.0,14.0,0.0,342.0,1508.0,,,123.9,1.72
2993474,2026,projected,,,,,,,,,,,,,,,,,,,,,,,,,,,,
2993474,2026,actual,74.0,2.0,0.0,93.0,2.0,267.0,0.0,2.0,-11.0,66.0,0.0,0.0,6.0,749.83,11.0,2.0,2.0,28.0,49489.0,46.0,5.0,0.0,347.0,1179.0,,,95.8,1.45
2993474,2027,projected,,,,,,,,,,,,,,,,,,,,,,,,,,,,
2993474,2027,actual,,,,,,,,,,,,,,,,,,,,,,,,,,,,
3024916,2023,projected,,,,,,,,,,,,,,,,,,,,,,,,,,,,
3024916,2023,actual,85.0,0.0,0.0,71.0,1.0,276.0,1.0,1.0,-9.0,63.0,0.0,1.0,4.0,774.59,16.0,1.0,0.0,30.0,48799.0,47.0,12.0,0.0,299.0,1147.0,,,104.85,1.66
3024916,2024,projected,,,,,,,,,,,,,,,,,,,,,,,,,,,,
3024916,2024,actual,97.0,0.0,2.0,89.0,4.0,366.0,2.0,0.0,4.0,68.0,0.0,4.0,6.0,896.12,28.0,2.0,0.0,31.0,60936.0,43.0,22.0,2.0,415.0,1465.0,,,138.15,2.03
3024916,2025,projected,,,,,,,,,,,,,,,,,,,,,,,,,,,,
3024916,2025,actual,94.0,0.0,0.0,104.0,0.0,505.0,0.0,0.0,-7.0,82.0,0.0,0.0,8.0,859.05,26.0,0.0,0.0,39.0,70442.0,43.0,18.0,0.0,510.0,1652.0,,,134.9,1.65
3024916,2026,projected,,,,,,,,,,,,,,,,,,,,,,,,,,,,
3024916,2026,actual,51.0,1.0,3.0,55.0,4.0,215.0,0.0,1.0,-12.0,35.0,1.0,3.0,9.0,990.71,17.0,0.0,0.0,22.0,34675.0,16.0,8.0,4.0,199.0,770.0,,,88.25,2.52
3024916,2027,projected,,,,,,,,,,,,,,,,,,,,,,,,,,,,
3024916,2027,actual,,,,,,,,,,,,,,,,,,,,,,,,,,,,
3025614,2023,projected,,,,,,,,,,,,,,,,,,,,,,,,,,,,
3025614,2023,actual,27.0,0.0,0.0,9.0,0.0,45.0,0.0,0.0,3.0,17.0,0.0,0.0,1.0,559.12,2.0,0.0,0.0,8.0,9505.0,4.0,1.0,0.0,51.0,222.0,,,18.65,1.1
3025614,2024,projected,,,,,,,,,,,,,,,,,,,,,,,,,,,,
3025614,2024,actual,89.0,2.0,0.0,31.0,2.0,161.0,0.0,2.0,-3.0,57.0,1.0,0.0,6.0,667.65,19.0,1.0,1.0,8.0,38056.0,24.0,13.0,1.0,162.0,903.0,,,88.85,1.56
3025614,2025,projected,,,,,,,,,,,,,,,,,,,,,,,,,,,,
3025614,2025,actual,73.0,0.0,0.0,27.0,0.0,89.0,0.0,2.0,6.0,51.0,0.0,0.0,12.0,700.51,19.0,0.0,0.0,4.0,35726.0,19.0,7.0,0.0,81.0,819.0,,,84.45,1.66
3025614,2026,projected,,,,,,,,,,,,,,,,,,,,,,,,,,,,
3025614,2026,actual,63.0,2.0,0.0,47.0,2.0,39.0,0.0,0.0,-1.0,55.0,0.0,0.0,6.0,670.31,16.0,2.0,2.0,12.0,36867.0,19.0,10.0,0.0,44.0,840.0,,,74.95,1.36
3025614,2027,projected,,,,,,,,,,,,,,,,,,,,,,,,,,,,
3025614,2027,actual,,,,,,,,,,,,,,,,,,,,,,,,,,,,
3025616,2023,projected,,,,,,,,,,,,,,,,,,,,,,,,,,,,
3025616,2023,actual,62.0,0.0,0.0,136.0,1.0,419.0,1.0,3.0,6.0,65.0,0.0,1.0,13.0,801.06,25.0,1.0,0.0,26.0,52069.0,61.0,12.0,0.0,433.0,1238.0,,,139.6,2.15
3025616,2024,projected,,,,,,,,,,,,,,,,,,,,,,,,,,,,
3025616,2024,actual,61.0,0.0,0.0,112.0,0.0,531.0,0.0,2.0,-2.0,64.0,0.0,0.0,12.0,912.16,22.0,0.0,0.0,47.0,58378.0,72.0,10.0,0.0,493.0,1366.0,,,143.95,2.25
3025616,2025,projected,,,,,,,,,,,,,,,,,,,,,,,,,,,,
3025616,2025,actual,86.0,0.0,2.0,128.0,2.0,603.0,0.0,3.0,7.0,82.0,0.0,2.0,14.0,910.56,27.0,0.0,0.0,56.0,74666.0,82.0,13.0,2.0,592.0,1719.0,,,178.3,2.17
3025616,2026,projected,,,,,,,,,,,,,,,,,,,,,,,,,,,,
3025616,2026,actual,66.0,0.0,1.0,140.0,1.0,493.0,0.0,0.0,-4.0,75.0,0.0,1.0,5.0,872.52,21.0,0.0,0.0,73.0,65439.0,50.0,16.0,1.0,475.0,1513.0,,,141.0,1.88
3025616,2027,projected,,,,,,,,,,,,,,,,,,,,,,,,,,,,
3025616,2027,actual,,,,,,,,,,,,,,,,,,,,,,,,,,,,
3041969,2023,projected,325.0,30.0,0.0,53.0,30.0,649.0,0.0,9.0,22.0,71.0,8.0,0.0,36.0,1260.0,94.0,22.0,22.0,44.0,89460.0,31.0,58.0,8.0,519.0,18.0,1.0,,379.05,5.34
3041969,2023,actual,366.0,34.0,0.0,53.0,34.0,649.0,0.0,9.0,28.0,71.0,12.0,0.0,42.0,1338.97,111.0,22.0,22.0,30.0,95067.0,40.0,69.0,12.0,519.0,1718.0,1.0,,430.8,6.07
3041969,2024,projected,352.0,35.0,0.0,59.0,35.0,707.0,0.0,9.0,26.0,69.0,12.0,0.0,41.0,1320.0,106.0,23.0,23.0,38.0,91080.0,41.0,65.0,12.0,607.0,1952.0,3.0,,427.9,6.2
3041969,2024,actual,405.0,48.0,0.0,49.0,48.0,707.0,0.0,9.0,35.0,82.0,10.0,0.0,51.0,1368.85,140.0,38.0,38.0,42.0,112246.0,69.0,89.0,10.0,607.0,1952.0,3.0,,539.65,6.58
3041969,2025,projected,401.0,44.0,,54.0,44.0,,,,34.0,79.0,11.0,,48.0,1350.0,122.0,33.0,33.0,38.0,106650.0,58.0,74.0,11.0,,,,,473.15,5.99
3041969,2025,actual,320.0,38.0,0.0,37.0,38.0,758.0,0.0,5.0,25.0,79.0,9.0,0.0,32.0,1366.95,116.0,29.0,29.0,41.0,107989.0,58.0,84.0,9.0,756.0,1898.0,,,425.7,5.39
3041969,2026,projected,348.0,42.0,,41.0,42.0,,,,27.0,80.0,11.0,,38.0,1362.0,119.0,31.0,31.0,40.0,108960.0,61.0,81.0,11.0,,,,,444.1,5.55
3041969,2026,actual,350.0,30.0,0.0,64.0,30.0,653.0,0.0,7.0,57.0,80.0,11.0,0.0,53.0,1335.71,127.0,19.0,19.0,39.0,106857.0,35.0,74.0,11.0,681.0,1866.0,,,465.4,5.82
3041969,2027,projected,367.0,34.0,,62.0,34.0,,,,53.0,82.0,10.0,,53.0,1397.17,133.0,24.0,24.0,40.0,114567.94,42.0,80.0,10.0,,,,,479.95,5.85
3041969,2027,actual,,,,,,,,,,,,,,,,,,,,,,,,,,,,
3041970,2023,projected,239.0,27.0,2.0,33.0,31.0,601.0,2.0,6.0,22.0,73.0,11.0,4.0,37.0,1230.0,91.0,18.0,16.0,16.0,89790.0,38.0,54.0,13.0,731.0,21.0,1.0,,343.05,4.7
3041970,2023,actual,208.0,30.0,1.0,52.0,32.0,601.0,1.0,6.0,10.0,68.0,8.0,2.0,23.0,1273.46,78.0,23.0,22.0,8.0,86595.0,48.0,55.0,9.0,731.0,1683.0,1.0,,295.2,4.34
3041970,2024,projected,215.0,34.0,3.0,51.0,39.0,470.0,2.0,4.0,22.0,69.0,12.0,5.0,37.0,1248.0,90.0,24.0,22.0,16.0,86112.0,46.0,53.0,15.0,630.0,1800.0,,,341.85,4.95
3041970,2024,actual,193.0,29.0,0.0,85.0,31.0,470.0,2.0,4.0,33.0,73.0,5.0,2.0,23.0,1178.21,80.0,26.0,24.0,24.0,86009.0,50.0,57.0,5.0,630.0,1800.0,,,299.75,4.11
3041970,2025,projected,221.0,32.0,2.0,68.0,36.0,,2.0,,28.0,71.0,7.0,4.0,26.0,1212.0,77.0,27.0,25.0,20.0,86052.0,48.0,51.0,9.0,,,,,301.55,4.25
3041970,2025,actual,149.0,28.0,1.0,87.0,32.0,446.0,3.0,4.0,1.0,67.0,9.0,4.0,20.0,1215.48,71.0,22.0,19.0,16.0,81437.0,54.0,51.0,10.0,580.0,1651.0,,,270.45,4.04
3041970,2026,projected,179.0,28.0,1.0,89.0,30.0,,1.0,,18.0,71.0,6.0,2.0,22.0,1206.0,74.0,23.0,22.0,18.0,85626.0,51.0,52.0,7.0,,,,,278.15,3.92
3041970,2026,actual,,,,,,,,,,,,,,,,,,,,,,,,,,,,
3041970,2027,projected,175.0,30.0,1.0,98.0,32.0,,1.0,,16.0,72.0,7.0,2.0,20.0,1191.18,71.0,24.0,23.0,20.0,85764.96,53.0,51.0,8.0,,,,,273.55,3.8
3041970,2027,actual,,,,,,,,,,,,,,,,,,,,,,,,,,,,
3041971,2023,projected,133.0,8.0,0.0,46.0,8.0,211.0,0.0,0.0,-9.0,62.0,2.0,0.0,14.0,996.0,41.0,6.0,6.0,26.0,61752.0,14.0,27.0,2.0,169.0,324.0,,,158.85,2.56
3041971,2023,actual,69.0,9.0,0.0,29.0,9.0,211.0,0.0,0.0,-18.0,58.0,0.0,0.0,2.0,894.48,29.0,9.0,9.0,18.0,51880.0,23.0,27.0,0.0,169.0,1028.0,,,105.15,1.81
3041971,2024,projected,,,,,,,,,,,,,,,,,,,,,,,,,,,,
3041971,2024,actual,127.0,19.0,0.0,37.0,19.0,41.0,0.0,2.0,12.0,79.0,5.0,0.0,19.0,1091.11,56.0,14.0,14.0,28.0,86198.0,33.0,37.0,5.0,44.0,1600.0,,,210.95,2.67
3041971,2025,projected,141.0,19.0,,43.0,19.0,,,,15.0,78.0,6.0,,22.0,1086.0,55.0,13.0,13.0,32.0,84708.0,29.0,33.0,6.0,,,,,214.55,2.75
3041971,2025,actual,56.0,12.0,0.0,14.0,12.0,13.0,0.0,2.0,4.0,43.0,3.0,0.0,11.0,1090.95,37.0,9.0,9.0,6.0,46911.0,12.0,26.0,3.0,9.0,870.0,,,118.9,2.77
3041971,2026,projected,99.0,14.0,,25.0,14.0,,,,7.0,67.0,4.0,,13.0,1092.0,42.0,10.0,10.0,20.0,73164.0,22.0,29.0,4.0,,,,,154.25,2.3
3041971,2026,actual,86.0,6.0,0.0,18.0,6.0,115.0,0.0,0.0,-5.0,64.0,1.0,0.0,4.0,1012.0,24.0,5.0,5.0,19.0,64768.0,32.0,20.0,1.0,114.0,1260.0,,,104.3,1.63
3041971,2027,projected,88.0,12.0,,24.0,12.0,,,,3.0,61.0,3.0,,10.0,1063.0,35.0,9.0,9.0,17.0,64843.0,26.0,25.0,3.0,,,,,133.4,2.19
3041971,2027,actual,,,,,,,,,,,,,,,,,,,,,,,,,,,,
3041991,2023,projected,,,,,,,,,,,,,,,,,,,,,,,,,,,,
3041991,2023,actual,55.0,0.0,0.0,160.0,1.0,14.0,1.0,2.0,-12.0,61.0,0.0,1.0,8.0,802.85,18.0,1.0,0.0,21.0,48974.0,55.0,10.0,0.0,12.0,1102.0,,,114.75,1.88
3041991,2024,projected,,,,,,,,,,,,,,,,,,,,,,,,,,,,
3041991,2024,actual,13.0,0.0,0.0,56.0,0.0,5.0,0.0,0.0,0.0,24.0,0.0,0.0,1.0,469.12,2.0,0.0,0.0,9.0,11259.0,5.0,1.0,0.0,4.0,271.0,,,20.85,0.87
3041991,2025,projected,,,,,,,,,,,,,,,,,,,,,,,,,,,,
3041991,2025,actual,,,,,,,,,,,,,,,,,,,,,,,,,,,,
3041991,2026,projected,,,,,,,,,,,,,,,,,,,,,,,,,,,,
3041991,2026,actual,43.0,0.0,0.0,141.0,0.0,8.0,0.0,0.0,1.0,45.0,0.0,0.0,6.0,600.4,8.0,0.0,0.0,19.0,27018.0,20.0,2.0,0.0,2.0,636.0,,,66.35,1.47
3041991,2027,projected,,,,,,,,,,,,,,,,,,,,,,,,,,,,
3041991,2027,actual,,,,,,,,,,,,,,,,,,,,,,,,,,,,
3041994,2023,projected,231.0,21.0,1.0,79.0,22.0,681.0,2.0,2.0,27.0,82.0,9.0,1.0,34.0,1200.0,72.0,12.0,12.0,22.0,98400.0,48.0,38.0,10.0,857.0,51.0,,,299.65,3.65
3041994,2023,actual,186.0,21.0,1.0,98.0,24.0,681.0,2.0,2.0,6.0,80.0,10.0,3.0,22.0,1119.44,64.0,13.0,11.0,14.0,89555.0,50.0,42.0,11.0,857.0,2050.0,,,259.8,3.25
3041994,2024,projected,213.0,20.0,1.0,87.0,22.0,583.0,1.0,4.0,14.0,81.0,10.0,2.0,32.0,1176.0,73.0,11.0,10.0,22.0,95256.0,51.0,41.0,11.0,753.0,1890.0,,,298.45,3.68
3041994,2024,actual,173.0,12.0,1.0,77.0,15.0,583.0,2.0,4.0,-14.0,75.0,6.0,3.0,15.0,1181.61,44.0,8.0,6.0,25.0,88621.0,61.0,29.0,7.0,753.0,1890.0,,,213.95,2.85
3041994,2025,projected,181.0,17.0,1.0,84.0,19.0,,1.0,,-7.0,79.0,10.0,2.0,21.0,1134.0,62.0,8.0,7.0,26.0,89586.0,51.0,41.0,11.0,,,,,253.65,3.21
3041994,2025,actual,152.0,14.0,1.0,113.0,17.0,615.0,2.0,3.0,-4.0,82.0,2.0,3.0,17.0,1084.67,47.0,14.0,12.0,14.0,88943.0,79.0,30.0,3.0,759.0,1982.0,,,221.8,2.7
3041994,2026,projected,166.0,14.0,2.0,98.0,18.0,,2.0,,7.0,79.0,3.0,4.0,18.0,1074.0,49.0,13.0,11.0,22.0,84846.0,61.0,31.0,5.0,,,,,223.3,2.83
3041994,2026,actual,114.0,20.0,0.0,41.0,20.0,516.0,0.0,3.0,-7.0,69.0,7.0,0.0,17.0,1072.94,48.0,13.0,13.0,38.0,74033.0,59.0,31.0,7.0,661.0,1464.0,,,210.6,3.05
3041994,2027,projected,132.0,20.0,,61.0,20.0,,,,-7.0,74.0,6.0,,19.0,1080.59,49.0,14.0,14.0,36.0,79963.66,66.0,30.0,6.0,,,,,220.1,2.97
3041994,2027,actual,,,,,,,,,,,,,,,,,,,,,,,,,,,,
3041995,2023,projected,,,,,,,,,,,,,,,,,,,,,,,,,,,,
3041995,2023,actual,154.0,14.0,0.0,37.0,14.0,852.0,0.0,3.0,8.0,82.0,5.0,0.0,17.0,1232.44,52.0,9.0,9.0,33.0,101060.0,82.0,35.0,5.0,813.0,2073.0,,,233.2,2.84
3041995,2024,projected,117.0,7.0,1.0,35.0,8.0,574.0,0.0,0.0,-14.0,72.0,3.0,1.0,17.0,1170.0,40.0,4.0,4.0,23.0,84240.0,61.0,23.0,4.0,465.0,1801.0,,,178.75,2.48
3041995,2024,actual,108.0,10.0,2.0,45.0,12.0,574.0,0.0,0.0,-5.0,77.0,5.0,2.0,19.0,1163.3,48.0,5.0,5.0,34.0,89574.0,59.0,29.0,7.0,465.0,1801.0,,,204.5,2.66
3041995,2025,projected,109.0,11.0,2.0,41.0,15.0,,2.0,,5.0,78.0,5.0,4.0,18.0,1176.0,49.0,8.0,6.0,34.0,91728.0,71.0,31.0,7.0,,,,,213.85,2.74
3041995,2025,actual,98.0,9.0,0.0,29.0,9.0,556.0,0.0,3.0,-7.0,76.0,5.0,0.0,11.0,1000.87,32.0,4.0,4.0,24.0,76066.0,64.0,21.0,5.0,457.0,1644.0,,,156.4,2.06
3041995,2026,projected,111.0,10.0,1.0,42.0,12.0,,1.0,,-6.0,78.0,5.0,2.0,13.0,1026.0,40.0,6.0,5.0,30.0,80028.0,69.0,27.0,6.0,,,,,184.95,2.37
3041995,2026,actual,95.0,1.0,0.0,22.0,1.0,502.0,0.0,1.0,-13.0,82.0,0.0,0.0,11.0,940.04,28.0,1.0,1.0,27.0,77083.0,54.0,17.0,0.0,520.0,1719.0,,,134.95,1.65
3041995,2027,projected,,,,,,,,,,,,,,,,,,,,,,,,,,,,
3041995,2027,actual,,,,,,,,,,,,,,,,,,,,,,,,,,,,
3041996,2023,projected,118.0,14.0,0.0,62.0,14.0,144.0,0.0,0.0,-11.0,67.0,6.0,0.0,10.0,870.0,29.0,8.0,8.0,26.0,58290.0,26.0,19.0,6.0,177.0,335.0,,,139.7,2.09
3041996,2023,actual,55.0,4.0,0.0,10.0,4.0,144.0,0.0,0.0,-5.0,25.0,1.0,0.0,6.0,1042.04,17.0,3.0,3.0,16.0,26051.0,8.0,11.0,1.0,177.0,525.0,,,69.25,2.77
3041996,2024,projected,,,,,,,,,,,,,,,,,,,,,,,,,,,,
3041996,2024,actual,171.0,21.0,2.0,22.0,23.0,574.0,0.0,5.0,-1.0,83.0,9.0,2.0,26.0,1085.65,59.0,12.0,12.0,12.0,90109.0,44.0,33.0,11.0,698.0,1803.0,1.0,,243.95,2.94
3041996,2025,projected,187.0,16.0,1.0,42.0,18.0,,1.0,,-11.0,75.0,7.0,2.0,18.0,1050.0,49.0,10.0,9.0,18.0,78750.0,35.0,31.0,8.0,,,,,207.95,2.77
3041996,2025,actual,128.0,14.0,0.0,30.0,17.0,555.0,3.0,2.0,19.0,54.0,7.0,3.0,19.0,1140.89,57.0,10.0,7.0,20.0,61608.0,34.0,38.0,7.0,616.0,1245.0,,,210.5,3.9
3041996,2026,projected,141.0,20.0,,33.0,20.0,,,,16.0,68.0,9.0,,22.0,1128.0,63.0,11.0,11.0,26.0,76704.0,27.0,41.0,9.0,,,,,227.55,3.35
3041996,2026,actual,131.0,10.0,2.0,46.0,12.0,582.0,0.0,3.0,-1.0,78.0,1.0,2.0,13.0,1027.49,36.0,9.0,9.0,12.0,80144.0,34.0,23.0,3.0,638.0,1690.0,,,157.85,2.02
3041996,2027,projected,150.0,13.0,2.0,47.0,17.0,,2.0,,2.0,82.0,3.0,4.0,17.0,1043.22,46.0,12.0,10.0,14.0,85544.04,36.0,29.0,5.0,,,,,190.2,2.32
3041996,2027,actual,,,,,,,,,,,,,,,,,,,,,,,,,,,,
3042002,2023,projected,183.0,17.0,1.0,59.0,18.0,727.0,1.0,5.0,5.0,72.0,12.0,1.0,25.0,1182.0,53.0,5.0,5.0,36.0,85104.0,61.0,28.0,13.0,958.0,113.0,,,253.65,3.52
3042002,2023,actual,229.0,22.0,4.0,57.0,27.0,727.0,1.0,5.0,1.0,79.0,12.0,5.0,38.0,1239.33,70.0,11.0,10.0,18.0,97907.0,55.0,32.0,16.0,958.0,1965.0,,,308.45,3.9
3042002,2024,projected,228.0,23.0,3.0,83.0,27.0,653.0,1.0,6.0,4.0,78.0,13.0,4.0,37.0,1230.0,70.0,11.0,10.0,26.0,95940.0,51.0,33.0,16.0,766.0,1916.0,,,311.8,4.0
3042002,2024,actual,248.0,18.0,1.0,52.0,20.0,653.0,1.0,6.0,-1.0,81.0,10.0,2.0,33.0,1181.63,68.0,9.0,8.0,39.0,95712.0,42.0,35.0,11.0,766.0,1916.0,,,299.7,3.7
3042002,2025,projected,218.0,19.0,2.0,71.0,23.0,,2.0,,3.0,77.0,12.0,4.0,27.0,1212.0,62.0,9.0,7.0,32.0,93324.0,47.0,35.0,14.0,,,,,273.6,3.55
3042002,2025,actual,243.0,7.0,2.0,100.0,9.0,552.0,0.0,7.0,-4.0,81.0,3.0,2.0,28.0,1210.38,57.0,4.0,4.0,16.0,98041.0,40.0,29.0,5.0,767.0,1877.0,,,256.75,3.17
3042002,2026,projected,249.0,15.0,2.0,78.0,19.0,,2.0,,-6.0,81.0,6.0,4.0,31.0,1200.0,65.0,11.0,9.0,24.0,97200.0,41.0,34.0,8.0,,,,,280.05,3.46
3042002,2026,actual,226.0,16.0,1.0,51.0,17.0,536.0,0.0,7.0,8.0,68.0,7.0,1.0,31.0,1245.78,57.0,9.0,9.0,40.0,84713.0,38.0,26.0,8.0,690.0,1588.0,1.0,,269.1,3.96
3042002,2027,projected,242.0,15.0,1.0,58.0,17.0,,1.0,,5.0,73.0,6.0,2.0,30.0,1284.0,59.0,10.0,9.0,38.0,93732.0,40.0,29.0,7.0,,,,,266.8,3.65
3042002,2027,actual,,,,,,,,,,,,,,,,,,,,,,,,,,,,
3042003,2023,projected,186.0,11.0,1.0,95.0,19.0,4.0,2.0,2.0,20.0,69.0,6.0,1.0,26.0,1140.0,57.0,8.0,5.0,12.0,78660.0,29.0,31.0,11.0,0.0,196.0,,,231.0,3.35
3042003,2023,actual,158.0,16.0,1.0,54.0,19.0,4.0,2.0,2.0,14.0,53.0,10.0,3.0,17.0,1215.77,47.0,8.0,6.0,2.0,64436.0,37.0,30.0,11.0,0.0,1266.0,,,194.4,3.67
3042003,2024,projected,169.0,10.0,1.0,71.0,12.0,5.0,1.0,6.0,18.0,63.0,5.0,2.0,16.0,1206.0,41.0,6.0,5.0,12.0,75978.0,41.0,25.0,6.0,2.0,1312.0,,,190.35,3.02
3042003,2024,actual,158.0,21.0,0.0,65.0,23.0,5.0,2.0,6.0,5.0,54.0,16.0,2.0,28.0,1281.02,53.0,7.0,5.0,22.0,69175.0,24.0,25.0,16.0,2.0,1312.0,,,229.5,4.25
3042003,2025,projected,161.0,17.0,1.0,79.0,19.0,,1.0,,10.0,63.0,11.0,2.0,22.0,1260.0,48.0,7.0,6.0,18.0,79380.0,31.0,26.0,12.0,,,,,207.65,3.3
3042003,2025,actual,118.0,8.0,0.0,55.0,8.0,3.0,0.0,0.0,11.0,43.0,5.0,0.0,21.0,1184.4,34.0,3.0,3.0,8.0,50929.0,21.0,13.0,5.0,3.0,981.0,1.0,,148.0,3.44
3042003,2026,projected,168.0,17.0,,58.0,17.0,,,,13.0,57.0,11.0,,28.0,1158.0,49.0,6.0,6.0,16.0,66006.0,27.0,21.0,11.0,,,,,209.3,3.67
3042003,2026,actual,160.0,4.0,1.0,55.0,5.0,2.0,0.0,1.0,9.0,72.0,1.0,1.0,17.0,1063.5,49.0,3.0,3.0,26.0,76572.0,27.0,32.0,2.0,2.0,1653.0,1.0,,195.5,2.72
3042003,2027,projected,171.0,20.0,1.0,56.0,22.0,,1.0,,10.0,67.0,9.0,2.0,26.0,1120.1,59.0,12.0,11.0,32.0,75046.7,25.0,33.0,10.0,,,,,238.35,3.56
3042003,2027,actual,,,,,,,,,,,,,,,,,,,,,,,,,,,,
3042014,2023,projected,165.0,7.0,0.0,25.0,7.0,440.0,0.0,4.0,-12.0,79.0,2.0,0.0,15.0,966.0,42.0,5.0,5.0,65.0,76314.0,11.0,27.0,2.0,510.0,330.0,,,189.25,2.4
3042014,2023,actual,179.0,19.0,0.0,22.0,19.0,440.0,0.0,4.0,-15.0,80.0,8.0,0.0,20.0,1066.25,56.0,11.0,11.0,82.0,85300.0,24.0,36.0,8.0,510.0,1606.0,,,249.45,3.12
3042014,2024,projected,161.0,16.0,0.0,25.0,16.0,226.0,0.0,1.0,12.0,79.0,7.0,0.0,21.0,912.0,58.0,9.0,9.0,61.0,72048.0,22.0,37.0,7.0,226.0,1447.0,,,233.75,2.96
3042014,2024,actual,137.0,2.0,0.0,47.0,2.0,226.0,0.0,1.0,10.0,80.0,1.0,0.0,9.0,827.1,47.0,1.0,1.0,118.0,66168.0,22.0,38.0,1.0,226.0,1447.0,,,214.45,2.68
3042014,2025,projected,141.0,4.0,,37.0,4.0,,,,12.0,79.0,2.0,,13.0,840.0,46.0,2.0,2.0,82.0,66360.0,20.0,33.0,2.0,,,,,197.95,2.51
3042014,2025,actual,93.0,7.0,0.0,31.0,7.0,271.0,0.0,1.0,5.0,74.0,0.0,0.0,8.0,850.27,33.0,7.0,7.0,76.0,62920.0,30.0,25.0,0.0,273.0,1386.0,,,157.85,2.13
3042014,2026,projected,,,,,,,,,,,,,,,,,,,,,,,,,,,,
3042014,2026,actual,118.0,8.0,0.0,37.0,8.0,210.0,0.0,3.0,-29.0,80.0,2.0,0.0,12.0,892.9,36.0,6.0,6.0,95.0,71432.0,35.0,24.0,2.0,221.0,1522.0,,,190.2,2.38
3042014,2027,projected,123.0,8.0,,40.0,8.0,,,,-20.0,83.0,2.0,,11.0,899.62,38.0,6.0,6.0,99.0,74668.04,36.0,27.0,2.0,,,,,194.25,2.34
3042014,2027,actual,,,,,,,,,,,,,,,,,,,,,,,,,,,,
3042017,2023,projected,96.0,6.0,0.0,43.0,9.0,748.0,1.0,3.0,-16.0,78.0,1.0,1.0,11.0,1032.0,34.0,5.0,5.0,20.0,80496.0,41.0,23.0,4.0,627.0,327.0,,,145.3,1.86
3042017,2023,actual,101.0,9.0,0.0,43.0,9.0,748.0,0.0,3.0,-7.0,82.0,4.0,0.0,13.0,1121.61,38.0,5.0,5.0,20.0,91972.0,63.0,25.0,4.0,627.0,1939.0,,,169.55,2.07
3042017,2024,projected,,,,,,,,,,,,,,,,,,,,,,,,,,,,
3042017,2024,actual,90.0,6.0,1.0,42.0,7.0,636.0,0.0,4.0,0.0,79.0,3.0,1.0,10.0,1079.33,30.0,3.0,3.0,14.0,85267.0,75.0,20.0,4.0,552.0,1811.0,,,151.7,1.92
3042017,2025,projected,98.0,7.0,,45.0,7.0,,,,-6.0,81.0,3.0,,12.0,1062.0,36.0,4.0,4.0,22.0,86022.0,59.0,24.0,3.0,,,,,158.5,1.96
3042017,2025,actual,82.0,10.0,0.0,30.0,10.0,561.0,0.0,2.0,-21.0,77.0,3.0,0.0,10.0,1131.43,35.0,7.0,7.0,14.0,87120.0,80.0,25.0,3.0,508.0,1647.0,,,159.0,2.06
3042017,2026,projected,97.0,7.0,,33.0,7.0,,,,-17.0,75.0,2.0,,11.0,1128.0,32.0,5.0,5.0,14.0,84600.0,77.0,21.0,2.0,,,,,152.55,2.03
3042017,2026,actual,93.0,15.0,0.0,28.0,16.0,744.0,1.0,3.0,-25.0,80.0,8.0,1.0,18.0,1227.36,55.0,8.0,7.0,18.0,98189.0,93.0,37.0,8.0,656.0,1850.0,,,225.05,2.81
3042017,2027,projected,93.0,12.0,,32.0,12.0,,,,-23.0,82.0,6.0,,17.0,1227.77,52.0,6.0,6.0,17.0,100677.14,94.0,35.0,6.0,,,,,211.95,2.58
3042017,2027,actual,,,,,,,,,,,,,,,,,,,,,,,,,,,,
3042023,2023,projected,,,,,,,,,,,,,,,,,,,,,,,,,,,,
3042023,2023,actual,55.0,0.0,0.0,138.0,0.0,132.0,0.0,0.0,-6.0,49.0,0.0,0.0,3.0,715.8,5.0,0.0,0.0,21.0,35074.0,53.0,2.0,0.0,140.0,888.0,,,77.55,1.58
3042023,2024,projected,,,,,,,,,,,,,,,,,,,,,,,,,,,,
3042023,2024,actual,74.0,0.0,1.0,146.0,1.0,187.0,0.0,2.0,10.0,71.0,0.0,1.0,7.0,743.38,25.0,0.0,0.0,44.0,52780.0,64.0,18.0,1.0,178.0,1346.0,,,148.1,2.09
3042023,2025,projected,77.0,,,138.0,,,,,6.0,73.0,,,6.0,744.0,19.0,,,28.0,54312.0,55.0,13.0,,,,,,118.55,1.62
3042023,2025,actual,27.0,0.0,0.0,105.0,0.0,195.0,0.0,0.0,-6.0,48.0,0.0,0.0,2.0,634.02,5.0,0.0,0.0,14.0,30433.0,17.0,3.0,0.0,205.0,772.0,,,44.75,0.93
3042023,2026,projected,,,,,,,,,,,,,,,,,,,,,,,,,,,,
3042023,2026,actual,30.0,0.0,0.0,95.0,0.0,113.0,0.0,1.0,-3.0,45.0,0.0,0.0,4.0,535.18,6.0,0.0,0.0,10.0,24083.0,20.0,2.0,0.0,178.0,650.0,,,49.0,1.09
3042023,2027,projected,,,,,,,,,,,,,,,,,,,,,,,,,,,,
3042023,2027,actual,,,,,,,,,,,,,,,,,,,,,,,,,,,,
3042037,2023,projected,177.0,10.0,0.0,63.0,10.0,8.0,0.0,2.0,6.0,61.0,4.0,0.0,21.0,966.0,43.0,6.0,6.0,14.0,58926.0,24.0,22.0,4.0,9.0,259.0,,,185.55,3.04
3042037,2023,actual,119.0,2.0,0.0,68.0,2.0,8.0,0.0,2.0,-8.0,67.0,1.0,0.0,11.0,853.1,27.0,1.0,1.0,31.0,57158.0,24.0,16.0,1.0,9.0,1144.0,,,132.55,1.98
3042037,2024,projected,,,,,,,,,,,,,,,,,,,,,,,,,,,,
3042037,2024,actual,113.0,8.0,0.0,52.0,8.0,8.0,0.0,0.0,11.0,74.0,3.0,0.0,23.0,853.45,44.0,5.0,5.0,25.0,63155.0,31.0,21.0,3.0,3.0,1270.0,,,177.95,2.4
3042037,2025,projected,118.0,6.0,,58.0,6.0,,,,7.0,68.0,3.0,,18.0,852.0,34.0,3.0,3.0,28.0,57936.0,27.0,16.0,3.0,,,,,153.3,2.25
3042037,2025,actual,15.0,1.0,1.0,15.0,2.0,6.0,0.0,1.0,6.0,13.0,1.0,1.0,4.0,834.15,7.0,0.0,0.0,11.0,10844.0,8.0,3.0,2.0,3.0,217.0,,,36.75,2.83
3042037,2026,projected,,,,,,,,,,,,,,,,,,,,,,,,,,,,
3042037,2026,actual,152.0,13.0,0.0,52.0,13.0,32.0,0.0,2.0,10.0,81.0,7.0,0.0,33.0,911.23,64.0,6.0,6.0,43.0,73810.0,40.0,31.0,7.0,14.0,1431.0,,,257.7,3.18
3042037,2027,projected,127.0,11.0,,50.0,11.0,,,,10.0,72.0,5.0,,30.0,940.74,57.0,6.0,6.0,39.0,67732.99,36.0,27.0,5.0,,,,,226.25,3.14
3042037,2027,actual,,,,,,,,,,,,,,,,,,,,,,,,,,,,
3042044,2023,projected,143.0,11.0,0.0,42.0,14.0,6.0,0.0,3.0,-6.0,78.0,3.0,0.0,20.0,1026.0,51.0,10.0,8.0,22.0,80028.0,29.0,31.0,4.0,0.0,225.0,,,197.45,2.53
3042044,2023,actual,105.0,14.0,0.0,17.0,14.0,6.0,0.0,3.0,-9.0,49.0,4.0,0.0,13.0,993.22,39.0,10.0,10.0,14.0,48668.0,15.0,26.0,4.0,0.0,974.0,,,145.45,2.97
3042044,2024,projected,112.0,11.0,0.0,21.0,11.0,3.0,0.0,1.0,-7.0,54.0,3.0,0.0,14.0,978.0,39.0,8.0,8.0,16.0,52812.0,16.0,25.0,3.0,3.0,904.0,,,146.1,2.71
3042044,2024,actual,92.0,9.0,0.0,12.0,9.0,3.0,0.0,1.0,-15.0,49.0,5.0,0.0,7.0,873.9,16.0,4.0,4.0,14.0,42821.0,14.0,9.0,5.0,3.0,904.0,,,85.2,1.74
3042044,2025,projected,124.0,10.0,,22.0,10.0,,,,-13.0,57.0,4.0,,11.0,942.0,28.0,6.0,6.0,20.0,53694.0,28.0,17.0,4.0,,,,,131.2,2.3
3042044,2025,actual,115.0,8.0,0.0,33.0,8.0,3.0,0.0,1.0,-3.0,79.0,0.0,0.0,10.0,865.34,37.0,8.0,8.0,12.0,68362.0,27.0,27.0,0.0,3.0,1376.0,,,140.55,1.78
3042044,2026,projected,,,,,,,,,,,,,,,,,,,,,,,,,,,,
3042044,2026,actual,87.0,10.0,0.0,18.0,10.0,6.0,0.0,1.0,-32.0,75.0,3.0,0.0,11.0,984.6,33.0,7.0,7.0,16.0,73845.0,35.0,22.0,3.0,4.0,1472.0,,,133.55,1.78
3042044,2027,projected,,,,,,,,,,,,,,,,,,,,,,,,,,,,
3042044,2027,actual,,,,,,,,,,,,,,,,,,,,,,,,,,,,
3042048,2023,projected,,,,,,,,,,,,,,,,,,,,,,,,,,,,
3042048,2023,actual,39.0,0.0,0.0,75.0,1.0,43.0,1.0,0.0,-3.0,32.0,0.0,1.0,2.0,632.53,4.0,1.0,0.0,24.0,20241.0,20.0,2.0,0.0,63.0,479.0,,,50.25,1.57
3042048,2024,projected,,,,,,,,,,,,,,,,,,,,,,,,,,,,
3042048,2024,actual,94.0,0.0,0.0,130.0,0.0,314.0,0.0,3.0,4.0,70.0,0.0,0.0,12.0,766.01,22.0,0.0,0.0,100.0,53621.0,55.0,10.0,0.0,357.0,1247.0,,,173.0,2.47
3042048,2025,projected,,,,,,,,,,,,,,,,,,,,,,,,,,,,
3042048,2025,actual,80.0,0.0,0.0,149.0,0.0,421.0,0.0,1.0,-21.0,74.0,0.0,0.0,5.0,825.49,14.0,0.0,0.0,102.0,61086.0,61.0,9.0,0.0,502.0,1422.0,,,150.4,2.03
3042048,2026,projected,,,,,,,,,,,,,,,,,,,,,,,,,,,,
3042048,2026,actual,109.0,0.0,2.0,205.0,2.0,472.0,0.0,1.0,-16.0,79.0,0.0,2.0,8.0,841.89,17.0,0.0,0.0,93.0,66509.0,77.0,9.0,2.0,522.0,1490.0,,,179.75,2.28
3042048,2027,projected,,,,,,,,,,,,,,,,,,,,,,,,,,,,
3042048,2027,actual,,,,,,,,,,,,,,,,,,,,,,,,,,,,
3042050,2023,projected,,,,,,,,,,,,,,,,,,,,,,,,,,,,
3042050,2023,actual,150.0,20.0,1.0,93.0,21.0,19.0,0.0,3.0,8.0,64.0,8.0,1.0,21.0,1227.14,51.0,12.0,12.0,28.0,78537.0,43.0,30.0,9.0,4.0,1529.0,,,224.3,3.5
3042050,2024,projected,153.0,20.0,2.0,90.0,22.0,24.0,0.0,2.0,6.0,70.0,7.0,2.0,20.0,1200.0,52.0,13.0,13.0,26.0,84000.0,41.0,32.0,9.0,9.0,1016.0,,,224.25,3.2
3042050,2024,actual,103.0,12.0,0.0,41.0,12.0,24.0,0.0,2.0,11.0,45.0,7.0,0.0,16.0,1108.29,34.0,5.0,5.0,14.0,49873.0,18.0,18.0,7.0,9.0,1016.0,,,141.35,3.14
3042050,2025,projected,163.0,25.0,1.0,97.0,27.0,,1.0,,12.0,68.0,10.0,2.0,23.0,1134.0,56.0,16.0,15.0,42.0,77112.0,55.0,33.0,11.0,,,,,254.45,3.74
3042050,2025,actual,148.0,5.0,1.0,33.0,6.0,9.0,0.0,5.0,36.0,69.0,1.0,1.0,27.0,1222.9,45.0,4.0,4.0,34.0,84380.0,39.0,18.0,2.0,7.0,1605.0,1.0,,206.8,3.0
3042050,2026,projected,143.0,9.0,1.0,51.0,11.0,,1.0,,21.0,67.0,2.0,2.0,22.0,1188.0,43.0,8.0,7.0,26.0,79596.0,44.0,21.0,3.0,,,,,192.35,2.87
3042050,2026,actual,153.0,2.0,0.0,45.0,2.0,15.0,0.0,0.0,32.0,70.0,1.0,0.0,21.0,1108.89,48.0,1.0,1.0,16.0,77622.0,33.0,27.0,1.0,3.0,1572.0,,,185.75,2.65
3042050,2027,projected,149.0,5.0,,45.0,5.0,,,,32.0,70.0,2.0,,23.0,1070.34,49.0,3.0,3.0,19.0,74923.8,33.0,26.0,2.0,,,,,192.25,2.75
3042050,2027,actual,,,,,,,,,,,,,,,,,,,,,,,,,,,,
3042054,2023,projected,,,,,,,,,,,,,,,,,,,,,,,,,,,,
3042054,2023,actual,118.0,0.0,0.0,133.0,0.0,7.0,0.0,7.0,15.0,56.0,0.0,0.0,16.0,755.25,25.0,0.0,0.0,30.0,42294.0,22.0,9.0,0.0,1.0,1028.0,,,141.8,2.53
3042054,2024,projected,,,,,,,,,,,,,,,,,,,,,,,,,,,,
3042054,2024,actual,65.0,0.0,0.0,79.0,0.0,8.0,0.0,0.0,3.0,39.0,0.0,0.0,6.0,670.26,8.0,0.0,0.0,16.0,26140.0,16.0,2.0,0.0,7.0,641.0,,,62.15,1.59
3042054,2025,projected,,,,,,,,,,,,,,,,,,,,,,,,,,,,
3042054,2025,actual,48.0,0.0,0.0,156.0,0.0,6.0,0.0,1.0,0.0,43.0,0.0,0.0,4.0,703.93,11.0,0.0,0.0,16.0,30269.0,12.0,7.0,0.0,6.0,739.0,,,68.6,1.6
3042054,2026,projected,,,,,,,,,,,,,,,,,,,,,,,,,,,,
3042054,2026,actual,80.0,0.0,0.0,172.0,0.0,11.0,0.0,2.0,5.0,70.0,0.0,0.0,7.0,645.23,18.0,0.0,0.0,18.0,45166.0,18.0,11.0,0.0,7.0,1100.0,,,100.2,1.43
3042054,2027,projected,,,,,,,,,,,,,,,,,,,,,,,,,,,,
3042054,2027,actual,,,,,,,,,,,,,,,,,,,,,,,,,,,,
3042056,2023,projected,172.0,12.0,1.0,62.0,13.0,13.0,0.0,0.0,-4.0,67.0,4.0,1.0,27.0,1182.0,58.0,8.0,8.0,44.0,79194.0,39.0,31.0,5.0,4.0,138.0,,,243.7,3.64
3042056,2023,actual,107.0,10.0,0.0,54.0,10.0,13.0,0.0,0.0,-8.0,50.0,4.0,0.0,8.0,989.3,30.0,6.0,6.0,29.0,49465.0,22.0,22.0,4.0,4.0,997.0,,,132.65,2.65
3042056,2024,projected,168.0,14.0,0.0,74.0,14.0,9.0,0.0,2.0,5.0,68.0,5.0,0.0,27.0,1050.0,58.0,9.0,9.0,43.0,71400.0,31.0,31.0,5.0,4.0,1564.0,1.0,,243.9,3.59
3042056,2024,actual,160.0,6.0,0.0,94.0,6.0,9.0,0.0,2.0,2.0,80.0,5.0,0.0,21.0,962.74,43.0,1.0,1.0,53.0,77019.0,44.0,22.0,5.0,4.0,1564.0,1.0,,215.4,2.69
3042056,2025,projected,162.0,9.0,,101.0,9.0,,,,5.0,76.0,6.0,,24.0,1062.0,55.0,3.0,3.0,48.0,80712.0,48.0,31.0,6.0,,,,,240.1,3.16
3042056,2025,actual,131.0,20.0,0.0,60.0,20.0,25.0,0.0,1.0,-39.0,82.0,10.0,0.0,23.0,960.17,46.0,10.0,10.0,51.0,78734.0,28.0,23.0,10.0,22.0,1414.0,,,209.25,2.55
3042056,2026,projected,153.0,21.0,,77.0,21.0,,,,-23.0,81.0,9.0,,22.0,960.0,47.0,12.0,12.0,50.0,77760.0,33.0,25.0,9.0,,,,,218.45,2.7
3042056,2026,actual,164.0,21.0,0.0,55.0,21.0,62.0,0.0,3.0,-16.0,79.0,11.0,0.0,32.0,1106.85,58.0,10.0,10.0,42.0,87441.0,24.0,26.0,11.0,51.0,1590.0,2.0,,252.5,3.2
3042056,2027,projected,161.0,21.0,,65.0,21.0,,,,-18.0,81.0,11.0,,30.0,1118.48,56.0,10.0,10.0,45.0,90596.88,27.0,26.0,11.0,,,,,240.75,2.97
3042056,2027,actual,,,,,,,,,,,,,,,,,,,,,,,,,,,,
3042062,2023,projected,,,,,,,,,,,,,,,,,,,,,,,,,,,,
3042062,2023,actual,114.0,1.0,0.0,112.0,5.0,402.0,4.0,1.0,-29.0,78.0,1.0,4.0,9.0,956.33,30.0,4.0,0.0,28.0,74594.0,80.0,21.0,1.0,369.0,1578.0,,,168.7,2.16
3042062,2024,projected,,,,,,,,,,,,,,,,,,,,,,,,,,,,
3042062,2024,actual,126.0,2.0,0.0,131.0,2.0,618.0,0.0,4.0,4.0,82.0,2.0,0.0,22.0,994.26,35.0,0.0,0.0,43.0,81529.0,73.0,13.0,2.0,618.0,1709.0,1.0,,203.6,2.48
3042062,2025,projected,142.0,1.0,,123.0,1.0,,,,6.0,79.0,1.0,,21.0,972.0,39.0,,,32.0,76788.0,78.0,18.0,1.0,,,,,202.8,2.57
3042062,2025,actual,56.0,0.0,0.0,100.0,0.0,465.0,0.0,0.0,-11.0,59.0,0.0,0.0,7.0,941.95,16.0,0.0,0.0,38.0,55575.0,53.0,9.0,0.0,451.0,1229.0,,,108.5,1.84
3042062,2026,projected,125.0,,,132.0,,,,,-18.0,76.0,,,15.0,942.0,28.0,,,42.0,71592.0,66.0,13.0,,,,,,169.45,2.23
3042062,2026,actual,73.0,0.0,1.0,85.0,2.0,450.0,1.0,1.0,-10.0,64.0,0.0,2.0,7.0,931.62,17.0,1.0,0.0,20.0,59624.0,50.0,10.0,1.0,438.0,1370.0,,,106.75,1.67
3042062,2027,projected,,,,,,,,,,,,,,,,,,,,,,,,,,,,
3042062,2027,actual,,,,,,,,,,,,,,,,,,,,,,,,,,,,
3042063,2023,projected,229.0,6.0,1.0,72.0,8.0,322.0,2.0,6.0,16.0,80.0,1.0,1.0,23.0,1044.0,52.0,5.0,5.0,85.0,83520.0,47.0,29.0,3.0,242.0,190.0,,,270.95,3.39
3042063,2023,actual,149.0,4.0,2.0,62.0,8.0,322.0,2.0,6.0,7.0,59.0,1.0,4.0,15.0,977.88,37.0,5.0,3.0,90.0,57695.0,48.0,22.0,3.0,242.0,1112.0,,,215.95,3.66
3042063,2024,projected,169.0,4.0,0.0,66.0,4.0,419.0,0.0,3.0,14.0,69.0,1.0,0.0,17.0,984.0,42.0,3.0,3.0,92.0,67896.0,47.0,25.0,1.0,371.0,1396.0,1.0,,227.85,3.3
3042063,2024,actual,173.0,10.0,0.0,64.0,10.0,419.0,0.0,3.0,4.0,74.0,5.0,0.0,21.0,991.0,45.0,5.0,5.0,72.0,73334.0,65.0,24.0,5.0,371.0,1396.0,1.0,,242.65,3.28
3042063,2025,projected,184.0,8.0,,71.0,8.0,,,,9.0,72.0,4.0,,22.0,996.0,52.0,4.0,4.0,94.0,71712.0,55.0,30.0,4.0,,,,,259.6,3.61
3042063,2025,actual,158.0,7.0,0.0,73.0,7.0,308.0,0.0,1.0,-7.0,69.0,3.0,0.0,11.0,898.23,26.0,4.0,4.0,75.0,61978.0,41.0,15.0,3.0,282.0,1159.0,,,173.8,2.52
3042063,2026,projected,172.0,8.0,,71.0,8.0,,,,6.0,73.0,3.0,,18.0,930.0,41.0,5.0,5.0,76.0,67890.0,56.0,23.0,3.0,,,,,221.6,3.04
3042063,2026,actual,167.0,7.0,0.0,64.0,7.0,593.0,0.0,4.0,-1.0,76.0,6.0,0.0,23.0,1004.68,43.0,1.0,1.0,48.0,76356.0,95.0,20.0,6.0,492.0,1373.0,,,239.15,3.15
3042063,2027,projected,164.0,9.0,,67.0,9.0,,,,-2.0,76.0,6.0,,22.0,955.11,42.0,3.0,3.0,54.0,72587.98,90.0,20.0,6.0,,,,,233.2,3.07
3042063,2027,actual,,,,,,,,,,,,,,,,,,,,,,,,,,,,
3042080,2023,projected,,,,,,,,,,,,,,,,,,,,,,,,,,,,
3042080,2023,actual,9.0,0.0,0.0,4.0,0.0,1.0,0.0,0.0,2.0,7.0,0.0,0.0,2.0,474.71,2.0,0.0,0.0,7.0,3323.0,3.0,0.0,0.0,0.0,79.0,,,13.65,1.95
3042080,2024,projected,,,,,,,,,,,,,,,,,,,,,,,,,,,,
3042080,2024,actual,1.0,0.0,0.0,3.0,0.0,1.0,0.0,0.0,-1.0,2.0,0.0,0.0,0.0,403.5,0.0,0.0,0.0,0.0,807.0,1.0,0.0,0.0,1.0,22.0,,,1.05,0.53
3042080,2025,projected,,,,,,,,,,,,,,,,,,,,,,,,,,,,
3042080,2025,actual,20.0,0.0,0.0,44.0,0.0,27.0,0.0,0.0,0.0,20.0,0.0,0.0,1.0,510.5,2.0,0.0,0.0,31.0,10210.0,19.0,1.0,0.0,31.0,241.0,,,39.4,1.97
3042080,2026,projected,,,,,,,,,,,,,,,,,,,,,,,,,,,,
3042080,2026,actual,2.0,0.0,0.0,7.0,0.0,9.0,0.0,0.0,-1.0,3.0,0.0,0.0,0.0,604.67,0.0,0.0,0.0,2.0,1814.0,2.0,0.0,0.0,6.0,42.0,,,3.2,1.07
3042080,2027,projected,,,,,,,,,,,,,,,,,,,,,,,,,,,,
3042080,2027,actual,,,,,,,,,,,,,,,,,,,,,,,,,,,,
3042081,2023,projected,213.0,19.0,3.0,64.0,23.0,150.0,1.0,2.0,24.0,77.0,7.0,4.0,33.0,1110.0,78.0,13.0,12.0,40.0,85470.0,27.0,45.0,10.0,64.0,61.0,1.0,,307.15,3.99
3042081,2023,actual,123.0,21.0,0.0,54.0,23.0,150.0,2.0,2.0,14.0,63.0,8.0,2.0,26.0,1167.17,67.0,15.0,13.0,36.0,73532.0,23.0,41.0,8.0,64.0,1466.0,1.0,,247.15,3.92
3042081,2024,projected,161.0,20.0,2.0,55.0,24.0,129.0,2.0,5.0,18.0,68.0,8.0,4.0,28.0,1164.0,71.0,14.0,12.0,34.0,79152.0,18.0,43.0,10.0,77.0,1782.0,2.0,,272.75,4.01
3042081,2024,actual,207.0,18.0,2.0,39.0,21.0,129.0,1.0,5.0,3.0,80.0,8.0,3.0,27.0,1189.47,63.0,11.0,10.0,48.0,95158.0,28.0,36.0,10.0,77.0,1782.0,2.0,,275.65,3.45
3042081,2025,projected,202.0,19.0,2.0,55.0,23.0,,2.0,,12.0,77.0,8.0,4.0,26.0,1164.0,64.0,13.0,11.0,46.0,89628.0,21.0,38.0,10.0,,,,,263.0,3.42
3042081,2025,actual,145.0,12.0,0.0,44.0,14.0,143.0,2.0,3.0,10.0,76.0,2.0,2.0,20.0,1141.59,57.0,12.0,10.0,23.0,86761.0,32.0,37.0,2.0,85.0,1736.0,,,214.15,2.82
3042081,2026,projected,162.0,16.0,1.0,47.0,18.0,,1.0,,18.0,78.0,6.0,2.0,22.0,1158.0,64.0,11.0,10.0,36.0,90324.0,29.0,42.0,7.0,,,,,241.7,3.1
3042081,2026,actual,142.0,15.0,0.0,30.0,15.0,149.0,0.0,4.0,-10.0,81.0,4.0,0.0,20.0,1076.28,48.0,11.0,11.0,26.0,87179.0,40.0,28.0,4.0,98.0,1834.0,,,201.0,2.48
3042081,2027,projected,159.0,15.0,,36.0,15.0,,,,-6.0,82.0,4.0,,22.0,1104.1,55.0,11.0,11.0,29.0,90536.2,39.0,33.0,4.0,,,,,218.85,2.67
3042081,2027,actual,,,,,,,,,,,,,,,,,,,,,,,,,,,,
3042083,2023,projected,253.0,20.0,0.0,121.0,20.0,8.0,0.0,6.0,12.0,78.0,6.0,0.0,40.0,1200.0,77.0,14.0,14.0,36.0,93600.0,48.0,37.0,6.0,8.0,31.0,,,330.35,4.24
3042083,2023,actual,244.0,23.0,0.0,83.0,23.0,8.0,0.0,6.0,2.0,78.0,11.0,0.0,36.0,1206.96,73.0,12.0,12.0,46.0,94143.0,46.0,37.0,11.0,8.0,1836.0,,,320.3,4.11
3042083,2024,projected,226.0,21.0,0.0,74.0,21.0,17.0,0.0,2.0,8.0,70.0,10.0,0.0,34.0,1200.0,69.0,11.0,11.0,40.0,84000.0,40.0,35.0,10.0,6.0,1549.0,,,293.4,4.19
3042083,2024,actual,238.0,22.0,0.0,43.0,22.0,17.0,0.0,2.0,25.0,67.0,5.0,0.0,30.0,1201.24,77.0,17.0,17.0,22.0,80483.0,28.0,47.0,5.0,6.0,1549.0,,,288.3,4.3
3042083,2025,projected,267.0,24.0,,71.0,24.0,,,,15.0,78.0,9.0,,41.0,1188.0,80.0,15.0,15.0,38.0,92664.0,39.0,39.0,9.0,,,,,329.85,4.23
3042083,2025,actual,217.0,28.0,1.0,28.0,29.0,207.0,0.0,5.0,18.0,80.0,17.0,1.0,41.0,1199.56,80.0,11.0,11.0,24.0,95965.0,52.0,39.0,18.0,177.0,1801.0,2.0,,331.55,4.14
3042083,2026,projected,248.0,26.0,,41.0,26.0,,,,27.0,76.0,14.0,,42.0,1206.0,79.0,12.0,12.0,32.0,91656.0,44.0,37.0,14.0,,,,,324.1,4.26
3042083,2026,actual,220.0,30.0,2.0,39.0,32.0,228.0,0.0,5.0,13.0,81.0,8.0,2.0,38.0,1214.75,88.0,22.0,22.0,61.0,98395.0,41.0,50.0,10.0,209.0,1766.0,1.0,,354.9,4.38
3042083,2027,projected,236.0,30.0,2.0,38.0,34.0,,2.0,,17.0,82.0,10.0,4.0,39.0,1243.51,90.0,22.0,20.0,51.0,101967.82,42.0,51.0,12.0,,,,,354.3,4.32
3042083,2027,actual,,,,,,,,,,,,,,,,,,,,,,,,,,,,
3042085,2023,projected,,,,,,,,,,,,,,,,,,,,,,,,,,,,
3042085,2023,actual,79.0,0.0,3.0,20.0,4.0,33.0,1.0,1.0,9.0,66.0,0.0,4.0,10.0,879.83,25.0,1.0,0.0,30.0,58069.0,26.0,15.0,3.0,26.0,1274.0,,,117.75,1.78
3042085,2024,projected,,,,,,,,,,,,,,,,,,,,,,,,,,,,
3042085,2024,actual,67.0,0.0,0.0,49.0,0.0,43.0,0.0,0.0,0.0,71.0,0.0,0.0,4.0,713.72,12.0,0.0,0.0,46.0,50674.0,19.0,8.0,0.0,32.0,1138.0,,,82.15,1.16
3042085,2025,projected,,,,,,,,,,,,,,,,,,,,,,,,,,,,
3042085,2025,actual,51.0,0.0,0.0,45.0,3.0,142.0,3.0,0.0,-6.0,80.0,0.0,3.0,2.0,797.84,18.0,3.0,0.0,22.0,63827.0,35.0,16.0,0.0,97.0,1398.0,,,86.75,1.08
3042085,2026,projected,,,,,,,,,,,,,,,,,,,,,,,,,,,,
3042085,2026,actual,24.0,0.0,0.0,10.0,1.0,12.0,1.0,0.0,-8.0,43.0,0.0,1.0,1.0,711.47,8.0,1.0,0.0,22.0,30593.0,13.0,7.0,0.0,7.0,693.0,,,42.5,0.99
3042085,2027,projected,,,,,,,,,,,,,,,,,,,,,,,,,,,,
3042085,2027,actual,,,,,,,,,,,,,,,,,,,,,,,,,,,,
3042086,2023,projected,81.0,9.0,0.0,20.0,10.0,0.0,1.0,0.0,10.0,40.0,5.0,1.0,12.0,912.0,26.0,5.0,4.0,12.0,36480.0,7.0,14.0,5.0,0.0,369.0,,,103.75,2.59
3042086,2023,actual,43.0,0.0,0.0,20.0,0.0,0.0,0.0,0.0,4.0,20.0,0.0,0.0,2.0,891.1,9.0,0.0,0.0,2.0,17822.0,9.0,7.0,0.0,0.0,412.0,,,38.25,1.91
3042086,2024,projected,174.0,8.0,0.0,38.0,8.0,29.0,0.0,1.0,11.0,76.0,3.0,0.0,23.0,900.0,48.0,5.0,5.0,26.0,68400.0,17.0,25.0,3.0,17.0,1457.0,,,194.3,2.56
3042086,2024,actual,129.0,12.0,0.0,40.0,12.0,29.0,0.0,1.0,-8.0,73.0,5.0,0.0,24.0,946.42,42.0,7.0,7.0,34.0,69089.0,35.0,18.0,5.0,17.0,1457.0,,,188.25,2.58
3042086,2025,projected,134.0,5.0,,49.0,5.0,,,,8.0,73.0,1.0,,21.0,888.0,40.0,4.0,4.0,42.0,64824.0,33.0,19.0,1.0,,,,,179.9,2.46
3042086,2025,actual,60.0,3.0,0.0,26.0,3.0,1.0,0.0,0.0,-15.0,44.0,3.0,0.0,7.0,902.52,11.0,0.0,0.0,10.0,39711.0,21.0,4.0,3.0,0.0,861.0,,,65.1,1.48
3042086,2026,projected,106.0,10.0,,51.0,10.0,,,,-18.0,71.0,4.0,,18.0,894.0,41.0,6.0,6.0,38.0,63474.0,36.0,23.0,4.0,,,,,175.6,2.47
3042086,2026,actual,74.0,6.0,0.0,9.0,6.0,6.0,0.0,2.0,0.0,62.0,4.0,0.0,12.0,792.31,27.0,2.0,2.0,12.0,49123.0,42.0,15.0,4.0,4.0,1027.0,1.0,,122.4,1.97
3042086,2027,projected,,,,,,,,,,,,,,,,,,,,,,,,,,,,
3042086,2027,actual,,,,,,,,,,,,,,,,,,,,,,,,,,,,
3042088,2023,projected,158.0,4.0,1.0,49.0,13.0,22.0,1.0,2.0,21.0,75.0,1.0,2.0,23.0,1008.0,59.0,6.0,3.0,44.0,75600.0,15.0,36.0,7.0,20.0,233.0,1.0,,225.4,3.01
3042088,2023,actual,275.0,13.0,0.0,29.0,13.0,22.0,0.0,2.0,10.0,81.0,7.0,0.0,42.0,1050.12,73.0,6.0,6.0,46.0,85060.0,31.0,31.0,7.0,20.0,1717.0,1.0,,313.15,3.87
3042088,2024,projected,296.0,18.0,0.0,56.0,18.0,47.0,0.0,7.0,18.0,80.0,10.0,0.0,45.0,1062.0,80.0,8.0,8.0,48.0,84960.0,38.0,35.0,10.0,37.0,1626.0,,,348.6,4.36
3042088,2024,actual,246.0,21.0,0.0,60.0,21.0,47.0,0.0,7.0,17.0,76.0,8.0,0.0,34.0,1077.75,72.0,13.0,13.0,36.0,81909.0,20.0,38.0,8.0,37.0,1626.0,,,295.0,3.88
3042088,2025,projected,281.0,22.0,,47.0,22.0,,,,15.0,79.0,7.0,,42.0,1062.0,75.0,15.0,15.0,44.0,83898.0,28.0,33.0,7.0,,,,,317.45,4.02
3042088,2025,actual,242.0,16.0,0.0,95.0,16.0,28.0,0.0,5.0,-14.0,81.0,5.0,0.0,20.0,1072.15,53.0,11.0,11.0,46.0,86844.0,28.0,33.0,5.0,16.0,1748.0,1.0,,251.5,3.1
3042088,2026,projected,249.0,18.0,,71.0,18.0,,,,12.0,78.0,6.0,,27.0,1068.0,63.0,12.0,12.0,40.0,83304.0,22.0,36.0,6.0,,,,,265.35,3.4
3042088,2026,actual,187.0,11.0,0.0,68.0,11.0,75.0,0.0,4.0,-14.0,77.0,6.0,0.0,25.0,1056.77,55.0,5.0,5.0,32.0,81371.0,22.0,30.0,6.0,39.0,1616.0,,,228.05,2.96
3042088,2027,projected,218.0,14.0,,76.0,14.0,,,,-11.0,81.0,7.0,,25.0,1112.2,59.0,7.0,7.0,37.0,90088.2,23.0,34.0,7.0,,,,,245.6,3.03
3042088,2027,actual,,,,,,,,,,,,,,,,,,,,,,,,,,,,
3042095,2023,projected,207.0,13.0,0.0,65.0,13.0,41.0,0.0,1.0,-20.0,78.0,6.0,0.0,25.0,1086.0,53.0,7.0,7.0,14.0,84708.0,28.0,28.0,6.0,18.0,175.0,,,220.75,2.83
3042095,2023,actual,198.0,10.0,0.0,63.0,10.0,41.0,0.0,1.0,-1.0,81.0,5.0,0.0,20.0,937.41,45.0,5.0,5.0,16.0,75930.0,38.0,25.0,5.0,18.0,1549.0,,,201.3,2.49
3042095,2024,projected,188.0,8.0,0.0,62.0,8.0,19.0,0.0,3.0,4.0,80.0,4.0,0.0,19.0,936.0,42.0,4.0,4.0,16.0,74880.0,31.0,23.0,4.0,9.0,1620.0,,,188.7,2.36
3042095,2024,actual,186.0,25.0,0.0,59.0,25.0,19.0,0.0,3.0,-20.0,82.0,8.0,0.0,20.0,970.99,59.0,17.0,17.0,12.0,79621.0,29.0,39.0,8.0,9.0,1620.0,,,230.4,2.81
3042095,2025,projected,195.0,19.0,,65.0,19.0,,,,15.0,82.0,7.0,,20.0,954.0,56.0,12.0,12.0,16.0,78228.0,35.0,36.0,7.0,,,,,225.75,2.75
3042095,2025,actual,154.0,12.0,0.0,74.0,12.0,7.0,0.0,2.0,2.0,79.0,5.0,0.0,21.0,908.9,46.0,7.0,7.0,18.0,71803.0,26.0,25.0,5.0,3.0,1405.0,,,191.4,2.42
3042095,2026,projected,179.0,15.0,,77.0,15.0,,,,6.0,81.0,6.0,,23.0,864.0,54.0,9.0,9.0,18.0,69984.0,30.0,31.0,6.0,,,,,217.95,2.69
3042095,2026,actual,130.0,14.0,0.0,85.0,14.0,9.0,0.0,1.0,-14.0,80.0,9.0,0.0,12.0,818.17,32.0,5.0,5.0,16.0,65454.0,39.0,20.0,9.0,7.0,1278.0,,,157.0,1.96
3042095,2027,projected,171.0,18.0,,96.0,18.0,,,,-13.0,84.0,10.0,,16.0,1006.46,43.0,8.0,8.0,19.0,84542.64,43.0,27.0,10.0,,,,,199.35,2.37
3042095,2027,actual,,,,,,,,,,,,,,,,,,,,,,,,,,,,
3042110,2023,projected,,,,,,,,,,,,,,,,,,,,,,,,,,,,
3042110,2023,actual,167.0,3.0,0.0,100.0,3.0,5.0,0.0,2.0,1.0,76.0,2.0,0.0,13.0,726.42,28.0,1.0,1.0,76.0,55208.0,19.0,15.0,2.0,1.0,1282.0,,,172.75,2.27
3042110,2024,projected,,,,,,,,,,,,,,,,,,,,,,,,,,,,
3042110,2024,actual,167.0,0.0,1.0,91.0,1.0,28.0,0.0,1.0,-5.0,74.0,0.0,1.0,9.0,821.05,26.0,0.0,0.0,75.0,60758.0,35.0,17.0,1.0,13.0,1456.0,,,169.85,2.3
3042110,2025,projected,163.0,,1.0,111.0,2.0,,1.0,,-8.0,76.0,,2.0,8.0,786.0,21.0,1.0,,76.0,59736.0,29.0,13.0,1.0,,,,,157.35,2.07
3042110,2025,actual,60.0,0.0,0.0,48.0,0.0,8.0,0.0,1.0,-5.0,37.0,0.0,0.0,4.0,681.3,8.0,0.0,0.0,48.0,25208.0,15.0,4.0,0.0,3.0,604.0,,,72.3,1.95
3042110,2026,projected,,,,,,,,,,,,,,,,,,,,,,,,,,,,
3042110,2026,actual,71.0,0.0,0.0,63.0,1.0,11.0,1.0,1.0,-10.0,54.0,0.0,1.0,8.0,711.39,14.0,1.0,0.0,26.0,38415.0,19.0,6.0,0.0,4.0,863.0,,,84.55,1.57
3042110,2027,projected,,,,,,,,,,,,,,,,,,,,,,,,,,,,
3042110,2027,actual,,,,,,,,,,,,,,,,,,,,,,,,,,,,
3042111,2023,projected,,,,,,,,,,,,,,,,,,,,,,,,,,,,
3042111,2023,actual,120.0,4.0,1.0,111.0,5.0,426.0,0.0,4.0,11.0,80.0,4.0,1.0,17.0,969.55,32.0,0.0,0.0,33.0,77564.0,46.0,15.0,5.0,495.0,1654.0,,,171.6,2.15
3042111,2024,projected,,,,,,,,,,,,,,,,,,,,,,,,,,,,
3042111,2024,actual,153.0,14.0,0.0,86.0,14.0,447.0,0.0,2.0,-16.0,82.0,9.0,0.0,24.0,1035.6,46.0,5.0,5.0,27.0,84919.0,42.0,22.0,9.0,531.0,1697.0,,,210.85,2.57
3042111,2025,projected,148.0,14.0,,107.0,14.0,,,,10.0,81.0,7.0,,23.0,1032.0,46.0,7.0,7.0,28.0,83592.0,45.0,23.0,7.0,,,,,209.7,2.59
3042111,2025,actual,141.0,5.0,0.0,66.0,6.0,393.0,1.0,3.0,13.0,76.0,2.0,1.0,22.0,986.57,41.0,4.0,3.0,30.0,74979.0,31.0,19.0,2.0,393.0,1594.0,,,183.85,2.42
3042111,2026,projected,156.0,9.0,,77.0,9.0,,,,9.0,78.0,4.0,,24.0,1026.0,47.0,5.0,5.0,32.0,80028.0,39.0,23.0,4.0,,,,,206.7,2.65
3042111,2026,actual,68.0,3.0,0.0,74.0,3.0,257.0,0.0,1.0,-15.0,51.0,1.0,0.0,7.0,820.86,15.0,2.0,2.0,32.0,41864.0,22.0,8.0,1.0,300.0,889.0,,,91.4,1.79
3042111,2027,projected,,,,,,,,,,,,,,,,,,,,,,,,,,,,
3042111,2027,actual,,,,,,,,,,,,,,,,,,,,,,,,,,,,
3042114,2023,projected,164.0,8.0,1.0,52.0,6.0,652.0,2.0,2.0,5.0,75.0,2.0,3.0,19.0,1092.0,48.0,4.0,6.0,14.0,81900.0,40.0,29.0,2.0,647.0,222.0,,,199.2,2.66
3042114,2023,actual,120.0,5.0,1.0,32.0,6.0,652.0,0.0,2.0,3.0,82.0,1.0,1.0,9.0,1089.32,43.0,4.0,4.0,25.0,89324.0,45.0,34.0,2.0,647.0,1826.0,,,170.2,2.08
3042114,2024,projected,,,,,,,,,,,,,,,,,,,,,,,,,,,,
3042114,2024,actual,109.0,3.0,1.0,26.0,6.0,465.0,2.0,3.0,-2.0,79.0,1.0,3.0,13.0,976.46,33.0,4.0,2.0,26.0,77140.0,51.0,20.0,2.0,536.0,1714.0,,,156.35,1.98
3042114,2025,projected,121.0,6.0,1.0,34.0,8.0,,1.0,,-5.0,81.0,2.0,2.0,13.0,1014.0,36.0,5.0,4.0,28.0,82134.0,49.0,23.0,3.0,,,,,164.15,2.03
3042114,2025,actual,67.0,1.0,1.0,9.0,2.0,310.0,0.0,2.0,4.0,56.0,0.0,1.0,10.0,882.14,23.0,1.0,1.0,8.0,49400.0,35.0,13.0,1.0,317.0,1100.0,,,99.65,1.78
3042114,2026,projected,,,,,,,,,,,,,,,,,,,,,,,,,,,,
3042114,2026,actual,115.0,8.0,0.0,45.0,8.0,453.0,0.0,1.0,3.0,79.0,1.0,0.0,9.0,994.39,43.0,7.0,7.0,24.0,78557.0,64.0,34.0,1.0,537.0,1747.0,,,177.75,2.25
3042114,2027,projected,104.0,6.0,,40.0,6.0,,,,3.0,77.0,1.0,,10.0,969.05,40.0,5.0,5.0,23.0,74617.0,57.0,30.0,1.0,,,,,163.5,2.12
3042114,2027,actual,,,,,,,,,,,,,,,,,,,,,,,,,,,,
3042283,2023,projected,,,,,,,,,,,,,,,,,,,,,,,,,,,,
3042283,2023,actual,9.0,0.0,0.0,18.0,0.0,3.0,0.0,0.0,-2.0,14.0,0.0,0.0,0.0,394.79,0.0,0.0,0.0,4.0,5527.0,2.0,0.0,0.0,1.0,139.0,,,7.05,0.5
3042283,2024,projected,,,,,,,,,,,,,,,,,,,,,,,,,,,,
3042283,2024,actual,1.0,0.0,0.0,1.0,0.0,0.0,0.0,0.0,-1.0,1.0,0.0,0.0,0.0,321.0,0.0,0.0,0.0,2.0,321.0,0.0,0.0,0.0,0.0,10.0,,,1.35,1.35
3042283,2025,projected,,,,,,,,,,,,,,,,,,,,,,,,,,,,
3042283,2025,actual,,,,,,,,,,,,,,,,,,,,,,,,,,,,
3042283,2026,projected,,,,,,,,,,,,,,,,,,,,,,,,,,,,
3042283,2026,actual,4.0,0.0,0.0,10.0,0.0,0.0,0.0,0.0,1.0,4.0,0.0,0.0,0.0,462.25,1.0,0.0,0.0,0.0,1849.0,0.0,1.0,0.0,0.0,47.0,,,4.0,1.0
3042283,2027,projected,,,,,,,,,,,,,,,,,,,,,,,,,,,,
3042283,2027,actual,,,,,,,,,,,,,,,,,,,,,,,,,,,,
3067822,2023,projected,,,,,,,,,,,,,,,,,,,,,,,,,,,,
3067822,2023,actual,2.0,0.0,0.0,34.0,0.0,0.0,0.0,0.0,-1.0,16.0,0.0,0.0,0.0,467.88,2.0,0.0,0.0,37.0,7486.0,5.0,2.0,0.0,1.0,186.0,,,28.9,1.81
3067822,2024,projected,,,,,,,,,,,,,,,,,,,,,,,,,,,,
3067822,2024,actual,44.0,0.0,0.0,128.0,0.0,3.0,0.0,0.0,-12.0,68.0,0.0,0.0,1.0,491.82,4.0,0.0,0.0,117.0,33444.0,27.0,3.0,0.0,3.0,806.0,,,104.8,1.54
3067822,2025,projected,,,,,,,,,,,,,,,,,,,,,,,,,,,,
3067822,2025,actual,9.0,0.0,0.0,134.0,0.0,2.0,0.0,1.0,-2.0,43.0,0.0,0.0,1.0,521.47,4.0,0.0,0.0,72.0,22423.0,20.0,3.0,0.0,0.0,522.0,,,71.65,1.67
3067822,2026,projected,,,,,,,,,,,,,,,,,,,,,,,,,,,,
3067822,2026,actual,33.0,0.0,0.0,192.0,0.0,6.0,0.0,0.0,0.0,62.0,0.0,0.0,3.0,584.63,14.0,0.0,0.0,107.0,36247.0,16.0,11.0,0.0,5.0,848.0,,,119.95,1.93
3067822,2027,projected,,,,,,,,,,,,,,,,,,,,,,,,,,,,
3067822,2027,actual,,,,,,,,,,,,,,,,,,,,,,,,,,,,
3067840,2023,projected,,,,,,,,,,,,,,,,,,,,,,,,,,,,
3067840,2023,actual,,,,,,,,,,,,,,,,,,,,,,,,,,,,
3067840,2024,projected,,,,,,,,,,,,,,,,,,,,,,,,,,,,
3067840,2024,actual,3.0,0.0,0.0,10.0,0.0,2.0,0.0,0.0,0.0,3.0,0.0,0.0,0.0,556.67,0.0,0.0,0.0,9.0,1670.0,1.0,0.0,0.0,0.0,34.0,,,6.75,2.25
3067840,2025,projected,,,,,,,,,,,,,,,,,,,,,,,,,,,,
3067840,2025,actual,0.0,0.0,0.0,2.0,0.0,0.0,0.0,0.0,-2.0,1.0,0.0,0.0,0.0,627.0,0.0,0.0,0.0,0.0,627.0,1.0,0.0,0.0,0.0,14.0,,,0.7,0.7
3067840,2026,projected,,,,,,,,,,,,,,,,,,,,,,,,,,,,
3067840,2026,actual,11.0,0.0,0.0,63.0,0.0,2.0,0.0,0.0,1.0,26.0,0.0,0.0,1.0,477.15,5.0,0.0,0.0,89.0,12406.0,11.0,4.0,0.0,0.0,298.0,,,70.05,2.69
3067840,2027,projected,,,,,,,,,,,,,,,,,,,,,,,,,,,,
3067840,2027,actual,,,,,,,,,,,,,,,,,,,,,,,,,,,,
3067858,2023,projected,119.0,13.0,1.0,66.0,18.0,487.0,1.0,5.0,7.0,75.0,5.0,2.0,20.0,1128.0,57.0,11.0,8.0,28.0,84600.0,42.0,37.0,7.0,675.0,170.0,,,222.35,2.96
3067858,2023,actual,120.0,15.0,1.0,74.0,18.0,487.0,2.0,5.0,12.0,81.0,6.0,3.0,16.0,1140.77,65.0,11.0,9.0,26.0,92402.0,56.0,49.0,7.0,675.0,1804.0,,,243.9,3.01
3067858,2024,projected,104.0,11.0,1.0,60.0,12.0,498.0,1.0,4.0,9.0,70.0,4.0,1.0,13.0,1146.0,49.0,7.0,7.0,26.0,80220.0,40.0,36.0,5.0,552.0,1589.0,,,190.5,2.72
3067858,2024,actual,97.0,13.0,2.0,37.0,16.0,498.0,1.0,4.0,-9.0,75.0,4.0,3.0,16.0,1109.01,51.0,10.0,9.0,25.0,83176.0,40.0,35.0,6.0,552.0,1589.0,,,195.95,2.61
3067858,2025,projected,108.0,14.0,2.0,61.0,18.0,,2.0,,6.0,78.0,5.0,4.0,18.0,1116.0,57.0,11.0,9.0,26.0,87048.0,43.0,39.0,7.0,,,,,215.1,2.76
3067858,2025,actual,73.0,18.0,2.0,33.0,20.0,715.0,0.0,1.0,-9.0,78.0,1.0,2.0,13.0,1170.56,51.0,17.0,17.0,22.0,91304.0,50.0,38.0,3.0,759.0,1749.0,,,187.05,2.4
3067858,2026,projected,101.0,14.0,2.0,39.0,18.0,,2.0,,-10.0,77.0,4.0,4.0,15.0,1158.0,56.0,12.0,10.0,26.0,89166.0,47.0,41.0,6.0,,,,,207.65,2.7
3067858,2026,actual,93.0,16.0,0.0,20.0,18.0,696.0,2.0,3.0,-24.0,80.0,6.0,2.0,16.0,1162.9,49.0,12.0,10.0,14.0,93032.0,57.0,33.0,6.0,761.0,1959.0,,,190.75,2.38
3067858,2027,projected,96.0,17.0,,24.0,17.0,,,,-20.0,82.0,5.0,,16.0,1131.07,50.0,12.0,12.0,18.0,92747.74,54.0,34.0,5.0,,,,,189.4,2.31
3067858,2027,actual,,,,,,,,,,,,,,,,,,,,,,,,,,,,
3067860,2023,projected,,,,,,,,,,,,,,,,,,,,,,,,,,,,
3067860,2023,actual,43.0,0.0,0.0,82.0,0.0,82.0,0.0,1.0,10.0,56.0,0.0,0.0,2.0,617.04,10.0,0.0,0.0,25.0,34554.0,35.0,8.0,0.0,95.0,754.0,,,71.95,1.28
3067860,2024,projected,,,,,,,,,,,,,,,,,,,,,,,,,,,,
3067860,2024,actual,43.0,0.0,0.0,92.0,0.0,22.0,0.0,0.0,-1.0,45.0,0.0,0.0,7.0,648.6,13.0,0.0,0.0,18.0,29187.0,35.0,6.0,0.0,20.0,632.0,,,79.45,1.77
3067860,2025,projected,,,,,,,,,,,,,,,,,,,,,,,,,,,,
3067860,2025,actual,72.0,0.0,0.0,281.0,1.0,74.0,1.0,0.0,-5.0,73.0,0.0,1.0,8.0,726.38,16.0,1.0,0.0,63.0,53026.0,61.0,8.0,0.0,82.0,1257.0,,,149.1,2.04
3067860,2026,projected,,,,,,,,,,,,,,,,,,,,,,,,,,,,
3067860,2026,actual,38.0,0.0,0.0,179.0,0.0,47.0,0.0,1.0,-9.0,46.0,0.0,0.0,4.0,719.39,11.0,0.0,0.0,28.0,33092.0,35.0,7.0,0.0,56.0,778.0,,,85.9,1.87
3067860,2027,projected,,,,,,,,,,,,,,,,,,,,,,,,,,,,
3067860,2027,actual,,,,,,,,,,,,,,,,,,,,,,,,,,,,
3067879,2023,projected,,,,,,,,,,,,,,,,,,,,,,,,,,,,
3067879,2023,actual,,,,,,,,,,,,,,,,,,,,,,,,,,,,
3067879,2024,projected,,,,,,,,,,,,,,,,,,,,,,,,,,,,
3067879,2024,actual,3.0,0.0,0.0,1.0,0.0,9.0,0.0,0.0,-2.0,2.0,0.0,0.0,1.0,631.5,1.0,0.0,0.0,0.0,1263.0,1.0,0.0,0.0,4.0,33.0,,,4.35,2.17
3067879,2025,projected,,,,,,,,,,,,,,,,,,,,,,,,,,,,
3067879,2025,actual,34.0,0.0,0.0,51.0,0.0,169.0,0.0,0.0,-6.0,52.0,0.0,0.0,2.0,613.37,7.0,0.0,0.0,6.0,31895.0,22.0,5.0,0.0,158.0,777.0,,,43.6,0.84
3067879,2026,projected,,,,,,,,,,,,,,,,,,,,,,,,,,,,
3067879,2026,actual,1.0,0.0,0.0,3.0,0.0,2.0,0.0,0.0,-1.0,2.0,0.0,0.0,0.0,431.5,0.0,0.0,0.0,0.0,863.0,1.0,0.0,0.0,1.0,24.0,,,1.05,0.53
3067879,2027,projected,,,,,,,,,,,,,,,,,,,,,,,,,,,,
3067879,2027,actual,,,,,,,,,,,,,,,,,,,,,,,,,,,,
3067951,2023,projected,146.0,7.0,2.0,17.0,12.0,3.0,3.0,0.0,7.0,80.0,2.0,5.0,18.0,1074.0,44.0,8.0,5.0,12.0,85920.0,42.0,26.0,4.0,2.0,246.0,,,182.7,2.28
3067951,2023,actual,2.0,0.0,0.0,6.0,0.0,3.0,0.0,0.0,-3.0,4.0,0.0,0.0,0.0,1006.0,0.0,0.0,0.0,0.0,4024.0,1.0,0.0,0.0,2.0,82.0,,,1.6,0.4
3067951,2024,projected,149.0,8.0,3.0,19.0,12.0,24.0,1.0,0.0,8.0,78.0,3.0,4.0,19.0,990.0,49.0,6.0,5.0,22.0,77220.0,45.0,30.0,6.0,17.0,1125.0,,,202.15,2.59
3067951,2024,actual,108.0,0.0,0.0,29.0,0.0,24.0,0.0,0.0,-8.0,71.0,0.0,0.0,4.0,767.97,12.0,0.0,0.0,10.0,54526.0,24.0,8.0,0.0,17.0,1125.0,,,74.9,1.05
3067951,2025,projected,112.0,,,27.0,,,,,-7.0,73.0,,,6.0,810.0,15.0,,,12.0,59130.0,25.0,9.0,,,,,,85.2,1.17
3067951,2025,actual,123.0,0.0,1.0,19.0,2.0,28.0,1.0,4.0,9.0,82.0,0.0,2.0,13.0,840.59,30.0,1.0,0.0,10.0,68928.0,37.0,17.0,1.0,16.0,1458.0,,,136.15,1.66
3067951,2026,projected,,,,,,,,,,,,,,,,,,,,,,,,,,,,
3067951,2026,actual,116.0,8.0,2.0,25.0,10.0,18.0,0.0,1.0,-1.0,75.0,4.0,2.0,18.0,1053.05,43.0,4.0,4.0,22.0,78979.0,37.0,25.0,6.0,8.0,1522.0,,,176.0,2.35
3067951,2027,projected,113.0,6.0,2.0,26.0,10.0,,2.0,,-1.0,77.0,3.0,4.0,16.0,978.62,39.0,5.0,3.0,20.0,75353.97,36.0,23.0,5.0,,,,,163.35,2.12
3067951,2027,actual,,,,,,,,,,,,,,,,,,,,,,,,,,,,
3069277,2023,projected,,,,,,,,,,,,,,,,,,,,,,,,,,,,
3069277,2023,actual,69.0,8.0,0.0,63.0,8.0,36.0,0.0,0.0,-4.0,67.0,3.0,0.0,10.0,831.91,28.0,5.0,5.0,28.0,55738.0,28.0,18.0,3.0,27.0,1177.0,,,123.05,1.84
3069277,2024,projected,,,,,,,,,,,,,,,,,,,,,,,,,,,,
3069277,2024,actual,68.0,5.0,1.0,68.0,8.0,342.0,2.0,0.0,-6.0,71.0,3.0,3.0,6.0,794.99,21.0,4.0,2.0,32.0,56444.0,49.0,15.0,4.0,247.0,1228.0,,,120.3,1.69
3069277,2025,projected,,,,,,,,,,,,,,,,,,,,,,,,,,,,
3069277,2025,actual,60.0,7.0,0.0,78.0,7.0,312.0,0.0,0.0,-6.0,67.0,4.0,0.0,6.0,792.46,20.0,3.0,3.0,32.0,53095.0,53.0,14.0,4.0,260.0,1238.0,,,116.8,1.74
3069277,2026,projected,,,,,,,,,,,,,,,,,,,,,,,,,,,,
3069277,2026,actual,37.0,1.0,0.0,69.0,1.0,231.0,0.0,0.0,-18.0,52.0,0.0,0.0,5.0,777.94,17.0,1.0,1.0,26.0,40453.0,26.0,12.0,0.0,197.0,976.0,,,81.65,1.57
3069277,2027,projected,,,,,,,,,,,,,,,,,,,,,,,,,,,,
3069277,2027,actual,,,,,,,,,,,,,,,,,,,,,,,,,,,,
3069342,2023,projected,,,,,,,,,,,,,,,,,,,,,,,,,,,,
3069342,2023,actual,,,,,,,,,,,,,,,,,,,,,,,,,,,,
3069342,2024,projected,,,,,,,,,,,,,,,,,,,,,,,,,,,,
3069342,2024,actual,4.0,0.0,0.0,9.0,0.0,0.0,0.0,0.0,-1.0,8.0,0.0,0.0,0.0,472.12,1.0,0.0,0.0,0.0,3777.0,2.0,1.0,0.0,0.0,83.0,,,4.9,0.61
3069342,2025,projected,,,,,,,,,,,,,,,,,,,,,,,,,,,,
3069342,2025,actual,,,,,,,,,,,,,,,,,,,,,,,,,,,,
3069342,2026,projected,,,,,,,,,,,,,,,,,,,,,,,,,,,,
3069342,2026,actual,6.0,0.0,0.0,10.0,0.0,1.0,0.0,0.0,0.0,8.0,0.0,0.0,1.0,611.0,4.0,0.0,0.0,12.0,4888.0,6.0,3.0,0.0,1.0,124.0,,,20.5,2.56
3069342,2027,projected,,,,,,,,,,,,,,,,,,,,,,,,,,,,
3069342,2027,actual,,,,,,,,,,,,,,,,,,,,,,,,,,,,
3069394,2023,projected,113.0,2.0,1.0,73.0,5.0,80.0,1.0,1.0,15.0,80.0,2.0,2.0,12.0,924.0,47.0,2.0,2.0,24.0,73920.0,61.0,35.0,3.0,65.0,254.0,,,191.05,2.39
3069394,2023,actual,133.0,3.0,1.0,54.0,5.0,80.0,1.0,1.0,8.0,82.0,2.0,2.0,10.0,877.13,32.0,2.0,1.0,30.0,71925.0,46.0,22.0,3.0,65.0,1609.0,,,157.15,1.92
3069394,2024,projected,,,,,,,,,,,,,,,,,,,,,,,,,,,,
3069394,2024,actual,103.0,12.0,2.0,69.0,15.0,450.0,1.0,3.0,-15.0,82.0,2.0,3.0,13.0,1046.05,45.0,11.0,10.0,26.0,85776.0,76.0,32.0,4.0,412.0,1861.0,,,201.65,2.46
3069394,2025,projected,118.0,8.0,2.0,69.0,12.0,,2.0,,-14.0,82.0,2.0,4.0,13.0,1008.0,42.0,8.0,6.0,28.0,82656.0,68.0,29.0,4.0,,,,,192.4,2.35
3069394,2025,actual,101.0,1.0,2.0,58.0,3.0,235.0,0.0,1.0,-5.0,81.0,0.0,2.0,11.0,915.21,28.0,1.0,1.0,14.0,74132.0,67.0,17.0,2.0,259.0,1749.0,,,144.05,1.78
3069394,2026,projected,117.0,6.0,2.0,62.0,10.0,,2.0,,4.0,82.0,1.0,4.0,12.0,1008.0,36.0,7.0,5.0,20.0,82656.0,71.0,24.0,3.0,,,,,174.45,2.13
3069394,2026,actual,28.0,0.0,0.0,30.0,1.0,110.0,1.0,0.0,0.0,34.0,0.0,1.0,7.0,767.18,13.0,1.0,0.0,23.0,26084.0,27.0,6.0,0.0,115.0,665.0,,,69.0,2.03
3069394,2027,projected,,,,,,,,,,,,,,,,,,,,,,,,,,,,
3069394,2027,actual,,,,,,,,,,,,,,,,,,,,,,,,,,,,
3069411,2023,projected,,,,,,,,,,,,,,,,,,,,,,,,,,,,
3069411,2023,actual,89.0,2.0,0.0,122.0,3.0,321.0,1.0,2.0,3.0,82.0,1.0,1.0,11.0,850.24,31.0,2.0,1.0,58.0,69720.0,64.0,20.0,1.0,272.0,1433.0,,,172.95,2.11
3069411,2024,projected,,,,,,,,,,,,,,,,,,,,,,,,,,,,
3069411,2024,actual,60.0,0.0,1.0,146.0,1.0,287.0,0.0,1.0,-13.0,80.0,0.0,1.0,4.0,753.85,12.0,0.0,0.0,76.0,60308.0,86.0,8.0,1.0,337.0,1448.0,,,141.6,1.77
3069411,2025,projected,,,,,,,,,,,,,,,,,,,,,,,,,,,,
3069411,2025,actual,73.0,0.0,1.0,149.0,1.0,144.0,0.0,0.0,-37.0,77.0,0.0,1.0,5.0,827.01,8.0,0.0,0.0,75.0,63680.0,60.0,3.0,1.0,108.0,1376.0,,,123.65,1.61
3069411,2026,projected,,,,,,,,,,,,,,,,,,,,,,,,,,,,
3069411,2026,actual,66.0,0.0,0.0,140.0,0.0,24.0,0.0,0.0,-18.0,82.0,0.0,0.0,5.0,680.85,12.0,0.0,0.0,73.0,55830.0,60.0,7.0,0.0,16.0,1301.0,,,126.0,1.54
3069411,2027,projected,,,,,,,,,,,,,,,,,,,,,,,,,,,,
3069411,2027,actual,,,,,,,,,,,,,,,,,,,,,,,,,,,,
3069613,2023,projected,,,,,,,,,,,,,,,,,,,,,,,,,,,,
3069613,2023,actual,38.0,0.0,0.0,1.0,1.0,3.0,1.0,1.0,-1.0,26.0,0.0,1.0,2.0,756.04,11.0,1.0,0.0,6.0,19657.0,7.0,9.0,0.0,1.0,428.0,,,42.1,1.62
3069613,2024,projected,,,,,,,,,,,,,,,,,,,,,,,,,,,,
3069613,2024,actual,27.0,0.0,0.0,8.0,0.0,6.0,0.0,0.0,-3.0,14.0,0.0,0.0,1.0,585.0,3.0,0.0,0.0,4.0,8190.0,7.0,2.0,0.0,4.0,199.0,,,20.05,1.43
3069613,2025,projected,,,,,,,,,,,,,,,,,,,,,,,,,,,,
3069613,2025,actual,48.0,3.0,0.0,41.0,3.0,10.0,0.0,1.0,2.0,38.0,3.0,0.0,5.0,781.0,10.0,0.0,0.0,10.0,29678.0,12.0,5.0,3.0,7.0,607.0,,,56.1,1.48
3069613,2026,projected,,,,,,,,,,,,,,,,,,,,,,,,,,,,
3069613,2026,actual,65.0,2.0,0.0,41.0,2.0,25.0,0.0,2.0,-12.0,65.0,0.0,0.0,6.0,656.26,18.0,2.0,2.0,31.0,42657.0,27.0,12.0,0.0,22.0,868.0,,,94.35,1.45
3069613,2027,projected,,,,,,,,,,,,,,,,,,,,,,,,,,,,
3069613,2027,actual,,,,,,,,,,,,,,,,,,,,,,,,,,,,
3069687,2023,projected,161.0,4.0,1.0,162.0,5.0,25.0,0.0,5.0,-18.0,72.0,2.0,1.0,21.0,1002.0,35.0,2.0,2.0,53.0,72144.0,38.0,14.0,3.0,19.0,244.0,,,202.95,2.82
3069687,2023,actual,164.0,4.0,1.0,139.0,5.0,25.0,0.0,5.0,-8.0,69.0,4.0,1.0,21.0,1017.59,32.0,0.0,0.0,72.0,70214.0,49.0,11.0,5.0,19.0,1393.0,,,211.4,3.06
3069687,2024,projected,135.0,3.0,0.0,131.0,3.0,16.0,0.0,0.0,-15.0,64.0,3.0,0.0,17.0,1026.0,28.0,2.0,2.0,67.0,65664.0,31.0,11.0,3.0,15.0,1463.0,,,172.85,2.7
3069687,2024,actual,141.0,2.0,0.0,154.0,2.0,16.0,0.0,0.0,-18.0,78.0,0.0,0.0,9.0,927.81,20.0,2.0,2.0,74.0,72369.0,40.0,11.0,0.0,15.0,1463.0,,,157.65,2.02
3069687,2025,projected,171.0,4.0,,158.0,4.0,,,,-24.0,71.0,2.0,,18.0,966.0,30.0,2.0,2.0,76.0,68586.0,47.0,12.0,2.0,,,,,201.05,2.83
3069687,2025,actual,109.0,0.0,1.0,175.0,1.0,20.0,0.0,1.0,-2.0,81.0,0.0,1.0,15.0,859.17,27.0,0.0,0.0,90.0,69593.0,39.0,12.0,1.0,29.0,1531.0,,,181.25,2.24
3069687,2026,projected,131.0,2.0,,169.0,2.0,,,,-11.0,79.0,,,16.0,882.0,33.0,2.0,2.0,88.0,69678.0,42.0,17.0,,,,,,197.65,2.5
3069687,2026,actual,89.0,0.0,2.0,129.0,4.0,10.0,2.0,1.0,-4.0,72.0,0.0,4.0,14.0,841.35,23.0,2.0,0.0,80.0,60577.0,43.0,9.0,2.0,23.0,1296.0,,,163.65,2.27
3069687,2027,projected,,,,,,,,,,,,,,,,,,,,,,,,,,,,
3069687,2027,actual,,,,,,,,,,,,,,,,,,,,,,,,,,,,
3094261,2023,projected,141.0,8.0,1.0,82.0,5.0,489.0,0.0,2.0,-10.0,80.0,4.0,1.0,23.0,1110.0,53.0,1.0,4.0,50.0,88800.0,33.0,30.0,4.0,483.0,198.0,,,223.95,2.8
3094261,2023,actual,141.0,4.0,1.0,118.0,5.0,489.0,0.0,2.0,23.0,81.0,3.0,1.0,14.0,1028.06,48.0,1.0,1.0,76.0,83273.0,54.0,34.0,4.0,483.0,1745.0,,,229.55,2.83
3094261,2024,projected,,,,,,,,,,,,,,,,,,,,,,,,,,,,
3094261,2024,actual,156.0,2.0,2.0,135.0,5.0,566.0,1.0,1.0,-11.0,80.0,0.0,3.0,11.0,1046.86,33.0,3.0,2.0,62.0,83749.0,52.0,22.0,2.0,519.0,1740.0,,,193.5,2.42
3094261,2025,projected,163.0,5.0,2.0,143.0,9.0,,2.0,,-15.0,80.0,2.0,4.0,12.0,1044.0,36.0,5.0,3.0,68.0,83520.0,54.0,24.0,4.0,,,,,209.55,2.62
3094261,2025,actual,75.0,1.0,0.0,109.0,1.0,271.0,0.0,2.0,-1.0,57.0,0.0,0.0,7.0,962.84,31.0,1.0,1.0,52.0,54882.0,36.0,24.0,0.0,267.0,1135.0,,,145.15,2.55
3094261,2026,projected,,,,,,,,,,,,,,,,,,,,,,,,,,,,
3094261,2026,actual,114.0,0.0,0.0,115.0,0.0,485.0,0.0,2.0,-6.0,82.0,0.0,0.0,9.0,981.95,28.0,0.0,0.0,66.0,80520.0,31.0,19.0,0.0,396.0,1725.0,,,155.5,1.9
3094261,2027,projected,115.0,,,124.0,,,,,-6.0,81.0,,,9.0,975.06,29.0,,,64.0,78980.02,34.0,20.0,,,,,,157.15,1.94
3094261,2027,actual,,,,,,,,,,,,,,,,,,,,,,,,,,,,
3096186,2023,projected,182.0,3.0,3.0,72.0,9.0,26.0,1.0,1.0,15.0,82.0,1.0,4.0,16.0,966.0,47.0,6.0,2.0,18.0,79212.0,36.0,31.0,3.0,14.0,276.0,1.0,,202.7,2.47
3096186,2023,actual,163.0,7.0,1.0,60.0,9.0,26.0,1.0,1.0,-2.0,59.0,2.0,2.0,10.0,1019.31,29.0,6.0,5.0,14.0,60139.0,23.0,19.0,3.0,14.0,1303.0,1.0,,144.75,2.45
3096186,2024,projected,,,,,,,,,,,,,,,,,,,,,,,,,,,,
3096186,2024,actual,244.0,7.0,2.0,86.0,9.0,34.0,0.0,5.0,11.0,82.0,2.0,2.0,31.0,1078.79,57.0,5.0,5.0,28.0,88461.0,58.0,26.0,4.0,14.0,1825.0,1.0,,274.1,3.34
3096186,2025,projected,257.0,7.0,3.0,71.0,13.0,,3.0,,13.0,79.0,2.0,6.0,27.0,1080.0,51.0,8.0,5.0,26.0,85320.0,43.0,24.0,5.0,,,,,248.35,3.14
3096186,2025,actual,153.0,3.0,1.0,71.0,4.0,11.0,0.0,2.0,17.0,71.0,1.0,1.0,18.0,1012.59,40.0,2.0,2.0,14.0,71894.0,29.0,22.0,2.0,1.0,1541.0,,,170.85,2.41
3096186,2026,projected,163.0,5.0,2.0,73.0,9.0,,2.0,,16.0,75.0,2.0,4.0,17.0,1020.0,41.0,5.0,3.0,22.0,76500.0,33.0,24.0,4.0,,,,,184.05,2.45
3096186,2026,actual,159.0,1.0,1.0,57.0,3.0,15.0,1.0,2.0,0.0,69.0,0.0,2.0,13.0,1003.72,32.0,2.0,1.0,8.0,69257.0,37.0,19.0,1.0,4.0,1496.0,,,150.45,2.18
3096186,2027,projected,186.0,2.0,1.0,73.0,4.0,,1.0,,4.0,81.0,,2.0,19.0,1000.6,42.0,3.0,2.0,13.0,81048.6,43.0,23.0,1.0,,,,,188.8,2.33
3096186,2027,actual,,,,,,,,,,,,,,,,,,,,,,,,,,,,
3096235,2023,projected,,,,,,,,,,,,,,,,,,,,,,,,,,,,
3096235,2023,actual,14.0,0.0,0.0,26.0,0.0,61.0,0.0,0.0,-2.0,17.0,0.0,0.0,0.0,531.76,1.0,0.0,0.0,7.0,9040.0,10.0,1.0,0.0,44.0,240.0,,,16.6,0.98
3096235,2024,projected,,,,,,,,,,,,,,,,,,,,,,,,,,,,
3096235,2024,actual,27.0,0.0,0.0,65.0,0.0,111.0,0.0,0.0,-4.0,33.0,0.0,0.0,3.0,672.94,4.0,0.0,0.0,2.0,22207.0,29.0,1.0,0.0,97.0,539.0,,,39.75,1.2
3096235,2025,projected,,,,,,,,,,,,,,,,,,,,,,,,,,,,
3096235,2025,actual,54.0,0.0,0.0,109.0,1.0,218.0,1.0,0.0,-6.0,70.0,0.0,1.0,5.0,565.0,10.0,1.0,0.0,14.0,39550.0,39.0,5.0,0.0,195.0,1009.0,,,76.9,1.1
3096235,2026,projected,,,,,,,,,,,,,,,,,,,,,,,,,,,,
3096235,2026,actual,1.0,0.0,0.0,0.0,0.0,6.0,0.0,0.0,1.0,1.0,0.0,0.0,1.0,584.0,1.0,0.0,0.0,0.0,584.0,0.0,0.0,0.0,2.0,14.0,,,3.25,3.25
3096235,2027,projected,,,,,,,,,,,,,,,,,,,,,,,,,,,,
3096235,2027,actual,,,,,,,,,,,,,,,,,,,,,,,,,,,,
3096236,2023,projected,85.0,0.0,1.0,211.0,1.0,22.0,0.0,3.0,8.0,63.0,0.0,1.0,14.0,870.0,32.0,0.0,0.0,35.0,54810.0,46.0,18.0,1.0,3.0,290.0,,,165.85,2.63
3096236,2023,actual,115.0,0.0,1.0,190.0,1.0,22.0,0.0,3.0,21.0,82.0,0.0,1.0,16.0,853.33,35.0,0.0,0.0,44.0,69973.0,68.0,19.0,1.0,3.0,1644.0,,,194.75,2.38
3096236,2024,projected,,,,,,,,,,,,,,,,,,,,,,,,,,,,
3096236,2024,actual,73.0,0.0,0.0,131.0,2.0,21.0,2.0,0.0,2.0,66.0,0.0,2.0,7.0,875.23,16.0,2.0,0.0,51.0,57765.0,62.0,9.0,0.0,9.0,1323.0,,,128.85,1.95
3096236,2025,projected,,,,,,,,,,,,,,,,,,,,,,,,,,,,
3096236,2025,actual,99.0,0.0,0.0,167.0,0.0,24.0,0.0,0.0,-12.0,79.0,0.0,0.0,10.0,793.61,22.0,0.0,0.0,16.0,62695.0,105.0,12.0,0.0,7.0,1430.0,,,155.95,1.97
3096236,2026,projected,,,,,,,,,,,,,,,,,,,,,,,,,,,,
3096236,2026,actual,42.0,0.0,0.0,155.0,0.0,11.0,0.0,0.0,-15.0,56.0,0.0,0.0,0.0,561.5,3.0,0.0,0.0,50.0,31444.0,34.0,3.0,0.0,3.0,824.0,,,74.0,1.32
3096236,2027,projected,,,,,,,,,,,,,,,,,,,,,,,,,,,,
3096236,2027,actual,,,,,,,,,,,,,,,,,,,,,,,,,,,,
3096237,2023,projected,,,,,,,,,,,,,,,,,,,,,,,,,,,,
3096237,2023,actual,102.0,0.0,0.0,244.0,2.0,289.0,2.0,2.0,-4.0,77.0,0.0,2.0,14.0,858.77,23.0,2.0,0.0,21.0,66125.0,81.0,9.0,0.0,337.0,1403.0,,,164.9,2.14
3096237,2024,projected,,,,,,,,,,,,,,,,,,,,,,,,,,,,
3096237,2024,actual,59.0,0.0,0.0,113.0,0.0,261.0,0.0,1.0,-7.0,55.0,0.0,0.0,4.0,778.25,7.0,0.0,0.0,10.0,42804.0,85.0,3.0,0.0,313.0,1072.0,,,92.55,1.68
3096237,2025,projected,,,,,,,,,,,,,,,,,,,,,,,,,,,,
3096237,2025,actual,75.0,0.0,0.0,180.0,1.0,277.0,1.0,0.0,-25.0,79.0,0.0,1.0,5.0,825.57,12.0,1.0,0.0,16.0,65220.0,100.0,7.0,0.0,321.0,1542.0,,,124.75,1.58
3096237,2026,projected,,,,,,,,,,,,,,,,,,,,,,,,,,,,
3096237,2026,actual,93.0,0.0,0.0,65.0,0.0,285.0,0.0,1.0,14.0,67.0,0.0,0.0,13.0,822.46,25.0,0.0,0.0,25.0,55105.0,62.0,12.0,0.0,309.0,1219.0,,,137.25,2.05
3096237,2027,projected,,,,,,,,,,,,,,,,,,,,,,,,,,,,
3096237,2027,actual,,,,,,,,,,,,,,,,,,,,,,,,,,,,
3112266,2023,projected,,,,,,,,,,,,,,,,,,,,,,,,,,,,
3112266,2023,actual,69.0,0.0,2.0,69.0,2.0,243.0,0.0,1.0,9.0,66.0,0.0,2.0,7.0,753.15,18.0,0.0,0.0,48.0,49708.0,31.0,11.0,2.0,354.0,1233.0,,,111.65,1.69
3112266,2024,projected,,,,,,,,,,,,,,,,,,,,,,,,,,,,
3112266,2024,actual,38.0,0.0,0.0,33.0,0.0,112.0,0.0,0.0,-11.0,36.0,0.0,0.0,2.0,708.53,6.0,0.0,0.0,6.0,25507.0,20.0,4.0,0.0,121.0,638.0,,,39.8,1.11
3112266,2025,projected,,,,,,,,,,,,,,,,,,,,,,,,,,,,
3112266,2025,actual,47.0,1.0,0.0,83.0,2.0,220.0,1.0,0.0,4.0,59.0,1.0,1.0,1.0,589.02,9.0,1.0,0.0,10.0,34752.0,24.0,8.0,1.0,236.0,862.0,,,58.05,0.98
3112266,2026,projected,,,,,,,,,,,,,,,,,,,,,,,,,,,,
3112266,2026,actual,8.0,0.0,0.0,51.0,0.0,121.0,0.0,1.0,-8.0,21.0,0.0,0.0,2.0,846.86,4.0,0.0,0.0,4.0,17784.0,12.0,2.0,0.0,104.0,388.0,,,26.1,1.24
3112266,2027,projected,,,,,,,,,,,,,,,,,,,,,,,,,,,,
3112266,2027,actual,,,,,,,,,,,,,,,,,,,,,,,,,,,,
3114722,2023,projected,189.0,30.0,0.0,50.0,30.0,230.0,3.0,5.0,22.0,80.0,15.0,3.0,34.0,1080.0,84.0,15.0,15.0,18.0,86400.0,35.0,50.0,15.0,237.0,37.0,,,311.25,3.89
3114722,2023,actual,227.0,27.0,0.0,58.0,30.0,230.0,3.0,5.0,-12.0,82.0,16.0,3.0,31.0,1186.87,67.0,14.0,11.0,12.0,97323.0,49.0,36.0,16.0,237.0,1876.0,,,287.55,3.51
3114722,2024,projected,213.0,28.0,5.0,52.0,30.0,296.0,2.0,11.0,8.0,80.0,16.0,2.0,30.0,1176.0,67.0,14.0,12.0,12.0,94080.0,33.0,37.0,16.0,234.0,2017.0,1.0,,292.95,3.66
3114722,2024,actual,233.0,34.0,5.0,70.0,39.0,296.0,0.0,11.0,29.0,82.0,27.0,5.0,57.0,1217.99,94.0,7.0,7.0,31.0,99875.0,66.0,37.0,32.0,234.0,2017.0,1.0,,413.25,5.04
3114722,2025,projected,232.0,35.0,3.0,62.0,41.0,,3.0,,12.0,82.0,24.0,6.0,41.0,1188.0,76.0,14.0,11.0,22.0,97416.0,53.0,35.0,27.0,,,,,333.2,4.06
3114722,2025,actual,213.0,30.0,5.0,102.0,36.0,302.0,1.0,4.0,6.0,79.0,13.0,6.0,39.0,1230.14,81.0,18.0,17.0,27.0,97181.0,62.0,42.0,18.0,212.0,1936.0,,,345.45,4.37
3114722,2026,projected,218.0,26.0,5.0,71.0,36.0,,5.0,,14.0,80.0,17.0,10.0,38.0,1218.0,77.0,14.0,9.0,18.0,97440.0,59.0,39.0,22.0,,,,,328.6,4.11
3114722,2026,actual,166.0,25.0,3.0,59.0,29.0,91.0,1.0,6.0,-18.0,64.0,11.0,4.0,29.0,1277.19,61.0,15.0,14.0,10.0,81740.0,40.0,32.0,14.0,56.0,1548.0,,,254.4,3.98
3114722,2027,projected,185.0,31.0,4.0,73.0,39.0,,4.0,,-10.0,74.0,14.0,8.0,36.0,1240.89,74.0,21.0,17.0,16.0,91825.86,49.0,38.0,18.0,,,,,304.55,4.12
3114722,2027,actual,,,,,,,,,,,,,,,,,,,,,,,,,,,,
3114727,2023,projected,273.0,39.0,1.0,55.0,41.0,663.0,1.0,11.0,24.0,80.0,20.0,2.0,53.0,1332.0,111.0,20.0,19.0,42.0,106560.0,26.0,58.0,21.0,807.0,4.0,2.0,,432.25,5.4
3114727,2023,actual,247.0,62.0,1.0,66.0,64.0,663.0,1.0,11.0,7.0,80.0,32.0,2.0,52.0,1304.04,128.0,31.0,30.0,24.0,104323.0,40.0,76.0,33.0,807.0,1817.0,2.0,,475.35,5.94
3114727,2024,projected,274.0,59.0,1.0,63.0,61.0,626.0,1.0,7.0,13.0,80.0,31.0,2.0,55.0,1224.0,129.0,29.0,28.0,28.0,97920.0,37.0,74.0,32.0,825.0,1761.0,,,475.3,5.94
3114727,2024,actual,217.0,39.0,0.0,54.0,41.0,626.0,2.0,7.0,26.0,81.0,21.0,2.0,41.0,1241.73,106.0,20.0,18.0,76.0,100580.0,26.0,65.0,21.0,825.0,1761.0,,,402.65,4.97
3114727,2025,projected,251.0,49.0,1.0,61.0,51.0,,1.0,,17.0,81.0,25.0,2.0,49.0,1308.0,117.0,25.0,24.0,46.0,105948.0,28.0,68.0,26.0,,,,,428.85,5.29
3114727,2025,actual,240.0,33.0,0.0,22.0,33.0,546.0,0.0,11.0,32.0,71.0,16.0,0.0,52.0,1291.04,106.0,17.0,17.0,34.0,91664.0,27.0,54.0,16.0,650.0,1552.0,,,392.2,5.52
3114727,2026,projected,246.0,40.0,,33.0,40.0,,,,26.0,78.0,21.0,,50.0,1308.0,108.0,19.0,19.0,38.0,102024.0,31.0,58.0,21.0,,,,,395.8,5.07
3114727,2026,actual,186.0,42.0,1.0,34.0,43.0,475.0,0.0,3.0,13.0,65.0,16.0,1.0,35.0,1294.51,97.0,26.0,26.0,26.0,84143.0,15.0,62.0,17.0,628.0,1433.0,1.0,,336.4,5.18
3114727,2027,projected,215.0,43.0,1.0,41.0,45.0,,1.0,,21.0,78.0,17.0,2.0,39.0,1257.37,108.0,27.0,26.0,37.0,98074.86,20.0,69.0,18.0,,,,,374.35,4.8
3114727,2027,actual,,,,,,,,,,,,,,,,,,,,,,,,,,,,
3114732,2023,projected,246.0,9.0,0.0,122.0,9.0,480.0,0.0,3.0,23.0,73.0,4.0,0.0,26.0,1020.0,48.0,5.0,5.0,82.0,74460.0,31.0,22.0,4.0,424.0,171.0,,,261.7,3.58
3114732,2023,actual,193.0,9.0,0.0,150.0,9.0,480.0,0.0,3.0,5.0,63.0,4.0,0.0,16.0,1044.41,40.0,5.0,5.0,54.0,65798.0,35.0,24.0,4.0,424.0,1407.0,,,213.25,3.38
3114732,2024,projected,197.0,8.0,0.0,146.0,8.0,468.0,0.0,2.0,17.0,64.0,4.0,0.0,17.0,1032.0,39.0,4.0,4.0,64.0,66048.0,33.0,22.0,4.0,390.0,1515.0,,,215.35,3.36
3114732,2024,actual,172.0,12.0,0.0,147.0,12.0,468.0,0.0,2.0,17.0,69.0,5.0,0.0,20.0,996.59,41.0,7.0,7.0,100.0,68765.0,43.0,21.0,5.0,390.0,1515.0,,,241.7,3.5
3114732,2025,projected,212.0,13.0,,167.0,13.0,,,,23.0,76.0,6.0,,26.0,1014.0,55.0,7.0,7.0,88.0,77064.0,41.0,29.0,6.0,,,,,279.7,3.68
3114732,2025,actual,241.0,11.0,0.0,143.0,11.0,523.0,0.0,4.0,-15.0,76.0,7.0,0.0,25.0,1047.21,51.0,4.0,4.0,90.0,79588.0,45.0,26.0,7.0,450.0,1681.0,,,282.05,3.71
3114732,2026,projected,209.0,12.0,,151.0,12.0,,,,9.0,73.0,6.0,,21.0,1044.0,48.0,6.0,6.0,92.0,76212.0,44.0,27.0,6.0,,,,,261.35,3.58
3114732,2026,actual,201.0,14.0,0.0,115.0,14.0,570.0,0.0,5.0,-10.0,76.0,5.0,0.0,26.0,1109.55,58.0,9.0,9.0,82.0,84326.0,32.0,32.0,5.0,517.0,1691.0,,,275.25,3.62
3114732,2027,projected,207.0,14.0,,126.0,14.0,,,,-8.0,77.0,6.0,,28.0,1115.12,59.0,8.0,8.0,86.0,85864.24,37.0,31.0,6.0,,,,,281.85,3.66
3114732,2027,actual,,,,,,,,,,,,,,,,,,,,,,,,,,,,
3114736,2023,projected,250.0,26.0,0.0,21.0,26.0,34.0,0.0,5.0,-3.0,82.0,10.0,0.0,33.0,1086.0,74.0,16.0,16.0,16.0,89052.0,27.0,41.0,10.0,25.0,68.0,,,290.1,3.54
3114736,2023,actual,293.0,28.0,0.0,18.0,28.0,34.0,0.0,5.0,10.0,82.0,9.0,0.0,40.0,1112.52,87.0,19.0,19.0,28.0,91227.0,26.0,47.0,9.0,25.0,1747.0,,,339.55,4.14
3114736,2024,projected,308.0,33.0,3.0,26.0,33.0,63.0,1.0,7.0,6.0,82.0,13.0,4.0,42.0,1116.0,94.0,20.0,20.0,24.0,91512.0,36.0,52.0,13.0,56.0,1856.0,,,376.6,4.59
3114736,2024,actual,316.0,35.0,3.0,30.0,39.0,63.0,1.0,7.0,1.0,82.0,11.0,4.0,40.0,1194.82,98.0,25.0,24.0,24.0,97975.0,29.0,58.0,14.0,56.0,1856.0,,,381.5,4.65
3114736,2025,projected,311.0,34.0,1.0,28.0,36.0,,1.0,,7.0,82.0,12.0,2.0,41.0,1128.0,102.0,23.0,22.0,26.0,92496.0,28.0,61.0,13.0,,,,,378.55,4.62
3114736,2025,actual,253.0,30.0,0.0,14.0,30.0,77.0,0.0,8.0,10.0,82.0,12.0,0.0,45.0,1170.57,84.0,18.0,18.0,26.0,95987.0,27.0,39.0,12.0,76.0,1818.0,1.0,,336.15,4.1
3114736,2026,projected,303.0,32.0,1.0,16.0,34.0,,1.0,,8.0,82.0,11.0,2.0,42.0,1164.0,86.0,22.0,21.0,26.0,95448.0,28.0,44.0,12.0,,,,,342.85,4.18
3114736,2026,actual,156.0,22.0,0.0,13.0,22.0,50.0,0.0,4.0,-14.0,65.0,7.0,0.0,30.0,1164.94,79.0,15.0,15.0,16.0,75721.0,26.0,49.0,7.0,31.0,1451.0,,,267.8,4.12
3114736,2027,projected,214.0,28.0,,17.0,28.0,,,,-10.0,80.0,9.0,,37.0,1197.24,90.0,19.0,19.0,20.0,95779.2,33.0,53.0,9.0,,,,,317.2,3.96
3114736,2027,actual,,,,,,,,,,,,,,,,,,,,,,,,,,,,
3114741,2023,projected,253.0,12.0,0.0,35.0,12.0,1.0,0.0,0.0,17.0,69.0,5.0,0.0,31.0,1092.0,63.0,7.0,7.0,28.0,75348.0,32.0,32.0,5.0,1.0,124.0,,,262.25,3.8
3114741,2023,actual,132.0,12.0,0.0,36.0,12.0,1.0,0.0,0.0,-2.0,45.0,3.0,0.0,12.0,938.89,38.0,9.0,9.0,11.0,42250.0,10.0,26.0,3.0,1.0,891.0,,,142.6,3.17
3114741,2024,projected,176.0,11.0,0.0,44.0,11.0,11.0,0.0,7.0,8.0,60.0,4.0,0.0,20.0,1050.0,48.0,7.0,7.0,15.0,63000.0,24.0,28.0,4.0,4.0,1560.0,,,198.4,3.31
3114741,2024,actual,233.0,7.0,0.0,28.0,7.0,11.0,0.0,7.0,27.0,82.0,0.0,0.0,25.0,952.43,61.0,7.0,7.0,29.0,78099.0,39.0,36.0,0.0,4.0,1560.0,,,252.55,3.08
3114741,2025,projected,228.0,13.0,,33.0,13.0,,,,17.0,76.0,2.0,,28.0,948.0,62.0,11.0,11.0,28.0,72048.0,24.0,34.0,2.0,,,,,245.8,3.23
3114741,2025,actual,174.0,22.0,0.0,38.0,22.0,14.0,0.0,5.0,14.0,69.0,6.0,0.0,24.0,947.7,63.0,16.0,16.0,17.0,65391.0,33.0,39.0,6.0,5.0,1309.0,1.0,,244.3,3.54
3114741,2026,projected,217.0,16.0,,31.0,16.0,,,,17.0,79.0,5.0,,28.0,954.0,64.0,11.0,11.0,18.0,75366.0,34.0,36.0,5.0,,,,,249.85,3.16
3114741,2026,actual,207.0,29.0,0.0,21.0,29.0,20.0,0.0,6.0,8.0,82.0,10.0,0.0,26.0,995.74,71.0,19.0,19.0,14.0,81651.0,24.0,45.0,10.0,11.0,1600.0,2.0,,272.35,3.32
3114741,2027,projected,204.0,26.0,,27.0,26.0,,,,11.0,82.0,9.0,,27.0,954.93,72.0,17.0,17.0,17.0,78304.01,29.0,45.0,9.0,,,,,265.2,3.23
3114741,2027,actual,,,,,,,,,,,,,,,,,,,,,,,,,,,,
3114743,2023,projected,238.0,18.0,0.0,44.0,24.0,8.0,0.0,2.0,15.0,78.0,8.0,0.0,31.0,1098.0,74.0,17.0,10.0,46.0,85644.0,18.0,43.0,7.0,8.0,99.0,1.0,,292.9,3.76
3114743,2023,actual,208.0,24.0,0.0,53.0,24.0,8.0,0.0,2.0,2.0,69.0,7.0,0.0,23.0,1055.71,72.0,17.0,17.0,52.0,72844.0,18.0,49.0,7.0,8.0,1448.0,1.0,,279.8,4.06
3114743,2024,projected,229.0,24.0,0.0,57.0,24.0,28.0,0.0,2.0,8.0,75.0,8.0,0.0,28.0,1056.0,79.0,16.0,16.0,52.0,79200.0,19.0,51.0,8.0,10.0,1632.0,,,302.45,4.03
3114743,2024,actual,225.0,30.0,0.0,57.0,30.0,28.0,0.0,2.0,1.0,82.0,11.0,0.0,29.0,1082.13,73.0,19.0,19.0,62.0,88735.0,28.0,44.0,11.0,10.0,1632.0,,,304.45,3.71
3114743,2025,projected,234.0,26.0,,57.0,26.0,,,,6.0,78.0,9.0,,27.0,1068.0,72.0,17.0,17.0,54.0,83304.0,23.0,45.0,9.0,,,,,291.2,3.73
3114743,2025,actual,244.0,25.0,0.0,63.0,25.0,22.0,0.0,6.0,-7.0,81.0,14.0,0.0,35.0,1110.81,60.0,11.0,11.0,38.0,89976.0,22.0,25.0,14.0,15.0,1597.0,,,277.8,3.43
3114743,2026,projected,238.0,25.0,,61.0,25.0,,,,6.0,80.0,12.0,,30.0,1104.0,67.0,13.0,13.0,44.0,88320.0,26.0,37.0,12.0,,,,,283.1,3.54
3114743,2026,actual,147.0,17.0,0.0,39.0,17.0,18.0,0.0,2.0,-11.0,56.0,4.0,0.0,18.0,1147.29,40.0,13.0,13.0,34.0,64248.0,24.0,22.0,4.0,7.0,1120.0,,,180.15,3.22
3114743,2027,projected,248.0,29.0,,62.0,29.0,,,,-9.0,84.0,9.0,,32.0,1248.56,69.0,20.0,20.0,57.0,104879.04,34.0,37.0,9.0,,,,,302.7,3.6
3114743,2027,actual,,,,,,,,,,,,,,,,,,,,,,,,,,,,
3114755,2023,projected,241.0,16.0,1.0,79.0,16.0,618.0,0.0,5.0,-16.0,75.0,7.0,1.0,30.0,1218.0,71.0,9.0,9.0,55.0,91350.0,36.0,41.0,7.0,737.0,78.0,1.0,,307.15,4.1
3114755,2023,actual,244.0,31.0,1.0,47.0,32.0,618.0,0.0,5.0,-7.0,80.0,16.0,1.0,32.0,1173.34,79.0,15.0,15.0,45.0,93867.0,27.0,47.0,17.0,737.0,1814.0,1.0,,325.2,4.06
3114755,2024,projected,237.0,29.0,2.0,61.0,29.0,577.0,0.0,5.0,-11.0,78.0,14.0,2.0,33.0,1176.0,81.0,15.0,15.0,47.0,91728.0,28.0,48.0,14.0,716.0,1622.0,,,328.35,4.21
3114755,2024,actual,221.0,26.0,2.0,34.0,28.0,577.0,0.0,5.0,5.0,68.0,14.0,2.0,33.0,1210.35,69.0,12.0,12.0,39.0,82304.0,34.0,36.0,16.0,716.0,1622.0,,,295.15,4.34
3114755,2025,projected,247.0,31.0,1.0,53.0,33.0,,1.0,,8.0,76.0,15.0,2.0,36.0,1194.0,78.0,17.0,16.0,48.0,90744.0,31.0,42.0,16.0,,,,,324.55,4.27
3114755,2025,actual,234.0,27.0,0.0,44.0,27.0,728.0,0.0,3.0,-16.0,82.0,13.0,0.0,30.0,1204.24,70.0,14.0,14.0,40.0,98748.0,33.0,40.0,13.0,871.0,1926.0,,,292.4,3.57
3114755,2026,projected,243.0,26.0,1.0,49.0,28.0,,1.0,,-12.0,75.0,13.0,2.0,32.0,1200.0,73.0,14.0,13.0,42.0,90000.0,34.0,41.0,14.0,,,,,304.15,4.06
3114755,2026,actual,229.0,24.0,1.0,46.0,25.0,703.0,0.0,9.0,3.0,74.0,14.0,1.0,34.0,1211.23,67.0,10.0,10.0,48.0,89631.0,33.0,33.0,15.0,789.0,1772.0,1.0,,303.35,4.1
3114755,2027,projected,232.0,25.0,1.0,46.0,27.0,,1.0,,1.0,77.0,14.0,2.0,36.0,1246.03,71.0,12.0,11.0,45.0,95944.31,33.0,35.0,15.0,,,,,302.1,3.92
3114755,2027,actual,,,,,,,,,,,,,,,,,,,,,,,,,,,,
3114756,2023,projected,,,,,,,,,,,,,,,,,,,,,,,,,,,,
3114756,2023,actual,80.0,5.0,0.0,39.0,5.0,0.0,0.0,3.0,-5.0,64.0,1.0,0.0,11.0,774.42,33.0,4.0,4.0,18.0,49563.0,15.0,22.0,1.0,0.0,1065.0,,,123.4,1.93
3114756,2024,projected,,,,,,,,,,,,,,,,,,,,,,,,,,,,
3114756,2024,actual,50.0,4.0,0.0,18.0,4.0,0.0,0.0,2.0,4.0,49.0,3.0,0.0,15.0,750.49,23.0,1.0,1.0,10.0,36774.0,16.0,8.0,3.0,0.0,777.0,1.0,,96.8,1.98
3114756,2025,projected,,,,,,,,,,,,,,,,,,,,,,,,,,,,
3114756,2025,actual,4.0,0.0,0.0,1.0,0.0,0.0,0.0,0.0,-3.0,3.0,0.0,0.0,0.0,432.67,0.0,0.0,0.0,0.0,1298.0,0.0,0.0,0.0,0.0,34.0,,,1.1,0.37
3114756,2026,projected,,,,,,,,,,,,,,,,,,,,,,,,,,,,
3114756,2026,actual,34.0,0.0,0.0,9.0,0.0,4.0,0.0,2.0,0.0,31.0,0.0,0.0,4.0,533.0,8.0,0.0,0.0,4.0,16523.0,3.0,4.0,0.0,8.0,367.0,,,34.9,1.13
3114756,2027,projected,,,,,,,,,,,,,,,,,,,,,,,,,,,,
3114756,2027,actual,,,,,,,,,,,,,,,,,,,,,,,,,,,,
3114766,2023,projected,214.0,12.0,1.0,49.0,12.0,43.0,0.0,9.0,2.0,75.0,3.0,1.0,19.0,1098.0,59.0,9.0,9.0,26.0,82350.0,75.0,40.0,3.0,32.0,111.0,2.0,,270.4,3.61
3114766,2023,actual,218.0,20.0,1.0,54.0,21.0,43.0,0.0,9.0,14.0,74.0,8.0,1.0,36.0,1149.24,79.0,12.0,12.0,20.0,85044.0,46.0,43.0,9.0,32.0,1716.0,2.0,,317.9,4.3
3114766,2024,projected,212.0,14.0,1.0,49.0,15.0,63.0,0.0,7.0,12.0,76.0,5.0,1.0,31.0,1140.0,70.0,9.0,9.0,24.0,86640.0,48.0,39.0,6.0,42.0,1732.0,,,283.4,3.73
3114766,2024,actual,192.0,11.0,1.0,63.0,12.0,63.0,0.0,7.0,9.0,75.0,2.0,1.0,22.0,1170.23,59.0,9.0,9.0,54.0,87767.0,82.0,37.0,3.0,42.0,1732.0,,,277.8,3.7
3114766,2025,projected,220.0,11.0,1.0,61.0,13.0,,1.0,,12.0,76.0,3.0,2.0,26.0,1152.0,65.0,9.0,8.0,36.0,87552.0,51.0,39.0,4.0,,,,,270.6,3.56
3114766,2025,actual,196.0,11.0,6.0,73.0,20.0,111.0,3.0,4.0,16.0,82.0,3.0,9.0,36.0,1155.26,67.0,11.0,8.0,47.0,94731.0,113.0,31.0,9.0,77.0,2060.0,1.0,,335.3,4.09
3114766,2026,projected,199.0,14.0,3.0,71.0,20.0,,3.0,,11.0,80.0,4.0,6.0,29.0,1158.0,62.0,13.0,10.0,48.0,92640.0,87.0,33.0,7.0,,,,,295.35,3.69
3114766,2026,actual,195.0,9.0,3.0,82.0,14.0,52.0,2.0,2.0,24.0,79.0,7.0,5.0,33.0,1139.61,66.0,4.0,2.0,57.0,90029.0,90.0,33.0,10.0,46.0,1974.0,1.0,,316.45,4.01
3114766,2027,projected,263.0,13.0,3.0,80.0,19.0,,3.0,,23.0,81.0,5.0,6.0,33.0,1099.51,71.0,11.0,8.0,58.0,89060.31,93.0,38.0,8.0,,,,,342.25,4.23
3114766,2027,actual,,,,,,,,,,,,,,,,,,,,,,,,,,,,
3114770,2023,projected,141.0,10.0,0.0,17.0,13.0,60.0,1.0,2.0,-5.0,72.0,4.0,1.0,20.0,1074.0,54.0,7.0,6.0,18.0,77328.0,30.0,34.0,6.0,40.0,227.0,1.0,,201.95,2.8
3114770,2023,actual,132.0,12.0,0.0,12.0,13.0,60.0,1.0,2.0,4.0,63.0,6.0,1.0,22.0,1182.22,58.0,7.0,6.0,20.0,74480.0,28.0,36.0,6.0,40.0,1468.0,1.0,,211.2,3.35
3114770,2024,projected,120.0,8.0,1.0,11.0,8.0,236.0,0.0,3.0,3.0,58.0,4.0,1.0,20.0,1152.0,53.0,4.0,4.0,18.0,66816.0,28.0,33.0,4.0,164.0,1733.0,,,191.1,3.29
3114770,2024,actual,158.0,21.0,1.0,15.0,22.0,236.0,0.0,3.0,-16.0,79.0,10.0,1.0,22.0,1150.67,61.0,11.0,11.0,10.0,90903.0,41.0,39.0,11.0,164.0,1733.0,,,231.0,2.92
3114770,2025,projected,143.0,17.0,,11.0,17.0,,,,-9.0,73.0,8.0,,23.0,1158.0,61.0,9.0,9.0,16.0,84534.0,33.0,38.0,8.0,,,,,218.85,3.0
3114770,2025,actual,186.0,25.0,0.0,14.0,25.0,191.0,0.0,3.0,-15.0,82.0,9.0,0.0,20.0,1115.29,63.0,16.0,16.0,14.0,91454.0,45.0,43.0,9.0,185.0,1851.0,,,243.4,2.97
3114770,2026,projected,169.0,23.0,,15.0,23.0,,,,-14.0,81.0,9.0,,22.0,1128.0,59.0,14.0,14.0,16.0,91368.0,42.0,37.0,9.0,,,,,228.75,2.82
3114770,2026,actual,205.0,20.0,2.0,23.0,22.0,526.0,0.0,9.0,17.0,82.0,11.0,2.0,33.0,1183.4,74.0,9.0,9.0,28.0,97039.0,52.0,41.0,13.0,448.0,1991.0,2.0,,309.05,3.77
3114770,2027,projected,196.0,20.0,2.0,20.0,24.0,,2.0,,9.0,84.0,10.0,4.0,30.0,1186.83,72.0,12.0,10.0,24.0,99693.72,53.0,42.0,12.0,,,,,284.5,3.39
3114770,2027,actual,,,,,,,,,,,,,,,,,,,,,,,,,,,,
3114774,2023,projected,,,,,,,,,,,,,,,,,,,,,,,,,,,,
3114774,2023,actual,35.0,8.0,0.0,49.0,8.0,16.0,0.0,3.0,-1.0,28.0,3.0,0.0,7.0,959.89,15.0,5.0,5.0,22.0,26877.0,15.0,8.0,3.0,10.0,504.0,,,77.65,2.77
3114774,2024,projected,,,,,,,,,,,,,,,,,,,,,,,,,,,,
3114774,2024,actual,97.0,12.0,0.0,71.0,12.0,50.0,0.0,3.0,-13.0,68.0,5.0,0.0,18.0,772.1,32.0,7.0,7.0,32.0,52503.0,29.0,14.0,5.0,70.0,1100.0,,,155.35,2.28
3114774,2025,projected,147.0,5.0,1.0,91.0,7.0,,1.0,,5.0,72.0,2.0,2.0,15.0,984.0,36.0,4.0,3.0,48.0,70848.0,35.0,21.0,3.0,,,,,180.85,2.51
3114774,2025,actual,65.0,0.0,0.0,56.0,0.0,85.0,0.0,0.0,-6.0,44.0,0.0,0.0,8.0,972.27,16.0,0.0,0.0,20.0,42780.0,29.0,8.0,0.0,71.0,857.0,,,86.35,1.96
3114774,2026,projected,,,,,,,,,,,,,,,,,,,,,,,,,,,,
3114774,2026,actual,30.0,0.0,0.0,44.0,0.0,4.0,0.0,1.0,-4.0,21.0,0.0,0.0,2.0,708.48,5.0,0.0,0.0,16.0,14878.0,9.0,3.0,0.0,5.0,324.0,,,37.4,1.78
3114774,2027,projected,,,,,,,,,,,,,,,,,,,,,,,,,,,,
3114774,2027,actual,,,,,,,,,,,,,,,,,,,,,,,,,,,,
3114775,2023,projected,131.0,4.0,1.0,103.0,5.0,49.0,0.0,5.0,5.0,78.0,1.0,1.0,14.0,894.0,34.0,3.0,3.0,16.0,69732.0,18.0,20.0,2.0,30.0,334.0,1.0,,154.55,1.98
3114775,2023,actual,116.0,6.0,1.0,99.0,7.0,49.0,0.0,5.0,-8.0,66.0,3.0,1.0,15.0,821.05,34.0,3.0,3.0,18.0,54189.0,20.0,19.0,4.0,30.0,1217.0,1.0,,155.4,2.35
3114775,2024,projected,114.0,4.0,1.0,71.0,4.0,25.0,1.0,1.0,-11.0,68.0,2.0,2.0,11.0,834.0,25.0,2.0,2.0,16.0,56712.0,17.0,14.0,2.0,13.0,1333.0,,,120.1,1.77
3114775,2024,actual,99.0,0.0,1.0,56.0,2.0,25.0,1.0,1.0,-5.0,73.0,0.0,2.0,6.0,863.05,22.0,1.0,0.0,14.0,63003.0,27.0,16.0,1.0,13.0,1333.0,,,104.85,1.44
3114775,2025,projected,109.0,2.0,1.0,87.0,4.0,,1.0,,-14.0,71.0,1.0,2.0,11.0,858.0,31.0,2.0,1.0,16.0,60918.0,25.0,20.0,2.0,,,,,133.95,1.89
3114775,2025,actual,66.0,0.0,0.0,88.0,0.0,55.0,0.0,2.0,-22.0,67.0,0.0,0.0,6.0,715.18,14.0,0.0,0.0,16.0,47917.0,14.0,8.0,0.0,39.0,1013.0,,,76.3,1.14
3114775,2026,projected,,,,,,,,,,,,,,,,,,,,,,,,,,,,
3114775,2026,actual,65.0,0.0,0.0,75.0,0.0,3.0,0.0,0.0,5.0,41.0,0.0,0.0,8.0,875.44,17.0,0.0,0.0,14.0,35893.0,18.0,9.0,0.0,0.0,743.0,,,81.75,1.99
3114775,2027,projected,,,,,,,,,,,,,,,,,,,,,,,,,,,,
3114775,2027,actual,,,,,,,,,,,,,,,,,,,,,,,,,,,,
3114777,2023,projected,204.0,17.0,1.0,70.0,19.0,52.0,0.0,3.0,-18.0,73.0,7.0,1.0,28.0,984.0,54.0,9.0,10.0,27.0,71832.0,28.0,26.0,10.0,26.0,147.0,1.0,,241.5,3.31
3114777,2023,actual,210.0,16.0,3.0,65.0,19.0,52.0,0.0,3.0,18.0,79.0,7.0,3.0,40.0,980.09,70.0,9.0,9.0,14.0,77427.0,28.0,30.0,10.0,26.0,1666.0,1.0,,283.5,3.59
3114777,2024,projected,206.0,17.0,2.0,65.0,20.0,160.0,1.0,3.0,16.0,77.0,8.0,3.0,37.0,984.0,65.0,10.0,9.0,28.0,75768.0,29.0,28.0,10.0,147.0,1751.0,,,274.0,3.56
3114777,2024,actual,216.0,23.0,2.0,41.0,25.0,160.0,0.0,3.0,-10.0,80.0,9.0,2.0,29.0,1005.66,62.0,14.0,14.0,31.0,80453.0,27.0,33.0,11.0,147.0,1751.0,,,263.1,3.29
3114777,2025,projected,236.0,19.0,3.0,53.0,25.0,,3.0,,-12.0,79.0,8.0,6.0,33.0,984.0,64.0,14.0,11.0,26.0,77736.0,28.0,31.0,11.0,,,,,274.8,3.48
3114777,2025,actual,202.0,16.0,0.0,47.0,17.0,135.0,1.0,3.0,8.0,82.0,4.0,1.0,22.0,1032.65,61.0,13.0,12.0,18.0,84677.0,50.0,39.0,4.0,109.0,1749.0,,,247.2,3.01
3114777,2026,projected,212.0,20.0,2.0,47.0,24.0,,2.0,,9.0,81.0,8.0,4.0,24.0,1008.0,60.0,14.0,12.0,26.0,81648.0,33.0,36.0,10.0,,,,,251.2,3.1
3114777,2026,actual,117.0,13.0,0.0,40.0,13.0,12.0,0.0,2.0,-7.0,52.0,7.0,0.0,20.0,986.04,40.0,6.0,6.0,11.0,51274.0,25.0,20.0,7.0,13.0,1114.0,,,163.25,3.14
3114777,2027,projected,178.0,19.0,,54.0,19.0,,,,-5.0,78.0,9.0,,28.0,1027.82,60.0,10.0,10.0,17.0,80169.96,41.0,32.0,9.0,,,,,240.9,3.09
3114777,2027,actual,,,,,,,,,,,,,,,,,,,,,,,,,,,,
3114778,2023,projected,305.0,30.0,0.0,49.0,30.0,11.0,0.0,13.0,12.0,71.0,16.0,0.0,42.0,1110.0,81.0,14.0,14.0,22.0,78810.0,19.0,39.0,16.0,8.0,35.0,3.0,,350.65,4.94
3114778,2023,actual,407.0,37.0,0.0,91.0,37.0,11.0,0.0,13.0,34.0,82.0,18.0,0.0,61.0,1173.87,113.0,19.0,19.0,38.0,96257.0,33.0,52.0,18.0,8.0,1820.0,3.0,,482.85,5.89
3114778,2024,projected,402.0,35.0,0.0,88.0,35.0,16.0,0.0,5.0,26.0,79.0,18.0,0.0,56.0,1176.0,105.0,17.0,17.0,40.0,92904.0,32.0,49.0,18.0,8.0,1832.0,2.0,,448.8,5.68
3114778,2024,actual,382.0,35.0,0.0,63.0,35.0,16.0,0.0,5.0,21.0,82.0,12.0,0.0,47.0,1195.78,110.0,23.0,23.0,47.0,98054.0,19.0,63.0,12.0,8.0,1832.0,2.0,,436.3,5.32
3114778,2025,projected,399.0,37.0,,77.0,37.0,,,,26.0,82.0,17.0,,55.0,1164.0,112.0,20.0,20.0,42.0,95448.0,18.0,57.0,17.0,,,,,443.45,5.41
3114778,2025,actual,319.0,23.0,0.0,58.0,23.0,5.0,0.0,4.0,0.0,82.0,9.0,0.0,43.0,1211.17,106.0,14.0,14.0,42.0,99316.0,24.0,63.0,9.0,3.0,1884.0,2.0,,399.55,4.87
3114778,2026,projected,359.0,29.0,,66.0,29.0,,,,18.0,82.0,11.0,,44.0,1194.0,108.0,18.0,18.0,44.0,97908.0,24.0,64.0,11.0,,,,,410.35,5.0
3114778,2026,actual,261.0,33.0,0.0,86.0,33.0,7.0,0.0,4.0,4.0,77.0,10.0,0.0,29.0,1239.35,100.0,23.0,23.0,72.0,95430.0,32.0,71.0,10.0,2.0,1626.0,,,380.35,4.94
3114778,2027,projected,285.0,33.0,,86.0,33.0,,,,5.0,80.0,10.0,,34.0,1182.4,101.0,23.0,23.0,68.0,94592.0,32.0,67.0,10.0,,,,,387.35,4.84
3114778,2027,actual,,,,,,,,,,,,,,,,,,,,,,,,,,,,
3114802,2023,projected,252.0,18.0,2.0,96.0,23.0,35.0,1.0,6.0,6.0,81.0,5.0,3.0,31.0,1092.0,59.0,9.0,13.0,48.0,88452.0,26.0,28.0,14.0,16.0,110.0,2.0,,287.1,3.54
3114802,2023,actual,250.0,20.0,3.0,119.0,23.0,35.0,0.0,6.0,22.0,82.0,11.0,3.0,41.0,1125.48,67.0,9.0,9.0,55.0,92289.0,32.0,26.0,14.0,16.0,1928.0,2.0,,326.4,3.98
3114802,2024,projected,249.0,20.0,3.0,117.0,24.0,10.0,1.0,4.0,17.0,80.0,10.0,4.0,40.0,1116.0,65.0,11.0,10.0,51.0,89280.0,30.0,25.0,13.0,3.0,1729.0,,,310.45,3.88
3114802,2024,actual,246.0,27.0,3.0,103.0,31.0,10.0,1.0,4.0,13.0,77.0,5.0,4.0,28.0,1136.04,75.0,23.0,22.0,72.0,87475.0,32.0,47.0,8.0,3.0,1729.0,,,328.8,4.27
3114802,2025,projected,247.0,20.0,3.0,118.0,26.0,,3.0,,16.0,81.0,7.0,6.0,32.0,1122.0,71.0,16.0,13.0,62.0,90882.0,31.0,39.0,10.0,,,,,316.55,3.91
3114802,2025,actual,237.0,18.0,1.0,100.0,19.0,13.0,0.0,5.0,22.0,81.0,7.0,1.0,35.0,1149.35,73.0,11.0,11.0,36.0,93097.0,36.0,38.0,8.0,11.0,1804.0,,,305.75,3.77
3114802,2026,projected,248.0,25.0,2.0,105.0,29.0,,2.0,,26.0,80.0,9.0,4.0,36.0,1140.0,78.0,18.0,16.0,48.0,91200.0,33.0,42.0,11.0,,,,,328.0,4.1
3114802,2026,actual,226.0,12.0,0.0,127.0,14.0,95.0,2.0,8.0,14.0,81.0,4.0,2.0,36.0,1158.35,73.0,10.0,8.0,58.0,93826.0,39.0,37.0,4.0,54.0,1784.0,,,317.7,3.92
3114802,2027,projected,245.0,15.0,,123.0,15.0,,,,14.0,83.0,5.0,,35.0,1178.17,73.0,10.0,10.0,56.0,97788.11,38.0,38.0,5.0,,,,,311.55,3.75
3114802,2027,actual,,,,,,,,,,,,,,,,,,,,,,,,,,,,
3114985,2023,projected,,,,,,,,,,,,,,,,,,,,,,,,,,,,
3114985,2023,actual,126.0,5.0,0.0,182.0,6.0,88.0,1.0,2.0,1.0,82.0,2.0,1.0,16.0,1005.37,45.0,4.0,3.0,42.0,82440.0,46.0,29.0,2.0,56.0,1640.0,,,206.2,2.51
3114985,2024,projected,137.0,7.0,1.0,178.0,8.0,50.0,0.0,3.0,3.0,81.0,3.0,1.0,24.0,996.0,56.0,4.0,4.0,40.0,80676.0,44.0,32.0,4.0,37.0,1534.0,,,240.05,2.96
3114985,2024,actual,122.0,5.0,0.0,157.0,5.0,50.0,0.0,3.0,15.0,82.0,3.0,0.0,19.0,966.79,45.0,2.0,2.0,42.0,79277.0,44.0,26.0,3.0,37.0,1534.0,,,205.2,2.5
3114985,2025,projected,125.0,4.0,,181.0,4.0,,,,10.0,81.0,2.0,,21.0,978.0,48.0,2.0,2.0,36.0,79218.0,45.0,27.0,2.0,,,,,209.85,2.59
3114985,2025,actual,111.0,3.0,0.0,104.0,3.0,21.0,0.0,3.0,26.0,70.0,2.0,0.0,23.0,1007.9,51.0,1.0,1.0,10.0,70553.0,33.0,28.0,2.0,12.0,1338.0,,,190.15,2.72
3114985,2026,projected,131.0,5.0,,115.0,5.0,,,,21.0,75.0,2.0,,24.0,1002.0,58.0,3.0,3.0,20.0,75150.0,38.0,34.0,2.0,,,,,216.75,2.89
3114985,2026,actual,133.0,6.0,0.0,137.0,6.0,41.0,0.0,3.0,20.0,82.0,2.0,0.0,23.0,974.51,61.0,4.0,4.0,14.0,79910.0,37.0,38.0,2.0,13.0,1614.0,,,224.45,2.74
3114985,2027,projected,130.0,5.0,,138.0,5.0,,,,20.0,83.0,2.0,,22.0,1001.19,58.0,3.0,3.0,18.0,83098.77,39.0,36.0,2.0,,,,,216.3,2.61
3114985,2027,actual,,,,,,,,,,,,,,,,,,,,,,,,,,,,
3115014,2023,projected,,,,,,,,,,,,,,,,,,,,,,,,,,,,
3115014,2023,actual,67.0,0.0,0.0,117.0,0.0,8.0,0.0,0.0,1.0,53.0,0.0,0.0,4.0,681.11,12.0,0.0,0.0,40.0,36099.0,9.0,8.0,0.0,6.0,815.0,,,80.95,1.53
3115014,2024,projected,,,,,,,,,,,,,,,,,,,,,,,,,,,,
3115014,2024,actual,58.0,0.0,0.0,146.0,0.0,12.0,0.0,0.0,4.0,60.0,0.0,0.0,6.0,732.45,16.0,0.0,0.0,23.0,43947.0,26.0,10.0,0.0,6.0,969.0,,,91.6,1.53
3115014,2025,projected,,,,,,,,,,,,,,,,,,,,,,,,,,,,
3115014,2025,actual,18.0,0.0,0.0,40.0,0.0,3.0,0.0,0.0,-5.0,22.0,0.0,0.0,1.0,565.27,2.0,0.0,0.0,19.0,12436.0,3.0,1.0,0.0,5.0,294.0,,,24.5,1.11
3115014,2026,projected,,,,,,,,,,,,,,,,,,,,,,,,,,,,
3115014,2026,actual,5.0,0.0,0.0,7.0,0.0,5.0,0.0,0.0,1.0,6.0,0.0,0.0,0.0,697.0,2.0,0.0,0.0,6.0,4182.0,5.0,2.0,0.0,0.0,85.0,,,11.45,1.91
3115014,2027,projected,,,,,,,,,,,,,,,,,,,,,,,,,,,,
3115014,2027,actual,,,,,,,,,,,,,,,,,,,,,,,,,,,,
3115033,2023,projected,,,,,,,,,,,,,,,,,,,,,,,,,,,,
3115033,2023,actual,122.0,2.0,0.0,69.0,2.0,85.0,0.0,0.0,16.0,71.0,0.0,0.0,14.0,675.41,27.0,2.0,2.0,46.0,47954.0,12.0,13.0,0.0,62.0,1043.0,,,135.4,1.91
3115033,2024,projected,,,,,,,,,,,,,,,,,,,,,,,,,,,,
3115033,2024,actual,149.0,3.0,0.0,95.0,3.0,124.0,0.0,0.0,-14.0,78.0,1.0,0.0,12.0,839.97,30.0,2.0,2.0,26.0,65518.0,24.0,18.0,1.0,98.0,1273.0,,,145.75,1.87
3115033,2025,projected,118.0,,,93.0,,,,,-14.0,77.0,,,10.0,822.0,21.0,,,40.0,63294.0,18.0,11.0,,,,,,119.8,1.56
3115033,2025,actual,182.0,14.0,0.0,104.0,14.0,291.0,0.0,3.0,-15.0,80.0,5.0,0.0,31.0,978.55,62.0,9.0,9.0,41.0,78284.0,18.0,31.0,5.0,234.0,1459.0,1.0,,255.9,3.2
3115033,2026,projected,168.0,16.0,,105.0,16.0,,,,-15.0,79.0,6.0,,28.0,978.0,57.0,10.0,10.0,44.0,77262.0,23.0,29.0,6.0,,,,,239.0,3.03
3115033,2026,actual,122.0,2.0,0.0,78.0,2.0,194.0,0.0,2.0,-16.0,82.0,1.0,0.0,15.0,884.2,30.0,1.0,1.0,46.0,72504.0,21.0,15.0,1.0,170.0,1504.0,,,150.3,1.83
3115033,2027,projected,173.0,4.0,,110.0,4.0,,,,-15.0,84.0,2.0,,20.0,1041.27,43.0,2.0,2.0,54.0,87466.68,27.0,23.0,2.0,,,,,203.75,2.43
3115033,2027,actual,,,,,,,,,,,,,,,,,,,,,,,,,,,,
3115035,2023,projected,106.0,8.0,1.0,36.0,8.0,440.0,0.0,1.0,-14.0,70.0,3.0,1.0,15.0,1056.0,36.0,5.0,5.0,16.0,73920.0,46.0,21.0,3.0,477.0,304.0,1.0,,159.6,2.28
3115035,2023,actual,88.0,3.0,1.0,13.0,4.0,440.0,0.0,1.0,-12.0,64.0,0.0,1.0,10.0,1011.64,28.0,3.0,3.0,6.0,64745.0,66.0,18.0,1.0,477.0,1341.0,1.0,,132.8,2.08
3115035,2024,projected,,,,,,,,,,,,,,,,,,,,,,,,,,,,
3115035,2024,actual,35.0,1.0,0.0,11.0,1.0,144.0,0.0,0.0,-5.0,30.0,1.0,0.0,5.0,931.87,9.0,0.0,0.0,4.0,27956.0,19.0,4.0,1.0,197.0,597.0,,,45.35,1.51
3115035,2025,projected,,,,,,,,,,,,,,,,,,,,,,,,,,,,
3115035,2025,actual,104.0,2.0,0.0,44.0,2.0,469.0,0.0,0.0,-5.0,82.0,1.0,0.0,12.0,914.62,33.0,1.0,1.0,16.0,74999.0,74.0,21.0,1.0,591.0,1641.0,,,154.9,1.89
3115035,2026,projected,,,,,,,,,,,,,,,,,,,,,,,,,,,,
3115035,2026,actual,151.0,5.0,0.0,38.0,6.0,526.0,1.0,2.0,11.0,80.0,3.0,1.0,18.0,1107.58,51.0,3.0,2.0,27.0,88606.0,52.0,33.0,3.0,628.0,1877.0,,,208.05,2.6
3115035,2027,projected,132.0,4.0,,40.0,4.0,,,,6.0,77.0,2.0,,17.0,1017.74,45.0,2.0,2.0,23.0,78365.98,52.0,28.0,2.0,,,,,184.5,2.4
3115035,2027,actual,,,,,,,,,,,,,,,,,,,,,,,,,,,,
3120307,2023,projected,213.0,8.0,1.0,20.0,26.0,40.0,0.0,2.0,4.0,67.0,3.0,1.0,22.0,1032.0,45.0,15.0,5.0,24.0,69144.0,39.0,23.0,11.0,27.0,267.0,,,208.25,3.11
3120307,2023,actual,228.0,25.0,1.0,25.0,26.0,40.0,0.0,2.0,-4.0,77.0,10.0,1.0,26.0,1026.29,59.0,15.0,15.0,24.0,79024.0,48.0,33.0,11.0,27.0,1643.0,,,261.0,3.39
3120307,2024,projected,217.0,8.0,0.0,25.0,8.0,6.0,0.0,1.0,3.0,62.0,4.0,0.0,18.0,1020.0,43.0,4.0,4.0,22.0,63240.0,45.0,25.0,4.0,3.0,345.0,,,201.25,3.25
3120307,2024,actual,59.0,5.0,0.0,8.0,5.0,6.0,0.0,1.0,4.0,18.0,1.0,0.0,6.0,1001.5,15.0,4.0,4.0,14.0,18027.0,18.0,9.0,1.0,3.0,345.0,,,71.55,3.97
3120307,2025,projected,209.0,14.0,,26.0,14.0,,,,6.0,67.0,6.0,,21.0,1020.0,51.0,8.0,8.0,28.0,68340.0,46.0,30.0,6.0,,,,,224.85,3.36
3120307,2025,actual,158.0,3.0,0.0,32.0,3.0,35.0,0.0,2.0,-3.0,67.0,1.0,0.0,15.0,899.79,27.0,2.0,2.0,24.0,60286.0,23.0,12.0,1.0,17.0,1227.0,,,139.2,2.08
3120307,2026,projected,,,,,,,,,,,,,,,,,,,,,,,,,,,,
3120307,2026,actual,175.0,9.0,0.0,24.0,9.0,7.0,0.0,6.0,20.0,69.0,4.0,0.0,25.0,875.94,54.0,5.0,5.0,24.0,60440.0,36.0,29.0,4.0,7.0,1248.0,1.0,,224.65,3.26
3120307,2027,projected,167.0,7.0,,26.0,7.0,,,,15.0,66.0,3.0,,23.0,832.54,48.0,4.0,4.0,23.0,54947.97,33.0,25.0,3.0,,,,,196.35,2.98
3120307,2027,actual,,,,,,,,,,,,,,,,,,,,,,,,,,,,
3149603,2023,projected,188.0,8.0,0.0,93.0,10.0,1.0,0.0,4.0,22.0,80.0,4.0,0.0,25.0,972.0,68.0,3.0,4.0,85.0,77760.0,24.0,43.0,7.0,1.0,168.0,,,281.8,3.52
3149603,2023,actual,174.0,10.0,0.0,85.0,10.0,1.0,0.0,4.0,21.0,82.0,7.0,0.0,23.0,947.96,49.0,3.0,3.0,103.0,77733.0,18.0,26.0,7.0,1.0,1587.0,,,246.0,3.0
3149603,2024,projected,168.0,5.0,0.0,84.0,5.0,16.0,0.0,3.0,24.0,79.0,2.0,0.0,22.0,936.0,49.0,3.0,3.0,94.0,73944.0,19.0,27.0,2.0,7.0,1506.0,,,233.4,2.95
3149603,2024,actual,168.0,21.0,0.0,45.0,21.0,16.0,0.0,3.0,-19.0,81.0,7.0,0.0,19.0,941.14,55.0,14.0,14.0,57.0,76232.0,21.0,36.0,7.0,7.0,1506.0,,,231.5,2.86
3149603,2025,projected,208.0,14.0,,85.0,14.0,,,,17.0,81.0,6.0,,27.0,1008.0,61.0,8.0,8.0,88.0,81648.0,17.0,34.0,6.0,,,,,272.0,3.36
3149603,2025,actual,155.0,17.0,0.0,69.0,17.0,8.0,0.0,1.0,-19.0,76.0,11.0,0.0,19.0,931.83,38.0,6.0,6.0,68.0,70819.0,19.0,19.0,11.0,5.0,1474.0,,,199.15,2.62
3149603,2026,projected,198.0,18.0,,49.0,18.0,,,,-9.0,73.0,5.0,,20.0,972.0,39.0,13.0,13.0,72.0,70956.0,18.0,19.0,5.0,,,,,208.9,2.86
3149603,2026,actual,126.0,10.0,0.0,45.0,10.0,20.0,0.0,1.0,-24.0,74.0,6.0,0.0,14.0,866.49,33.0,4.0,4.0,20.0,64120.0,25.0,19.0,6.0,10.0,1321.0,,,147.5,1.99
3149603,2027,projected,156.0,14.0,,56.0,14.0,,,,-25.0,83.0,9.0,,16.0,846.19,41.0,5.0,5.0,33.0,70234.02,27.0,25.0,9.0,,,,,184.1,2.22
3149603,2027,actual,,,,,,,,,,,,,,,,,,,,,,,,,,,,
3149619,2023,projected,157.0,8.0,1.0,75.0,6.0,9.0,1.0,1.0,11.0,82.0,5.0,2.0,30.0,984.0,52.0,4.0,3.0,36.0,80688.0,33.0,22.0,2.0,5.0,176.0,,,225.75,2.75
3149619,2023,actual,182.0,4.0,0.0,86.0,6.0,9.0,2.0,1.0,12.0,82.0,2.0,2.0,17.0,1009.3,43.0,4.0,2.0,40.0,82763.0,26.0,26.0,2.0,5.0,1866.0,,,196.1,2.39
3149619,2024,projected,155.0,4.0,1.0,69.0,6.0,5.0,1.0,0.0,15.0,72.0,2.0,2.0,15.0,924.0,33.0,3.0,2.0,34.0,66528.0,21.0,18.0,3.0,5.0,1613.0,,,160.15,2.22
3149619,2024,actual,122.0,3.0,1.0,79.0,4.0,5.0,0.0,0.0,7.0,75.0,2.0,1.0,14.0,959.72,40.0,1.0,1.0,47.0,71979.0,33.0,26.0,3.0,5.0,1613.0,,,176.9,2.36
3149619,2025,projected,155.0,4.0,1.0,69.0,6.0,,1.0,,15.0,72.0,2.0,2.0,15.0,924.0,33.0,3.0,2.0,34.0,66528.0,21.0,18.0,3.0,,,,,160.15,2.22
3149619,2025,actual,95.0,4.0,1.0,74.0,5.0,7.0,0.0,3.0,0.0,81.0,0.0,1.0,14.0,781.58,28.0,4.0,4.0,24.0,63308.0,30.0,14.0,1.0,5.0,1361.0,,,135.15,1.67
3149619,2026,projected,119.0,10.0,1.0,79.0,12.0,5.0,1.0,1.0,7.0,76.0,4.0,2.0,16.0,832.0,35.0,7.0,6.0,27.0,63232.0,31.0,19.0,5.0,3.0,1025.0,,,163.65,2.15
3149619,2026,actual,58.0,0.0,0.0,65.0,0.0,5.0,0.0,1.0,-21.0,62.0,0.0,0.0,8.0,749.06,16.0,0.0,0.0,42.0,46442.0,28.0,8.0,0.0,3.0,1025.0,,,97.0,1.56
3149619,2027,projected,,,,,,,,,,,,,,,,,,,,,,,,,,,,
3149619,2027,actual,,,,,,,,,,,,,,,,,,,,,,,,,,,,
3149633,2023,projected,,,,,,,,,,,,,,,,,,,,,,,,,,,,
3149633,2023,actual,88.0,0.0,0.0,268.0,1.0,10.0,1.0,3.0,5.0,84.0,0.0,1.0,13.0,707.71,22.0,1.0,0.0,69.0,59448.0,83.0,9.0,0.0,3.0,1470.0,,,185.8,2.21
3149633,2024,projected,,,,,,,,,,,,,,,,,,,,,,,,,,,,
3149633,2024,actual,103.0,0.0,1.0,283.0,3.0,11.0,2.0,1.0,-7.0,82.0,0.0,3.0,7.0,749.29,17.0,2.0,0.0,132.0,61442.0,73.0,10.0,1.0,22.0,1494.0,,,202.55,2.47
3149633,2025,projected,,,,,,,,,,,,,,,,,,,,,,,,,,,,
3149633,2025,actual,80.0,0.0,2.0,257.0,2.0,12.0,0.0,1.0,5.0,67.0,0.0,2.0,10.0,711.82,21.0,0.0,0.0,58.0,47692.0,61.0,11.0,2.0,7.0,1183.0,,,162.2,2.42
3149633,2026,projected,,,,,,,,,,,,,,,,,,,,,,,,,,,,
3149633,2026,actual,34.0,0.0,0.0,252.0,0.0,10.0,0.0,0.0,-6.0,66.0,0.0,0.0,1.0,624.15,3.0,0.0,0.0,59.0,41194.0,58.0,2.0,0.0,15.0,1023.0,,,99.2,1.5
3149633,2027,projected,,,,,,,,,,,,,,,,,,,,,,,,,,,,
3149633,2027,actual,,,,,,,,,,,,,,,,,,,,,,,,,,,,
3149649,2023,projected,,,,,,,,,,,,,,,,,,,,,,,,,,,,
3149649,2023,actual,138.0,4.0,4.0,42.0,9.0,515.0,1.0,3.0,10.0,82.0,3.0,5.0,19.0,962.57,38.0,2.0,1.0,10.0,78931.0,52.0,19.0,7.0,500.0,1582.0,,,180.2,2.2
3149649,2024,projected,,,,,,,,,,,,,,,,,,,,,,,,,,,,
3149649,2024,actual,105.0,7.0,0.0,22.0,7.0,274.0,0.0,1.0,-23.0,67.0,2.0,0.0,5.0,836.54,15.0,5.0,5.0,12.0,56048.0,47.0,10.0,2.0,273.0,1177.0,,,98.45,1.47
3149649,2025,projected,,,,,,,,,,,,,,,,,,,,,,,,,,,,
3149649,2025,actual,110.0,5.0,0.0,47.0,5.0,568.0,0.0,2.0,-2.0,82.0,5.0,0.0,18.0,939.7,37.0,0.0,0.0,8.0,77055.0,61.0,19.0,5.0,529.0,1533.0,,,165.7,2.02
3149649,2026,projected,121.0,6.0,,51.0,6.0,,,,6.0,80.0,4.0,,17.0,954.0,38.0,2.0,2.0,10.0,76320.0,57.0,21.0,4.0,,,,,166.85,2.09
3149649,2026,actual,70.0,3.0,0.0,35.0,3.0,385.0,0.0,0.0,-1.0,68.0,1.0,0.0,7.0,968.62,24.0,2.0,2.0,11.0,65866.0,52.0,17.0,1.0,296.0,1491.0,,,109.5,1.61
3149649,2027,projected,,,,,,,,,,,,,,,,,,,,,,,,,,,,
3149649,2027,actual,,,,,,,,,,,,,,,,,,,,,,,,,,,,
3149659,2023,projected,,,,,,,,,,,,,,,,,,,,,,,,,,,,
3149659,2023,actual,,,,,,,,,,,,,,,,,,,,,,,,,,,,
3149659,2024,projected,,,,,,,,,,,,,,,,,,,,,,,,,,,,
3149659,2024,actual,,,,,,,,,,,,,,,,,,,,,,,,,,,,
3149659,2025,projected,,,,,,,,,,,,,,,,,,,,,,,,,,,,
3149659,2025,actual,8.0,0.0,0.0,43.0,0.0,71.0,0.0,0.0,6.0,20.0,0.0,0.0,2.0,588.15,8.0,0.0,0.0,6.0,11763.0,16.0,6.0,0.0,54.0,295.0,,,35.3,1.76
3149659,2026,projected,,,,,,,,,,,,,,,,,,,,,,,,,,,,
3149659,2026,actual,11.0,0.0,0.0,29.0,0.0,63.0,0.0,1.0,1.0,20.0,0.0,0.0,1.0,589.35,2.0,0.0,0.0,2.0,11787.0,10.0,1.0,0.0,63.0,297.0,,,17.65,0.88
3149659,2027,projected,,,,,,,,,,,,,,,,,,,,,,,,,,,,
3149659,2027,actual,,,,,,,,,,,,,,,,,,,,,,,,,,,,
3149697,2023,projected,,,,,,,,,,,,,,,,,,,,,,,,,,,,
3149697,2023,actual,70.0,1.0,0.0,238.0,1.0,5.0,0.0,1.0,4.0,71.0,0.0,0.0,9.0,707.86,25.0,1.0,1.0,30.0,50258.0,35.0,16.0,0.0,2.0,1049.0,,,134.3,1.89
3149697,2024,projected,,,,,,,,,,,,,,,,,,,,,,,,,,,,
3149697,2024,actual,33.0,0.0,0.0,175.0,0.0,7.0,0.0,0.0,-11.0,53.0,0.0,0.0,1.0,581.36,7.0,0.0,0.0,31.0,30812.0,19.0,6.0,0.0,2.0,671.0,,,65.75,1.24
3149697,2025,projected,,,,,,,,,,,,,,,,,,,,,,,,,,,,
3149697,2025,actual,,,,,,,,,,,,,,,,,,,,,,,,,,,,
3149697,2026,projected,,,,,,,,,,,,,,,,,,,,,,,,,,,,
3149697,2026,actual,18.0,0.0,0.0,78.0,0.0,3.0,0.0,0.0,2.0,21.0,0.0,0.0,3.0,505.52,8.0,0.0,0.0,10.0,10616.0,12.0,5.0,0.0,0.0,244.0,,,42.3,2.01
3149697,2027,projected,,,,,,,,,,,,,,,,,,,,,,,,,,,,
3149697,2027,actual,,,,,,,,,,,,,,,,,,,,,,,,,,,,
3149827,2023,projected,,,,,,,,,,,,,,,,,,,,,,,,,,,,
3149827,2023,actual,154.0,7.0,2.0,57.0,9.0,19.0,0.0,1.0,9.0,82.0,2.0,2.0,15.0,945.94,37.0,5.0,5.0,22.0,77567.0,39.0,22.0,4.0,20.0,1696.0,,,173.2,2.11
3149827,2024,projected,,,,,,,,,,,,,,,,,,,,,,,,,,,,
3149827,2024,actual,50.0,0.0,0.0,18.0,0.0,7.0,0.0,0.0,-3.0,57.0,0.0,0.0,4.0,666.14,15.0,0.0,0.0,12.0,37970.0,35.0,11.0,0.0,4.0,869.0,,,71.8,1.26
3149827,2025,projected,,,,,,,,,,,,,,,,,,,,,,,,,,,,
3149827,2025,actual,3.0,0.0,0.0,2.0,0.0,1.0,0.0,0.0,-2.0,5.0,0.0,0.0,0.0,680.0,0.0,0.0,0.0,4.0,3400.0,1.0,0.0,0.0,0.0,86.0,,,3.45,0.69
3149827,2026,projected,,,,,,,,,,,,,,,,,,,,,,,,,,,,
3149827,2026,actual,81.0,2.0,1.0,22.0,3.0,14.0,0.0,1.0,1.0,62.0,0.0,1.0,7.0,845.85,18.0,2.0,2.0,14.0,52443.0,36.0,11.0,1.0,16.0,1194.0,,,94.45,1.52
3149827,2027,projected,,,,,,,,,,,,,,,,,,,,,,,,,,,,
3149827,2027,actual,,,,,,,,,,,,,,,,,,,,,,,,,,,,
3149829,2023,projected,,,,,,,,,,,,,,,,,,,,,,,,,,,,
3149829,2023,actual,99.0,2.0,0.0,56.0,2.0,32.0,0.0,2.0,2.0,67.0,1.0,0.0,16.0,732.75,27.0,1.0,1.0,12.0,49094.0,27.0,11.0,1.0,31.0,1022.0,,,123.35,1.84
3149829,2024,projected,,,,,,,,,,,,,,,,,,,,,,,,,,,,
3149829,2024,actual,117.0,5.0,0.0,35.0,5.0,65.0,0.0,2.0,4.0,73.0,3.0,0.0,14.0,803.51,27.0,2.0,2.0,16.0,58656.0,34.0,13.0,3.0,69.0,1178.0,,,131.75,1.8
3149829,2025,projected,126.0,8.0,,51.0,8.0,,,,4.0,74.0,3.0,,17.0,798.0,32.0,5.0,5.0,18.0,59052.0,37.0,15.0,3.0,,,,,150.6,2.04
3149829,2025,actual,85.0,1.0,0.0,108.0,1.0,47.0,0.0,2.0,12.0,72.0,1.0,0.0,11.0,845.75,27.0,0.0,0.0,18.0,60894.0,44.0,16.0,1.0,49.0,1498.0,,,131.05,1.82
3149829,2026,projected,,,,,,,,,,,,,,,,,,,,,,,,,,,,
3149829,2026,actual,96.0,0.0,0.0,105.0,1.0,12.0,1.0,2.0,13.0,81.0,0.0,1.0,15.0,967.21,35.0,1.0,0.0,18.0,78344.0,51.0,20.0,0.0,7.0,1872.0,,,157.0,1.94
3149829,2027,projected,99.0,,,106.0,,,,,12.0,81.0,,,13.0,935.61,31.0,,,18.0,75784.01,51.0,18.0,,,,,,144.85,1.79
3149829,2027,actual,,,,,,,,,,,,,,,,,,,,,,,,,,,,
3150468,2023,projected,,,,,,,,,,,,,,,,,,,,,,,,,,,,
3150468,2023,actual,39.0,0.0,0.0,203.0,0.0,11.0,0.0,0.0,-5.0,56.0,0.0,0.0,3.0,685.61,11.0,0.0,0.0,114.0,38394.0,28.0,8.0,0.0,4.0,1002.0,,,126.05,2.25
3150468,2024,projected,,,,,,,,,,,,,,,,,,,,,,,,,,,,
3150468,2024,actual,72.0,0.0,0.0,214.0,0.0,22.0,0.0,0.0,0.0,75.0,0.0,0.0,5.0,583.76,14.0,0.0,0.0,153.0,43782.0,33.0,9.0,0.0,6.0,1066.0,,,165.4,2.21
3150468,2025,projected,,,,,,,,,,,,,,,,,,,,,,,,,,,,
3150468,2025,actual,34.0,0.0,0.0,100.0,0.0,4.0,0.0,0.0,1.0,28.0,0.0,0.0,0.0,557.82,2.0,0.0,0.0,50.0,15619.0,11.0,2.0,0.0,0.0,396.0,,,53.0,1.89
3150468,2026,projected,,,,,,,,,,,,,,,,,,,,,,,,,,,,
3150468,2026,actual,35.0,0.0,0.0,115.0,0.0,3.0,0.0,0.0,-6.0,38.0,0.0,0.0,3.0,548.87,4.0,0.0,0.0,43.0,20857.0,14.0,1.0,0.0,6.0,523.0,,,59.75,1.57
3150468,2027,projected,,,,,,,,,,,,,,,,,,,,,,,,,,,,
3150468,2027,actual,,,,,,,,,,,,,,,,,,,,,,,,,,,,
3150479,2023,projected,,,,,,,,,,,,,,,,,,,,,,,,,,,,
3150479,2023,actual,0.0,0.0,0.0,0.0,0.0,0.0,0.0,0.0,0.0,1.0,0.0,0.0,0.0,286.0,0.0,0.0,0.0,0.0,286.0,0.0,0.0,0.0,0.0,10.0,,,0,0.0
3150479,2024,projected,,,,,,,,,,,,,,,,,,,,,,,,,,,,
3150479,2024,actual,,,,,,,,,,,,,,,,,,,,,,,,,,,,
3150479,2025,projected,,,,,,,,,,,,,,,,,,,,,,,,,,,,
3150479,2025,actual,2.0,0.0,0.0,7.0,0.0,0.0,0.0,0.0,-2.0,2.0,0.0,0.0,0.0,514.5,0.0,0.0,0.0,5.0,1029.0,1.0,0.0,0.0,0.0,25.0,,,4.2,2.1
3150479,2026,projected,,,,,,,,,,,,,,,,,,,,,,,,,,,,
3150479,2026,actual,4.0,0.0,0.0,29.0,0.0,0.0,0.0,0.0,-2.0,10.0,0.0,0.0,0.0,421.5,0.0,0.0,0.0,11.0,4215.0,0.0,0.0,0.0,0.0,107.0,,,9.4,0.94
3150479,2027,projected,,,,,,,,,,,,,,,,,,,,,,,,,,,,
3150479,2027,actual,,,,,,,,,,,,,,,,,,,,,,,,,,,,
3150520,2023,projected,,,,,,,,,,,,,,,,,,,,,,,,,,,,
3150520,2023,actual,,,,,,,,,,,,,,,,,,,,,,,,,,,,
3150520,2024,projected,,,,,,,,,,,,,,,,,,,,,,,,,,,,
3150520,2024,actual,,,,,,,,,,,,,,,,,,,,,,,,,,,,
3150520,2025,projected,,,,,,,,,,,,,,,,,,,,,,,,,,,,
3150520,2025,actual,,,,,,,,,,,,,,,,,,,,,,,,,,,,
3150520,2026,projected,,,,,,,,,,,,,,,,,,,,,,,,,,,,
3150520,2026,actual,15.0,0.0,0.0,40.0,0.0,57.0,0.0,0.0,-4.0,24.0,0.0,0.0,0.0,592.5,2.0,0.0,0.0,4.0,14220.0,14.0,2.0,0.0,55.0,330.0,,,20.75,0.86
3150520,2027,projected,,,,,,,,,,,,,,,,,,,,,,,,,,,,
3150520,2027,actual,,,,,,,,,,,,,,,,,,,,,,,,,,,,
3151036,2023,projected,,,,,,,,,,,,,,,,,,,,,,,,,,,,
3151036,2023,actual,126.0,0.0,1.0,96.0,1.0,6.0,0.0,4.0,7.0,67.0,0.0,1.0,13.0,762.1,28.0,0.0,0.0,28.0,51061.0,22.0,15.0,1.0,7.0,1202.0,,,141.1,2.11
3151036,2024,projected,,,,,,,,,,,,,,,,,,,,,,,,,,,,
3151036,2024,actual,201.0,1.0,1.0,81.0,3.0,6.0,1.0,2.0,3.0,82.0,1.0,2.0,20.0,838.55,41.0,1.0,0.0,47.0,68761.0,32.0,21.0,2.0,5.0,1500.0,,,205.85,2.51
3151036,2025,projected,157.0,2.0,1.0,106.0,4.0,,1.0,,6.0,78.0,1.0,2.0,13.0,774.0,27.0,2.0,1.0,32.0,60372.0,29.0,14.0,2.0,,,,,151.85,1.95
3151036,2025,actual,199.0,2.0,0.0,74.0,2.0,35.0,0.0,7.0,36.0,82.0,1.0,0.0,24.0,970.13,46.0,1.0,1.0,24.0,79551.0,40.0,22.0,1.0,24.0,1749.0,,,213.65,2.61
3151036,2026,projected,205.0,4.0,,81.0,4.0,,,,22.0,82.0,2.0,,23.0,966.0,47.0,2.0,2.0,28.0,79212.0,38.0,24.0,2.0,,,,,212.35,2.59
3151036,2026,actual,105.0,1.0,0.0,74.0,1.0,16.0,0.0,5.0,0.0,68.0,1.0,0.0,13.0,826.49,17.0,0.0,0.0,18.0,56201.0,19.0,4.0,1.0,14.0,1272.0,,,105.15,1.55
3151036,2027,projected,,,,,,,,,,,,,,,,,,,,,,,,,,,,
3151036,2027,actual,,,,,,,,,,,,,,,,,,,,,,,,,,,,
3151096,2023,projected,171.0,14.0,0.0,12.0,15.0,5.0,1.0,5.0,-14.0,74.0,8.0,1.0,22.0,984.0,53.0,7.0,6.0,4.0,72816.0,13.0,31.0,8.0,1.0,234.0,,,197.45,2.67
3151096,2023,actual,161.0,12.0,0.0,16.0,12.0,5.0,0.0,5.0,-23.0,75.0,7.0,0.0,28.0,861.31,40.0,5.0,5.0,4.0,64598.0,15.0,12.0,7.0,1.0,1369.0,,,173.85,2.32
3151096,2024,projected,,,,,,,,,,,,,,,,,,,,,,,,,,,,
3151096,2024,actual,66.0,3.0,0.0,21.0,3.0,2.0,0.0,1.0,-1.0,51.0,1.0,0.0,7.0,694.14,15.0,2.0,2.0,4.0,35401.0,10.0,8.0,1.0,0.0,748.0,,,65.6,1.29
3151096,2025,projected,,,,,,,,,,,,,,,,,,,,,,,,,,,,
3151096,2025,actual,109.0,8.0,0.0,26.0,8.0,6.0,0.0,4.0,17.0,56.0,6.0,0.0,15.0,869.86,29.0,2.0,2.0,16.0,48712.0,19.0,14.0,6.0,1.0,995.0,,,131.35,2.35
3151096,2026,projected,139.0,18.0,,30.0,18.0,,,,14.0,63.0,8.0,,18.0,935.0,42.0,10.0,10.0,22.0,58905.0,27.0,24.0,8.0,,,,,177.25,2.81
3151096,2026,actual,147.0,7.0,0.0,18.0,7.0,6.0,0.0,4.0,5.0,78.0,2.0,0.0,13.0,813.67,31.0,5.0,5.0,6.0,63466.0,21.0,18.0,2.0,3.0,1394.0,1.0,,138.55,1.78
3151096,2027,projected,,,,,,,,,,,,,,,,,,,,,,,,,,,,
3151096,2027,actual,,,,,,,,,,,,,,,,,,,,,,,,,,,,
3151187,2023,projected,182.0,25.0,0.0,66.0,25.0,405.0,0.0,9.0,4.0,70.0,11.0,0.0,30.0,1158.0,63.0,14.0,14.0,28.0,81060.0,30.0,33.0,11.0,417.0,98.0,,,264.1,3.77
3151187,2023,actual,235.0,30.0,0.0,37.0,30.0,405.0,0.0,9.0,2.0,82.0,20.0,0.0,51.0,1180.18,95.0,10.0,10.0,7.0,96775.0,37.0,44.0,20.0,417.0,1743.0,,,359.45,4.38
3151187,2024,projected,230.0,30.0,0.0,47.0,30.0,350.0,0.0,12.0,4.0,80.0,17.0,0.0,48.0,1176.0,92.0,13.0,13.0,24.0,94080.0,46.0,44.0,17.0,294.0,1768.0,3.0,,373.7,4.67
3151187,2024,actual,227.0,32.0,0.0,16.0,32.0,350.0,0.0,12.0,-16.0,81.0,15.0,0.0,46.0,1202.35,90.0,17.0,17.0,14.0,97390.0,44.0,44.0,15.0,294.0,1768.0,3.0,,357.85,4.42
3151187,2025,projected,247.0,30.0,,25.0,30.0,,,,-5.0,81.0,17.0,,49.0,1194.0,94.0,13.0,13.0,14.0,96714.0,37.0,45.0,17.0,,,,,350.25,4.32
3151187,2025,actual,189.0,31.0,0.0,26.0,31.0,456.0,0.0,7.0,17.0,77.0,16.0,0.0,42.0,1168.75,82.0,15.0,15.0,7.0,89994.0,45.0,40.0,16.0,430.0,1678.0,1.0,,315.35,4.1
3151187,2026,projected,215.0,32.0,,23.0,32.0,,,,6.0,80.0,17.0,,44.0,1176.0,87.0,15.0,15.0,10.0,94080.0,44.0,43.0,17.0,,,,,325.55,4.07
3151187,2026,actual,129.0,11.0,0.0,8.0,11.0,354.0,0.0,0.0,12.0,63.0,6.0,0.0,18.0,1095.48,50.0,5.0,5.0,14.0,69015.0,23.0,32.0,6.0,299.0,1306.0,,,178.05,2.83
3151187,2027,projected,185.0,21.0,,14.0,21.0,,,,11.0,84.0,11.0,,31.0,1184.77,73.0,10.0,10.0,16.0,99520.68,34.0,42.0,11.0,,,,,265.65,3.16
3151187,2027,actual,,,,,,,,,,,,,,,,,,,,,,,,,,,,
3151322,2023,projected,,,,,,,,,,,,,,,,,,,,,,,,,,,,
3151322,2023,actual,102.0,0.0,4.0,125.0,5.0,237.0,1.0,1.0,-11.0,70.0,0.0,5.0,12.0,876.51,27.0,1.0,0.0,37.0,61356.0,33.0,15.0,4.0,248.0,1340.0,,,149.0,2.13
3151322,2024,projected,,,,,,,,,,,,,,,,,,,,,,,,,,,,
3151322,2024,actual,78.0,0.0,1.0,174.0,1.0,206.0,0.0,3.0,4.0,79.0,0.0,1.0,13.0,712.76,24.0,0.0,0.0,32.0,56308.0,32.0,11.0,1.0,150.0,1376.0,,,134.9,1.71
3151322,2025,projected,,,,,,,,,,,,,,,,,,,,,,,,,,,,
3151322,2025,actual,50.0,0.0,0.0,88.0,0.0,77.0,0.0,0.0,-15.0,60.0,0.0,0.0,4.0,592.57,7.0,0.0,0.0,28.0,35554.0,16.0,3.0,0.0,79.0,887.0,,,61.3,1.02
3151322,2026,projected,,,,,,,,,,,,,,,,,,,,,,,,,,,,
3151322,2026,actual,9.0,0.0,0.0,35.0,0.0,26.0,0.0,0.0,-2.0,29.0,0.0,0.0,1.0,515.62,2.0,0.0,0.0,14.0,14953.0,5.0,1.0,0.0,26.0,354.0,,,20.25,0.7
3151322,2027,projected,,,,,,,,,,,,,,,,,,,,,,,,,,,,
3151322,2027,actual,,,,,,,,,,,,,,,,,,,,,,,,,,,,
3151741,2023,projected,,,,,,,,,,,,,,,,,,,,,,,,,,,,
3151741,2023,actual,96.0,2.0,0.0,76.0,2.0,3.0,0.0,0.0,-5.0,65.0,1.0,0.0,8.0,645.45,22.0,1.0,1.0,12.0,41954.0,26.0,14.0,1.0,2.0,984.0,,,104.1,1.6
3151741,2024,projected,,,,,,,,,,,,,,,,,,,,,,,,,,,,
3151741,2024,actual,119.0,1.0,1.0,78.0,2.0,19.0,0.0,4.0,16.0,74.0,1.0,1.0,17.0,867.92,36.0,0.0,0.0,28.0,64226.0,46.0,19.0,2.0,12.0,1485.0,1.0,,173.55,2.35
3151741,2025,projected,132.0,2.0,1.0,79.0,4.0,,1.0,,12.0,75.0,1.0,2.0,18.0,828.0,34.0,2.0,1.0,22.0,62100.0,37.0,16.0,2.0,,,,,160.9,2.15
3151741,2025,actual,81.0,2.0,1.0,81.0,3.0,28.0,0.0,0.0,2.0,79.0,1.0,1.0,9.0,806.57,29.0,1.0,1.0,31.0,63719.0,37.0,20.0,2.0,18.0,1470.0,,,132.85,1.68
3151741,2026,projected,,,,,,,,,,,,,,,,,,,,,,,,,,,,
3151741,2026,actual,44.0,0.0,0.0,54.0,0.0,16.0,0.0,0.0,7.0,46.0,0.0,0.0,6.0,680.39,12.0,0.0,0.0,16.0,31298.0,24.0,6.0,0.0,9.0,716.0,,,66.4,1.44
3151741,2027,projected,,,,,,,,,,,,,,,,,,,,,,,,,,,,
3151741,2027,actual,,,,,,,,,,,,,,,,,,,,,,,,,,,,
3527554,2023,projected,163.0,3.0,0.0,79.0,3.0,10.0,0.0,1.0,-13.0,76.0,1.0,0.0,16.0,912.0,30.0,2.0,2.0,28.0,69312.0,32.0,14.0,1.0,7.0,326.0,1.0,,160.65,2.11
3527554,2023,actual,231.0,9.0,0.0,86.0,9.0,10.0,0.0,1.0,-28.0,81.0,5.0,0.0,22.0,1000.56,41.0,4.0,4.0,66.0,81045.0,75.0,19.0,5.0,7.0,1743.0,1.0,,251.85,3.11
3527554,2024,projected,210.0,7.0,3.0,77.0,7.0,18.0,1.0,7.0,-25.0,72.0,4.0,4.0,20.0,1008.0,37.0,3.0,3.0,34.0,72576.0,45.0,17.0,4.0,9.0,1829.0,3.0,,222.2,3.09
3527554,2024,actual,272.0,20.0,3.0,139.0,24.0,18.0,1.0,7.0,-20.0,82.0,13.0,4.0,37.0,1100.68,60.0,8.0,7.0,85.0,90256.0,78.0,23.0,16.0,9.0,1829.0,3.0,,359.9,4.39
3527554,2025,projected,277.0,16.0,2.0,137.0,20.0,,2.0,,-25.0,81.0,8.0,4.0,31.0,1068.0,58.0,10.0,8.0,82.0,86508.0,76.0,27.0,10.0,,,,,326.95,4.04
3527554,2025,actual,234.0,5.0,1.0,169.0,6.0,18.0,0.0,1.0,-9.0,81.0,3.0,1.0,21.0,1052.73,45.0,2.0,2.0,80.0,85271.0,69.0,24.0,4.0,16.0,1773.0,,,267.9,3.31
3527554,2026,projected,245.0,11.0,1.0,158.0,13.0,,1.0,,-19.0,81.0,5.0,2.0,23.0,1056.0,48.0,7.0,6.0,84.0,85536.0,72.0,25.0,6.0,,,,,285.05,3.52
3527554,2026,actual,79.0,1.0,0.0,84.0,1.0,8.0,0.0,1.0,-15.0,50.0,0.0,0.0,5.0,709.34,9.0,1.0,1.0,40.0,35467.0,28.0,4.0,0.0,6.0,827.0,,,86.65,1.73
3527554,2027,projected,,,,,,,,,,,,,,,,,,,,,,,,,,,,
3527554,2027,actual,,,,,,,,,,,,,,,,,,,,,,,,,,,,
3648002,2023,projected,236.0,20.0,1.0,60.0,22.0,434.0,1.0,2.0,9.0,65.0,8.0,2.0,27.0,1200.0,62.0,13.0,12.0,24.0,78000.0,48.0,35.0,9.0,359.0,84.0,2.0,,277.0,4.26
3648002,2023,actual,223.0,14.0,0.0,59.0,15.0,434.0,1.0,2.0,26.0,67.0,2.0,1.0,27.0,1126.01,66.0,13.0,12.0,6.0,75443.0,56.0,39.0,2.0,359.0,1404.0,2.0,,268.65,4.01
3648002,2024,projected,273.0,24.0,0.0,73.0,24.0,495.0,2.0,7.0,24.0,78.0,6.0,2.0,37.0,1152.0,92.0,18.0,18.0,8.0,89856.0,69.0,55.0,6.0,413.0,1363.0,,,359.05,4.6
3648002,2024,actual,278.0,22.0,0.0,20.0,24.0,495.0,2.0,7.0,4.0,63.0,11.0,2.0,31.0,1231.19,68.0,13.0,11.0,27.0,77565.0,61.0,37.0,11.0,413.0,1363.0,,,308.0,4.89
3648002,2025,projected,281.0,22.0,,42.0,22.0,,,,10.0,72.0,8.0,,31.0,1164.0,68.0,14.0,14.0,22.0,83808.0,55.0,37.0,8.0,,,,,294.95,4.1
3648002,2025,actual,233.0,34.0,1.0,22.0,36.0,681.0,1.0,3.0,32.0,77.0,5.0,2.0,28.0,1232.01,94.0,30.0,29.0,8.0,94865.0,55.0,66.0,6.0,573.0,1667.0,1.0,,336.45,4.37
3648002,2026,projected,259.0,27.0,,31.0,27.0,,,,22.0,74.0,9.0,,30.0,1230.0,84.0,18.0,18.0,14.0,91020.0,57.0,54.0,9.0,,,,,319.35,4.32
3648002,2026,actual,260.0,28.0,1.0,35.0,31.0,613.0,2.0,6.0,23.0,74.0,1.0,3.0,27.0,1272.05,90.0,29.0,27.0,18.0,94132.0,40.0,63.0,2.0,558.0,1673.0,,,329.0,4.45
3648002,2027,projected,255.0,29.0,1.0,34.0,31.0,,1.0,,22.0,76.0,3.0,2.0,27.0,1296.39,89.0,27.0,26.0,19.0,98525.64,43.0,62.0,4.0,,,,,322.15,4.24
3648002,2027,actual,,,,,,,,,,,,,,,,,,,,,,,,,,,,
3648008,2023,projected,232.0,6.0,0.0,74.0,11.0,122.0,1.0,2.0,-2.0,78.0,3.0,1.0,18.0,930.0,37.0,5.0,3.0,8.0,72540.0,27.0,19.0,6.0,119.0,313.0,,,182.4,2.34
3648008,2023,actual,184.0,11.0,0.0,34.0,11.0,122.0,0.0,2.0,9.0,69.0,6.0,0.0,16.0,1071.77,39.0,5.0,5.0,30.0,73952.0,27.0,23.0,6.0,119.0,1510.0,,,182.4,2.64
3648008,2024,projected,,,,,,,,,,,,,,,,,,,,,,,,,,,,
3648008,2024,actual,186.0,10.0,0.0,96.0,10.0,29.0,0.0,1.0,26.0,80.0,3.0,0.0,12.0,910.04,39.0,7.0,7.0,34.0,72803.0,28.0,27.0,3.0,29.0,1577.0,,,184.6,2.31
3648008,2025,projected,191.0,11.0,,91.0,11.0,,,,17.0,78.0,3.0,,16.0,936.0,37.0,8.0,8.0,32.0,73008.0,30.0,21.0,3.0,,,,,184.85,2.37
3648008,2025,actual,161.0,7.0,0.0,128.0,7.0,155.0,0.0,1.0,-4.0,82.0,4.0,0.0,15.0,913.15,32.0,3.0,3.0,38.0,74878.0,23.0,17.0,4.0,127.0,1630.0,,,169.05,2.06
3648008,2026,projected,,,,,,,,,,,,,,,,,,,,,,,,,,,,
3648008,2026,actual,160.0,5.0,1.0,63.0,6.0,421.0,0.0,0.0,-16.0,69.0,1.0,1.0,11.0,1019.59,31.0,4.0,4.0,38.0,70352.0,26.0,20.0,2.0,370.0,1494.0,,,156.3,2.27
3648008,2027,projected,171.0,6.0,1.0,75.0,8.0,,1.0,,-10.0,74.0,2.0,2.0,10.0,937.73,32.0,5.0,4.0,39.0,69392.02,27.0,22.0,3.0,,,,,164.25,2.22
3648008,2027,actual,,,,,,,,,,,,,,,,,,,,,,,,,,,,
3648015,2023,projected,,,,,,,,,,,,,,,,,,,,,,,,,,,,
3648015,2023,actual,66.0,0.0,0.0,101.0,0.0,1.0,0.0,1.0,9.0,61.0,0.0,0.0,5.0,546.54,12.0,0.0,0.0,114.0,33339.0,25.0,7.0,0.0,2.0,834.0,,,126.1,2.07
3648015,2024,projected,,,,,,,,,,,,,,,,,,,,,,,,,,,,
3648015,2024,actual,57.0,1.0,0.0,90.0,1.0,4.0,0.0,0.0,-7.0,59.0,1.0,0.0,6.0,529.9,12.0,0.0,0.0,35.0,31264.0,24.0,6.0,1.0,4.0,733.0,,,83.75,1.42
3648015,2025,projected,,,,,,,,,,,,,,,,,,,,,,,,,,,,
3648015,2025,actual,86.0,0.0,1.0,218.0,1.0,31.0,0.0,3.0,4.0,81.0,0.0,1.0,6.0,575.59,17.0,0.0,0.0,130.0,46623.0,30.0,11.0,1.0,16.0,1147.0,,,168.3,2.08
3648015,2026,projected,,,,,,,,,,,,,,,,,,,,,,,,,,,,
3648015,2026,actual,104.0,1.0,0.0,203.0,1.0,24.0,0.0,2.0,14.0,78.0,1.0,0.0,17.0,745.74,32.0,0.0,0.0,113.0,58168.0,29.0,15.0,1.0,7.0,1336.0,,,201.3,2.58
3648015,2027,projected,99.0,1.0,,205.0,1.0,,,,11.0,79.0,1.0,,15.0,728.23,29.0,,,111.0,57530.01,30.0,14.0,1.0,,,,,189.75,2.4
3648015,2027,actual,,,,,,,,,,,,,,,,,,,,,,,,,,,,
3652598,2023,projected,184.0,9.0,1.0,51.0,11.0,6.0,1.0,5.0,6.0,78.0,5.0,2.0,19.0,1128.0,43.0,5.0,4.0,14.0,87984.0,54.0,24.0,6.0,7.0,202.0,,,205.1,2.63
3652598,2023,actual,133.0,8.0,0.0,27.0,8.0,6.0,0.0,5.0,14.0,59.0,7.0,0.0,14.0,978.0,36.0,1.0,1.0,20.0,57702.0,33.0,22.0,7.0,7.0,1294.0,,,160.95,2.73
3652598,2024,projected,,,,,,,,,,,,,,,,,,,,,,,,,,,,
3652598,2024,actual,120.0,5.0,0.0,36.0,6.0,17.0,1.0,2.0,14.0,82.0,2.0,1.0,11.0,918.8,27.0,4.0,3.0,6.0,75342.0,67.0,16.0,2.0,8.0,1562.0,,,141.6,1.73
3652598,2025,projected,139.0,5.0,,41.0,5.0,,,,14.0,80.0,2.0,,15.0,948.0,34.0,3.0,3.0,16.0,75840.0,56.0,19.0,2.0,,,,,161.35,2.02
3652598,2025,actual,109.0,10.0,0.0,53.0,10.0,13.0,0.0,2.0,21.0,82.0,6.0,0.0,15.0,796.99,31.0,4.0,4.0,15.0,65353.0,61.0,16.0,6.0,12.0,1485.0,,,157.55,1.92
3652598,2026,projected,113.0,9.0,,47.0,9.0,,,,18.0,82.0,4.0,,14.0,828.0,32.0,5.0,5.0,18.0,67896.0,66.0,18.0,4.0,,,,,159.45,1.94
3652598,2026,actual,114.0,5.0,0.0,120.0,6.0,23.0,1.0,3.0,3.0,79.0,2.0,1.0,13.0,935.42,29.0,4.0,3.0,14.0,73898.0,56.0,16.0,2.0,17.0,1526.0,,,154.0,1.95
3652598,2027,projected,115.0,6.0,,108.0,6.0,,,,6.0,81.0,3.0,,13.0,925.74,29.0,3.0,3.0,14.0,74985.02,61.0,16.0,3.0,,,,,152.55,1.88
3652598,2027,actual,,,,,,,,,,,,,,,,,,,,,,,,,,,,
3891952,2023,projected,183.0,31.0,0.0,24.0,31.0,13.0,0.0,4.0,23.0,77.0,6.0,0.0,28.0,1146.0,97.0,25.0,25.0,20.0,88242.0,16.0,69.0,6.0,6.0,48.0,1.0,,313.65,4.07
3891952,2023,actual,204.0,36.0,0.0,26.0,36.0,13.0,0.0,4.0,4.0,82.0,9.0,0.0,29.0,1176.46,92.0,27.0,27.0,36.0,96470.0,11.0,63.0,9.0,6.0,1573.0,1.0,,319.6,3.9
3891952,2024,projected,181.0,29.0,0.0,24.0,29.0,9.0,1.0,5.0,14.0,76.0,6.0,1.0,23.0,1164.0,80.0,23.0,23.0,26.0,88464.0,10.0,57.0,6.0,1.0,1783.0,3.0,,281.15,3.7
3891952,2024,actual,302.0,44.0,0.0,14.0,45.0,9.0,1.0,5.0,18.0,82.0,11.0,1.0,49.0,1207.13,120.0,34.0,33.0,24.0,98985.0,15.0,71.0,11.0,1.0,1783.0,3.0,,427.9,5.22
3891952,2025,projected,261.0,38.0,,24.0,38.0,,,,16.0,82.0,10.0,,38.0,1188.0,105.0,28.0,28.0,28.0,97416.0,14.0,67.0,10.0,,,,,360.65,4.4
3891952,2025,actual,237.0,26.0,0.0,18.0,26.0,1.0,0.0,3.0,-9.0,80.0,8.0,0.0,37.0,1180.99,89.0,18.0,18.0,16.0,94479.0,11.0,52.0,8.0,0.0,1697.0,1.0,,312.55,3.91
3891952,2026,projected,252.0,41.0,,21.0,41.0,,,,12.0,81.0,10.0,,40.0,1182.0,107.0,31.0,31.0,26.0,95742.0,12.0,67.0,10.0,,,,,363.6,4.49
3891952,2026,actual,224.0,23.0,0.0,11.0,23.0,0.0,0.0,4.0,-7.0,78.0,4.0,0.0,28.0,1250.54,84.0,19.0,19.0,20.0,97542.0,16.0,56.0,4.0,1.0,1773.0,,,288.6,3.7
3891952,2027,projected,256.0,25.0,,13.0,25.0,,,,-4.0,84.0,5.0,,35.0,1181.02,95.0,20.0,20.0,20.0,99205.68,17.0,60.0,5.0,,,,,323.8,3.85
3891952,2027,actual,,,,,,,,,,,,,,,,,,,,,,,,,,,,
3895074,2023,projected,297.0,44.0,1.0,73.0,45.0,487.0,3.0,11.0,26.0,81.0,11.0,1.0,46.0,1326.0,123.0,33.0,33.0,34.0,107406.0,31.0,77.0,12.0,524.0,1.0,2.0,,455.55,5.62
3895074,2023,actual,352.0,71.0,4.0,89.0,78.0,487.0,3.0,11.0,22.0,82.0,21.0,7.0,64.0,1343.13,153.0,53.0,50.0,36.0,110137.0,40.0,89.0,25.0,524.0,1913.0,2.0,,578.9,7.06
3895074,2024,projected,345.0,64.0,3.0,86.0,70.0,423.0,3.0,5.0,25.0,81.0,18.0,6.0,61.0,1338.0,148.0,49.0,46.0,42.0,108378.0,42.0,87.0,21.0,442.0,1620.0,,,548.85,6.78
3895074,2024,actual,263.0,44.0,1.0,106.0,45.0,423.0,0.0,5.0,35.0,76.0,7.0,1.0,32.0,1281.55,132.0,37.0,37.0,30.0,97398.0,39.0,100.0,8.0,442.0,1620.0,,,439.35,5.78
3895074,2025,projected,301.0,51.0,2.0,94.0,55.0,,2.0,,29.0,80.0,10.0,4.0,40.0,1320.0,129.0,43.0,41.0,34.0,105600.0,36.0,89.0,12.0,,,,,454.15,5.68
3895074,2025,actual,196.0,31.0,0.0,40.0,31.0,406.0,0.0,3.0,20.0,67.0,9.0,0.0,26.0,1321.88,100.0,22.0,22.0,37.0,88566.0,18.0,74.0,9.0,370.0,1413.0,,,329.5,4.92
3895074,2026,projected,277.0,45.0,1.0,95.0,47.0,,1.0,,28.0,77.0,8.0,2.0,37.0,1314.0,128.0,38.0,37.0,34.0,101178.0,27.0,91.0,9.0,,,,,431.75,5.61
3895074,2026,actual,306.0,54.0,1.0,40.0,56.0,466.0,1.0,4.0,17.0,82.0,13.0,2.0,48.0,1379.6,138.0,42.0,41.0,44.0,113127.0,30.0,90.0,14.0,457.0,1841.0,3.0,,491.0,5.99
3895074,2027,projected,284.0,52.0,1.0,47.0,54.0,,1.0,,19.0,82.0,13.0,2.0,45.0,1320.72,140.0,40.0,39.0,44.0,108299.04,30.0,95.0,14.0,,,,,473.2,5.77
3895074,2027,actual,,,,,,,,,,,,,,,,,,,,,,,,,,,,
3899933,2023,projected,116.0,9.0,0.0,12.0,21.0,554.0,0.0,2.0,3.0,69.0,3.0,0.0,16.0,984.0,45.0,18.0,6.0,22.0,67896.0,30.0,29.0,3.0,528.0,322.0,,,170.2,2.47
3899933,2023,actual,154.0,21.0,0.0,20.0,21.0,554.0,0.0,2.0,-4.0,81.0,3.0,0.0,23.0,1001.22,65.0,18.0,18.0,24.0,81099.0,43.0,42.0,3.0,528.0,1581.0,,,241.0,2.98
3899933,2024,projected,135.0,14.0,0.0,13.0,14.0,623.0,0.0,5.0,-8.0,71.0,2.0,0.0,21.0,1014.0,49.0,12.0,12.0,22.0,71994.0,34.0,28.0,2.0,697.0,1720.0,,,195.05,2.75
3899933,2024,actual,169.0,22.0,0.0,11.0,22.0,623.0,0.0,5.0,-13.0,82.0,6.0,0.0,27.0,1077.0,67.0,16.0,16.0,22.0,88314.0,61.0,40.0,6.0,697.0,1720.0,,,264.85,3.23
3899933,2025,projected,167.0,20.0,,18.0,20.0,,,,-10.0,81.0,5.0,,26.0,1050.0,67.0,15.0,15.0,26.0,85050.0,49.0,41.0,5.0,,,,,253.55,3.13
3899933,2025,actual,149.0,34.0,0.0,23.0,34.0,596.0,0.0,3.0,2.0,82.0,9.0,0.0,29.0,1043.02,82.0,25.0,25.0,34.0,85528.0,54.0,53.0,9.0,691.0,1645.0,1.0,,304.05,3.71
3899933,2026,projected,162.0,26.0,,19.0,26.0,,,,4.0,82.0,7.0,,28.0,1044.0,72.0,19.0,19.0,28.0,85608.0,58.0,44.0,7.0,,,,,273.9,3.34
3899933,2026,actual,143.0,21.0,0.0,11.0,21.0,557.0,0.0,2.0,2.0,80.0,6.0,0.0,19.0,1082.26,58.0,15.0,15.0,46.0,86581.0,53.0,39.0,6.0,777.0,1663.0,,,236.85,2.96
3899933,2027,projected,151.0,26.0,,12.0,26.0,,,,1.0,84.0,7.0,,22.0,1102.56,65.0,19.0,19.0,44.0,92615.04,56.0,43.0,7.0,,,,,257.45,3.06
3899933,2027,actual,,,,,,,,,,,,,,,,,,,,,,,,,,,,
3899937,2023,projected,235.0,26.0,2.0,68.0,30.0,4.0,2.0,4.0,22.0,75.0,6.0,4.0,33.0,1266.0,98.0,22.0,20.0,24.0,94950.0,42.0,65.0,8.0,0.0,13.0,,,353.55,4.71
3899937,2023,actual,196.0,36.0,4.0,53.0,41.0,4.0,1.0,4.0,18.0,80.0,9.0,5.0,30.0,1276.58,99.0,28.0,27.0,28.0,102126.0,45.0,69.0,13.0,0.0,1929.0,,,354.3,4.43
3899937,2024,projected,220.0,33.0,3.0,68.0,38.0,12.0,2.0,2.0,23.0,77.0,8.0,5.0,34.0,1296.0,102.0,27.0,25.0,26.0,99792.0,43.0,68.0,11.0,4.0,1632.0,1.0,,367.8,4.78
3899937,2024,actual,158.0,27.0,1.0,49.0,28.0,12.0,0.0,2.0,21.0,69.0,8.0,1.0,26.0,1276.59,85.0,19.0,19.0,18.0,88085.0,51.0,59.0,9.0,4.0,1632.0,1.0,,299.4,4.34
3899937,2025,projected,198.0,29.0,2.0,54.0,33.0,,2.0,,22.0,75.0,8.0,4.0,31.0,1278.0,94.0,23.0,21.0,22.0,95850.0,41.0,63.0,10.0,,,,,329.9,4.4
3899937,2025,actual,173.0,33.0,1.0,49.0,35.0,24.0,1.0,7.0,18.0,81.0,6.0,2.0,27.0,1278.93,102.0,28.0,27.0,14.0,103593.0,40.0,75.0,7.0,10.0,2001.0,1.0,,338.65,4.18
3899937,2026,projected,202.0,29.0,1.0,47.0,31.0,,1.0,,19.0,78.0,12.0,2.0,33.0,1284.0,87.0,18.0,17.0,18.0,100152.0,39.0,54.0,13.0,,,,,314.2,4.03
3899937,2026,actual,165.0,24.0,0.0,24.0,25.0,222.0,1.0,2.0,17.0,81.0,5.0,1.0,24.0,1197.46,80.0,20.0,19.0,24.0,96994.0,46.0,56.0,5.0,150.0,1755.0,1.0,,283.15,3.5
3899937,2027,projected,177.0,26.0,,31.0,26.0,,,,18.0,82.0,6.0,,27.0,1164.06,87.0,20.0,20.0,23.0,95452.92,47.0,60.0,6.0,,,,,299.35,3.65
3899937,2027,actual,,,,,,,,,,,,,,,,,,,,,,,,,,,,
3899938,2023,projected,235.0,34.0,0.0,57.0,34.0,231.0,0.0,9.0,33.0,76.0,16.0,0.0,39.0,1248.0,94.0,18.0,18.0,58.0,94848.0,42.0,55.0,16.0,222.0,11.0,3.0,,384.45,5.06
3899938,2023,actual,306.0,37.0,0.0,77.0,37.0,231.0,0.0,9.0,15.0,82.0,13.0,0.0,55.0,1333.45,105.0,24.0,24.0,82.0,109343.0,41.0,50.0,13.0,222.0,1995.0,3.0,,453.7,5.53
3899938,2024,projected,287.0,37.0,0.0,68.0,37.0,236.0,0.0,9.0,32.0,77.0,15.0,0.0,46.0,1320.0,99.0,22.0,22.0,64.0,101640.0,42.0,53.0,15.0,275.0,1861.0,1.0,,413.55,5.37
3899938,2024,actual,271.0,40.0,0.0,45.0,40.0,236.0,0.0,9.0,19.0,80.0,14.0,0.0,42.0,1374.34,104.0,26.0,26.0,50.0,109947.0,49.0,62.0,14.0,275.0,1861.0,1.0,,410.75,5.13
3899938,2025,projected,297.0,38.0,,59.0,38.0,,,,18.0,80.0,13.0,,51.0,1338.0,106.0,25.0,25.0,62.0,107040.0,42.0,55.0,13.0,,,,,420.65,5.26
3899938,2025,actual,212.0,26.0,0.0,48.0,26.0,120.0,0.0,6.0,13.0,82.0,11.0,0.0,32.0,1274.95,88.0,15.0,15.0,60.0,104546.0,44.0,56.0,11.0,135.0,1882.0,3.0,,351.3,4.28
3899938,2026,projected,231.0,39.0,,53.0,39.0,,,,18.0,80.0,14.0,,37.0,1182.0,92.0,25.0,25.0,52.0,94560.0,44.0,55.0,14.0,,,,,358.55,4.48
3899938,2026,actual,139.0,34.0,0.0,48.0,34.0,47.0,0.0,1.0,0.0,64.0,6.0,0.0,22.0,1210.55,77.0,28.0,28.0,93.0,77475.0,30.0,55.0,6.0,37.0,1356.0,,,298.05,4.66
3899938,2027,projected,161.0,34.0,,49.0,34.0,,,,4.0,71.0,8.0,,27.0,1281.25,84.0,26.0,26.0,86.0,90968.75,37.0,57.0,8.0,,,,,322.65,4.54
3899938,2027,actual,,,,,,,,,,,,,,,,,,,,,,,,,,,,
3899946,2023,projected,173.0,18.0,0.0,28.0,18.0,188.0,0.0,5.0,10.0,77.0,2.0,0.0,20.0,1116.0,68.0,16.0,16.0,46.0,85932.0,29.0,48.0,2.0,104.0,139.0,,,254.55,3.31
3899946,2023,actual,139.0,18.0,0.0,25.0,18.0,188.0,0.0,5.0,7.0,58.0,3.0,0.0,14.0,1123.09,51.0,15.0,15.0,22.0,65139.0,34.0,37.0,3.0,104.0,1217.0,,,196.75,3.39
3899946,2024,projected,168.0,23.0,0.0,34.0,23.0,65.0,0.0,4.0,11.0,72.0,4.0,0.0,18.0,1116.0,64.0,19.0,19.0,28.0,80352.0,34.0,46.0,4.0,49.0,1770.0,,,239.9,3.33
3899946,2024,actual,240.0,25.0,0.0,48.0,25.0,65.0,0.0,4.0,-4.0,80.0,5.0,0.0,23.0,1207.95,80.0,20.0,20.0,34.0,96636.0,52.0,57.0,5.0,49.0,1770.0,,,309.8,3.87
3899946,2025,projected,188.0,22.0,,42.0,22.0,,,,-5.0,72.0,4.0,,19.0,1170.0,64.0,18.0,18.0,28.0,84240.0,41.0,45.0,4.0,,,,,245.7,3.41
3899946,2025,actual,78.0,4.0,0.0,24.0,4.0,30.0,0.0,1.0,10.0,30.0,1.0,0.0,6.0,1220.97,20.0,3.0,3.0,4.0,36629.0,24.0,14.0,1.0,22.0,648.0,,,85.4,2.85
3899946,2026,projected,179.0,20.0,,41.0,20.0,,,,8.0,67.0,4.0,,18.0,1188.0,57.0,16.0,16.0,28.0,79596.0,38.0,39.0,4.0,,,,,225.85,3.37
3899946,2026,actual,184.0,20.0,0.0,29.0,20.0,318.0,0.0,4.0,10.0,81.0,2.0,0.0,19.0,1239.05,72.0,18.0,18.0,61.0,100363.0,50.0,53.0,2.0,210.0,1724.0,,,282.4,3.49
3899946,2027,projected,176.0,19.0,,33.0,19.0,,,,10.0,76.0,3.0,,17.0,1167.8,66.0,16.0,16.0,49.0,88752.8,47.0,49.0,3.0,,,,,255.3,3.36
3899946,2027,actual,,,,,,,,,,,,,,,,,,,,,,,,,,,,
3899949,2023,projected,141.0,7.0,1.0,73.0,9.0,162.0,2.0,3.0,-3.0,70.0,3.0,3.0,16.0,990.0,37.0,6.0,4.0,16.0,69300.0,21.0,21.0,3.0,134.0,320.0,,,163.05,2.33
3899949,2023,actual,131.0,8.0,0.0,67.0,9.0,162.0,1.0,3.0,26.0,82.0,3.0,1.0,21.0,964.29,57.0,6.0,5.0,16.0,79072.0,21.0,36.0,3.0,134.0,1782.0,,,202.45,2.47
3899949,2024,projected,134.0,7.0,0.0,72.0,8.0,483.0,1.0,6.0,16.0,76.0,3.0,1.0,17.0,966.0,44.0,5.0,4.0,20.0,73416.0,19.0,27.0,3.0,585.0,1806.0,,,177.2,2.33
3899949,2024,actual,148.0,15.0,0.0,92.0,15.0,483.0,0.0,6.0,12.0,78.0,6.0,0.0,21.0,1086.4,59.0,9.0,9.0,18.0,84739.0,34.0,38.0,6.0,585.0,1806.0,,,227.7,2.92
3899949,2025,projected,149.0,11.0,,86.0,11.0,,,,19.0,79.0,4.0,,21.0,1056.0,60.0,7.0,7.0,16.0,83424.0,27.0,39.0,4.0,,,,,215.85,2.73
3899949,2025,actual,132.0,7.0,2.0,63.0,10.0,346.0,1.0,5.0,-8.0,82.0,2.0,3.0,14.0,1143.74,47.0,6.0,5.0,21.0,93787.0,26.0,33.0,4.0,393.0,1947.0,,,185.3,2.26
3899949,2026,projected,154.0,9.0,1.0,71.0,11.0,,1.0,,-10.0,80.0,3.0,2.0,18.0,1104.0,49.0,7.0,6.0,22.0,88320.0,28.0,31.0,4.0,,,,,195.6,2.44
3899949,2026,actual,131.0,22.0,0.0,64.0,22.0,459.0,0.0,4.0,4.0,78.0,11.0,0.0,30.0,1010.77,65.0,11.0,11.0,28.0,78840.0,26.0,35.0,11.0,524.0,1564.0,2.0,,252.65,3.24
3899949,2027,projected,138.0,19.0,,71.0,19.0,,,,3.0,81.0,9.0,,27.0,1022.11,64.0,10.0,10.0,26.0,82790.91,29.0,37.0,9.0,,,,,238.1,2.94
3899949,2027,actual,,,,,,,,,,,,,,,,,,,,,,,,,,,,
3899951,2023,projected,,,,,,,,,,,,,,,,,,,,,,,,,,,,
3899951,2023,actual,151.0,8.0,0.0,194.0,8.0,49.0,0.0,3.0,-3.0,77.0,6.0,0.0,24.0,1065.39,45.0,2.0,2.0,35.0,82035.0,58.0,21.0,6.0,33.0,1986.0,,,227.65,2.96
3899951,2024,projected,142.0,9.0,1.0,186.0,10.0,62.0,1.0,2.0,-5.0,75.0,5.0,1.0,23.0,1056.0,44.0,4.0,4.0,45.0,79200.0,46.0,21.0,6.0,28.0,1855.0,,,222.6,2.97
3899951,2024,actual,171.0,10.0,0.0,157.0,11.0,62.0,1.0,2.0,-7.0,81.0,7.0,1.0,23.0,1009.02,42.0,4.0,3.0,36.0,81731.0,57.0,19.0,7.0,28.0,1855.0,,,223.45,2.76
3899951,2025,projected,163.0,10.0,,189.0,10.0,,,,-9.0,80.0,6.0,,24.0,1032.0,46.0,4.0,4.0,34.0,82560.0,61.0,22.0,6.0,,,,,231.15,2.89
3899951,2025,actual,126.0,1.0,0.0,193.0,1.0,22.0,0.0,2.0,-4.0,81.0,1.0,0.0,12.0,823.78,18.0,0.0,0.0,39.0,66726.0,46.0,6.0,1.0,19.0,1617.0,,,144.3,1.78
3899951,2026,projected,159.0,6.0,,196.0,6.0,,,,-8.0,81.0,4.0,,22.0,942.0,45.0,2.0,2.0,40.0,76302.0,56.0,23.0,4.0,,,,,224.35,2.77
3899951,2026,actual,141.0,1.0,1.0,212.0,3.0,53.0,1.0,4.0,20.0,81.0,1.0,2.0,24.0,995.81,44.0,1.0,0.0,46.0,80661.0,52.0,20.0,2.0,28.0,1892.0,,,225.45,2.78
3899951,2027,projected,146.0,2.0,1.0,201.0,4.0,,1.0,,13.0,83.0,2.0,2.0,24.0,945.65,42.0,1.0,,44.0,78489.03,52.0,18.0,3.0,,,,,217.6,2.62
3899951,2027,actual,,,,,,,,,,,,,,,,,,,,,,,,,,,,
3899952,2023,projected,285.0,25.0,2.0,29.0,27.0,5.0,0.0,8.0,-2.0,80.0,9.0,2.0,45.0,1314.0,87.0,16.0,16.0,12.0,105120.0,21.0,42.0,11.0,2.0,29.0,2.0,,344.65,4.31
3899952,2023,actual,273.0,29.0,0.0,43.0,29.0,5.0,0.0,8.0,-11.0,82.0,8.0,0.0,31.0,1231.76,80.0,21.0,21.0,20.0,101004.0,24.0,49.0,8.0,2.0,1863.0,2.0,,318.05,3.88
3899952,2024,projected,279.0,28.0,1.0,40.0,29.0,5.0,0.0,10.0,-6.0,80.0,8.0,1.0,38.0,1248.0,85.0,20.0,20.0,18.0,99840.0,23.0,47.0,9.0,2.0,1368.0,1.0,,335.25,4.19
3899952,2024,actual,221.0,19.0,0.0,13.0,19.0,5.0,0.0,10.0,-6.0,65.0,5.0,0.0,34.0,1183.48,61.0,14.0,14.0,6.0,76926.0,19.0,27.0,5.0,2.0,1368.0,1.0,,250.05,3.85
3899952,2025,projected,281.0,29.0,,39.0,29.0,,,,-10.0,78.0,8.0,,42.0,1236.0,90.0,21.0,21.0,18.0,96408.0,23.0,48.0,8.0,,,,,335.15,4.3
3899952,2025,actual,267.0,28.0,2.0,21.0,30.0,7.0,0.0,8.0,17.0,82.0,9.0,2.0,41.0,1223.68,97.0,19.0,19.0,25.0,100342.0,46.0,56.0,11.0,1.0,1786.0,1.0,,372.85,4.55
3899952,2026,projected,278.0,27.0,1.0,25.0,29.0,,1.0,,-7.0,76.0,10.0,2.0,42.0,1218.0,93.0,18.0,17.0,22.0,92568.0,29.0,51.0,11.0,,,,,347.0,4.57
3899952,2026,actual,274.0,19.0,2.0,36.0,22.0,1.0,1.0,5.0,-2.0,82.0,5.0,3.0,39.0,1290.38,92.0,15.0,14.0,16.0,105811.0,19.0,53.0,7.0,0.0,1833.0,1.0,,337.6,4.12
3899952,2027,projected,278.0,21.0,2.0,32.0,25.0,,2.0,,,83.0,6.0,4.0,40.0,1241.86,91.0,17.0,15.0,17.0,103074.38,24.0,51.0,8.0,,,,,334.7,4.03
3899952,2027,actual,,,,,,,,,,,,,,,,,,,,,,,,,,,,
3899978,2023,projected,307.0,14.0,0.0,156.0,14.0,36.0,0.0,5.0,-8.0,80.0,8.0,0.0,34.0,1128.0,66.0,6.0,6.0,45.0,90240.0,42.0,32.0,8.0,21.0,58.0,1.0,,320.85,4.01
3899978,2023,actual,327.0,23.0,0.0,154.0,23.0,36.0,0.0,5.0,-19.0,78.0,17.0,0.0,40.0,1163.29,66.0,6.0,6.0,43.0,90737.0,37.0,26.0,17.0,21.0,1734.0,1.0,,337.15,4.32
3899978,2024,projected,344.0,24.0,0.0,161.0,24.0,46.0,0.0,4.0,11.0,78.0,16.0,0.0,42.0,1164.0,83.0,8.0,8.0,48.0,90792.0,60.0,41.0,16.0,44.0,1526.0,1.0,,391.1,5.01
3899978,2024,actual,207.0,17.0,0.0,102.0,17.0,46.0,0.0,4.0,-28.0,69.0,10.0,0.0,28.0,1056.09,52.0,7.0,7.0,45.0,72870.0,42.0,24.0,10.0,44.0,1526.0,1.0,,257.95,3.74
3899978,2025,projected,239.0,18.0,,132.0,18.0,,,,-21.0,72.0,12.0,,30.0,1104.0,57.0,6.0,6.0,32.0,79488.0,38.0,27.0,12.0,,,,,266.95,3.71
3899978,2025,actual,239.0,13.0,0.0,137.0,13.0,18.0,0.0,5.0,7.0,80.0,7.0,0.0,26.0,1071.58,53.0,6.0,6.0,58.0,85726.0,65.0,27.0,7.0,8.0,1714.0,,,281.95,3.52
3899978,2026,projected,228.0,16.0,,119.0,16.0,,,,10.0,78.0,9.0,,27.0,1074.0,55.0,7.0,7.0,46.0,83772.0,59.0,28.0,9.0,,,,,270.9,3.47
3899978,2026,actual,269.0,10.0,0.0,131.0,10.0,68.0,0.0,5.0,-16.0,77.0,6.0,0.0,24.0,1110.97,44.0,4.0,4.0,22.0,85545.0,53.0,20.0,6.0,57.0,1632.0,,,242.85,3.15
3899978,2027,projected,277.0,12.0,,128.0,12.0,,,,-14.0,79.0,7.0,,26.0,1113.34,46.0,5.0,5.0,32.0,87953.86,57.0,20.0,7.0,,,,,254.05,3.22
3899978,2027,actual,,,,,,,,,,,,,,,,,,,,,,,,,,,,
3899979,2023,projected,201.0,16.0,0.0,29.0,16.0,35.0,0.0,3.0,-2.0,72.0,9.0,0.0,27.0,1116.0,57.0,7.0,7.0,16.0,80352.0,23.0,30.0,9.0,22.0,166.0,,,229.15,3.18
3899979,2023,actual,178.0,16.0,0.0,49.0,16.0,35.0,0.0,3.0,-20.0,74.0,6.0,0.0,18.0,1034.34,55.0,10.0,10.0,24.0,76541.0,32.0,37.0,6.0,22.0,1573.0,,,219.4,2.96
3899979,2024,projected,180.0,15.0,0.0,44.0,15.0,12.0,0.0,4.0,-12.0,72.0,7.0,0.0,19.0,1026.0,43.0,8.0,8.0,22.0,73872.0,29.0,24.0,7.0,13.0,1837.0,3.0,,203.9,2.83
3899979,2024,actual,204.0,25.0,0.0,50.0,25.0,12.0,0.0,4.0,23.0,81.0,16.0,0.0,40.0,1116.14,73.0,9.0,9.0,14.0,90407.0,29.0,33.0,16.0,13.0,1837.0,3.0,,297.0,3.67
3899979,2025,projected,201.0,21.0,,54.0,21.0,,,,19.0,71.0,11.0,,27.0,1110.0,56.0,10.0,10.0,18.0,78810.0,31.0,29.0,11.0,,,,,235.15,3.31
3899979,2025,actual,145.0,20.0,0.0,76.0,20.0,39.0,0.0,3.0,-25.0,75.0,9.0,0.0,25.0,1089.68,50.0,11.0,11.0,16.0,81726.0,34.0,25.0,9.0,16.0,1646.0,,,211.35,2.82
3899979,2026,projected,198.0,21.0,,66.0,21.0,,,,18.0,77.0,12.0,,27.0,1098.0,56.0,9.0,9.0,18.0,84546.0,31.0,29.0,12.0,,,,,236.1,3.07
3899979,2026,actual,166.0,19.0,1.0,54.0,20.0,78.0,0.0,3.0,-48.0,75.0,6.0,1.0,22.0,1143.2,48.0,13.0,13.0,8.0,85740.0,26.0,26.0,7.0,58.0,1611.0,1.0,,202.4,2.7
3899979,2027,projected,179.0,22.0,1.0,67.0,24.0,,1.0,,-38.0,81.0,8.0,2.0,27.0,1134.05,57.0,15.0,14.0,10.0,91858.05,30.0,30.0,9.0,,,,,230.45,2.85
3899979,2027,actual,,,,,,,,,,,,,,,,,,,,,,,,,,,,
3900154,2023,projected,,,,,,,,,,,,,,,,,,,,,,,,,,,,
3900154,2023,actual,18.0,0.0,0.0,16.0,0.0,7.0,0.0,0.0,4.0,22.0,0.0,0.0,3.0,649.18,5.0,0.0,0.0,12.0,14282.0,11.0,2.0,0.0,2.0,338.0,,,30.6,1.39
3900154,2024,projected,,,,,,,,,,,,,,,,,,,,,,,,,,,,
3900154,2024,actual,37.0,0.0,0.0,61.0,0.0,0.0,0.0,0.0,-4.0,45.0,0.0,0.0,0.0,492.49,4.0,0.0,0.0,21.0,22162.0,13.0,4.0,0.0,2.0,553.0,,,40.35,0.9
3900154,2025,projected,,,,,,,,,,,,,,,,,,,,,,,,,,,,
3900154,2025,actual,49.0,0.0,0.0,136.0,0.0,102.0,0.0,1.0,-13.0,62.0,0.0,0.0,2.0,655.66,6.0,0.0,0.0,21.0,40651.0,41.0,4.0,0.0,117.0,938.0,,,71.85,1.16
3900154,2026,projected,,,,,,,,,,,,,,,,,,,,,,,,,,,,
3900154,2026,actual,37.0,0.0,0.0,113.0,0.0,90.0,0.0,0.0,-6.0,44.0,0.0,0.0,3.0,575.43,8.0,0.0,0.0,28.0,25319.0,24.0,5.0,0.0,95.0,616.0,,,65.55,1.49
3900154,2027,projected,,,,,,,,,,,,,,,,,,,,,,,,,,,,
3900154,2027,actual,,,,,,,,,,,,,,,,,,,,,,,,,,,,
3900169,2023,projected,212.0,19.0,3.0,73.0,19.0,32.0,3.0,6.0,-13.0,77.0,5.0,6.0,24.0,1050.0,59.0,14.0,14.0,54.0,80850.0,32.0,35.0,5.0,28.0,128.0,1.0,,275.3,3.58
3900169,2023,actual,191.0,15.0,3.0,55.0,21.0,32.0,3.0,6.0,-12.0,60.0,5.0,6.0,31.0,1206.98,61.0,13.0,10.0,77.0,72419.0,38.0,30.0,8.0,28.0,1496.0,1.0,,291.75,4.86
3900169,2024,projected,237.0,21.0,3.0,67.0,27.0,58.0,3.0,5.0,-8.0,74.0,8.0,6.0,38.0,1200.0,77.0,16.0,13.0,77.0,88800.0,42.0,39.0,11.0,39.0,1839.0,,,345.95,4.67
3900169,2024,actual,244.0,9.0,6.0,85.0,16.0,58.0,1.0,5.0,4.0,76.0,4.0,7.0,33.0,1190.42,68.0,6.0,5.0,67.0,90472.0,32.0,35.0,10.0,39.0,1839.0,,,312.5,4.11
3900169,2025,projected,258.0,12.0,5.0,76.0,22.0,,5.0,,6.0,74.0,4.0,10.0,35.0,1176.0,71.0,13.0,8.0,78.0,87024.0,37.0,36.0,9.0,,,,,329.6,4.45
3900169,2025,actual,188.0,17.0,1.0,94.0,20.0,61.0,2.0,3.0,-17.0,82.0,8.0,3.0,24.0,1236.17,76.0,11.0,9.0,53.0,101366.0,42.0,52.0,9.0,39.0,1953.0,,,299.4,3.65
3900169,2026,projected,227.0,16.0,3.0,91.0,22.0,,3.0,,-15.0,79.0,6.0,6.0,30.0,1206.0,64.0,13.0,10.0,66.0,95274.0,38.0,34.0,9.0,,,,,295.85,3.74
3900169,2026,actual,168.0,14.0,1.0,108.0,16.0,33.0,1.0,2.0,14.0,77.0,2.0,2.0,27.0,1145.4,68.0,13.0,12.0,59.0,88196.0,38.0,41.0,3.0,20.0,1804.0,1.0,,280.3,3.64
3900169,2027,projected,191.0,14.0,2.0,103.0,18.0,,2.0,,8.0,80.0,3.0,4.0,27.0,1180.1,69.0,13.0,11.0,62.0,94408.0,39.0,42.0,5.0,,,,,288.05,3.6
3900169,2027,actual,,,,,,,,,,,,,,,,,,,,,,,,,,,,
3900240,2023,projected,,,,,,,,,,,,,,,,,,,,,,,,,,,,
3900240,2023,actual,191.0,14.0,0.0,85.0,15.0,11.0,1.0,6.0,26.0,64.0,6.0,1.0,27.0,1006.98,50.0,9.0,8.0,16.0,64447.0,22.0,23.0,6.0,4.0,1496.0,,,219.25,3.43
3900240,2024,projected,209.0,17.0,2.0,74.0,18.0,16.0,1.0,3.0,16.0,70.0,7.0,1.0,29.0,1050.0,56.0,11.0,10.0,14.0,73500.0,24.0,27.0,7.0,7.0,1853.0,,,239.65,3.42
3900240,2024,actual,183.0,10.0,2.0,92.0,12.0,16.0,0.0,3.0,4.0,80.0,2.0,2.0,19.0,1009.94,40.0,8.0,8.0,18.0,80795.0,48.0,21.0,4.0,7.0,1853.0,,,199.95,2.5
3900240,2025,projected,179.0,11.0,1.0,91.0,13.0,,1.0,,12.0,73.0,3.0,2.0,23.0,1008.0,46.0,9.0,8.0,16.0,73584.0,36.0,23.0,4.0,,,,,204.85,2.81
3900240,2025,actual,171.0,19.0,0.0,96.0,19.0,18.0,0.0,4.0,-15.0,82.0,14.0,0.0,28.0,998.95,48.0,5.0,5.0,18.0,81914.0,48.0,20.0,14.0,11.0,1792.0,1.0,,232.85,2.84
3900240,2026,projected,181.0,15.0,,99.0,15.0,,,,-12.0,81.0,8.0,,26.0,1002.0,49.0,7.0,7.0,18.0,81162.0,48.0,23.0,8.0,,,,,223.65,2.76
3900240,2026,actual,219.0,24.0,0.0,66.0,24.0,19.0,0.0,1.0,-31.0,81.0,19.0,0.0,23.0,1011.86,42.0,5.0,5.0,12.0,81961.0,35.0,19.0,19.0,14.0,1701.0,,,214.35,2.65
3900240,2027,projected,218.0,23.0,,74.0,23.0,,,,-26.0,83.0,17.0,,25.0,974.53,45.0,6.0,6.0,13.0,80885.99,38.0,20.0,17.0,,,,,222.4,2.68
3900240,2027,actual,,,,,,,,,,,,,,,,,,,,,,,,,,,,
3900260,2023,projected,124.0,3.0,0.0,169.0,0.0,12.0,0.0,0.0,16.0,74.0,1.0,0.0,12.0,918.0,34.0,0.0,2.0,59.0,67932.0,34.0,22.0,0.0,2.0,309.0,,,176.4,2.38
3900260,2023,actual,99.0,0.0,0.0,107.0,0.0,12.0,0.0,0.0,-6.0,62.0,0.0,0.0,6.0,810.29,11.0,0.0,0.0,26.0,50238.0,39.0,5.0,0.0,2.0,1068.0,,,95.95,1.55
3900260,2024,projected,,,,,,,,,,,,,,,,,,,,,,,,,,,,
3900260,2024,actual,107.0,3.0,0.0,129.0,4.0,40.0,1.0,1.0,11.0,67.0,1.0,1.0,10.0,1034.97,28.0,3.0,2.0,64.0,69343.0,65.0,18.0,1.0,17.0,1401.0,,,174.15,2.6
3900260,2025,projected,,,,,,,,,,,,,,,,,,,,,,,,,,,,
3900260,2025,actual,36.0,0.0,0.0,97.0,0.0,27.0,0.0,0.0,-4.0,34.0,0.0,0.0,3.0,904.44,8.0,0.0,0.0,45.0,30751.0,29.0,5.0,0.0,7.0,751.0,,,74.7,2.2
3900260,2026,projected,,,,,,,,,,,,,,,,,,,,,,,,,,,,
3900260,2026,actual,32.0,0.0,0.0,56.0,0.0,25.0,0.0,0.0,-10.0,40.0,0.0,0.0,1.0,746.7,6.0,0.0,0.0,29.0,29868.0,22.0,5.0,0.0,8.0,734.0,,,52.1,1.3
3900260,2027,projected,,,,,,,,,,,,,,,,,,,,,,,,,,,,
3900260,2027,actual,,,,,,,,,,,,,,,,,,,,,,,,,,,,
3904091,2023,projected,203.0,13.0,2.0,131.0,26.0,702.0,1.0,1.0,13.0,74.0,8.0,1.0,24.0,1110.0,52.0,12.0,5.0,22.0,82140.0,39.0,28.0,14.0,684.0,140.0,,,238.85,3.23
3904091,2023,actual,247.0,23.0,2.0,119.0,26.0,702.0,1.0,1.0,4.0,78.0,12.0,3.0,23.0,1139.68,61.0,12.0,11.0,44.0,88895.0,55.0,38.0,14.0,684.0,1659.0,,,291.65,3.74
3904091,2024,projected,245.0,24.0,1.0,131.0,26.0,806.0,1.0,5.0,15.0,78.0,12.0,2.0,27.0,1140.0,66.0,13.0,12.0,38.0,88920.0,53.0,39.0,13.0,796.0,1738.0,1.0,,307.85,3.95
3904091,2024,actual,267.0,21.0,1.0,147.0,22.0,806.0,0.0,5.0,18.0,77.0,12.0,1.0,30.0,1231.65,64.0,9.0,9.0,60.0,94837.0,55.0,34.0,13.0,796.0,1738.0,1.0,,323.45,4.2
3904091,2025,projected,254.0,22.0,1.0,143.0,24.0,,1.0,,14.0,78.0,12.0,2.0,29.0,1182.0,62.0,11.0,10.0,54.0,92196.0,54.0,33.0,13.0,,,,,304.8,3.91
3904091,2025,actual,140.0,10.0,0.0,82.0,10.0,459.0,0.0,1.0,9.0,46.0,5.0,0.0,14.0,1185.98,29.0,5.0,5.0,22.0,54555.0,36.0,15.0,5.0,408.0,952.0,1.0,,155.7,3.38
3904091,2026,projected,233.0,15.0,1.0,133.0,17.0,,1.0,,16.0,74.0,8.0,2.0,24.0,1182.0,61.0,8.0,7.0,28.0,87468.0,54.0,37.0,9.0,,,,,273.05,3.69
3904091,2026,actual,194.0,16.0,0.0,106.0,16.0,709.0,0.0,3.0,16.0,70.0,7.0,0.0,19.0,1144.74,51.0,9.0,9.0,32.0,80132.0,34.0,32.0,7.0,681.0,1427.0,,,227.6,3.25
3904091,2027,projected,201.0,16.0,,121.0,16.0,,,,15.0,73.0,7.0,,20.0,1119.11,51.0,9.0,9.0,36.0,81695.03,39.0,31.0,7.0,,,,,233.35,3.2
3904091,2027,actual,,,,,,,,,,,,,,,,,,,,,,,,,,,,
3904098,2023,projected,127.0,8.0,2.0,55.0,12.0,489.0,1.0,2.0,5.0,78.0,3.0,3.0,17.0,942.0,46.0,8.0,5.0,8.0,73476.0,22.0,29.0,4.0,400.0,295.0,,,173.75,2.23
3904098,2023,actual,123.0,9.0,2.0,42.0,12.0,489.0,1.0,2.0,-14.0,77.0,2.0,3.0,11.0,986.79,44.0,8.0,7.0,10.0,75983.0,53.0,33.0,4.0,400.0,1537.0,,,177.95,2.31
3904098,2024,projected,126.0,8.0,1.0,52.0,9.0,72.0,1.0,3.0,-6.0,79.0,3.0,1.0,15.0,990.0,44.0,6.0,5.0,12.0,78210.0,41.0,29.0,3.0,54.0,1172.0,,,177.7,2.25
3904098,2024,actual,117.0,4.0,1.0,23.0,5.0,72.0,0.0,3.0,-10.0,59.0,0.0,1.0,9.0,933.27,31.0,4.0,4.0,16.0,55063.0,24.0,22.0,1.0,54.0,1172.0,,,129.55,2.2
3904098,2025,projected,128.0,2.0,,43.0,2.0,,,,8.0,75.0,,,10.0,864.0,33.0,2.0,2.0,18.0,64800.0,24.0,23.0,,,,,,134.3,1.79
3904098,2025,actual,139.0,2.0,0.0,14.0,2.0,163.0,0.0,2.0,-10.0,81.0,1.0,0.0,22.0,829.27,39.0,1.0,1.0,10.0,67171.0,23.0,17.0,1.0,192.0,1386.0,,,156.15,1.93
3904098,2026,projected,,,,,,,,,,,,,,,,,,,,,,,,,,,,
3904098,2026,actual,141.0,6.0,0.0,46.0,6.0,126.0,0.0,5.0,-9.0,69.0,4.0,0.0,21.0,946.2,36.0,2.0,2.0,16.0,65288.0,27.0,15.0,4.0,142.0,1310.0,,,164.35,2.38
3904098,2027,projected,140.0,5.0,,40.0,5.0,,,,-10.0,72.0,3.0,,22.0,884.39,37.0,2.0,2.0,16.0,63676.01,26.0,15.0,3.0,,,,,160.0,2.22
3904098,2027,actual,,,,,,,,,,,,,,,,,,,,,,,,,,,,
3904107,2023,projected,163.0,9.0,0.0,37.0,9.0,10.0,0.0,5.0,-12.0,74.0,4.0,0.0,20.0,1002.0,44.0,5.0,5.0,10.0,74148.0,18.0,24.0,4.0,3.0,294.0,,,177.95,2.4
3904107,2023,actual,176.0,4.0,0.0,78.0,4.0,10.0,0.0,5.0,-10.0,82.0,3.0,0.0,18.0,976.0,40.0,1.0,1.0,24.0,80032.0,30.0,22.0,3.0,3.0,1718.0,,,185.3,2.26
3904107,2024,projected,141.0,3.0,0.0,35.0,3.0,38.0,0.0,0.0,-14.0,72.0,2.0,0.0,10.0,924.0,27.0,1.0,1.0,14.0,66528.0,12.0,17.0,2.0,40.0,1038.0,,,118.25,1.64
3904107,2024,actual,105.0,4.0,0.0,46.0,4.0,38.0,0.0,0.0,-8.0,60.0,2.0,0.0,5.0,814.85,17.0,2.0,2.0,8.0,48891.0,35.0,12.0,2.0,40.0,1038.0,,,94.35,1.57
3904107,2025,projected,120.0,4.0,,37.0,4.0,,,,-15.0,73.0,2.0,,8.0,912.0,20.0,2.0,2.0,12.0,66576.0,22.0,12.0,2.0,,,,,101.7,1.39
3904107,2025,actual,149.0,1.0,1.0,139.0,2.0,13.0,0.0,0.0,2.0,81.0,0.0,1.0,15.0,772.44,25.0,1.0,1.0,14.0,62568.0,36.0,10.0,1.0,11.0,1433.0,,,143.65,1.77
3904107,2026,projected,,,,,,,,,,,,,,,,,,,,,,,,,,,,
3904107,2026,actual,155.0,1.0,0.0,93.0,2.0,43.0,1.0,4.0,7.0,82.0,1.0,1.0,15.0,947.83,28.0,1.0,0.0,30.0,77722.0,48.0,13.0,1.0,44.0,1656.0,,,164.05,2.0
3904107,2027,projected,,,,,,,,,,,,,,,,,,,,,,,,,,,,
3904107,2027,actual,,,,,,,,,,,,,,,,,,,,,,,,,,,,
3904173,2023,projected,219.0,24.0,2.0,71.0,27.0,503.0,1.0,9.0,17.0,80.0,10.0,3.0,36.0,1152.0,82.0,15.0,14.0,36.0,92160.0,28.0,46.0,12.0,531.0,46.0,3.0,,333.85,4.17
3904173,2023,actual,218.0,15.0,3.0,59.0,19.0,503.0,1.0,9.0,8.0,75.0,7.0,4.0,36.0,1169.73,67.0,9.0,8.0,42.0,87730.0,21.0,31.0,10.0,531.0,1707.0,3.0,,297.9,3.97
3904173,2024,projected,220.0,21.0,2.0,67.0,24.0,484.0,1.0,10.0,16.0,78.0,9.0,3.0,36.0,1170.0,72.0,13.0,12.0,40.0,91260.0,22.0,36.0,11.0,571.0,1814.0,1.0,,305.7,3.92
3904173,2024,actual,216.0,32.0,1.0,46.0,34.0,484.0,1.0,10.0,34.0,78.0,11.0,2.0,36.0,1177.65,89.0,22.0,21.0,36.0,91857.0,18.0,53.0,12.0,571.0,1814.0,1.0,,337.1,4.32
3904173,2025,projected,220.0,24.0,2.0,52.0,28.0,,2.0,,22.0,78.0,9.0,4.0,36.0,1170.0,81.0,17.0,15.0,40.0,91260.0,20.0,45.0,11.0,,,,,310.7,3.98
3904173,2025,actual,207.0,23.0,3.0,59.0,30.0,535.0,4.0,9.0,7.0,79.0,5.0,7.0,29.0,1206.01,74.0,22.0,18.0,46.0,95275.0,30.0,45.0,8.0,663.0,1732.0,,,305.65,3.87
3904173,2026,projected,201.0,31.0,2.0,54.0,35.0,,2.0,,19.0,78.0,12.0,4.0,33.0,1188.0,79.0,21.0,19.0,42.0,92664.0,24.0,46.0,14.0,,,,,307.15,3.94
3904173,2026,actual,195.0,27.0,2.0,63.0,33.0,585.0,4.0,4.0,11.0,79.0,7.0,6.0,27.0,1176.75,80.0,24.0,20.0,46.0,92963.0,23.0,53.0,9.0,596.0,1772.0,,,305.55,3.87
3904173,2027,projected,203.0,27.0,2.0,65.0,31.0,,2.0,,13.0,81.0,7.0,4.0,29.0,1120.0,81.0,22.0,20.0,48.0,90720.0,24.0,52.0,9.0,,,,,307.25,3.79
3904173,2027,actual,,,,,,,,,,,,,,,,,,,,,,,,,,,,
3904183,2023,projected,211.0,24.0,2.0,84.0,27.0,230.0,1.0,5.0,14.0,77.0,8.0,3.0,36.0,1086.0,75.0,17.0,16.0,30.0,83622.0,43.0,39.0,10.0,249.0,41.0,2.0,,315.65,4.1
3904183,2023,actual,184.0,21.0,3.0,47.0,24.0,230.0,0.0,5.0,31.0,73.0,9.0,3.0,37.0,1053.47,75.0,12.0,12.0,30.0,76903.0,45.0,38.0,12.0,249.0,1699.0,2.0,,307.2,4.21
3904183,2024,projected,209.0,25.0,3.0,75.0,29.0,248.0,1.0,6.0,26.0,78.0,9.0,4.0,39.0,1086.0,81.0,17.0,16.0,30.0,84708.0,54.0,42.0,12.0,318.0,1838.0,1.0,,335.75,4.3
3904183,2024,actual,182.0,19.0,3.0,32.0,23.0,248.0,1.0,6.0,26.0,80.0,8.0,4.0,30.0,1034.39,65.0,12.0,11.0,22.0,82751.0,38.0,35.0,11.0,318.0,1838.0,1.0,,268.2,3.35
3904183,2025,projected,197.0,22.0,3.0,57.0,28.0,,3.0,,29.0,78.0,9.0,6.0,35.0,1056.0,63.0,16.0,13.0,30.0,82368.0,41.0,28.0,12.0,,,,,275.95,3.54
3904183,2025,actual,160.0,20.0,1.0,53.0,22.0,392.0,1.0,7.0,18.0,76.0,7.0,2.0,28.0,1013.47,67.0,14.0,13.0,30.0,77024.0,46.0,39.0,8.0,458.0,1723.0,,,268.8,3.54
3904183,2026,projected,193.0,22.0,2.0,49.0,26.0,,2.0,,25.0,79.0,9.0,4.0,33.0,1014.0,70.0,15.0,13.0,28.0,80106.0,41.0,37.0,11.0,,,,,282.15,3.57
3904183,2026,actual,126.0,19.0,0.0,59.0,19.0,297.0,0.0,1.0,16.0,53.0,6.0,0.0,15.0,1040.49,44.0,13.0,13.0,18.0,55146.0,18.0,29.0,6.0,430.0,1137.0,,,171.9,3.24
3904183,2027,projected,174.0,25.0,,71.0,25.0,,,,16.0,75.0,9.0,,24.0,999.95,65.0,16.0,16.0,27.0,74996.02,32.0,41.0,9.0,,,,,251.1,3.35
3904183,2027,actual,,,,,,,,,,,,,,,,,,,,,,,,,,,,
3904188,2023,projected,,,,,,,,,,,,,,,,,,,,,,,,,,,,
3904188,2023,actual,140.0,2.0,2.0,167.0,4.0,22.0,0.0,2.0,-7.0,77.0,0.0,2.0,12.0,908.81,24.0,2.0,2.0,47.0,69978.0,30.0,12.0,2.0,14.0,1419.0,,,157.2,2.04
3904188,2024,projected,,,,,,,,,,,,,,,,,,,,,,,,,,,,
3904188,2024,actual,116.0,0.0,0.0,174.0,1.0,121.0,1.0,3.0,15.0,76.0,0.0,1.0,12.0,874.41,17.0,1.0,0.0,40.0,66455.0,36.0,5.0,0.0,99.0,1477.0,,,134.4,1.77
3904188,2025,projected,,,,,,,,,,,,,,,,,,,,,,,,,,,,
3904188,2025,actual,85.0,0.0,2.0,238.0,2.0,27.0,0.0,2.0,-1.0,76.0,0.0,2.0,7.0,750.99,15.0,0.0,0.0,54.0,57075.0,32.0,8.0,2.0,21.0,1134.0,,,131.05,1.72
3904188,2026,projected,,,,,,,,,,,,,,,,,,,,,,,,,,,,
3904188,2026,actual,98.0,0.0,0.0,412.0,0.0,74.0,0.0,1.0,13.0,82.0,0.0,0.0,6.0,796.9,23.0,0.0,0.0,38.0,65346.0,39.0,17.0,0.0,46.0,1262.0,,,157.2,1.92
3904188,2027,projected,102.0,,,371.0,,,,,12.0,83.0,,,7.0,795.33,22.0,,,43.0,66011.98,38.0,15.0,,,,,,154.1,1.86
3904188,2027,actual,,,,,,,,,,,,,,,,,,,,,,,,,,,,
3904191,2023,projected,,,,,,,,,,,,,,,,,,,,,,,,,,,,
3904191,2023,actual,63.0,0.0,2.0,31.0,2.0,246.0,0.0,0.0,3.0,54.0,0.0,2.0,6.0,698.7,9.0,0.0,0.0,20.0,37730.0,28.0,3.0,2.0,280.0,943.0,,,70.85,1.31
3904191,2024,projected,,,,,,,,,,,,,,,,,,,,,,,,,,,,
3904191,2024,actual,81.0,0.0,2.0,69.0,2.0,406.0,0.0,3.0,-10.0,81.0,0.0,2.0,11.0,756.25,15.0,0.0,0.0,62.0,61256.0,55.0,4.0,2.0,429.0,1462.0,,,133.65,1.65
3904191,2025,projected,,,,,,,,,,,,,,,,,,,,,,,,,,,,
3904191,2025,actual,102.0,0.0,1.0,49.0,1.0,432.0,0.0,1.0,-6.0,82.0,0.0,1.0,14.0,861.06,28.0,0.0,0.0,40.0,70607.0,64.0,14.0,1.0,622.0,1783.0,,,155.4,1.9
3904191,2026,projected,,,,,,,,,,,,,,,,,,,,,,,,,,,,
3904191,2026,actual,66.0,0.0,1.0,43.0,2.0,523.0,1.0,0.0,-9.0,80.0,0.0,2.0,4.0,868.71,18.0,1.0,0.0,24.0,69497.0,61.0,14.0,1.0,618.0,1677.0,,,106.3,1.33
3904191,2027,projected,,,,,,,,,,,,,,,,,,,,,,,,,,,,
3904191,2027,actual,,,,,,,,,,,,,,,,,,,,,,,,,,,,
3939658,2023,projected,,,,,,,,,,,,,,,,,,,,,,,,,,,,
3939658,2023,actual,111.0,1.0,1.0,133.0,3.0,285.0,1.0,0.0,-18.0,80.0,1.0,2.0,10.0,710.0,19.0,1.0,0.0,16.0,56800.0,46.0,9.0,2.0,263.0,1370.0,,,124.05,1.55
3939658,2024,projected,,,,,,,,,,,,,,,,,,,,,,,,,,,,
3939658,2024,actual,30.0,0.0,0.0,62.0,0.0,71.0,0.0,1.0,-9.0,38.0,0.0,0.0,1.0,527.21,3.0,0.0,0.0,10.0,20034.0,14.0,2.0,0.0,68.0,500.0,,,33.7,0.89
3939658,2025,projected,,,,,,,,,,,,,,,,,,,,,,,,,,,,
3939658,2025,actual,76.0,0.0,1.0,199.0,1.0,21.0,0.0,5.0,6.0,80.0,0.0,1.0,8.0,633.17,19.0,0.0,0.0,9.0,50654.0,55.0,11.0,1.0,12.0,1265.0,,,123.9,1.55
3939658,2026,projected,,,,,,,,,,,,,,,,,,,,,,,,,,,,
3939658,2026,actual,70.0,0.0,2.0,154.0,2.0,67.0,0.0,0.0,-2.0,71.0,0.0,2.0,7.0,711.94,18.0,0.0,0.0,16.0,50548.0,48.0,11.0,2.0,56.0,1192.0,,,111.9,1.58
3939658,2027,projected,,,,,,,,,,,,,,,,,,,,,,,,,,,,
3939658,2027,actual,,,,,,,,,,,,,,,,,,,,,,,,,,,,
3939718,2023,projected,212.0,11.0,0.0,47.0,12.0,11.0,0.0,2.0,14.0,78.0,3.0,0.0,21.0,1002.0,55.0,10.0,8.0,30.0,78156.0,20.0,34.0,2.0,3.0,206.0,1.0,,225.7,2.89
3939718,2023,actual,167.0,12.0,0.0,47.0,12.0,11.0,0.0,2.0,-6.0,81.0,2.0,0.0,17.0,906.83,46.0,10.0,10.0,31.0,73453.0,20.0,29.0,2.0,3.0,1640.0,1.0,,192.95,2.38
3939718,2024,projected,,,,,,,,,,,,,,,,,,,,,,,,,,,,
3939718,2024,actual,200.0,5.0,0.0,45.0,5.0,8.0,0.0,3.0,19.0,82.0,1.0,0.0,20.0,872.3,47.0,4.0,4.0,35.0,71529.0,34.0,27.0,1.0,2.0,1685.0,,,209.0,2.55
3939718,2025,projected,198.0,9.0,,50.0,9.0,,,,13.0,81.0,2.0,,19.0,882.0,50.0,7.0,7.0,34.0,71442.0,31.0,31.0,2.0,,,,,211.5,2.61
3939718,2025,actual,171.0,16.0,0.0,49.0,16.0,13.0,0.0,4.0,-13.0,81.0,7.0,0.0,19.0,1119.26,50.0,9.0,9.0,52.0,90660.0,58.0,31.0,7.0,5.0,1870.0,,,237.15,2.93
3939718,2026,projected,212.0,12.0,,50.0,12.0,,,,-6.0,81.0,5.0,,23.0,1056.0,51.0,7.0,7.0,38.0,85536.0,41.0,28.0,5.0,,,,,231.0,2.85
3939718,2026,actual,137.0,10.0,1.0,45.0,11.0,19.0,0.0,1.0,-21.0,71.0,2.0,1.0,12.0,1031.51,33.0,8.0,8.0,34.0,73237.0,32.0,21.0,3.0,14.0,1475.0,,,158.75,2.24
3939718,2027,projected,150.0,10.0,1.0,46.0,12.0,,1.0,,-16.0,77.0,3.0,2.0,14.0,1012.45,39.0,8.0,7.0,39.0,77958.65,37.0,25.0,4.0,,,,,181.6,2.36
3939718,2027,actual,,,,,,,,,,,,,,,,,,,,,,,,,,,,
3939856,2023,projected,,,,,,,,,,,,,,,,,,,,,,,,,,,,
3939856,2023,actual,0.0,0.0,0.0,13.0,0.0,0.0,0.0,0.0,-2.0,5.0,0.0,0.0,0.0,449.0,0.0,0.0,0.0,5.0,2245.0,2.0,0.0,0.0,0.0,58.0,,,4.8,0.96
3939856,2024,projected,,,,,,,,,,,,,,,,,,,,,,,,,,,,
3939856,2024,actual,1.0,0.0,0.0,22.0,0.0,0.0,0.0,0.0,1.0,6.0,0.0,0.0,0.0,335.17,0.0,0.0,0.0,7.0,2011.0,1.0,0.0,0.0,0.0,50.0,,,6.45,1.07
3939856,2025,projected,,,,,,,,,,,,,,,,,,,,,,,,,,,,
3939856,2025,actual,10.0,0.0,0.0,45.0,0.0,0.0,0.0,1.0,2.0,16.0,0.0,0.0,1.0,339.94,1.0,0.0,0.0,30.0,5439.0,7.0,0.0,0.0,0.0,138.0,,,29.5,1.84
3939856,2026,projected,,,,,,,,,,,,,,,,,,,,,,,,,,,,
3939856,2026,actual,2.0,0.0,0.0,3.0,0.0,0.0,0.0,0.0,0.0,2.0,0.0,0.0,0.0,458.5,0.0,0.0,0.0,5.0,917.0,0.0,0.0,0.0,0.0,20.0,,,3.3,1.65
3939856,2027,projected,,,,,,,,,,,,,,,,,,,,,,,,,,,,
3939856,2027,actual,,,,,,,,,,,,,,,,,,,,,,,,,,,,
3941546,2023,projected,,,,,,,,,,,,,,,,,,,,,,,,,,,,
3941546,2023,actual,63.0,0.0,0.0,279.0,0.0,16.0,0.0,0.0,6.0,74.0,0.0,0.0,8.0,688.43,18.0,0.0,0.0,68.0,50944.0,31.0,10.0,0.0,8.0,1244.0,,,137.15,1.85
3941546,2024,projected,,,,,,,,,,,,,,,,,,,,,,,,,,,,
3941546,2024,actual,73.0,0.0,1.0,253.0,2.0,9.0,1.0,2.0,-8.0,79.0,0.0,2.0,8.0,651.8,18.0,1.0,0.0,49.0,51492.0,41.0,10.0,1.0,6.0,1215.0,,,137.55,1.74
3941546,2025,projected,,,,,,,,,,,,,,,,,,,,,,,,,,,,
3941546,2025,actual,88.0,0.0,0.0,237.0,1.0,12.0,1.0,3.0,3.0,82.0,0.0,1.0,12.0,791.63,30.0,1.0,0.0,53.0,64914.0,49.0,18.0,0.0,6.0,1429.0,,,172.7,2.11
3941546,2026,projected,,,,,,,,,,,,,,,,,,,,,,,,,,,,
3941546,2026,actual,67.0,0.0,0.0,270.0,1.0,19.0,1.0,0.0,-14.0,82.0,0.0,1.0,6.0,692.23,17.0,1.0,0.0,55.0,56763.0,43.0,11.0,0.0,12.0,1373.0,,,133.75,1.63
3941546,2027,projected,81.0,,,304.0,,,,,-12.0,84.0,,,9.0,739.68,22.0,,,60.0,62133.04,48.0,13.0,,,,,,157.65,1.88
3941546,2027,actual,,,,,,,,,,,,,,,,,,,,,,,,,,,,
3941965,2023,projected,,,,,,,,,,,,,,,,,,,,,,,,,,,,
3941965,2023,actual,66.0,3.0,2.0,80.0,6.0,6.0,1.0,0.0,5.0,56.0,1.0,3.0,3.0,841.46,18.0,3.0,2.0,36.0,47122.0,28.0,15.0,3.0,3.0,1181.0,,,102.5,1.83
3941965,2024,projected,,,,,,,,,,,,,,,,,,,,,,,,,,,,
3941965,2024,actual,124.0,0.0,1.0,89.0,2.0,44.0,1.0,3.0,-4.0,72.0,0.0,2.0,11.0,988.32,35.0,1.0,0.0,51.0,71159.0,49.0,24.0,1.0,22.0,1673.0,,,176.9,2.46
3941965,2025,projected,122.0,,1.0,91.0,2.0,,1.0,,6.0,73.0,,2.0,9.0,948.0,28.0,1.0,,48.0,69204.0,43.0,19.0,1.0,,,,,153.1,2.1
3941965,2025,actual,69.0,0.0,1.0,121.0,1.0,31.0,0.0,0.0,-6.0,60.0,0.0,1.0,4.0,714.45,14.0,0.0,0.0,28.0,42867.0,36.0,10.0,1.0,33.0,1017.0,,,95.35,1.59
3941965,2026,projected,,,,,,,,,,,,,,,,,,,,,,,,,,,,
3941965,2026,actual,36.0,0.0,1.0,115.0,1.0,15.0,0.0,1.0,-7.0,51.0,0.0,1.0,2.0,719.25,11.0,0.0,0.0,9.0,36682.0,34.0,9.0,1.0,5.0,870.0,,,69.0,1.35
3941965,2027,projected,,,,,,,,,,,,,,,,,,,,,,,,,,,,
3941965,2027,actual,,,,,,,,,,,,,,,,,,,,,,,,,,,,
3941973,2023,projected,141.0,6.0,2.0,84.0,9.0,404.0,1.0,1.0,22.0,58.0,2.0,3.0,17.0,1104.0,44.0,5.0,4.0,42.0,57632.0,53.0,27.0,4.0,427.0,209.0,,,206.15,3.55
3941973,2023,actual,111.0,2.0,2.0,34.0,4.0,404.0,0.0,1.0,13.0,58.0,1.0,2.0,11.0,993.66,29.0,1.0,1.0,33.0,57632.0,46.0,18.0,3.0,427.0,1246.0,,,146.15,2.52
3941973,2024,projected,,,,,,,,,,,,,,,,,,,,,,,,,,,,
3941973,2024,actual,129.0,7.0,2.0,53.0,9.0,474.0,0.0,3.0,2.0,79.0,3.0,2.0,20.0,1111.13,45.0,4.0,4.0,38.0,87779.0,75.0,25.0,5.0,461.0,1821.0,,,216.05,2.73
3941973,2025,projected,139.0,8.0,2.0,67.0,12.0,,2.0,,11.0,80.0,3.0,4.0,18.0,1116.0,45.0,7.0,5.0,36.0,89280.0,79.0,27.0,5.0,,,,,218.45,2.73
3941973,2025,actual,160.0,5.0,4.0,25.0,12.0,645.0,3.0,2.0,30.0,80.0,3.0,7.0,27.0,1121.42,59.0,5.0,2.0,28.0,89714.0,72.0,32.0,7.0,647.0,1846.0,,,254.5,3.18
3941973,2026,projected,154.0,7.0,3.0,57.0,13.0,,3.0,,21.0,80.0,3.0,6.0,25.0,1116.0,55.0,7.0,4.0,34.0,89280.0,71.0,30.0,6.0,,,,,245.7,3.07
3941973,2026,actual,125.0,4.0,2.0,50.0,8.0,557.0,2.0,3.0,38.0,71.0,3.0,4.0,23.0,1038.93,52.0,3.0,1.0,48.0,73764.0,47.0,29.0,5.0,518.0,1596.0,1.0,,226.25,3.19
3941973,2027,projected,128.0,3.0,3.0,47.0,9.0,,3.0,,36.0,75.0,2.0,6.0,24.0,1043.24,54.0,4.0,1.0,47.0,78243.0,54.0,30.0,5.0,,,,,230.7,3.08
3941973,2027,actual,,,,,,,,,,,,,,,,,,,,,,,,,,,,
3942043,2023,projected,,,,,,,,,,,,,,,,,,,,,,,,,,,,
3942043,2023,actual,71.0,1.0,0.0,47.0,1.0,8.0,0.0,0.0,2.0,41.0,1.0,0.0,5.0,961.15,16.0,0.0,0.0,8.0,39407.0,11.0,11.0,1.0,2.0,872.0,,,69.95,1.71
3942043,2024,projected,,,,,,,,,,,,,,,,,,,,,,,,,,,,
3942043,2024,actual,122.0,2.0,1.0,92.0,4.0,8.0,1.0,2.0,16.0,82.0,2.0,2.0,14.0,962.88,36.0,1.0,0.0,26.0,78956.0,44.0,22.0,3.0,9.0,1693.0,,,167.7,2.05
3942043,2025,projected,136.0,3.0,1.0,78.0,5.0,,1.0,,19.0,79.0,2.0,2.0,13.0,960.0,35.0,2.0,1.0,38.0,75840.0,33.0,22.0,3.0,,,,,165.8,2.1
3942043,2025,actual,107.0,1.0,0.0,76.0,1.0,12.0,0.0,3.0,7.0,71.0,0.0,0.0,10.0,889.87,22.0,1.0,1.0,22.0,63181.0,29.0,12.0,0.0,10.0,1400.0,,,117.35,1.65
3942043,2026,projected,,,,,,,,,,,,,,,,,,,,,,,,,,,,
3942043,2026,actual,63.0,0.0,0.0,89.0,1.0,16.0,1.0,2.0,-4.0,65.0,0.0,1.0,6.0,811.45,14.0,1.0,0.0,44.0,52744.0,29.0,8.0,0.0,6.0,1182.0,,,98.15,1.51
3942043,2027,projected,,,,,,,,,,,,,,,,,,,,,,,,,,,,
3942043,2027,actual,,,,,,,,,,,,,,,,,,,,,,,,,,,,
3942061,2023,projected,,,,,,,,,,,,,,,,,,,,,,,,,,,,
3942061,2023,actual,93.0,12.0,0.0,9.0,12.0,223.0,0.0,3.0,5.0,51.0,5.0,0.0,17.0,879.2,43.0,7.0,7.0,8.0,44839.0,23.0,26.0,5.0,179.0,872.0,,,154.15,3.02
3942061,2024,projected,152.0,17.0,0.0,18.0,17.0,289.0,0.0,1.0,7.0,72.0,7.0,0.0,24.0,960.0,63.0,10.0,10.0,10.0,69120.0,38.0,39.0,7.0,211.0,1255.0,,,226.8,3.15
3942061,2024,actual,113.0,12.0,0.0,3.0,12.0,289.0,0.0,1.0,-3.0,71.0,6.0,0.0,18.0,852.01,45.0,6.0,6.0,8.0,60493.0,31.0,27.0,6.0,211.0,1255.0,,,166.05,2.34
3942061,2025,projected,131.0,2.0,,187.0,2.0,,,,18.0,80.0,2.0,,19.0,804.0,43.0,,,72.0,64320.0,55.0,24.0,2.0,,,,,221.95,2.77
3942061,2025,actual,92.0,5.0,0.0,6.0,5.0,126.0,0.0,2.0,-7.0,54.0,1.0,0.0,13.0,793.87,22.0,4.0,4.0,4.0,42869.0,26.0,9.0,1.0,94.0,955.0,,,100.6,1.86
3942061,2026,projected,,,,,,,,,,,,,,,,,,,,,,,,,,,,
3942061,2026,actual,130.0,7.0,0.0,12.0,7.0,288.0,0.0,2.0,1.0,82.0,5.0,0.0,16.0,856.88,42.0,2.0,2.0,24.0,70264.0,34.0,26.0,5.0,216.0,1483.0,,,170.7,2.08
3942061,2027,projected,126.0,9.0,,11.0,9.0,,,,,79.0,5.0,,15.0,837.92,41.0,4.0,4.0,20.0,66196.0,34.0,26.0,5.0,,,,,163.6,2.07
3942061,2027,actual,,,,,,,,,,,,,,,,,,,,,,,,,,,,
3942335,2023,projected,295.0,34.0,0.0,81.0,34.0,4.0,0.0,6.0,31.0,82.0,15.0,0.0,50.0,1164.0,114.0,19.0,19.0,36.0,95448.0,34.0,64.0,15.0,2.0,3.0,1.0,,428.35,5.22
3942335,2023,actual,261.0,32.0,0.0,66.0,32.0,4.0,0.0,6.0,4.0,67.0,17.0,0.0,40.0,1266.76,75.0,15.0,15.0,35.0,84873.0,28.0,35.0,17.0,2.0,1337.0,1.0,,326.85,4.88
3942335,2024,projected,308.0,34.0,0.0,72.0,34.0,1.0,0.0,8.0,14.0,81.0,16.0,0.0,48.0,1260.0,103.0,18.0,18.0,36.0,102060.0,29.0,55.0,16.0,0.0,1567.0,3.0,,412.7,5.1
3942335,2024,actual,277.0,41.0,0.0,50.0,41.0,1.0,0.0,8.0,11.0,75.0,19.0,0.0,46.0,1294.61,96.0,22.0,22.0,36.0,97096.0,38.0,50.0,19.0,0.0,1567.0,3.0,,396.25,5.28
3942335,2025,projected,291.0,37.0,,63.0,37.0,,,,13.0,77.0,18.0,,45.0,1272.0,97.0,19.0,19.0,36.0,97944.0,36.0,52.0,18.0,,,,,381.55,4.96
3942335,2025,actual,145.0,14.0,0.0,16.0,14.0,2.0,0.0,5.0,19.0,41.0,4.0,0.0,25.0,1348.02,56.0,10.0,10.0,16.0,55269.0,17.0,31.0,4.0,0.0,846.0,,,205.35,5.01
3942335,2026,projected,263.0,34.0,,59.0,34.0,,,,16.0,71.0,16.0,,43.0,1290.0,87.0,18.0,18.0,34.0,91590.0,31.0,44.0,16.0,,,,,346.15,4.88
3942335,2026,actual,269.0,32.0,0.0,52.0,32.0,2.0,0.0,7.0,10.0,78.0,19.0,0.0,45.0,1328.81,89.0,13.0,13.0,28.0,103647.0,27.0,44.0,19.0,0.0,1628.0,1.0,,358.45,4.6
3942335,2027,projected,248.0,31.0,,49.0,31.0,,,,12.0,75.0,16.0,,42.0,1315.32,88.0,15.0,15.0,29.0,98649.0,27.0,46.0,16.0,,,,,336.4,4.49
3942335,2027,actual,,,,,,,,,,,,,,,,,,,,,,,,,,,,
3942461,2023,projected,,,,,,,,,,,,,,,,,,,,,,,,,,,,
3942461,2023,actual,,,,,,,,,,,,,,,,,,,,,,,,,,,,
3942461,2024,projected,,,,,,,,,,,,,,,,,,,,,,,,,,,,
3942461,2024,actual,,,,,,,,,,,,,,,,,,,,,,,,,,,,
3942461,2025,projected,,,,,,,,,,,,,,,,,,,,,,,,,,,,
3942461,2025,actual,,,,,,,,,,,,,,,,,,,,,,,,,,,,
3942461,2026,projected,,,,,,,,,,,,,,,,,,,,,,,,,,,,
3942461,2026,actual,2.0,0.0,0.0,3.0,0.0,0.0,0.0,0.0,2.0,3.0,0.0,0.0,1.0,439.0,1.0,0.0,0.0,0.0,1317.0,2.0,0.0,0.0,0.0,29.0,,,4.8,1.6
3942461,2027,projected,,,,,,,,,,,,,,,,,,,,,,,,,,,,
3942461,2027,actual,,,,,,,,,,,,,,,,,,,,,,,,,,,,
3942548,2023,projected,,,,,,,,,,,,,,,,,,,,,,,,,,,,
3942548,2023,actual,134.0,0.0,0.0,149.0,0.0,15.0,0.0,1.0,-1.0,82.0,0.0,0.0,12.0,678.54,20.0,0.0,0.0,88.0,55640.0,24.0,8.0,0.0,15.0,1286.0,,,157.4,1.92
3942548,2024,projected,,,,,,,,,,,,,,,,,,,,,,,,,,,,
3942548,2024,actual,68.0,1.0,0.0,154.0,1.0,12.0,0.0,2.0,-1.0,75.0,1.0,0.0,5.0,572.41,7.0,0.0,0.0,80.0,42931.0,21.0,2.0,1.0,5.0,1034.0,,,104.9,1.4
3942548,2025,projected,,,,,,,,,,,,,,,,,,,,,,,,,,,,
3942548,2025,actual,66.0,0.0,0.0,120.0,0.0,11.0,0.0,0.0,-5.0,80.0,0.0,0.0,3.0,519.3,13.0,0.0,0.0,57.0,41544.0,19.0,10.0,0.0,5.0,980.0,,,95.5,1.19
3942548,2026,projected,,,,,,,,,,,,,,,,,,,,,,,,,,,,
3942548,2026,actual,53.0,0.0,0.0,129.0,0.0,8.0,0.0,1.0,-4.0,57.0,0.0,0.0,4.0,542.67,9.0,0.0,0.0,59.0,30932.0,17.0,5.0,0.0,5.0,727.0,,,87.15,1.53
3942548,2027,projected,,,,,,,,,,,,,,,,,,,,,,,,,,,,
3942548,2027,actual,,,,,,,,,,,,,,,,,,,,,,,,,,,,
3942809,2023,projected,,,,,,,,,,,,,,,,,,,,,,,,,,,,
3942809,2023,actual,7.0,0.0,0.0,6.0,0.0,9.0,0.0,0.0,0.0,5.0,0.0,0.0,0.0,475.6,1.0,0.0,0.0,2.0,2378.0,2.0,1.0,0.0,9.0,62.0,,,6.35,1.27
3942809,2024,projected,,,,,,,,,,,,,,,,,,,,,,,,,,,,
3942809,2024,actual,12.0,0.0,0.0,23.0,0.0,57.0,0.0,1.0,7.0,15.0,0.0,0.0,1.0,611.47,5.0,0.0,0.0,6.0,9172.0,9.0,4.0,0.0,52.0,223.0,,,24.8,1.65
3942809,2025,projected,,,,,,,,,,,,,,,,,,,,,,,,,,,,
3942809,2025,actual,2.0,0.0,0.0,7.0,0.0,2.0,0.0,0.0,0.0,5.0,0.0,0.0,0.0,495.8,0.0,0.0,0.0,0.0,2479.0,3.0,0.0,0.0,3.0,61.0,,,2.7,0.54
3942809,2026,projected,,,,,,,,,,,,,,,,,,,,,,,,,,,,
3942809,2026,actual,8.0,0.0,0.0,12.0,0.0,17.0,0.0,0.0,0.0,8.0,0.0,0.0,0.0,549.25,1.0,0.0,0.0,6.0,4394.0,1.0,1.0,0.0,21.0,104.0,,,8.7,1.09
3942809,2027,projected,,,,,,,,,,,,,,,,,,,,,,,,,,,,
3942809,2027,actual,,,,,,,,,,,,,,,,,,,,,,,,,,,,
3942868,2023,projected,,,,,,,,,,,,,,,,,,,,,,,,,,,,
3942868,2023,actual,,,,,,,,,,,,,,,,,,,,,,,,,,,,
3942868,2024,projected,,,,,,,,,,,,,,,,,,,,,,,,,,,,
3942868,2024,actual,0.0,0.0,0.0,4.0,0.0,0.0,0.0,0.0,0.0,2.0,0.0,0.0,0.0,588.0,0.0,0.0,0.0,4.0,1176.0,1.0,0.0,0.0,0.0,29.0,,,2.9,1.45
3942868,2025,projected,,,,,,,,,,,,,,,,,,,,,,,,,,,,
3942868,2025,actual,90.0,3.0,0.0,68.0,3.0,174.0,0.0,4.0,12.0,81.0,3.0,0.0,19.0,625.35,26.0,0.0,0.0,12.0,50653.0,28.0,7.0,3.0,176.0,1267.0,,,127.3,1.57
3942868,2026,projected,,,,,,,,,,,,,,,,,,,,,,,,,,,,
3942868,2026,actual,96.0,6.0,0.0,53.0,6.0,146.0,0.0,3.0,-9.0,66.0,3.0,0.0,17.0,688.44,25.0,3.0,3.0,20.0,45437.0,33.0,8.0,3.0,133.0,1023.0,,,130.3,1.97
3942868,2027,projected,,,,,,,,,,,,,,,,,,,,,,,,,,,,
3942868,2027,actual,,,,,,,,,,,,,,,,,,,,,,,,,,,,
3942905,2023,projected,201.0,12.0,0.0,5.0,12.0,0.0,0.0,3.0,-8.0,77.0,6.0,0.0,27.0,1116.0,58.0,7.0,6.0,22.0,85932.0,29.0,31.0,5.0,2.0,216.0,,,231.25,3.0
3942905,2023,actual,188.0,12.0,0.0,12.0,12.0,0.0,0.0,3.0,-7.0,70.0,5.0,0.0,23.0,1162.61,61.0,7.0,7.0,22.0,81383.0,23.0,38.0,5.0,2.0,1573.0,,,227.2,3.25
3942905,2024,projected,189.0,13.0,0.0,8.0,13.0,12.0,0.0,5.0,-5.0,71.0,6.0,0.0,22.0,1152.0,53.0,7.0,7.0,24.0,81792.0,24.0,31.0,6.0,6.0,1547.0,1.0,,217.55,3.06
3942905,2024,actual,172.0,13.0,0.0,16.0,13.0,12.0,0.0,5.0,-10.0,76.0,4.0,0.0,20.0,1097.28,54.0,9.0,9.0,24.0,83393.0,30.0,34.0,4.0,6.0,1547.0,1.0,,216.1,2.84
3942905,2025,projected,186.0,12.0,,15.0,12.0,,,,-9.0,75.0,5.0,,22.0,1128.0,57.0,7.0,7.0,24.0,84600.0,28.0,35.0,5.0,,,,,218.5,2.91
3942905,2025,actual,188.0,11.0,0.0,7.0,11.0,20.0,0.0,4.0,0.0,77.0,4.0,0.0,21.0,1130.95,55.0,7.0,7.0,20.0,87083.0,29.0,34.0,4.0,12.0,1633.0,,,214.7,2.79
3942905,2026,projected,189.0,12.0,,12.0,12.0,,,,-5.0,77.0,5.0,,22.0,1116.0,56.0,7.0,7.0,22.0,85932.0,28.0,34.0,5.0,,,,,215.95,2.8
3942905,2026,actual,161.0,12.0,2.0,2.0,16.0,6.0,2.0,3.0,11.0,61.0,1.0,4.0,19.0,1100.84,57.0,13.0,11.0,14.0,67151.0,16.0,38.0,3.0,4.0,1349.0,,,203.95,3.34
3942905,2027,projected,166.0,12.0,2.0,5.0,16.0,,2.0,,7.0,68.0,2.0,4.0,19.0,1068.38,58.0,12.0,10.0,15.0,72649.84,19.0,39.0,4.0,,,,,207.0,3.04
3942905,2027,actual,,,,,,,,,,,,,,,,,,,,,,,,,,,,
3943996,2023,projected,,,,,,,,,,,,,,,,,,,,,,,,,,,,
3943996,2023,actual,101.0,6.0,0.0,83.0,7.0,400.0,1.0,5.0,10.0,65.0,3.0,1.0,14.0,977.68,30.0,4.0,3.0,24.0,63549.0,41.0,16.0,3.0,368.0,1406.0,,,150.55,2.32
3943996,2024,projected,104.0,4.0,1.0,64.0,5.0,407.0,1.0,2.0,11.0,61.0,2.0,1.0,13.0,972.0,28.0,3.0,2.0,28.0,59292.0,28.0,15.0,2.0,360.0,1418.0,,,137.4,2.25
3943996,2024,actual,112.0,7.0,1.0,64.0,8.0,407.0,0.0,2.0,8.0,70.0,1.0,1.0,13.0,927.16,41.0,6.0,6.0,29.0,64901.0,35.0,28.0,2.0,360.0,1418.0,,,169.4,2.42
3943996,2025,projected,137.0,7.0,1.0,81.0,9.0,,1.0,,13.0,76.0,3.0,2.0,15.0,948.0,37.0,5.0,4.0,38.0,72048.0,37.0,22.0,4.0,,,,,176.85,2.33
3943996,2025,actual,107.0,4.0,0.0,71.0,4.0,406.0,0.0,3.0,-4.0,71.0,2.0,0.0,15.0,913.07,31.0,2.0,2.0,43.0,64828.0,47.0,16.0,2.0,372.0,1375.0,,,161.85,2.28
3943996,2026,projected,,,,,,,,,,,,,,,,,,,,,,,,,,,,
3943996,2026,actual,76.0,2.0,0.0,71.0,3.0,344.0,1.0,0.0,0.0,74.0,2.0,1.0,8.0,867.57,25.0,1.0,0.0,23.0,64200.0,41.0,17.0,2.0,377.0,1444.0,,,119.1,1.61
3943996,2027,projected,,,,,,,,,,,,,,,,,,,,,,,,,,,,
3943996,2027,actual,,,,,,,,,,,,,,,,,,,,,,,,,,,,
3988782,2023,projected,,,,,,,,,,,,,,,,,,,,,,,,,,,,
3988782,2023,actual,104.0,0.0,2.0,116.0,3.0,10.0,1.0,0.0,11.0,82.0,0.0,3.0,9.0,852.27,26.0,1.0,0.0,37.0,69886.0,50.0,17.0,2.0,2.0,1646.0,,,147.1,1.79
3988782,2024,projected,,,,,,,,,,,,,,,,,,,,,,,,,,,,
3988782,2024,actual,85.0,0.0,3.0,48.0,3.0,35.0,0.0,4.0,13.0,57.0,0.0,3.0,13.0,897.02,25.0,0.0,0.0,34.0,51130.0,38.0,12.0,3.0,29.0,1177.0,1.0,,138.05,2.42
3988782,2025,projected,126.0,,2.0,99.0,4.0,,2.0,,12.0,78.0,,4.0,13.0,888.0,29.0,2.0,,38.0,69264.0,57.0,16.0,2.0,,,,,165.9,2.13
3988782,2025,actual,89.0,0.0,0.0,68.0,1.0,43.0,1.0,1.0,-4.0,80.0,0.0,1.0,10.0,847.41,21.0,1.0,0.0,26.0,67793.0,50.0,11.0,0.0,27.0,1566.0,,,121.05,1.51
3988782,2026,projected,,,,,,,,,,,,,,,,,,,,,,,,,,,,
3988782,2026,actual,13.0,0.0,0.0,11.0,0.0,1.0,0.0,0.0,-1.0,13.0,0.0,0.0,0.0,686.69,2.0,0.0,0.0,4.0,8927.0,3.0,2.0,0.0,0.0,204.0,,,11.85,0.91
3988782,2027,projected,,,,,,,,,,,,,,,,,,,,,,,,,,,,
3988782,2027,actual,,,,,,,,,,,,,,,,,,,,,,,,,,,,
3988830,2023,projected,,,,,,,,,,,,,,,,,,,,,,,,,,,,
3988830,2023,actual,89.0,0.0,0.0,163.0,0.0,7.0,0.0,2.0,-6.0,77.0,0.0,0.0,10.0,655.66,14.0,0.0,0.0,25.0,50486.0,43.0,4.0,0.0,7.0,1229.0,,,112.55,1.46
3988830,2024,projected,,,,,,,,,,,,,,,,,,,,,,,,,,,,
3988830,2024,actual,1.0,0.0,0.0,3.0,0.0,0.0,0.0,0.0,0.0,3.0,0.0,0.0,0.0,309.33,0.0,0.0,0.0,2.0,928.0,0.0,0.0,0.0,0.0,29.0,,,1.55,0.52
3988830,2025,projected,,,,,,,,,,,,,,,,,,,,,,,,,,,,
3988830,2025,actual,101.0,0.0,0.0,179.0,0.0,7.0,0.0,1.0,-15.0,79.0,0.0,0.0,6.0,806.68,17.0,0.0,0.0,27.0,63728.0,58.0,11.0,0.0,2.0,1397.0,,,126.65,1.6
3988830,2026,projected,,,,,,,,,,,,,,,,,,,,,,,,,,,,
3988830,2026,actual,17.0,0.0,0.0,78.0,0.0,18.0,0.0,0.0,-1.0,27.0,0.0,0.0,1.0,584.0,5.0,0.0,0.0,12.0,15768.0,17.0,4.0,0.0,7.0,371.0,,,37.55,1.39
3988830,2027,projected,,,,,,,,,,,,,,,,,,,,,,,,,,,,
3988830,2027,actual,,,,,,,,,,,,,,,,,,,,,,,,,,,,
4024123,2023,projected,333.0,27.0,0.0,65.0,27.0,499.0,0.0,8.0,21.0,72.0,14.0,0.0,58.0,1248.0,100.0,13.0,13.0,16.0,89856.0,61.0,42.0,14.0,550.0,2.0,,,414.75,5.76
4024123,2023,actual,327.0,28.0,0.0,78.0,28.0,499.0,0.0,8.0,31.0,74.0,13.0,0.0,40.0,1216.7,85.0,15.0,15.0,20.0,90036.0,92.0,45.0,13.0,550.0,1641.0,,,384.05,5.19
4024123,2024,projected,338.0,28.0,0.0,75.0,29.0,614.0,1.0,8.0,27.0,73.0,15.0,1.0,53.0,1224.0,99.0,14.0,13.0,18.0,89352.0,68.0,46.0,15.0,705.0,1844.0,6.0,,434.5,5.95
4024123,2024,actual,369.0,29.0,0.0,85.0,30.0,614.0,1.0,8.0,31.0,81.0,18.0,1.0,69.0,1257.99,107.0,12.0,11.0,20.0,101897.0,93.0,38.0,18.0,705.0,1844.0,6.0,,490.75,6.06
4024123,2025,projected,363.0,31.0,,77.0,31.0,,,,19.0,79.0,17.0,,65.0,1236.0,107.0,14.0,14.0,18.0,97644.0,91.0,42.0,17.0,,,,,455.95,5.77
4024123,2025,actual,261.0,25.0,2.0,45.0,27.0,528.0,0.0,2.0,11.0,67.0,10.0,2.0,33.0,1228.33,78.0,15.0,15.0,20.0,82298.0,89.0,45.0,12.0,695.0,1640.0,,,336.75,5.03
4024123,2026,projected,319.0,28.0,1.0,72.0,30.0,,1.0,,25.0,76.0,12.0,2.0,51.0,1224.0,100.0,17.0,16.0,20.0,93024.0,91.0,49.0,13.0,,,,,416.45,5.48
4024123,2026,actual,227.0,12.0,0.0,42.0,12.0,392.0,0.0,3.0,-4.0,60.0,5.0,0.0,27.0,1248.23,53.0,7.0,7.0,18.0,74894.0,81.0,26.0,5.0,580.0,1441.0,1.0,,257.95,4.3
4024123,2027,projected,304.0,18.0,,56.0,18.0,,,,2.0,75.0,9.0,,39.0,1274.65,77.0,9.0,9.0,23.0,95598.75,50.0,38.0,9.0,,,,,324.6,4.33
4024123,2027,actual,,,,,,,,,,,,,,,,,,,,,,,,,,,,
4024820,2023,projected,236.0,23.0,0.0,53.0,23.0,52.0,0.0,1.0,8.0,78.0,9.0,0.0,40.0,1146.0,86.0,14.0,14.0,36.0,89388.0,22.0,46.0,9.0,28.0,45.0,1.0,,325.3,4.17
4024820,2023,actual,184.0,16.0,0.0,27.0,16.0,52.0,0.0,1.0,-12.0,55.0,8.0,0.0,22.0,1147.25,52.0,8.0,8.0,16.0,63099.0,27.0,30.0,8.0,28.0,1113.0,1.0,,212.2,3.86
4024820,2024,projected,193.0,16.0,0.0,36.0,16.0,49.0,0.0,0.0,-8.0,64.0,7.0,0.0,27.0,1140.0,62.0,9.0,9.0,22.0,72960.0,26.0,35.0,7.0,30.0,310.0,,,238.35,3.72
4024820,2024,actual,41.0,2.0,0.0,5.0,2.0,49.0,0.0,0.0,-10.0,18.0,1.0,0.0,6.0,913.11,9.0,1.0,1.0,6.0,16436.0,14.0,3.0,1.0,30.0,310.0,,,46.25,2.57
4024820,2025,projected,197.0,14.0,,38.0,14.0,,,,-15.0,61.0,6.0,,27.0,1122.0,58.0,8.0,8.0,20.0,68442.0,21.0,31.0,6.0,,,,,226.55,3.71
4024820,2025,actual,116.0,19.0,0.0,26.0,19.0,14.0,0.0,5.0,-14.0,52.0,15.0,0.0,20.0,858.44,33.0,4.0,4.0,14.0,44639.0,28.0,13.0,15.0,11.0,831.0,1.0,,163.6,3.15
4024820,2026,projected,147.0,13.0,,28.0,13.0,,,,-13.0,57.0,7.0,,22.0,918.0,49.0,6.0,6.0,12.0,52326.0,26.0,27.0,7.0,,,,,188.55,3.31
4024820,2026,actual,6.0,0.0,0.0,2.0,0.0,1.0,0.0,0.0,-3.0,5.0,0.0,0.0,0.0,756.4,1.0,0.0,0.0,2.0,3782.0,0.0,1.0,0.0,2.0,73.0,,,4.7,0.94
4024820,2027,projected,,,,,,,,,,,,,,,,,,,,,,,,,,,,
4024820,2027,actual,,,,,,,,,,,,,,,,,,,,,,,,,,,,
4024833,2023,projected,227.0,15.0,0.0,105.0,15.0,504.0,0.0,1.0,-7.0,73.0,8.0,0.0,27.0,1146.0,62.0,7.0,7.0,82.0,80819.0,47.0,35.0,8.0,484.0,96.0,,,295.25,4.04
4024833,2023,actual,205.0,23.0,0.0,71.0,23.0,504.0,0.0,1.0,5.0,73.0,11.0,0.0,27.0,1107.11,63.0,12.0,12.0,77.0,80819.0,47.0,36.0,11.0,484.0,1609.0,,,291.35,3.99
4024833,2024,projected,245.0,29.0,0.0,119.0,29.0,446.0,0.0,4.0,12.0,81.0,15.0,0.0,33.0,1128.0,77.0,14.0,14.0,99.0,91368.0,55.0,44.0,15.0,440.0,1581.0,,,363.15,4.48
4024833,2024,actual,146.0,8.0,0.0,86.0,8.0,446.0,0.0,4.0,-9.0,82.0,7.0,0.0,16.0,942.07,40.0,1.0,1.0,70.0,77250.0,37.0,24.0,7.0,440.0,1581.0,,,206.1,2.51
4024833,2025,projected,165.0,13.0,,87.0,13.0,,,,-8.0,78.0,8.0,,19.0,1032.0,44.0,5.0,5.0,78.0,80496.0,41.0,25.0,8.0,,,,,226.95,2.91
4024833,2025,actual,142.0,14.0,0.0,65.0,14.0,584.0,0.0,4.0,27.0,82.0,4.0,0.0,20.0,1037.99,66.0,10.0,10.0,76.0,85115.0,62.0,46.0,4.0,577.0,1760.0,,,276.0,3.37
4024833,2026,projected,151.0,17.0,,77.0,17.0,,,,12.0,81.0,6.0,,21.0,1038.0,62.0,11.0,11.0,78.0,84078.0,57.0,41.0,6.0,,,,,269.45,3.33
4024833,2026,actual,42.0,6.0,0.0,23.0,6.0,202.0,0.0,0.0,-4.0,29.0,3.0,0.0,5.0,1009.31,19.0,3.0,3.0,19.0,29270.0,13.0,14.0,3.0,181.0,607.0,,,76.3,2.63
4024833,2027,projected,126.0,9.0,,71.0,9.0,,,,8.0,72.0,5.0,,17.0,986.0,51.0,4.0,4.0,64.0,70992.0,43.0,34.0,5.0,,,,,218.1,3.03
4024833,2027,actual,,,,,,,,,,,,,,,,,,,,,,,,,,,,
4024854,2023,projected,246.0,26.0,0.0,125.0,26.0,16.0,1.0,6.0,24.0,82.0,10.0,1.0,34.0,1080.0,90.0,16.0,16.0,72.0,88560.0,22.0,56.0,10.0,13.0,30.0,2.0,,366.0,4.46
4024854,2023,actual,322.0,36.0,0.0,68.0,37.0,16.0,1.0,6.0,29.0,79.0,14.0,1.0,40.0,1226.15,109.0,23.0,22.0,123.0,96866.0,31.0,69.0,14.0,13.0,1779.0,2.0,,460.3,5.83
4024854,2024,projected,326.0,38.0,1.0,89.0,38.0,6.0,0.0,2.0,41.0,81.0,14.0,1.0,42.0,1230.0,112.0,24.0,24.0,108.0,99630.0,28.0,70.0,14.0,3.0,1749.0,1.0,,457.4,5.65
4024854,2024,actual,279.0,32.0,1.0,138.0,33.0,6.0,0.0,2.0,19.0,80.0,6.0,1.0,26.0,1118.4,88.0,26.0,26.0,88.0,89472.0,28.0,62.0,7.0,3.0,1749.0,1.0,,369.55,4.62
4024854,2025,projected,275.0,34.0,1.0,124.0,36.0,,1.0,,27.0,80.0,11.0,2.0,36.0,1146.0,99.0,24.0,23.0,94.0,91680.0,29.0,63.0,12.0,,,,,402.15,5.03
4024854,2025,actual,156.0,23.0,0.0,84.0,23.0,4.0,0.0,2.0,-3.0,52.0,11.0,0.0,22.0,1093.88,57.0,12.0,12.0,54.0,56882.0,12.0,35.0,11.0,1.0,1161.0,,,235.4,4.53
4024854,2026,projected,289.0,43.0,,133.0,43.0,,,,18.0,77.0,18.0,,41.0,1146.0,102.0,25.0,25.0,96.0,88242.0,29.0,61.0,18.0,,,,,423.55,5.5
4024854,2026,actual,88.0,13.0,0.0,29.0,13.0,8.0,0.0,1.0,-6.0,31.0,4.0,0.0,13.0,1098.16,34.0,9.0,9.0,48.0,34043.0,7.0,21.0,4.0,4.0,647.0,1.0,,145.9,4.71
4024854,2027,projected,242.0,41.0,,102.0,41.0,,,,6.0,78.0,14.0,,28.0,1101.54,85.0,27.0,27.0,92.0,85920.12,20.0,57.0,14.0,,,,,352.2,4.52
4024854,2027,actual,,,,,,,,,,,,,,,,,,,,,,,,,,,,
4024857,2023,projected,213.0,15.0,1.0,22.0,16.0,41.0,0.0,4.0,6.0,80.0,6.0,1.0,31.0,1200.0,73.0,9.0,9.0,34.0,96000.0,35.0,42.0,7.0,22.0,91.0,2.0,,289.45,3.62
4024857,2023,actual,223.0,20.0,1.0,18.0,21.0,41.0,0.0,4.0,-2.0,82.0,6.0,1.0,37.0,1245.01,86.0,14.0,14.0,49.0,102091.0,34.0,49.0,7.0,22.0,2067.0,2.0,,333.05,4.06
4024857,2024,projected,228.0,21.0,1.0,17.0,23.0,35.0,1.0,4.0,2.0,82.0,6.0,2.0,36.0,1260.0,86.0,16.0,15.0,42.0,103320.0,32.0,50.0,7.0,30.0,1743.0,,,324.2,3.95
4024857,2024,actual,228.0,30.0,0.0,18.0,30.0,35.0,0.0,4.0,-20.0,78.0,9.0,0.0,33.0,1154.74,76.0,21.0,21.0,32.0,90070.0,30.0,43.0,9.0,30.0,1743.0,,,298.3,3.82
4024857,2025,projected,225.0,24.0,1.0,19.0,26.0,,1.0,,-14.0,78.0,7.0,2.0,34.0,1200.0,82.0,18.0,17.0,36.0,93600.0,32.0,48.0,8.0,,,,,308.65,3.96
4024857,2025,actual,218.0,37.0,0.0,11.0,37.0,20.0,0.0,5.0,-12.0,81.0,10.0,0.0,30.0,1147.09,90.0,27.0,27.0,28.0,92914.0,30.0,60.0,10.0,10.0,1845.0,,,323.1,3.99
4024857,2026,projected,224.0,35.0,,13.0,35.0,,,,-15.0,79.0,9.0,,33.0,1164.0,84.0,26.0,26.0,30.0,91956.0,31.0,51.0,9.0,,,,,310.8,3.93
4024857,2026,actual,225.0,27.0,0.0,8.0,27.0,21.0,0.0,6.0,21.0,82.0,3.0,0.0,26.0,1145.15,88.0,24.0,24.0,38.0,93902.0,32.0,62.0,3.0,13.0,1875.0,1.0,,318.05,3.88
4024857,2027,projected,220.0,31.0,,10.0,31.0,,,,13.0,84.0,5.0,,29.0,1104.14,93.0,26.0,26.0,39.0,92747.76,32.0,64.0,5.0,,,,,324.5,3.86
4024857,2027,actual,,,,,,,,,,,,,,,,,,,,,,,,,,,,
4024879,2023,projected,,,,,,,,,,,,,,,,,,,,,,,,,,,,
4024879,2023,actual,98.0,0.0,0.0,61.0,0.0,276.0,0.0,0.0,-13.0,71.0,0.0,0.0,7.0,794.62,25.0,0.0,0.0,34.0,56418.0,32.0,18.0,0.0,175.0,1187.0,,,120.6,1.7
4024879,2024,projected,,,,,,,,,,,,,,,,,,,,,,,,,,,,
4024879,2024,actual,48.0,0.0,0.0,40.0,0.0,116.0,0.0,0.0,-11.0,43.0,0.0,0.0,3.0,635.77,6.0,0.0,0.0,10.0,27338.0,20.0,3.0,0.0,86.0,611.0,,,46.0,1.07
4024879,2025,projected,,,,,,,,,,,,,,,,,,,,,,,,,,,,
4024879,2025,actual,44.0,0.0,0.0,46.0,0.0,69.0,0.0,0.0,2.0,39.0,0.0,0.0,4.0,622.36,9.0,0.0,0.0,33.0,24272.0,17.0,5.0,0.0,57.0,511.0,,,62.6,1.61
4024879,2026,projected,,,,,,,,,,,,,,,,,,,,,,,,,,,,
4024879,2026,actual,95.0,0.0,1.0,67.0,2.0,67.0,1.0,0.0,-21.0,69.0,0.0,2.0,8.0,744.81,16.0,1.0,0.0,30.0,51392.0,31.0,8.0,1.0,45.0,1103.0,,,103.95,1.51
4024879,2027,projected,,,,,,,,,,,,,,,,,,,,,,,,,,,,
4024879,2027,actual,,,,,,,,,,,,,,,,,,,,,,,,,,,,
4024933,2023,projected,,,,,,,,,,,,,,,,,,,,,,,,,,,,
4024933,2023,actual,58.0,4.0,0.0,63.0,4.0,7.0,0.0,0.0,-9.0,31.0,2.0,0.0,5.0,925.9,13.0,2.0,2.0,42.0,28703.0,27.0,8.0,2.0,5.0,668.0,,,89.3,2.88
4024933,2024,projected,,,,,,,,,,,,,,,,,,,,,,,,,,,,
4024933,2024,actual,98.0,5.0,0.0,143.0,5.0,261.0,0.0,1.0,-30.0,77.0,2.0,0.0,11.0,944.44,18.0,3.0,3.0,83.0,72722.0,60.0,7.0,2.0,219.0,1558.0,,,161.8,2.1
4024933,2025,projected,,,,,,,,,,,,,,,,,,,,,,,,,,,,
4024933,2025,actual,112.0,0.0,0.0,187.0,0.0,211.0,0.0,0.0,-28.0,75.0,0.0,0.0,11.0,881.43,18.0,0.0,0.0,55.0,66107.0,77.0,7.0,0.0,187.0,1388.0,,,159.7,2.13
4024933,2026,projected,,,,,,,,,,,,,,,,,,,,,,,,,,,,
4024933,2026,actual,49.0,0.0,0.0,123.0,0.0,224.0,0.0,1.0,-6.0,62.0,0.0,0.0,4.0,580.81,10.0,0.0,0.0,47.0,36010.0,47.0,6.0,0.0,219.0,851.0,,,96.55,1.56
4024933,2027,projected,,,,,,,,,,,,,,,,,,,,,,,,,,,,
4024933,2027,actual,,,,,,,,,,,,,,,,,,,,,,,,,,,,
4024980,2023,projected,,,,,,,,,,,,,,,,,,,,,,,,,,,,
4024980,2023,actual,107.0,0.0,0.0,110.0,0.0,12.0,0.0,2.0,-21.0,69.0,0.0,0.0,9.0,762.81,19.0,0.0,0.0,77.0,52634.0,18.0,10.0,0.0,10.0,1175.0,,,134.25,1.95
4024980,2024,projected,,,,,,,,,,,,,,,,,,,,,,,,,,,,
4024980,2024,actual,76.0,1.0,0.0,105.0,1.0,11.0,0.0,0.0,-6.0,52.0,0.0,0.0,5.0,723.48,15.0,1.0,1.0,33.0,37621.0,14.0,10.0,0.0,5.0,817.0,,,88.5,1.7
4024980,2025,projected,,,,,,,,,,,,,,,,,,,,,,,,,,,,
4024980,2025,actual,17.0,0.0,0.0,71.0,0.0,0.0,0.0,0.0,-13.0,26.0,0.0,0.0,1.0,562.85,2.0,0.0,0.0,18.0,14634.0,8.0,1.0,0.0,0.0,341.0,,,29.35,1.13
4024980,2026,projected,,,,,,,,,,,,,,,,,,,,,,,,,,,,
4024980,2026,actual,22.0,0.0,0.0,56.0,0.0,0.0,0.0,2.0,3.0,21.0,0.0,0.0,3.0,500.76,5.0,0.0,0.0,9.0,10516.0,3.0,2.0,0.0,0.0,268.0,,,32.1,1.53
4024980,2027,projected,,,,,,,,,,,,,,,,,,,,,,,,,,,,
4024980,2027,actual,,,,,,,,,,,,,,,,,,,,,,,,,,,,
4024985,2023,projected,,,,,,,,,,,,,,,,,,,,,,,,,,,,
4024985,2023,actual,1.0,0.0,0.0,6.0,0.0,0.0,0.0,0.0,-1.0,3.0,0.0,0.0,0.0,477.33,0.0,0.0,0.0,0.0,1432.0,0.0,0.0,0.0,0.0,33.0,,,0.85,0.28
4024985,2024,projected,,,,,,,,,,,,,,,,,,,,,,,,,,,,
4024985,2024,actual,7.0,0.0,0.0,7.0,0.0,1.0,0.0,1.0,-2.0,5.0,0.0,0.0,1.0,667.2,2.0,0.0,0.0,2.0,3336.0,2.0,1.0,0.0,1.0,73.0,,,10.45,2.09
4024985,2025,projected,,,,,,,,,,,,,,,,,,,,,,,,,,,,
4024985,2025,actual,1.0,0.0,0.0,8.0,0.0,1.0,0.0,0.0,-3.0,6.0,0.0,0.0,0.0,551.67,0.0,0.0,0.0,4.0,3310.0,1.0,0.0,0.0,1.0,82.0,,,3.55,0.59
4024985,2026,projected,,,,,,,,,,,,,,,,,,,,,,,,,,,,
4024985,2026,actual,4.0,1.0,0.0,7.0,1.0,0.0,0.0,0.0,-1.0,4.0,1.0,0.0,1.0,700.25,1.0,0.0,0.0,0.0,2801.0,1.0,0.0,1.0,0.0,56.0,,,6.2,1.55
4024985,2027,projected,,,,,,,,,,,,,,,,,,,,,,,,,,,,
4024985,2027,actual,,,,,,,,,,,,,,,,,,,,,,,,,,,,
4024988,2023,projected,264.0,14.0,1.0,77.0,35.0,463.0,0.0,7.0,-13.0,80.0,7.0,1.0,32.0,1086.0,67.0,14.0,7.0,28.0,86880.0,23.0,35.0,21.0,350.0,142.0,4.0,,296.7,3.71
4024988,2023,actual,295.0,34.0,1.0,55.0,35.0,463.0,0.0,7.0,4.0,78.0,20.0,1.0,47.0,1115.41,94.0,14.0,14.0,39.0,87002.0,26.0,47.0,21.0,350.0,1715.0,4.0,,394.75,5.06
4024988,2024,projected,315.0,37.0,2.0,63.0,40.0,487.0,1.0,3.0,9.0,79.0,22.0,3.0,50.0,1140.0,98.0,16.0,15.0,43.0,90060.0,26.0,48.0,24.0,372.0,1515.0,1.0,,406.05,5.14
4024988,2024,actual,246.0,16.0,2.0,73.0,18.0,487.0,0.0,3.0,-1.0,71.0,9.0,2.0,29.0,1087.08,56.0,7.0,7.0,43.0,77183.0,29.0,27.0,11.0,372.0,1515.0,1.0,,268.3,3.78
4024988,2025,projected,256.0,25.0,2.0,63.0,29.0,,2.0,,-2.0,73.0,12.0,4.0,35.0,1080.0,69.0,15.0,13.0,38.0,78840.0,26.0,34.0,14.0,,,,,299.8,4.11
4024988,2025,actual,242.0,16.0,0.0,70.0,16.0,403.0,0.0,6.0,-2.0,76.0,7.0,0.0,44.0,1125.38,72.0,9.0,9.0,35.0,85529.0,31.0,28.0,7.0,301.0,1784.0,2.0,,312.0,4.11
4024988,2026,projected,251.0,21.0,1.0,71.0,23.0,,1.0,,-5.0,75.0,10.0,2.0,42.0,1110.0,73.0,12.0,11.0,42.0,83250.0,28.0,31.0,11.0,,,,,311.35,4.15
4024988,2026,actual,272.0,24.0,0.0,85.0,25.0,468.0,1.0,5.0,-6.0,81.0,6.0,1.0,40.0,1154.62,81.0,19.0,18.0,35.0,93524.0,48.0,41.0,6.0,390.0,1856.0,1.0,,344.0,4.25
4024988,2027,projected,270.0,22.0,,81.0,22.0,,,,-5.0,81.0,7.0,,39.0,1154.15,79.0,15.0,15.0,37.0,93486.15,46.0,40.0,7.0,,,,,328.6,4.06
4024988,2027,actual,,,,,,,,,,,,,,,,,,,,,,,,,,,,
4024989,2023,projected,,,,,,,,,,,,,,,,,,,,,,,,,,,,
4024989,2023,actual,53.0,0.0,0.0,107.0,0.0,110.0,0.0,0.0,5.0,54.0,0.0,0.0,6.0,783.54,13.0,0.0,0.0,55.0,42311.0,34.0,7.0,0.0,117.0,949.0,,,100.45,1.86
4024989,2024,projected,,,,,,,,,,,,,,,,,,,,,,,,,,,,
4024989,2024,actual,76.0,0.0,2.0,76.0,2.0,201.0,0.0,0.0,-11.0,72.0,0.0,2.0,8.0,793.64,19.0,0.0,0.0,39.0,57142.0,51.0,11.0,2.0,165.0,1258.0,,,121.6,1.69
4024989,2025,projected,,,,,,,,,,,,,,,,,,,,,,,,,,,,
4024989,2025,actual,125.0,0.0,1.0,121.0,1.0,244.0,0.0,4.0,17.0,80.0,0.0,1.0,23.0,891.77,40.0,0.0,0.0,46.0,71342.0,56.0,17.0,1.0,272.0,1531.0,,,203.35,2.54
4024989,2026,projected,,,,,,,,,,,,,,,,,,,,,,,,,,,,
4024989,2026,actual,66.0,3.0,0.0,100.0,3.0,257.0,0.0,1.0,-9.0,58.0,0.0,0.0,12.0,893.6,22.0,3.0,3.0,41.0,51829.0,19.0,10.0,0.0,260.0,1179.0,,,115.0,1.98
4024989,2027,projected,,,,,,,,,,,,,,,,,,,,,,,,,,,,
4024989,2027,actual,,,,,,,,,,,,,,,,,,,,,,,,,,,,
4024997,2023,projected,,,,,,,,,,,,,,,,,,,,,,,,,,,,
4024997,2023,actual,120.0,0.0,0.0,105.0,1.0,48.0,1.0,6.0,28.0,79.0,0.0,1.0,17.0,715.06,31.0,1.0,0.0,57.0,56490.0,36.0,14.0,0.0,24.0,1345.0,,,173.0,2.19
4024997,2024,projected,,,,,,,,,,,,,,,,,,,,,,,,,,,,
4024997,2024,actual,123.0,2.0,0.0,181.0,2.0,159.0,0.0,1.0,9.0,82.0,2.0,0.0,18.0,825.35,40.0,0.0,0.0,69.0,67679.0,52.0,22.0,2.0,132.0,1577.0,,,210.35,2.57
4024997,2025,projected,131.0,2.0,,187.0,2.0,,,,18.0,80.0,2.0,,19.0,804.0,43.0,,,72.0,64320.0,55.0,24.0,2.0,,,,,221.95,2.77
4024997,2025,actual,78.0,3.0,0.0,155.0,3.0,120.0,0.0,0.0,-16.0,58.0,1.0,0.0,8.0,823.29,15.0,2.0,2.0,44.0,47751.0,29.0,7.0,1.0,93.0,1097.0,,,111.5,1.92
4024997,2026,projected,,,,,,,,,,,,,,,,,,,,,,,,,,,,
4024997,2026,actual,77.0,0.0,0.0,193.0,0.0,67.0,0.0,1.0,-15.0,74.0,0.0,0.0,4.0,662.35,7.0,0.0,0.0,58.0,49014.0,22.0,3.0,0.0,89.0,1099.0,,,97.55,1.32
4024997,2027,projected,,,,,,,,,,,,,,,,,,,,,,,,,,,,
4024997,2027,actual,,,,,,,,,,,,,,,,,,,,,,,,,,,,
4024998,2023,projected,,,,,,,,,,,,,,,,,,,,,,,,,,,,
4024998,2023,actual,85.0,3.0,1.0,46.0,4.0,325.0,0.0,2.0,11.0,65.0,0.0,1.0,10.0,897.57,28.0,3.0,3.0,18.0,58342.0,15.0,18.0,1.0,308.0,1098.0,,,113.85,1.75
4024998,2024,projected,,,,,,,,,,,,,,,,,,,,,,,,,,,,
4024998,2024,actual,86.0,0.0,2.0,54.0,3.0,115.0,1.0,1.0,0.0,77.0,0.0,3.0,9.0,794.51,24.0,1.0,0.0,27.0,61177.0,32.0,15.0,2.0,94.0,1336.0,,,119.4,1.55
4024998,2025,projected,,,,,,,,,,,,,,,,,,,,,,,,,,,,
4024998,2025,actual,89.0,0.0,1.0,59.0,3.0,186.0,2.0,1.0,-6.0,79.0,0.0,3.0,6.0,848.42,25.0,2.0,0.0,31.0,67025.0,26.0,19.0,1.0,214.0,1452.0,,,117.65,1.49
4024998,2026,projected,,,,,,,,,,,,,,,,,,,,,,,,,,,,
4024998,2026,actual,82.0,3.0,0.0,79.0,3.0,126.0,0.0,5.0,3.0,73.0,1.0,0.0,12.0,963.73,33.0,2.0,2.0,24.0,70352.0,29.0,21.0,1.0,129.0,1490.0,,,139.9,1.92
4024998,2027,projected,87.0,3.0,,73.0,3.0,,,,1.0,77.0,1.0,,11.0,898.8,33.0,2.0,2.0,28.0,69207.99,29.0,22.0,1.0,,,,,136.55,1.77
4024998,2027,actual,,,,,,,,,,,,,,,,,,,,,,,,,,,,
4031645,2023,projected,,,,,,,,,,,,,,,,,,,,,,,,,,,,
4031645,2023,actual,15.0,0.0,0.0,16.0,0.0,0.0,0.0,0.0,3.0,9.0,0.0,0.0,2.0,758.67,3.0,0.0,0.0,2.0,6828.0,1.0,1.0,0.0,0.0,157.0,,,14.85,1.65
4031645,2024,projected,,,,,,,,,,,,,,,,,,,,,,,,,,,,
4031645,2024,actual,111.0,2.0,1.0,54.0,3.0,9.0,0.0,4.0,-2.0,74.0,1.0,1.0,21.0,676.26,29.0,1.0,1.0,35.0,50043.0,22.0,8.0,2.0,4.0,1161.0,1.0,,151.15,2.04
4031645,2025,projected,138.0,7.0,1.0,59.0,9.0,,1.0,,-7.0,76.0,3.0,2.0,19.0,708.0,30.0,5.0,4.0,52.0,53808.0,28.0,11.0,4.0,,,,,167.4,2.2
4031645,2025,actual,75.0,2.0,0.0,48.0,2.0,5.0,0.0,0.0,-7.0,53.0,0.0,0.0,7.0,685.98,19.0,2.0,2.0,36.0,36357.0,11.0,12.0,0.0,5.0,863.0,,,93.05,1.76
4031645,2026,projected,,,,,,,,,,,,,,,,,,,,,,,,,,,,
4031645,2026,actual,147.0,4.0,0.0,147.0,4.0,17.0,0.0,0.0,4.0,79.0,3.0,0.0,16.0,763.52,31.0,1.0,1.0,22.0,60318.0,16.0,15.0,3.0,14.0,1419.0,,,151.95,1.92
4031645,2027,projected,137.0,3.0,,131.0,3.0,,,,2.0,76.0,2.0,,15.0,754.54,29.0,1.0,1.0,27.0,57344.96,16.0,14.0,2.0,,,,,144.35,1.9
4031645,2027,actual,,,,,,,,,,,,,,,,,,,,,,,,,,,,
4062234,2023,projected,,,,,,,,,,,,,,,,,,,,,,,,,,,,
4062234,2023,actual,20.0,0.0,0.0,22.0,0.0,2.0,0.0,0.0,-4.0,19.0,0.0,0.0,2.0,592.63,4.0,0.0,0.0,0.0,11260.0,9.0,2.0,0.0,0.0,250.0,,,21.7,1.14
4062234,2024,projected,,,,,,,,,,,,,,,,,,,,,,,,,,,,
4062234,2024,actual,,,,,,,,,,,,,,,,,,,,,,,,,,,,
4062234,2025,projected,,,,,,,,,,,,,,,,,,,,,,,,,,,,
4062234,2025,actual,,,,,,,,,,,,,,,,,,,,,,,,,,,,
4062234,2026,projected,,,,,,,,,,,,,,,,,,,,,,,,,,,,
4062234,2026,actual,5.0,0.0,0.0,8.0,0.0,0.0,0.0,0.0,-2.0,5.0,0.0,0.0,1.0,548.0,1.0,0.0,0.0,0.0,2740.0,4.0,0.0,0.0,0.0,68.0,,,7.05,1.41
4062234,2027,projected,,,,,,,,,,,,,,,,,,,,,,,,,,,,
4062234,2027,actual,,,,,,,,,,,,,,,,,,,,,,,,,,,,
4062251,2023,projected,209.0,22.0,0.0,7.0,24.0,9.0,1.0,5.0,8.0,77.0,6.0,1.0,30.0,1020.0,81.0,13.0,16.0,22.0,78540.0,25.0,51.0,11.0,5.0,76.0,2.0,,294.45,3.82
4062251,2023,actual,272.0,23.0,0.0,14.0,24.0,9.0,1.0,5.0,-38.0,79.0,11.0,1.0,37.0,1080.23,72.0,13.0,12.0,22.0,85338.0,35.0,35.0,11.0,5.0,1676.0,2.0,,307.9,3.9
4062251,2024,projected,280.0,28.0,0.0,16.0,28.0,6.0,0.0,4.0,-18.0,80.0,12.0,0.0,39.0,1080.0,89.0,16.0,16.0,24.0,86400.0,37.0,50.0,12.0,3.0,1660.0,2.0,,349.1,4.36
4062251,2024,actual,251.0,21.0,0.0,25.0,21.0,6.0,0.0,4.0,-12.0,82.0,8.0,0.0,31.0,1099.9,67.0,13.0,13.0,22.0,90192.0,32.0,36.0,8.0,3.0,1660.0,2.0,,281.75,3.44
4062251,2025,projected,264.0,23.0,,18.0,23.0,,,,-22.0,81.0,9.0,,32.0,1086.0,69.0,14.0,14.0,20.0,87966.0,33.0,37.0,9.0,,,,,280.3,3.46
4062251,2025,actual,239.0,17.0,0.0,50.0,17.0,10.0,0.0,4.0,23.0,82.0,7.0,0.0,36.0,1048.95,70.0,10.0,10.0,20.0,86014.0,36.0,34.0,7.0,5.0,1748.0,1.0,,287.75,3.51
4062251,2026,projected,244.0,20.0,,31.0,20.0,,,,-18.0,81.0,8.0,,35.0,1074.0,71.0,12.0,12.0,22.0,86994.0,33.0,36.0,8.0,,,,,282.6,3.49
4062251,2026,actual,173.0,14.0,0.0,14.0,14.0,13.0,0.0,2.0,-5.0,72.0,4.0,0.0,18.0,943.85,46.0,10.0,10.0,8.0,67957.0,28.0,28.0,4.0,3.0,1463.0,,,183.65,2.55
4062251,2027,projected,224.0,15.0,,23.0,15.0,,,,6.0,77.0,4.0,,24.0,942.6,61.0,11.0,11.0,18.0,72579.97,30.0,37.0,4.0,,,,,237.8,3.09
4062251,2027,actual,,,,,,,,,,,,,,,,,,,,,,,,,,,,
4063240,2023,projected,,,,,,,,,,,,,,,,,,,,,,,,,,,,
4063240,2023,actual,7.0,0.0,0.0,34.0,0.0,0.0,0.0,1.0,0.0,9.0,0.0,0.0,1.0,594.78,2.0,0.0,0.0,2.0,5353.0,5.0,1.0,0.0,1.0,126.0,,,14.65,1.63
4063240,2024,projected,,,,,,,,,,,,,,,,,,,,,,,,,,,,
4063240,2024,actual,98.0,0.0,0.0,223.0,1.0,28.0,1.0,1.0,-1.0,81.0,0.0,1.0,6.0,854.62,21.0,1.0,0.0,25.0,69224.0,93.0,15.0,0.0,23.0,1580.0,,,155.8,1.92
4063240,2025,projected,,,,,,,,,,,,,,,,,,,,,,,,,,,,
4063240,2025,actual,67.0,0.0,0.0,191.0,0.0,15.0,0.0,0.0,-16.0,76.0,0.0,0.0,4.0,631.86,10.0,0.0,0.0,29.0,48021.0,63.0,6.0,0.0,19.0,1187.0,,,105.85,1.39
4063240,2026,projected,,,,,,,,,,,,,,,,,,,,,,,,,,,,
4063240,2026,actual,71.0,0.0,1.0,282.0,1.0,15.0,0.0,0.0,0.0,81.0,0.0,1.0,7.0,674.27,14.0,0.0,0.0,38.0,54616.0,75.0,7.0,1.0,10.0,1332.0,,,139.45,1.72
4063240,2027,projected,,,,,,,,,,,,,,,,,,,,,,,,,,,,
4063240,2027,actual,,,,,,,,,,,,,,,,,,,,,,,,,,,,
4063279,2023,projected,,,,,,,,,,,,,,,,,,,,,,,,,,,,
4063279,2023,actual,62.0,0.0,0.0,99.0,0.0,26.0,0.0,1.0,7.0,43.0,0.0,0.0,6.0,746.14,15.0,0.0,0.0,31.0,32084.0,38.0,9.0,0.0,11.0,751.0,,,96.9,2.25
4063279,2024,projected,,,,,,,,,,,,,,,,,,,,,,,,,,,,
4063279,2024,actual,57.0,0.0,0.0,114.0,0.0,13.0,0.0,1.0,-10.0,54.0,0.0,0.0,5.0,609.93,12.0,0.0,0.0,32.0,32936.0,27.0,7.0,0.0,14.0,843.0,,,85.15,1.58
4063279,2025,projected,,,,,,,,,,,,,,,,,,,,,,,,,,,,
4063279,2025,actual,44.0,1.0,1.0,137.0,2.0,17.0,0.0,1.0,-4.0,59.0,1.0,1.0,4.0,656.25,10.0,0.0,0.0,31.0,38719.0,27.0,6.0,2.0,8.0,925.0,,,81.7,1.38
4063279,2026,projected,,,,,,,,,,,,,,,,,,,,,,,,,,,,
4063279,2026,actual,25.0,0.0,0.0,85.0,0.0,2.0,0.0,0.0,4.0,36.0,0.0,0.0,6.0,518.67,7.0,0.0,0.0,21.0,18672.0,7.0,1.0,0.0,0.0,430.0,,,48.75,1.35
4063279,2027,projected,,,,,,,,,,,,,,,,,,,,,,,,,,,,
4063279,2027,actual,,,,,,,,,,,,,,,,,,,,,,,,,,,,
4063377,2023,projected,,,,,,,,,,,,,,,,,,,,,,,,,,,,
4063377,2023,actual,23.0,0.0,0.0,100.0,0.0,2.0,0.0,0.0,-10.0,37.0,0.0,0.0,3.0,484.41,3.0,0.0,0.0,24.0,17923.0,4.0,0.0,0.0,1.0,426.0,,,38.75,1.05
4063377,2024,projected,,,,,,,,,,,,,,,,,,,,,,,,,,,,
4063377,2024,actual,33.0,0.0,0.0,71.0,0.0,3.0,0.0,1.0,1.0,28.0,0.0,0.0,3.0,667.75,8.0,0.0,0.0,7.0,18697.0,6.0,5.0,0.0,2.0,428.0,,,41.85,1.49
4063377,2025,projected,,,,,,,,,,,,,,,,,,,,,,,,,,,,
4063377,2025,actual,5.0,0.0,0.0,10.0,0.0,0.0,0.0,0.0,-1.0,5.0,0.0,0.0,0.0,699.4,3.0,0.0,0.0,0.0,3497.0,3.0,3.0,0.0,2.0,87.0,,,9.75,1.95
4063377,2026,projected,,,,,,,,,,,,,,,,,,,,,,,,,,,,
4063377,2026,actual,4.0,0.0,0.0,9.0,0.0,0.0,0.0,0.0,-3.0,3.0,0.0,0.0,0.0,536.0,0.0,0.0,0.0,2.0,1608.0,4.0,0.0,0.0,0.0,35.0,,,4.9,1.63
4063377,2027,projected,,,,,,,,,,,,,,,,,,,,,,,,,,,,
4063377,2027,actual,,,,,,,,,,,,,,,,,,,,,,,,,,,,
4063433,2023,projected,253.0,23.0,1.0,96.0,24.0,9.0,0.0,6.0,6.0,82.0,12.0,1.0,40.0,1236.0,76.0,11.0,11.0,15.0,101352.0,33.0,36.0,13.0,10.0,40.0,,,314.35,3.83
4063433,2023,actual,263.0,30.0,0.0,109.0,30.0,9.0,0.0,6.0,-31.0,82.0,11.0,0.0,27.0,1140.38,66.0,19.0,19.0,45.0,93511.0,38.0,39.0,11.0,10.0,1844.0,,,303.65,3.7
4063433,2024,projected,265.0,28.0,0.0,103.0,28.0,22.0,0.0,1.0,-15.0,82.0,12.0,0.0,33.0,1218.0,71.0,16.0,16.0,28.0,99876.0,35.0,38.0,12.0,16.0,1765.0,1.0,,307.05,3.74
4063433,2024,actual,237.0,19.0,0.0,56.0,19.0,22.0,0.0,1.0,1.0,82.0,11.0,0.0,27.0,1073.52,67.0,8.0,8.0,34.0,88029.0,35.0,40.0,11.0,16.0,1765.0,1.0,,279.35,3.41
4063433,2025,projected,245.0,24.0,,89.0,24.0,,,,5.0,82.0,12.0,,28.0,1152.0,69.0,12.0,12.0,38.0,94464.0,36.0,41.0,12.0,,,,,291.15,3.55
4063433,2025,actual,244.0,29.0,0.0,33.0,29.0,32.0,0.0,4.0,-13.0,82.0,13.0,0.0,39.0,1072.27,70.0,16.0,16.0,29.0,87926.0,38.0,31.0,13.0,26.0,1701.0,,,301.8,3.68
4063433,2026,projected,240.0,27.0,,49.0,27.0,,,,-21.0,82.0,12.0,,35.0,1074.0,73.0,15.0,15.0,36.0,88068.0,36.0,38.0,12.0,,,,,301.4,3.68
4063433,2026,actual,287.0,23.0,0.0,38.0,23.0,31.0,0.0,6.0,8.0,82.0,15.0,0.0,41.0,1110.01,85.0,8.0,8.0,19.0,91021.0,39.0,44.0,15.0,19.0,1753.0,,,340.55,4.15
4063433,2027,projected,280.0,23.0,,40.0,23.0,,,,4.0,84.0,14.0,,40.0,1139.27,84.0,9.0,9.0,23.0,95698.68,40.0,44.0,14.0,,,,,332.0,3.95
4063433,2027,actual,,,,,,,,,,,,,,,,,,,,,,,,,,,,
4063460,2023,projected,,,,,,,,,,,,,,,,,,,,,,,,,,,,
4063460,2023,actual,119.0,0.0,0.0,97.0,1.0,16.0,1.0,1.0,-9.0,57.0,0.0,1.0,10.0,778.44,17.0,1.0,0.0,32.0,44371.0,34.0,7.0,0.0,7.0,1033.0,1.0,,121.45,2.13
4063460,2024,projected,,,,,,,,,,,,,,,,,,,,,,,,,,,,
4063460,2024,actual,110.0,1.0,1.0,134.0,2.0,10.0,0.0,1.0,-7.0,63.0,1.0,1.0,6.0,683.94,12.0,0.0,0.0,17.0,43088.0,26.0,6.0,2.0,14.0,1011.0,,,96.4,1.53
4063460,2025,projected,,,,,,,,,,,,,,,,,,,,,,,,,,,,
4063460,2025,actual,60.0,0.0,1.0,94.0,1.0,3.0,0.0,2.0,-21.0,52.0,0.0,1.0,4.0,666.37,7.0,0.0,0.0,28.0,34651.0,33.0,3.0,1.0,4.0,898.0,,,76.9,1.48
4063460,2026,projected,,,,,,,,,,,,,,,,,,,,,,,,,,,,
4063460,2026,actual,41.0,1.0,0.0,37.0,1.0,27.0,0.0,0.0,-10.0,37.0,0.0,0.0,4.0,573.59,9.0,1.0,1.0,26.0,21223.0,11.0,5.0,0.0,19.0,509.0,,,54.95,1.49
4063460,2027,projected,,,,,,,,,,,,,,,,,,,,,,,,,,,,
4063460,2027,actual,,,,,,,,,,,,,,,,,,,,,,,,,,,,
4063495,2023,projected,,,,,,,,,,,,,,,,,,,,,,,,,,,,
4063495,2023,actual,68.0,0.0,0.0,85.0,1.0,12.0,1.0,2.0,-10.0,58.0,0.0,1.0,5.0,725.38,16.0,1.0,0.0,27.0,42072.0,15.0,11.0,0.0,3.0,927.0,,,86.5,1.49
4063495,2024,projected,,,,,,,,,,,,,,,,,,,,,,,,,,,,
4063495,2024,actual,70.0,0.0,1.0,73.0,1.0,22.0,0.0,0.0,-6.0,59.0,0.0,1.0,7.0,688.73,13.0,0.0,0.0,12.0,40635.0,14.0,6.0,1.0,17.0,900.0,,,72.8,1.23
4063495,2025,projected,,,,,,,,,,,,,,,,,,,,,,,,,,,,
4063495,2025,actual,,,,,,,,,,,,,,,,,,,,,,,,,,,,
4063495,2026,projected,,,,,,,,,,,,,,,,,,,,,,,,,,,,
4063495,2026,actual,0.0,0.0,0.0,5.0,0.0,12.0,0.0,0.0,0.0,3.0,0.0,0.0,0.0,731.33,0.0,0.0,0.0,0.0,2194.0,2.0,0.0,0.0,7.0,49.0,,,1.5,0.5
4063495,2027,projected,,,,,,,,,,,,,,,,,,,,,,,,,,,,
4063495,2027,actual,,,,,,,,,,,,,,,,,,,,,,,,,,,,
4063496,2023,projected,,,,,,,,,,,,,,,,,,,,,,,,,,,,
4063496,2023,actual,27.0,0.0,0.0,68.0,0.0,73.0,0.0,0.0,-1.0,27.0,0.0,0.0,3.0,715.59,6.0,0.0,0.0,26.0,19321.0,11.0,3.0,0.0,77.0,433.0,,,47.05,1.74
4063496,2024,projected,,,,,,,,,,,,,,,,,,,,,,,,,,,,
4063496,2024,actual,,,,,,,,,,,,,,,,,,,,,,,,,,,,
4063496,2025,projected,,,,,,,,,,,,,,,,,,,,,,,,,,,,
4063496,2025,actual,,,,,,,,,,,,,,,,,,,,,,,,,,,,
4063496,2026,projected,,,,,,,,,,,,,,,,,,,,,,,,,,,,
4063496,2026,actual,0.0,0.0,0.0,16.0,0.0,14.0,0.0,0.0,0.0,5.0,0.0,0.0,0.0,531.8,0.0,0.0,0.0,0.0,2659.0,3.0,0.0,0.0,13.0,59.0,,,3.1,0.62
4063496,2027,projected,,,,,,,,,,,,,,,,,,,,,,,,,,,,
4063496,2027,actual,,,,,,,,,,,,,,,,,,,,,,,,,,,,
4063502,2023,projected,,,,,,,,,,,,,,,,,,,,,,,,,,,,
4063502,2023,actual,129.0,15.0,0.0,82.0,15.0,9.0,0.0,1.0,-28.0,78.0,7.0,0.0,20.0,994.08,37.0,8.0,8.0,16.0,77538.0,38.0,17.0,7.0,10.0,1472.0,1.0,,176.45,2.26
4063502,2024,projected,124.0,11.0,1.0,101.0,11.0,38.0,0.0,0.0,-25.0,76.0,5.0,1.0,17.0,960.0,32.0,6.0,6.0,14.0,72960.0,37.0,15.0,5.0,19.0,1379.0,,,157.6,2.07
4063502,2024,actual,120.0,3.0,1.0,76.0,4.0,38.0,0.0,0.0,-19.0,73.0,1.0,1.0,5.0,952.95,14.0,2.0,2.0,22.0,69565.0,28.0,9.0,2.0,19.0,1379.0,,,99.6,1.36
4063502,2025,projected,125.0,5.0,,81.0,5.0,,,,-27.0,77.0,2.0,,7.0,954.0,20.0,3.0,3.0,24.0,73458.0,37.0,13.0,2.0,,,,,120.35,1.56
4063502,2025,actual,93.0,1.0,0.0,59.0,1.0,20.0,0.0,1.0,-7.0,80.0,0.0,0.0,7.0,741.65,27.0,1.0,1.0,18.0,59332.0,28.0,20.0,0.0,9.0,1307.0,,,114.65,1.43
4063502,2026,projected,,,,,,,,,,,,,,,,,,,,,,,,,,,,
4063502,2026,actual,53.0,1.0,1.0,49.0,2.0,12.0,0.0,0.0,5.0,68.0,0.0,1.0,9.0,710.59,19.0,1.0,1.0,12.0,48320.0,40.0,10.0,1.0,3.0,1118.0,1.0,,96.65,1.42
4063502,2027,projected,,,,,,,,,,,,,,,,,,,,,,,,,,,,
4063502,2027,actual,,,,,,,,,,,,,,,,,,,,,,,,,,,,
4063569,2023,projected,,,,,,,,,,,,,,,,,,,,,,,,,,,,
4063569,2023,actual,74.0,0.0,0.0,150.0,0.0,14.0,0.0,3.0,-11.0,56.0,0.0,0.0,4.0,694.45,10.0,0.0,0.0,66.0,38889.0,28.0,6.0,0.0,15.0,899.0,,,107.5,1.92
4063569,2024,projected,,,,,,,,,,,,,,,,,,,,,,,,,,,,
4063569,2024,actual,17.0,0.0,0.0,47.0,0.0,13.0,0.0,1.0,-4.0,30.0,0.0,0.0,2.0,383.87,3.0,0.0,0.0,57.0,11516.0,7.0,1.0,0.0,21.0,297.0,,,49.95,1.67
4063569,2025,projected,,,,,,,,,,,,,,,,,,,,,,,,,,,,
4063569,2025,actual,26.0,0.0,0.0,49.0,0.0,8.0,0.0,0.0,0.0,21.0,0.0,0.0,2.0,465.67,3.0,0.0,0.0,21.0,9779.0,7.0,1.0,0.0,6.0,271.0,,,33.4,1.59
4063569,2026,projected,,,,,,,,,,,,,,,,,,,,,,,,,,,,
4063569,2026,actual,4.0,0.0,0.0,6.0,0.0,2.0,0.0,0.0,0.0,3.0,0.0,0.0,0.0,380.0,0.0,0.0,0.0,0.0,1140.0,1.0,0.0,0.0,0.0,26.0,,,2.1,0.7
4063569,2027,projected,,,,,,,,,,,,,,,,,,,,,,,,,,,,
4063569,2027,actual,,,,,,,,,,,,,,,,,,,,,,,,,,,,
4063605,2023,projected,,,,,,,,,,,,,,,,,,,,,,,,,,,,
4063605,2023,actual,,,,,,,,,,,,,,,,,,,,,,,,,,,,
4063605,2024,projected,,,,,,,,,,,,,,,,,,,,,,,,,,,,
4063605,2024,actual,31.0,2.0,0.0,43.0,2.0,7.0,0.0,1.0,4.0,19.0,2.0,0.0,5.0,667.05,7.0,0.0,0.0,2.0,12674.0,12.0,2.0,2.0,3.0,319.0,,,41.05,2.16
4063605,2025,projected,,,,,,,,,,,,,,,,,,,,,,,,,,,,
4063605,2025,actual,89.0,5.0,0.0,123.0,5.0,10.0,0.0,3.0,-9.0,76.0,4.0,0.0,11.0,711.88,22.0,1.0,1.0,18.0,54103.0,38.0,11.0,4.0,3.0,1251.0,,,125.05,1.65
4063605,2026,projected,,,,,,,,,,,,,,,,,,,,,,,,,,,,
4063605,2026,actual,104.0,5.0,0.0,90.0,5.0,3.0,0.0,4.0,5.0,64.0,3.0,0.0,17.0,759.28,34.0,2.0,2.0,14.0,48594.0,44.0,17.0,3.0,0.0,1053.0,1.0,,160.0,2.5
4063605,2027,projected,101.0,5.0,,95.0,5.0,,,,3.0,62.0,3.0,,16.0,791.1,31.0,2.0,2.0,14.0,49048.01,40.0,15.0,3.0,,,,,143.75,2.32
4063605,2027,actual,,,,,,,,,,,,,,,,,,,,,,,,,,,,
4064780,2023,projected,,,,,,,,,,,,,,,,,,,,,,,,,,,,
4064780,2023,actual,107.0,0.0,0.0,290.0,1.0,13.0,1.0,1.0,-7.0,76.0,0.0,1.0,6.0,855.18,18.0,1.0,0.0,107.0,64994.0,62.0,12.0,0.0,10.0,1366.0,,,184.25,2.42
4064780,2024,projected,109.0,2.0,0.0,273.0,2.0,41.0,0.0,0.0,3.0,73.0,1.0,0.0,6.0,864.0,19.0,1.0,1.0,116.0,63072.0,58.0,13.0,1.0,23.0,856.0,,,187.05,2.56
4064780,2024,actual,59.0,2.0,0.0,182.0,2.0,41.0,0.0,0.0,-10.0,55.0,1.0,0.0,7.0,721.09,14.0,1.0,1.0,75.0,39660.0,27.0,7.0,1.0,23.0,856.0,,,120.45,2.19
4064780,2025,projected,79.0,2.0,,235.0,2.0,,,,-8.0,62.0,1.0,,5.0,720.0,16.0,1.0,1.0,92.0,44640.0,39.0,11.0,1.0,,,,,147.25,2.38
4064780,2025,actual,56.0,0.0,0.0,211.0,0.0,10.0,0.0,1.0,0.0,67.0,0.0,0.0,7.0,661.0,13.0,0.0,0.0,89.0,44287.0,37.0,6.0,0.0,8.0,926.0,,,132.1,1.97
4064780,2026,projected,,,,,,,,,,,,,,,,,,,,,,,,,,,,
4064780,2026,actual,78.0,1.0,0.0,239.0,1.0,10.0,0.0,1.0,-4.0,77.0,0.0,0.0,6.0,758.57,22.0,1.0,1.0,66.0,58410.0,58.0,16.0,0.0,8.0,1288.0,,,156.9,2.04
4064780,2027,projected,,,,,,,,,,,,,,,,,,,,,,,,,,,,
4064780,2027,actual,,,,,,,,,,,,,,,,,,,,,,,,,,,,
4064781,2023,projected,,,,,,,,,,,,,,,,,,,,,,,,,,,,
4064781,2023,actual,75.0,0.0,0.0,178.0,0.0,13.0,0.0,1.0,-20.0,66.0,0.0,0.0,5.0,697.82,15.0,0.0,0.0,81.0,46056.0,58.0,10.0,0.0,2.0,1041.0,,,142.05,2.15
4064781,2024,projected,,,,,,,,,,,,,,,,,,,,,,,,,,,,
4064781,2024,actual,55.0,0.0,1.0,155.0,1.0,12.0,0.0,1.0,-4.0,54.0,0.0,1.0,5.0,676.93,12.0,0.0,0.0,70.0,36554.0,36.0,7.0,1.0,4.0,792.0,,,114.25,2.12
4064781,2025,projected,,,,,,,,,,,,,,,,,,,,,,,,,,,,
4064781,2025,actual,111.0,0.0,1.0,305.0,2.0,22.0,1.0,5.0,-4.0,82.0,0.0,2.0,18.0,867.55,32.0,1.0,0.0,139.0,71139.0,80.0,14.0,1.0,14.0,1525.0,,,257.75,3.14
4064781,2026,projected,163.0,,1.0,278.0,2.0,,1.0,,-8.0,81.0,,2.0,22.0,846.0,43.0,1.0,,122.0,68526.0,77.0,21.0,1.0,,,,,279.05,3.45
4064781,2026,actual,93.0,0.0,0.0,209.0,0.0,9.0,0.0,3.0,13.0,61.0,0.0,0.0,15.0,853.7,26.0,0.0,0.0,101.0,52076.0,42.0,11.0,0.0,2.0,1119.0,,,185.65,3.04
4064781,2027,projected,91.0,,,217.0,,,,,9.0,65.0,,,16.0,805.65,27.0,,,109.0,52366.99,49.0,11.0,,,,,,193.45,2.98
4064781,2027,actual,,,,,,,,,,,,,,,,,,,,,,,,,,,,
4064976,2023,projected,,,,,,,,,,,,,,,,,,,,,,,,,,,,
4064976,2023,actual,,,,,,,,,,,,,,,,,,,,,,,,,,,,
4064976,2024,projected,,,,,,,,,,,,,,,,,,,,,,,,,,,,
4064976,2024,actual,,,,,,,,,,,,,,,,,,,,,,,,,,,,
4064976,2025,projected,,,,,,,,,,,,,,,,,,,,,,,,,,,,
4064976,2025,actual,25.0,0.0,0.0,25.0,0.0,47.0,0.0,0.0,-10.0,22.0,0.0,0.0,2.0,551.41,5.0,0.0,0.0,4.0,12131.0,12.0,3.0,0.0,66.0,275.0,,,28.75,1.31
4064976,2026,projected,,,,,,,,,,,,,,,,,,,,,,,,,,,,
4064976,2026,actual,43.0,0.0,1.0,50.0,2.0,145.0,1.0,0.0,-1.0,42.0,0.0,2.0,3.0,630.05,10.0,1.0,0.0,22.0,26462.0,24.0,7.0,1.0,158.0,611.0,,,64.75,1.54
4064976,2027,projected,,,,,,,,,,,,,,,,,,,,,,,,,,,,
4064976,2027,actual,,,,,,,,,,,,,,,,,,,,,,,,,,,,
4065019,2023,projected,124.0,13.0,1.0,68.0,16.0,58.0,1.0,3.0,-6.0,78.0,7.0,2.0,14.0,858.0,33.0,8.0,6.0,33.0,66924.0,35.0,19.0,8.0,23.0,337.0,1.0,,170.8,2.19
4065019,2023,actual,178.0,13.0,1.0,69.0,16.0,58.0,2.0,3.0,23.0,81.0,7.0,3.0,30.0,1118.81,64.0,8.0,6.0,54.0,90624.0,58.0,34.0,8.0,23.0,1835.0,1.0,,285.4,3.52
4065019,2024,projected,156.0,13.0,1.0,65.0,16.0,36.0,2.0,3.0,18.0,79.0,6.0,3.0,31.0,1110.0,67.0,9.0,7.0,50.0,87690.0,53.0,36.0,7.0,25.0,1923.0,,,278.5,3.53
4065019,2024,actual,184.0,7.0,0.0,45.0,9.0,36.0,2.0,3.0,1.0,82.0,2.0,2.0,26.0,1155.35,75.0,7.0,5.0,79.0,94739.0,45.0,49.0,2.0,25.0,1923.0,,,298.0,3.63
4065019,2025,projected,181.0,10.0,1.0,66.0,12.0,,1.0,,10.0,82.0,4.0,2.0,27.0,1128.0,70.0,7.0,6.0,58.0,92496.0,49.0,43.0,5.0,,,,,282.35,3.44
4065019,2025,actual,228.0,11.0,3.0,59.0,18.0,15.0,4.0,4.0,33.0,82.0,0.0,7.0,35.0,1244.57,90.0,15.0,11.0,58.0,102055.0,60.0,55.0,3.0,8.0,1988.0,1.0,,359.4,4.38
4065019,2026,projected,211.0,13.0,2.0,61.0,17.0,,2.0,,28.0,82.0,3.0,4.0,33.0,1194.0,81.0,12.0,10.0,62.0,97908.0,57.0,48.0,5.0,,,,,327.35,3.99
4065019,2026,actual,214.0,12.0,1.0,42.0,13.0,37.0,0.0,6.0,34.0,71.0,5.0,1.0,36.0,1185.61,74.0,7.0,7.0,58.0,84178.0,38.0,38.0,6.0,26.0,1638.0,,,306.2,4.31
4065019,2027,projected,213.0,12.0,1.0,47.0,14.0,,1.0,,32.0,75.0,4.0,2.0,37.0,1240.75,78.0,9.0,8.0,60.0,93056.25,45.0,41.0,5.0,,,,,314.45,4.19
4065019,2027,actual,,,,,,,,,,,,,,,,,,,,,,,,,,,,
4196931,2023,projected,,,,,,,,,,,,,,,,,,,,,,,,,,,,
4196931,2023,actual,94.0,5.0,1.0,84.0,6.0,236.0,0.0,0.0,-9.0,63.0,4.0,1.0,11.0,691.86,17.0,1.0,1.0,29.0,43587.0,40.0,6.0,5.0,235.0,1098.0,,,117.9,1.87
4196931,2024,projected,,,,,,,,,,,,,,,,,,,,,,,,,,,,
4196931,2024,actual,,,,,,,,,,,,,,,,,,,,,,,,,,,,
4196931,2025,projected,,,,,,,,,,,,,,,,,,,,,,,,,,,,
4196931,2025,actual,,,,,,,,,,,,,,,,,,,,,,,,,,,,
4196931,2026,projected,,,,,,,,,,,,,,,,,,,,,,,,,,,,
4196931,2026,actual,2.0,0.0,0.0,8.0,0.0,12.0,0.0,0.0,0.0,5.0,0.0,0.0,0.0,418.4,0.0,0.0,0.0,0.0,2092.0,3.0,0.0,0.0,9.0,55.0,,,2.8,0.56
4196931,2027,projected,,,,,,,,,,,,,,,,,,,,,,,,,,,,
4196931,2027,actual,,,,,,,,,,,,,,,,,,,,,,,,,,,,
4197009,2023,projected,,,,,,,,,,,,,,,,,,,,,,,,,,,,
4197009,2023,actual,80.0,0.0,1.0,146.0,1.0,10.0,0.0,3.0,6.0,51.0,0.0,1.0,9.0,645.41,10.0,0.0,0.0,42.0,32916.0,18.0,1.0,1.0,4.0,773.0,,,98.6,1.93
4197009,2024,projected,,,,,,,,,,,,,,,,,,,,,,,,,,,,
4197009,2024,actual,92.0,0.0,1.0,186.0,1.0,6.0,0.0,0.0,-5.0,80.0,0.0,1.0,5.0,651.59,13.0,0.0,0.0,70.0,52127.0,37.0,8.0,1.0,4.0,1242.0,,,128.1,1.6
4197009,2025,projected,,,,,,,,,,,,,,,,,,,,,,,,,,,,
4197009,2025,actual,83.0,0.0,0.0,165.0,1.0,25.0,1.0,1.0,3.0,82.0,0.0,1.0,9.0,800.62,21.0,1.0,0.0,98.0,65651.0,65.0,12.0,0.0,18.0,1612.0,,,171.75,2.09
4197009,2026,projected,,,,,,,,,,,,,,,,,,,,,,,,,,,,
4197009,2026,actual,64.0,0.0,1.0,159.0,1.0,29.0,0.0,0.0,-2.0,82.0,0.0,1.0,4.0,664.12,9.0,0.0,0.0,78.0,54458.0,57.0,5.0,1.0,14.0,1387.0,,,123.4,1.5
4197009,2027,projected,,,,,,,,,,,,,,,,,,,,,,,,,,,,
4197009,2027,actual,,,,,,,,,,,,,,,,,,,,,,,,,,,,
4197130,2023,projected,,,,,,,,,,,,,,,,,,,,,,,,,,,,
4197130,2023,actual,64.0,0.0,0.0,198.0,2.0,5.0,2.0,1.0,-3.0,69.0,0.0,2.0,4.0,764.55,17.0,2.0,0.0,60.0,52754.0,25.0,13.0,0.0,0.0,1170.0,,,119.3,1.73
4197130,2024,projected,,,,,,,,,,,,,,,,,,,,,,,,,,,,
4197130,2024,actual,112.0,0.0,1.0,208.0,3.0,12.0,2.0,4.0,5.0,80.0,0.0,3.0,9.0,821.36,23.0,2.0,0.0,63.0,65709.0,32.0,14.0,1.0,5.0,1583.0,,,159.3,1.99
4197130,2025,projected,,,,,,,,,,,,,,,,,,,,,,,,,,,,
4197130,2025,actual,69.0,0.0,0.0,161.0,1.0,8.0,1.0,0.0,-15.0,71.0,0.0,1.0,4.0,816.35,12.0,1.0,0.0,69.0,57961.0,29.0,8.0,0.0,9.0,1386.0,,,111.35,1.57
4197130,2026,projected,,,,,,,,,,,,,,,,,,,,,,,,,,,,
4197130,2026,actual,69.0,0.0,0.0,173.0,1.0,14.0,1.0,2.0,-7.0,63.0,0.0,1.0,8.0,796.9,12.0,1.0,0.0,40.0,50205.0,18.0,4.0,0.0,6.0,1167.0,,,98.55,1.56
4197130,2027,projected,,,,,,,,,,,,,,,,,,,,,,,,,,,,
4197130,2027,actual,,,,,,,,,,,,,,,,,,,,,,,,,,,,
4233555,2023,projected,159.0,13.0,1.0,47.0,15.0,763.0,1.0,9.0,5.0,71.0,3.0,2.0,20.0,1176.0,64.0,11.0,10.0,14.0,83496.0,46.0,44.0,4.0,891.0,131.0,,,242.45,3.41
4233555,2023,actual,256.0,19.0,3.0,34.0,23.0,763.0,1.0,9.0,33.0,81.0,7.0,4.0,31.0,1157.28,80.0,13.0,12.0,10.0,93740.0,61.0,49.0,10.0,891.0,2041.0,,,322.9,3.99
4233555,2024,projected,261.0,23.0,2.0,54.0,26.0,602.0,1.0,4.0,27.0,82.0,8.0,3.0,33.0,1164.0,86.0,16.0,15.0,14.0,95448.0,65.0,53.0,10.0,785.0,1793.0,,,339.65,4.14
4233555,2024,actual,182.0,17.0,1.0,40.0,18.0,602.0,0.0,4.0,-5.0,71.0,6.0,1.0,27.0,1168.93,67.0,11.0,11.0,12.0,82994.0,42.0,40.0,7.0,785.0,1793.0,,,255.0,3.59
4233555,2025,projected,224.0,19.0,2.0,46.0,23.0,,2.0,,6.0,76.0,7.0,4.0,30.0,1164.0,72.0,14.0,12.0,10.0,88464.0,54.0,42.0,9.0,,,,,285.6,3.76
4233555,2025,actual,187.0,29.0,0.0,43.0,31.0,790.0,2.0,3.0,9.0,75.0,14.0,2.0,35.0,1223.28,69.0,17.0,15.0,20.0,91746.0,60.0,34.0,14.0,987.0,1837.0,2.0,,296.55,3.95
4233555,2026,projected,202.0,21.0,1.0,45.0,23.0,,1.0,,7.0,73.0,9.0,2.0,33.0,1212.0,71.0,13.0,12.0,18.0,88476.0,59.0,38.0,10.0,,,,,286.5,3.92
4233555,2026,actual,211.0,23.0,0.0,58.0,24.0,800.0,1.0,6.0,-6.0,82.0,11.0,1.0,28.0,1243.0,66.0,13.0,12.0,29.0,101926.0,62.0,38.0,11.0,1008.0,1953.0,,,288.05,3.51
4233555,2027,projected,215.0,23.0,,54.0,23.0,,,,-5.0,82.0,11.0,,31.0,1197.79,71.0,12.0,12.0,27.0,98218.78,58.0,40.0,11.0,,,,,291.65,3.56
4233555,2027,actual,,,,,,,,,,,,,,,,,,,,,,,,,,,,
4233566,2023,projected,185.0,25.0,1.0,55.0,26.0,555.0,4.0,6.0,6.0,78.0,9.0,1.0,31.0,1110.0,70.0,16.0,16.0,14.0,86580.0,44.0,39.0,10.0,442.0,62.0,,,280.75,3.6
4233566,2023,actual,257.0,25.0,5.0,74.0,34.0,555.0,4.0,6.0,16.0,80.0,6.0,9.0,39.0,1233.29,102.0,23.0,19.0,14.0,98663.0,89.0,63.0,11.0,442.0,1972.0,,,401.65,5.02
4233566,2024,projected,269.0,36.0,4.0,81.0,43.0,393.0,3.0,10.0,14.0,80.0,12.0,7.0,45.0,1260.0,116.0,27.0,24.0,16.0,100800.0,91.0,71.0,16.0,406.0,1958.0,1.0,,453.85,5.67
4233566,2024,actual,207.0,31.0,0.0,106.0,33.0,393.0,2.0,10.0,20.0,82.0,13.0,2.0,34.0,1179.02,89.0,20.0,18.0,12.0,96680.0,68.0,55.0,13.0,406.0,1958.0,1.0,,351.35,4.28
4233566,2025,projected,244.0,29.0,3.0,89.0,35.0,,3.0,,19.0,81.0,11.0,6.0,37.0,1182.0,94.0,21.0,18.0,14.0,95742.0,71.0,57.0,14.0,,,,,366.4,4.52
4233566,2025,actual,109.0,16.0,0.0,73.0,16.0,506.0,0.0,1.0,-10.0,64.0,7.0,0.0,15.0,1119.62,45.0,9.0,9.0,14.0,71656.0,77.0,30.0,7.0,458.0,1430.0,,,197.55,3.09
4233566,2026,projected,223.0,23.0,2.0,91.0,27.0,,2.0,,15.0,79.0,10.0,4.0,22.0,1128.0,73.0,15.0,13.0,14.0,89112.0,78.0,51.0,12.0,,,,,301.35,3.81
4233566,2026,actual,132.0,22.0,1.0,67.0,23.0,711.0,0.0,0.0,-30.0,74.0,4.0,1.0,15.0,1137.69,51.0,18.0,18.0,20.0,84189.0,108.0,36.0,5.0,642.0,1665.0,,,235.7,3.19
4233566,2027,projected,166.0,25.0,1.0,86.0,27.0,,1.0,,-24.0,84.0,6.0,2.0,18.0,1147.42,64.0,20.0,19.0,19.0,96383.28,114.0,46.0,7.0,,,,,281.1,3.35
4233566,2027,actual,,,,,,,,,,,,,,,,,,,,,,,,,,,,
4233568,2023,projected,,,,,,,,,,,,,,,,,,,,,,,,,,,,
4233568,2023,actual,131.0,9.0,0.0,62.0,9.0,365.0,0.0,2.0,9.0,72.0,6.0,0.0,14.0,886.03,35.0,3.0,3.0,20.0,63794.0,31.0,21.0,6.0,362.0,1285.0,,,157.95,2.19
4233568,2024,projected,,,,,,,,,,,,,,,,,,,,,,,,,,,,
4233568,2024,actual,82.0,1.0,0.0,23.0,1.0,117.0,0.0,1.0,-9.0,41.0,0.0,0.0,6.0,805.93,13.0,1.0,1.0,20.0,33043.0,20.0,7.0,0.0,100.0,729.0,1.0,,79.3,1.93
4233568,2025,projected,,,,,,,,,,,,,,,,,,,,,,,,,,,,
4233568,2025,actual,91.0,2.0,0.0,53.0,2.0,230.0,0.0,1.0,-5.0,65.0,1.0,0.0,6.0,819.34,22.0,1.0,1.0,16.0,53257.0,38.0,16.0,1.0,243.0,1285.0,,,107.55,1.65
4233568,2026,projected,,,,,,,,,,,,,,,,,,,,,,,,,,,,
4233568,2026,actual,104.0,2.0,0.0,42.0,2.0,410.0,0.0,3.0,3.0,70.0,1.0,0.0,19.0,816.83,26.0,1.0,1.0,39.0,57178.0,40.0,7.0,1.0,486.0,1343.0,,,145.2,2.07
4233568,2027,projected,,,,,,,,,,,,,,,,,,,,,,,,,,,,
4233568,2027,actual,,,,,,,,,,,,,,,,,,,,,,,,,,,,
4233575,2023,projected,125.0,8.0,1.0,26.0,9.0,398.0,1.0,2.0,-13.0,64.0,2.0,1.0,12.0,978.0,29.0,7.0,6.0,6.0,62592.0,13.0,17.0,2.0,338.0,359.0,,,123.35,1.93
4233575,2023,actual,135.0,16.0,1.0,30.0,17.0,398.0,0.0,2.0,-8.0,82.0,4.0,1.0,15.0,943.7,59.0,12.0,12.0,22.0,77383.0,16.0,44.0,5.0,338.0,1628.0,,,202.75,2.47
4233575,2024,projected,,,,,,,,,,,,,,,,,,,,,,,,,,,,
4233575,2024,actual,127.0,9.0,0.0,20.0,9.0,595.0,0.0,1.0,10.0,80.0,3.0,0.0,18.0,1063.78,57.0,6.0,6.0,32.0,85102.0,31.0,39.0,3.0,529.0,1654.0,,,204.25,2.55
4233575,2025,projected,147.0,11.0,,31.0,11.0,,,,-13.0,81.0,3.0,,21.0,1008.0,59.0,8.0,8.0,30.0,81648.0,27.0,38.0,3.0,,,,,214.35,2.65
4233575,2025,actual,105.0,13.0,0.0,30.0,13.0,560.0,0.0,3.0,-29.0,81.0,3.0,0.0,15.0,1023.83,40.0,10.0,10.0,24.0,82930.0,33.0,25.0,3.0,443.0,1603.0,,,163.75,2.02
4233575,2026,projected,,,,,,,,,,,,,,,,,,,,,,,,,,,,
4233575,2026,actual,80.0,7.0,0.0,23.0,7.0,95.0,0.0,2.0,12.0,71.0,2.0,0.0,15.0,909.75,42.0,5.0,5.0,12.0,64592.0,21.0,27.0,2.0,91.0,1314.0,,,144.3,2.03
4233575,2027,projected,97.0,9.0,,25.0,9.0,,,,6.0,78.0,2.0,,16.0,952.64,45.0,7.0,7.0,17.0,74306.0,26.0,29.0,2.0,,,,,159.75,2.05
4233575,2027,actual,,,,,,,,,,,,,,,,,,,,,,,,,,,,
4233576,2023,projected,,,,,,,,,,,,,,,,,,,,,,,,,,,,
4233576,2023,actual,88.0,1.0,0.0,119.0,1.0,195.0,0.0,0.0,2.0,56.0,0.0,0.0,10.0,905.86,29.0,1.0,1.0,43.0,50728.0,48.0,19.0,0.0,203.0,1165.0,,,147.9,2.64
4233576,2024,projected,111.0,2.0,1.0,133.0,2.0,62.0,3.0,3.0,5.0,71.0,0.0,4.0,13.0,924.0,36.0,2.0,2.0,54.0,65604.0,61.0,23.0,1.0,58.0,1546.0,,,192.55,2.71
4233576,2024,actual,101.0,0.0,1.0,100.0,4.0,62.0,3.0,3.0,8.0,75.0,0.0,4.0,13.0,911.45,33.0,3.0,0.0,47.0,68359.0,76.0,20.0,1.0,58.0,1546.0,,,183.75,2.45
4233576,2025,projected,124.0,,1.0,137.0,2.0,,1.0,,9.0,76.0,,2.0,16.0,918.0,27.0,1.0,,50.0,69768.0,72.0,11.0,1.0,,,,,178.7,2.35
4233576,2025,actual,99.0,4.0,0.0,141.0,4.0,105.0,0.0,1.0,-12.0,77.0,2.0,0.0,11.0,804.69,21.0,2.0,2.0,24.0,61961.0,59.0,10.0,2.0,91.0,1460.0,,,137.35,1.78
4233576,2026,projected,106.0,5.0,,136.0,5.0,,,,-6.0,76.0,2.0,,12.0,846.0,28.0,3.0,3.0,38.0,64296.0,61.0,16.0,2.0,,,,,161.1,2.12
4233576,2026,actual,65.0,0.0,1.0,64.0,1.0,155.0,0.0,0.0,-10.0,64.0,0.0,1.0,6.0,759.0,14.0,0.0,0.0,8.0,48576.0,63.0,8.0,1.0,131.0,1161.0,,,94.15,1.47
4233576,2027,projected,,,,,,,,,,,,,,,,,,,,,,,,,,,,
4233576,2027,actual,,,,,,,,,,,,,,,,,,,,,,,,,,,,
4233583,2023,projected,,,,,,,,,,,,,,,,,,,,,,,,,,,,
4233583,2023,actual,122.0,9.0,0.0,41.0,9.0,60.0,0.0,6.0,10.0,63.0,5.0,0.0,23.0,936.21,41.0,4.0,4.0,18.0,58981.0,33.0,18.0,5.0,53.0,1181.0,,,178.1,2.83
4233583,2024,projected,135.0,10.0,0.0,50.0,10.0,32.0,0.0,5.0,-8.0,65.0,4.0,0.0,20.0,990.0,43.0,6.0,6.0,18.0,64350.0,41.0,23.0,4.0,27.0,869.0,1.0,,189.25,2.91
4233583,2024,actual,117.0,14.0,0.0,13.0,14.0,32.0,0.0,5.0,11.0,47.0,9.0,0.0,22.0,1020.45,36.0,5.0,5.0,14.0,47961.0,24.0,14.0,9.0,27.0,869.0,1.0,,163.05,3.47
4233583,2025,projected,143.0,15.0,,35.0,15.0,,,,10.0,64.0,9.0,,26.0,1002.0,45.0,6.0,6.0,22.0,64128.0,27.0,19.0,9.0,,,,,191.75,3.0
4233583,2025,actual,130.0,25.0,0.0,21.0,25.0,77.0,0.0,6.0,9.0,71.0,12.0,0.0,27.0,1088.17,61.0,13.0,13.0,14.0,77260.0,50.0,34.0,12.0,75.0,1412.0,,,240.1,3.38
4233583,2026,projected,158.0,32.0,,24.0,32.0,,,,10.0,69.0,14.0,,31.0,1068.0,59.0,18.0,18.0,14.0,73692.0,55.0,28.0,14.0,,,,,248.4,3.6
4233583,2026,actual,150.0,24.0,0.0,20.0,24.0,58.0,0.0,2.0,-12.0,82.0,13.0,0.0,30.0,1124.38,69.0,11.0,11.0,24.0,92199.0,35.0,39.0,13.0,42.0,1645.0,,,257.5,3.14
4233583,2027,projected,156.0,23.0,,18.0,23.0,,,,-7.0,80.0,12.0,,31.0,1047.19,67.0,11.0,11.0,20.0,83775.2,38.0,36.0,12.0,,,,,252.3,3.15
4233583,2027,actual,,,,,,,,,,,,,,,,,,,,,,,,,,,,
4233586,2023,projected,166.0,8.0,2.0,59.0,10.0,229.0,1.0,5.0,12.0,77.0,3.0,2.0,17.0,996.0,47.0,5.0,5.0,38.0,76692.0,27.0,30.0,5.0,188.0,256.0,,,206.4,2.68
4233586,2023,actual,240.0,26.0,0.0,57.0,27.0,229.0,1.0,5.0,5.0,82.0,9.0,1.0,28.0,1104.73,71.0,18.0,17.0,32.0,90588.0,21.0,43.0,9.0,188.0,1738.0,,,285.7,3.48
4233586,2024,projected,236.0,22.0,1.0,56.0,23.0,91.0,0.0,3.0,5.0,80.0,8.0,1.0,29.0,1110.0,73.0,14.0,14.0,32.0,88800.0,20.0,44.0,9.0,47.0,1548.0,1.0,,288.6,3.61
4233586,2024,actual,231.0,13.0,0.0,64.0,13.0,91.0,0.0,3.0,-9.0,77.0,8.0,0.0,24.0,1041.38,53.0,5.0,5.0,42.0,80186.0,31.0,29.0,8.0,47.0,1548.0,1.0,,247.15,3.21
4233586,2025,projected,239.0,20.0,,67.0,20.0,,,,-4.0,78.0,8.0,,26.0,1068.0,58.0,12.0,12.0,36.0,83304.0,29.0,32.0,8.0,,,,,254.95,3.27
4233586,2025,actual,194.0,37.0,0.0,62.0,37.0,84.0,0.0,8.0,5.0,79.0,12.0,0.0,27.0,1139.91,83.0,25.0,25.0,16.0,90053.0,23.0,56.0,12.0,51.0,1576.0,,,299.7,3.79
4233586,2026,projected,244.0,29.0,,69.0,29.0,,,,7.0,80.0,10.0,,32.0,1068.0,81.0,19.0,19.0,34.0,85440.0,28.0,49.0,10.0,,,,,312.4,3.9
4233586,2026,actual,206.0,24.0,0.0,85.0,24.0,12.0,0.0,5.0,47.0,78.0,9.0,0.0,38.0,1289.88,100.0,15.0,15.0,30.0,100611.0,26.0,62.0,9.0,9.0,1746.0,,,347.5,4.46
4233586,2027,projected,207.0,26.0,,87.0,26.0,,,,35.0,81.0,10.0,,36.0,1266.44,97.0,16.0,16.0,30.0,102581.64,26.0,61.0,10.0,,,,,336.45,4.15
4233586,2027,actual,,,,,,,,,,,,,,,,,,,,,,,,,,,,
4233594,2023,projected,202.0,25.0,1.0,95.0,27.0,738.0,1.0,2.0,-10.0,82.0,10.0,2.0,26.0,1272.0,76.0,16.0,15.0,34.0,104304.0,72.0,50.0,11.0,663.0,32.0,,,313.5,3.82
4233594,2023,actual,162.0,17.0,2.0,50.0,19.0,738.0,0.0,2.0,-13.0,82.0,7.0,2.0,26.0,1265.73,66.0,10.0,10.0,33.0,103790.0,56.0,40.0,9.0,663.0,1849.0,,,266.0,3.24
4233594,2024,projected,173.0,19.0,2.0,61.0,21.0,622.0,0.0,1.0,-8.0,82.0,8.0,2.0,25.0,1260.0,66.0,11.0,11.0,35.0,103320.0,59.0,41.0,10.0,689.0,1878.0,,,271.85,3.32
4233594,2024,actual,185.0,31.0,0.0,58.0,31.0,622.0,0.0,1.0,-14.0,82.0,12.0,0.0,33.0,1275.84,77.0,19.0,19.0,36.0,104619.0,48.0,44.0,12.0,689.0,1878.0,,,303.55,3.7
4233594,2025,projected,203.0,35.0,1.0,65.0,37.0,,1.0,,-12.0,82.0,14.0,2.0,36.0,1266.0,83.0,22.0,21.0,34.0,103812.0,51.0,47.0,15.0,,,,,329.25,4.02
4233594,2025,actual,172.0,27.0,2.0,63.0,29.0,638.0,0.0,9.0,19.0,82.0,4.0,2.0,30.0,1203.63,89.0,23.0,23.0,8.0,98698.0,71.0,59.0,6.0,680.0,1727.0,,,325.3,3.97
4233594,2026,projected,177.0,26.0,1.0,61.0,28.0,,1.0,,16.0,82.0,8.0,2.0,31.0,1242.0,83.0,19.0,18.0,28.0,101844.0,59.0,52.0,9.0,,,,,310.85,3.79
4233594,2026,actual,183.0,43.0,1.0,62.0,44.0,718.0,0.0,2.0,37.0,82.0,11.0,1.0,29.0,1249.23,101.0,32.0,32.0,28.0,102437.0,62.0,72.0,12.0,731.0,1812.0,,,358.95,4.38
4233594,2027,projected,185.0,40.0,1.0,61.0,42.0,,1.0,,30.0,84.0,10.0,2.0,30.0,1240.24,98.0,31.0,30.0,28.0,104180.16,66.0,68.0,11.0,,,,,353.35,4.21
4233594,2027,actual,,,,,,,,,,,,,,,,,,,,,,,,,,,,
4233627,2023,projected,213.0,24.0,0.0,92.0,0.0,24.0,0.0,0.0,-4.0,74.0,14.0,0.0,40.0,1152.0,69.0,0.0,10.0,22.0,85248.0,51.0,29.0,0.0,33.0,42.0,,,295.95,4.0
4233627,2023,actual,15.0,0.0,0.0,7.0,0.0,24.0,0.0,0.0,-1.0,8.0,0.0,0.0,2.0,1079.25,3.0,0.0,0.0,6.0,8634.0,6.0,1.0,0.0,33.0,204.0,,,18.45,2.31
4233627,2024,projected,177.0,20.0,0.0,83.0,20.0,301.0,1.0,3.0,2.0,68.0,12.0,1.0,30.0,1110.0,50.0,8.0,8.0,16.0,75480.0,48.0,20.0,12.0,328.0,1249.0,,,234.55,3.45
4233627,2024,actual,115.0,12.0,0.0,73.0,13.0,301.0,1.0,3.0,-6.0,50.0,5.0,1.0,16.0,1058.24,30.0,8.0,7.0,22.0,52912.0,30.0,14.0,5.0,328.0,1249.0,,,150.55,3.01
4233627,2025,projected,138.0,13.0,,82.0,13.0,,,,-10.0,62.0,7.0,,19.0,1068.0,37.0,6.0,6.0,24.0,66216.0,37.0,18.0,7.0,,,,,176.2,2.84
4233627,2025,actual,96.0,11.0,3.0,135.0,15.0,354.0,1.0,5.0,-6.0,56.0,6.0,4.0,21.0,1100.79,35.0,6.0,5.0,44.0,61644.0,47.0,14.0,9.0,413.0,1482.0,,,194.5,3.47
4233627,2026,projected,119.0,10.0,2.0,119.0,14.0,,2.0,,-13.0,61.0,5.0,4.0,23.0,1110.0,42.0,7.0,5.0,38.0,67710.0,51.0,19.0,7.0,,,,,206.65,3.39
4233627,2026,actual,69.0,9.0,0.0,24.0,9.0,300.0,0.0,3.0,11.0,44.0,2.0,0.0,13.0,950.61,34.0,7.0,7.0,28.0,41827.0,27.0,21.0,2.0,294.0,907.0,,,136.65,3.11
4233627,2027,projected,78.0,11.0,,47.0,11.0,,,,6.0,47.0,4.0,,16.0,1033.11,35.0,7.0,7.0,30.0,48556.17,32.0,19.0,4.0,,,,,148.7,3.16
4233627,2027,actual,,,,,,,,,,,,,,,,,,,,,,,,,,,,
4233637,2023,projected,124.0,16.0,1.0,14.0,23.0,575.0,1.0,2.0,12.0,74.0,3.0,2.0,18.0,1140.0,73.0,17.0,13.0,12.0,84360.0,27.0,55.0,6.0,646.0,208.0,,,230.4,3.11
4233637,2023,actual,106.0,22.0,1.0,15.0,23.0,575.0,0.0,2.0,-8.0,73.0,5.0,1.0,18.0,1160.6,65.0,17.0,17.0,22.0,84724.0,29.0,47.0,6.0,646.0,1659.0,,,219.0,3.0
4233637,2024,projected,111.0,16.0,1.0,14.0,17.0,773.0,2.0,3.0,8.0,72.0,4.0,1.0,19.0,1140.0,68.0,12.0,12.0,18.0,82080.0,27.0,49.0,5.0,876.0,1893.0,,,223.65,3.11
4233637,2024,actual,170.0,27.0,1.0,14.0,30.0,773.0,2.0,3.0,9.0,82.0,8.0,3.0,26.0,1257.99,86.0,21.0,19.0,48.0,103155.0,47.0,60.0,9.0,876.0,1893.0,,,313.9,3.83
4233637,2025,projected,148.0,23.0,1.0,14.0,25.0,,1.0,,8.0,81.0,6.0,2.0,23.0,1194.0,74.0,18.0,17.0,38.0,96714.0,35.0,51.0,7.0,,,,,263.4,3.25
4233637,2025,actual,145.0,19.0,1.0,13.0,20.0,605.0,0.0,5.0,20.0,70.0,3.0,1.0,21.0,1197.49,81.0,16.0,16.0,20.0,83824.0,48.0,60.0,4.0,733.0,1727.0,,,272.55,3.89
4233637,2026,projected,145.0,25.0,1.0,14.0,27.0,,1.0,,18.0,73.0,7.0,2.0,22.0,1206.0,84.0,19.0,18.0,32.0,88038.0,46.0,62.0,8.0,,,,,285.65,3.91
4233637,2026,actual,102.0,14.0,2.0,10.0,17.0,495.0,1.0,4.0,22.0,64.0,3.0,3.0,25.0,1140.91,64.0,12.0,11.0,24.0,73018.0,40.0,39.0,5.0,547.0,1508.0,2.0,,235.0,3.67
4233637,2027,projected,114.0,14.0,2.0,12.0,18.0,,2.0,,22.0,69.0,3.0,4.0,27.0,1181.16,72.0,13.0,11.0,28.0,81500.04,45.0,45.0,5.0,,,,,251.7,3.65
4233637,2027,actual,,,,,,,,,,,,,,,,,,,,,,,,,,,,
4233643,2023,projected,,,,,,,,,,,,,,,,,,,,,,,,,,,,
4233643,2023,actual,177.0,5.0,0.0,36.0,5.0,380.0,0.0,4.0,15.0,74.0,3.0,0.0,22.0,881.03,45.0,2.0,2.0,30.0,65196.0,38.0,23.0,3.0,251.0,1229.0,,,201.85,2.73
4233643,2024,projected,180.0,6.0,0.0,38.0,6.0,38.0,0.0,0.0,13.0,72.0,3.0,0.0,20.0,918.0,43.0,3.0,3.0,32.0,66096.0,40.0,23.0,3.0,29.0,200.0,,,195.3,2.71
4233643,2024,actual,22.0,1.0,0.0,4.0,1.0,38.0,0.0,0.0,0.0,10.0,0.0,0.0,0.0,955.8,6.0,1.0,1.0,4.0,9558.0,4.0,6.0,0.0,29.0,200.0,,,22.4,2.24
4233643,2025,projected,158.0,2.0,,37.0,2.0,,,,16.0,69.0,1.0,,15.0,906.0,34.0,1.0,1.0,28.0,62514.0,33.0,19.0,1.0,,,,,158.2,2.29
4233643,2025,actual,133.0,5.0,0.0,19.0,5.0,300.0,0.0,1.0,-7.0,56.0,1.0,0.0,13.0,898.07,26.0,4.0,4.0,18.0,50292.0,13.0,13.0,1.0,264.0,1039.0,,,119.65,2.14
4233643,2026,projected,,,,,,,,,,,,,,,,,,,,,,,,,,,,
4233643,2026,actual,24.0,0.0,0.0,4.0,0.0,62.0,0.0,1.0,-7.0,12.0,0.0,0.0,3.0,900.33,3.0,0.0,0.0,6.0,10804.0,4.0,0.0,0.0,60.0,221.0,,,21.4,1.78
4233643,2027,projected,,,,,,,,,,,,,,,,,,,,,,,,,,,,
4233643,2027,actual,,,,,,,,,,,,,,,,,,,,,,,,,,,,
4233648,2023,projected,121.0,7.0,1.0,107.0,9.0,7.0,1.0,3.0,5.0,79.0,3.0,2.0,21.0,1026.0,45.0,5.0,4.0,36.0,81054.0,37.0,24.0,4.0,6.0,214.0,,,199.45,2.52
4233648,2023,actual,97.0,0.0,1.0,77.0,2.0,7.0,1.0,3.0,12.0,58.0,0.0,2.0,10.0,994.69,25.0,1.0,0.0,24.0,57692.0,24.0,15.0,1.0,6.0,1218.0,,,121.95,2.1
4233648,2024,projected,,,,,,,,,,,,,,,,,,,,,,,,,,,,
4233648,2024,actual,61.0,6.0,0.0,30.0,6.0,69.0,0.0,2.0,-9.0,59.0,2.0,0.0,8.0,719.49,16.0,4.0,4.0,18.0,42450.0,18.0,8.0,2.0,38.0,898.0,,,82.25,1.39
4233648,2025,projected,,,,,,,,,,,,,,,,,,,,,,,,,,,,
4233648,2025,actual,13.0,2.0,0.0,9.0,2.0,0.0,0.0,0.0,-1.0,12.0,1.0,0.0,2.0,726.75,3.0,1.0,1.0,2.0,8721.0,4.0,1.0,1.0,2.0,201.0,,,16.65,1.39
4233648,2026,projected,,,,,,,,,,,,,,,,,,,,,,,,,,,,
4233648,2026,actual,60.0,0.0,0.0,47.0,0.0,30.0,0.0,2.0,11.0,59.0,0.0,0.0,13.0,707.78,23.0,0.0,0.0,14.0,41759.0,20.0,10.0,0.0,21.0,973.0,,,97.7,1.66
4233648,2027,projected,,,,,,,,,,,,,,,,,,,,,,,,,,,,
4233648,2027,actual,,,,,,,,,,,,,,,,,,,,,,,,,,,,
4233668,2023,projected,,,,,,,,,,,,,,,,,,,,,,,,,,,,
4233668,2023,actual,64.0,0.0,2.0,57.0,3.0,225.0,1.0,0.0,-2.0,53.0,0.0,3.0,7.0,706.25,14.0,1.0,0.0,8.0,37431.0,41.0,7.0,2.0,185.0,978.0,,,86.2,1.63
4233668,2024,projected,,,,,,,,,,,,,,,,,,,,,,,,,,,,
4233668,2024,actual,111.0,2.0,3.0,53.0,6.0,477.0,1.0,1.0,-11.0,77.0,1.0,4.0,11.0,899.74,28.0,2.0,1.0,6.0,69280.0,101.0,17.0,4.0,461.0,1575.0,,,163.05,2.12
4233668,2025,projected,128.0,1.0,2.0,65.0,5.0,,2.0,,-14.0,76.0,1.0,4.0,12.0,888.0,33.0,2.0,,8.0,67488.0,77.0,21.0,3.0,,,,,166.0,2.18
4233668,2025,actual,71.0,3.0,0.0,26.0,4.0,362.0,1.0,1.0,-4.0,68.0,2.0,1.0,12.0,832.79,31.0,2.0,1.0,16.0,56630.0,79.0,19.0,2.0,375.0,1319.0,,,146.35,2.15
4233668,2026,projected,96.0,4.0,1.0,59.0,6.0,,1.0,,-10.0,75.0,3.0,2.0,14.0,852.0,35.0,2.0,1.0,20.0,63900.0,91.0,21.0,4.0,,,,,175.9,2.35
4233668,2026,actual,94.0,1.0,2.0,44.0,5.0,529.0,2.0,2.0,8.0,75.0,0.0,4.0,11.0,904.04,36.0,3.0,1.0,12.0,67803.0,86.0,25.0,2.0,499.0,1567.0,,,168.4,2.25
4233668,2027,projected,99.0,1.0,2.0,43.0,5.0,,2.0,,4.0,76.0,,4.0,11.0,853.21,35.0,3.0,1.0,12.0,64844.04,90.0,24.0,2.0,,,,,167.55,2.2
4233668,2027,actual,,,,,,,,,,,,,,,,,,,,,,,,,,,,
4233685,2023,projected,,,,,,,,,,,,,,,,,,,,,,,,,,,,
4233685,2023,actual,155.0,5.0,0.0,85.0,5.0,515.0,0.0,3.0,-12.0,81.0,1.0,0.0,19.0,980.58,46.0,4.0,4.0,24.0,79427.0,53.0,27.0,1.0,436.0,1745.0,,,202.75,2.5
4233685,2024,projected,127.0,4.0,0.0,67.0,4.0,416.0,0.0,1.0,-10.0,66.0,1.0,0.0,14.0,984.0,36.0,3.0,3.0,20.0,64944.0,40.0,22.0,1.0,407.0,1450.0,,,157.95,2.39
4233685,2024,actual,135.0,11.0,0.0,52.0,11.0,416.0,0.0,1.0,4.0,71.0,3.0,0.0,13.0,949.62,41.0,8.0,8.0,22.0,67423.0,55.0,28.0,3.0,407.0,1450.0,,,180.45,2.54
4233685,2025,projected,149.0,6.0,,79.0,6.0,,,,6.0,73.0,2.0,,14.0,984.0,43.0,4.0,4.0,32.0,71832.0,54.0,29.0,2.0,,,,,192.15,2.63
4233685,2025,actual,144.0,15.0,0.0,69.0,15.0,504.0,0.0,2.0,-17.0,81.0,2.0,0.0,14.0,945.32,37.0,13.0,13.0,22.0,76571.0,60.0,23.0,2.0,529.0,1616.0,,,182.4,2.25
4233685,2026,projected,138.0,10.0,,68.0,10.0,,,,-9.0,79.0,2.0,,15.0,978.0,40.0,8.0,8.0,22.0,77262.0,54.0,25.0,2.0,,,,,180.3,2.28
4233685,2026,actual,140.0,16.0,0.0,59.0,16.0,458.0,0.0,3.0,-16.0,82.0,8.0,0.0,22.0,929.63,43.0,8.0,8.0,28.0,76230.0,39.0,21.0,8.0,600.0,1656.0,,,197.4,2.41
4233685,2027,projected,152.0,15.0,,62.0,15.0,,,,-16.0,83.0,6.0,,19.0,919.74,41.0,9.0,9.0,27.0,76338.01,44.0,22.0,6.0,,,,,191.2,2.3
4233685,2027,actual,,,,,,,,,,,,,,,,,,,,,,,,,,,,
4233720,2023,projected,,,,,,,,,,,,,,,,,,,,,,,,,,,,
4233720,2023,actual,116.0,7.0,0.0,91.0,7.0,9.0,0.0,4.0,8.0,61.0,4.0,0.0,18.0,870.98,31.0,3.0,3.0,14.0,53130.0,51.0,13.0,4.0,3.0,1116.0,,,160.1,2.62
4233720,2024,projected,164.0,10.0,0.0,167.0,10.0,23.0,0.0,3.0,6.0,77.0,5.0,0.0,25.0,900.0,49.0,5.0,5.0,16.0,69300.0,70.0,24.0,5.0,12.0,1594.0,,,234.2,3.04
4233720,2024,actual,153.0,10.0,0.0,174.0,10.0,23.0,0.0,3.0,-15.0,81.0,1.0,0.0,16.0,938.54,41.0,9.0,9.0,24.0,76022.0,75.0,25.0,1.0,12.0,1594.0,,,211.65,2.61
4233720,2025,projected,149.0,10.0,,193.0,10.0,,,,-12.0,75.0,2.0,,19.0,918.0,50.0,8.0,8.0,26.0,68850.0,69.0,31.0,2.0,,,,,229.05,3.05
4233720,2025,actual,137.0,5.0,0.0,237.0,5.0,6.0,0.0,3.0,3.0,81.0,2.0,0.0,23.0,859.2,35.0,3.0,3.0,21.0,69595.0,65.0,12.0,2.0,5.0,1442.0,,,200.45,2.47
4233720,2026,projected,157.0,9.0,,224.0,9.0,,,,11.0,80.0,2.0,,24.0,882.0,42.0,7.0,7.0,28.0,70560.0,68.0,18.0,2.0,,,,,223.15,2.79
4233720,2026,actual,141.0,14.0,0.0,187.0,14.0,3.0,0.0,0.0,-18.0,78.0,5.0,0.0,12.0,962.53,36.0,9.0,9.0,30.0,75077.0,81.0,24.0,5.0,0.0,1675.0,,,202.95,2.6
4233720,2027,projected,153.0,12.0,,211.0,12.0,,,,-17.0,81.0,4.0,,14.0,934.09,38.0,8.0,8.0,30.0,75660.97,78.0,24.0,4.0,,,,,211.35,2.61
4233720,2027,actual,,,,,,,,,,,,,,,,,,,,,,,,,,,,
4233872,2023,projected,,,,,,,,,,,,,,,,,,,,,,,,,,,,
4233872,2023,actual,67.0,0.0,0.0,50.0,0.0,133.0,0.0,2.0,8.0,70.0,0.0,0.0,10.0,696.34,21.0,0.0,0.0,2.0,48744.0,20.0,11.0,0.0,66.0,1131.0,,,86.75,1.24
4233872,2024,projected,,,,,,,,,,,,,,,,,,,,,,,,,,,,
4233872,2024,actual,51.0,0.0,0.0,69.0,0.0,92.0,0.0,1.0,12.0,47.0,0.0,0.0,6.0,669.0,14.0,0.0,0.0,8.0,31443.0,15.0,8.0,0.0,51.0,768.0,,,66.15,1.41
4233872,2025,projected,,,,,,,,,,,,,,,,,,,,,,,,,,,,
4233872,2025,actual,87.0,0.0,1.0,191.0,1.0,97.0,0.0,3.0,-4.0,78.0,0.0,1.0,12.0,794.76,23.0,0.0,0.0,14.0,61991.0,27.0,11.0,1.0,71.0,1525.0,,,124.35,1.59
4233872,2026,projected,,,,,,,,,,,,,,,,,,,,,,,,,,,,
4233872,2026,actual,64.0,1.0,0.0,141.0,1.0,85.0,0.0,1.0,-11.0,73.0,0.0,0.0,4.0,709.74,13.0,1.0,1.0,16.0,51811.0,33.0,9.0,0.0,37.0,1247.0,,,86.1,1.18
4233872,2027,projected,,,,,,,,,,,,,,,,,,,,,,,,,,,,
4233872,2027,actual,,,,,,,,,,,,,,,,,,,,,,,,,,,,
4233875,2023,projected,231.0,21.0,0.0,63.0,41.0,1.0,0.0,7.0,15.0,76.0,11.0,0.0,37.0,1104.0,80.0,28.0,10.0,24.0,83904.0,32.0,43.0,13.0,0.0,50.0,1.0,,315.05,4.15
4233875,2023,actual,313.0,41.0,0.0,57.0,41.0,1.0,0.0,7.0,37.0,82.0,13.0,0.0,46.0,1130.33,109.0,28.0,28.0,20.0,92687.0,19.0,63.0,13.0,0.0,1815.0,1.0,,404.45,4.93
4233875,2024,projected,311.0,40.0,0.0,55.0,40.0,0.0,0.0,4.0,28.0,81.0,13.0,0.0,45.0,1140.0,108.0,27.0,27.0,22.0,92340.0,22.0,63.0,13.0,0.0,1739.0,,,396.75,4.9
4233875,2024,actual,231.0,28.0,0.0,72.0,28.0,0.0,0.0,4.0,19.0,82.0,9.0,0.0,29.0,1099.49,80.0,19.0,19.0,22.0,90158.0,31.0,51.0,9.0,0.0,1739.0,,,302.95,3.69
4233875,2025,projected,267.0,34.0,,68.0,34.0,,,,24.0,82.0,12.0,,36.0,1122.0,94.0,22.0,22.0,22.0,92004.0,25.0,58.0,12.0,,,,,344.05,4.2
4233875,2025,actual,211.0,19.0,0.0,59.0,19.0,12.0,0.0,6.0,10.0,82.0,9.0,0.0,35.0,1067.61,80.0,10.0,10.0,18.0,87544.0,45.0,45.0,9.0,7.0,1700.0,2.0,,311.15,3.79
4233875,2026,projected,236.0,22.0,,63.0,22.0,,,,17.0,82.0,9.0,,37.0,1086.0,87.0,13.0,13.0,20.0,89052.0,40.0,50.0,9.0,,,,,321.8,3.92
4233875,2026,actual,294.0,41.0,0.0,48.0,41.0,2.0,0.0,9.0,22.0,82.0,15.0,0.0,45.0,1215.18,96.0,26.0,26.0,32.0,99645.0,34.0,51.0,15.0,1.0,1718.0,1.0,,388.3,4.74
4233875,2027,projected,282.0,39.0,,54.0,39.0,,,,22.0,84.0,14.0,,42.0,1180.24,92.0,25.0,25.0,29.0,99140.16,36.0,50.0,14.0,,,,,360.9,4.3
4233875,2027,actual,,,,,,,,,,,,,,,,,,,,,,,,,,,,
4233877,2023,projected,,,,,,,,,,,,,,,,,,,,,,,,,,,,
4233877,2023,actual,132.0,5.0,0.0,64.0,6.0,243.0,1.0,2.0,19.0,82.0,2.0,1.0,17.0,959.15,42.0,4.0,3.0,28.0,78650.0,52.0,25.0,2.0,175.0,1791.0,,,186.9,2.28
4233877,2024,projected,129.0,5.0,0.0,91.0,6.0,83.0,1.0,2.0,17.0,80.0,2.0,1.0,15.0,960.0,40.0,4.0,3.0,26.0,76800.0,48.0,25.0,2.0,96.0,1804.0,,,179.85,2.25
4233877,2024,actual,118.0,2.0,0.0,105.0,3.0,83.0,1.0,2.0,1.0,82.0,2.0,1.0,12.0,956.18,27.0,1.0,0.0,26.0,78407.0,56.0,15.0,2.0,96.0,1804.0,,,152.0,1.85
4233877,2025,projected,133.0,3.0,,117.0,3.0,,,,6.0,82.0,2.0,,16.0,960.0,37.0,1.0,1.0,26.0,78720.0,57.0,21.0,2.0,,,,,178.95,2.18
4233877,2025,actual,87.0,1.0,1.0,183.0,3.0,40.0,1.0,3.0,12.0,80.0,0.0,2.0,9.0,917.3,24.0,2.0,1.0,28.0,73384.0,60.0,15.0,1.0,33.0,1740.0,,,147.55,1.84
4233877,2026,projected,101.0,6.0,1.0,169.0,8.0,138.0,1.0,0.0,13.0,78.0,2.0,2.0,13.0,932.71,31.0,5.0,4.0,32.0,72750.99,61.0,18.0,3.0,111.0,1593.0,,,170.65,2.19
4233877,2026,actual,107.0,1.0,0.0,121.0,2.0,138.0,1.0,0.0,4.0,73.0,1.0,1.0,11.0,994.44,33.0,1.0,0.0,32.0,72594.0,56.0,22.0,1.0,111.0,1593.0,,,161.85,2.22
4233877,2027,projected,112.0,1.0,,136.0,1.0,,,,5.0,77.0,1.0,,10.0,1012.16,32.0,,,33.0,77936.32,60.0,22.0,1.0,,,,,163.1,2.12
4233877,2027,actual,,,,,,,,,,,,,,,,,,,,,,,,,,,,
4233880,2023,projected,,,,,,,,,,,,,,,,,,,,,,,,,,,,
4233880,2023,actual,,,,,,,,,,,,,,,,,,,,,,,,,,,,
4233880,2024,projected,,,,,,,,,,,,,,,,,,,,,,,,,,,,
4233880,2024,actual,109.0,2.0,2.0,48.0,4.0,13.0,0.0,1.0,-5.0,78.0,0.0,2.0,12.0,910.85,30.0,2.0,2.0,38.0,71046.0,36.0,18.0,2.0,6.0,1509.0,,,147.05,1.89
4233880,2025,projected,126.0,1.0,1.0,61.0,3.0,,1.0,,-9.0,79.0,,2.0,15.0,942.0,31.0,2.0,1.0,42.0,74418.0,38.0,16.0,1.0,,,,,158.1,2.0
4233880,2025,actual,50.0,2.0,0.0,20.0,2.0,2.0,0.0,1.0,-3.0,31.0,1.0,0.0,6.0,749.26,11.0,1.0,1.0,10.0,23227.0,11.0,5.0,1.0,0.0,500.0,,,55.5,1.79
4233880,2026,projected,,,,,,,,,,,,,,,,,,,,,,,,,,,,
4233880,2026,actual,74.0,1.0,0.0,65.0,1.0,13.0,0.0,1.0,9.0,51.0,0.0,0.0,8.0,819.24,21.0,1.0,1.0,26.0,41781.0,15.0,13.0,0.0,3.0,864.0,1.0,,100.0,1.96
4233880,2027,projected,,,,,,,,,,,,,,,,,,,,,,,,,,,,
4233880,2027,actual,,,,,,,,,,,,,,,,,,,,,,,,,,,,
4233888,2023,projected,,,,,,,,,,,,,,,,,,,,,,,,,,,,
4233888,2023,actual,65.0,0.0,0.0,61.0,0.0,84.0,0.0,1.0,-12.0,48.0,0.0,0.0,4.0,635.69,8.0,0.0,0.0,16.0,30513.0,19.0,4.0,0.0,77.0,735.0,,,60.85,1.27
4233888,2024,projected,,,,,,,,,,,,,,,,,,,,,,,,,,,,
4233888,2024,actual,20.0,0.0,0.0,31.0,0.0,92.0,0.0,0.0,-12.0,22.0,0.0,0.0,1.0,687.09,1.0,0.0,0.0,6.0,15116.0,11.0,0.0,0.0,61.0,355.0,,,19.6,0.89
4233888,2025,projected,,,,,,,,,,,,,,,,,,,,,,,,,,,,
4233888,2025,actual,,,,,,,,,,,,,,,,,,,,,,,,,,,,
4233888,2026,projected,,,,,,,,,,,,,,,,,,,,,,,,,,,,
4233888,2026,actual,16.0,0.0,0.0,19.0,0.0,36.0,0.0,0.0,-6.0,19.0,0.0,0.0,0.0,425.74,0.0,0.0,0.0,4.0,8089.0,6.0,0.0,0.0,22.0,218.0,,,10.9,0.57
4233888,2027,projected,,,,,,,,,,,,,,,,,,,,,,,,,,,,
4233888,2027,actual,,,,,,,,,,,,,,,,,,,,,,,,,,,,
4233890,2023,projected,,,,,,,,,,,,,,,,,,,,,,,,,,,,
4233890,2023,actual,32.0,0.0,0.0,92.0,0.0,3.0,0.0,0.0,-3.0,35.0,0.0,0.0,3.0,539.49,7.0,0.0,0.0,57.0,18882.0,5.0,4.0,0.0,1.0,465.0,,,65.2,1.86
4233890,2024,projected,,,,,,,,,,,,,,,,,,,,,,,,,,,,
4233890,2024,actual,29.0,0.0,0.0,67.0,0.0,0.0,0.0,0.0,0.0,39.0,0.0,0.0,2.0,445.87,4.0,0.0,0.0,104.0,17389.0,14.0,2.0,0.0,0.0,436.0,,,82.95,2.13
4233890,2025,projected,,,,,,,,,,,,,,,,,,,,,,,,,,,,
4233890,2025,actual,43.0,0.0,0.0,126.0,0.0,2.0,0.0,2.0,-7.0,42.0,0.0,0.0,4.0,507.02,4.0,0.0,0.0,60.0,21295.0,21.0,0.0,0.0,3.0,528.0,,,77.85,1.85
4233890,2026,projected,,,,,,,,,,,,,,,,,,,,,,,,,,,,
4233890,2026,actual,8.0,0.0,0.0,30.0,0.0,0.0,0.0,0.0,2.0,10.0,0.0,0.0,0.0,476.6,3.0,0.0,0.0,7.0,4766.0,3.0,3.0,0.0,0.0,112.0,,,16.0,1.6
4233890,2027,projected,,,,,,,,,,,,,,,,,,,,,,,,,,,,
4233890,2027,actual,,,,,,,,,,,,,,,,,,,,,,,,,,,,
4267976,2023,projected,,,,,,,,,,,,,,,,,,,,,,,,,,,,
4267976,2023,actual,107.0,0.0,0.0,74.0,3.0,556.0,3.0,1.0,6.0,82.0,0.0,3.0,7.0,918.45,27.0,3.0,0.0,8.0,75313.0,29.0,20.0,0.0,591.0,1684.0,,,117.65,1.43
4267976,2024,projected,,,,,,,,,,,,,,,,,,,,,,,,,,,,
4267976,2024,actual,79.0,0.0,0.0,75.0,0.0,452.0,0.0,1.0,-4.0,78.0,0.0,0.0,8.0,808.54,19.0,0.0,0.0,18.0,63066.0,29.0,11.0,0.0,469.0,1408.0,,,97.75,1.25
4267976,2025,projected,,,,,,,,,,,,,,,,,,,,,,,,,,,,
4267976,2025,actual,45.0,0.0,1.0,50.0,2.0,265.0,1.0,0.0,-1.0,59.0,0.0,2.0,5.0,743.58,13.0,1.0,0.0,14.0,43871.0,26.0,8.0,1.0,278.0,1037.0,,,70.25,1.19
4267976,2026,projected,,,,,,,,,,,,,,,,,,,,,,,,,,,,
4267976,2026,actual,36.0,0.0,0.0,45.0,0.0,264.0,0.0,0.0,-13.0,40.0,0.0,0.0,2.0,883.7,6.0,0.0,0.0,12.0,35348.0,26.0,4.0,0.0,289.0,809.0,,,46.5,1.16
4267976,2027,projected,,,,,,,,,,,,,,,,,,,,,,,,,,,,
4267976,2027,actual,,,,,,,,,,,,,,,,,,,,,,,,,,,,
4268466,2023,projected,,,,,,,,,,,,,,,,,,,,,,,,,,,,
4268466,2023,actual,81.0,1.0,0.0,53.0,1.0,307.0,0.0,3.0,14.0,69.0,1.0,0.0,9.0,627.3,28.0,0.0,0.0,24.0,43284.0,33.0,19.0,1.0,297.0,1005.0,,,123.05,1.78
4268466,2024,projected,,,,,,,,,,,,,,,,,,,,,,,,,,,,
4268466,2024,actual,130.0,12.0,0.0,124.0,12.0,369.0,0.0,1.0,6.0,76.0,4.0,0.0,17.0,924.54,39.0,8.0,8.0,28.0,70265.0,50.0,22.0,4.0,291.0,1495.0,1.0,,190.9,2.51
4268466,2025,projected,81.0,6.0,,124.0,6.0,,,,7.0,75.0,2.0,,9.0,882.0,29.0,4.0,4.0,26.0,66150.0,48.0,20.0,2.0,,,,,140.65,1.88
4268466,2025,actual,150.0,9.0,0.0,110.0,9.0,200.0,0.0,4.0,3.0,77.0,4.0,0.0,33.0,1015.22,57.0,5.0,5.0,22.0,78172.0,29.0,24.0,4.0,174.0,1585.0,,,231.5,3.01
4268466,2026,projected,149.0,16.0,,122.0,16.0,,,,10.0,78.0,5.0,,28.0,990.0,54.0,11.0,11.0,30.0,77220.0,34.0,26.0,5.0,,,,,227.95,2.92
4268466,2026,actual,181.0,24.0,0.0,110.0,24.0,87.0,0.0,6.0,-5.0,81.0,12.0,0.0,39.0,1044.35,68.0,12.0,12.0,22.0,84592.0,34.0,29.0,12.0,73.0,1533.0,1.0,,286.25,3.53
4268466,2027,projected,174.0,21.0,,113.0,21.0,,,,-3.0,83.0,10.0,,38.0,1040.43,68.0,11.0,11.0,25.0,86355.69,35.0,30.0,10.0,,,,,274.3,3.3
4268466,2027,actual,,,,,,,,,,,,,,,,,,,,,,,,,,,,
4268746,2023,projected,,,,,,,,,,,,,,,,,,,,,,,,,,,,
4268746,2023,actual,2.0,0.0,0.0,8.0,0.0,19.0,0.0,0.0,0.0,5.0,0.0,0.0,0.0,649.6,1.0,0.0,0.0,4.0,3248.0,2.0,1.0,0.0,25.0,81.0,,,6.3,1.26
4268746,2024,projected,,,,,,,,,,,,,,,,,,,,,,,,,,,,
4268746,2024,actual,4.0,0.0,0.0,3.0,0.0,8.0,0.0,0.0,0.0,4.0,0.0,0.0,0.0,468.5,0.0,0.0,0.0,0.0,1874.0,2.0,0.0,0.0,2.0,45.0,,,2.3,0.57
4268746,2025,projected,,,,,,,,,,,,,,,,,,,,,,,,,,,,
4268746,2025,actual,10.0,0.0,0.0,40.0,0.0,28.0,0.0,0.0,-3.0,11.0,0.0,0.0,1.0,803.0,1.0,0.0,0.0,0.0,8833.0,3.0,0.0,0.0,18.0,206.0,,,11.0,1.0
4268746,2026,projected,,,,,,,,,,,,,,,,,,,,,,,,,,,,
4268746,2026,actual,7.0,0.0,0.0,11.0,0.0,28.0,0.0,0.0,-2.0,13.0,0.0,0.0,0.0,728.31,1.0,0.0,0.0,2.0,9468.0,4.0,1.0,0.0,20.0,218.0,,,7.85,0.6
4268746,2027,projected,,,,,,,,,,,,,,,,,,,,,,,,,,,,
4268746,2027,actual,,,,,,,,,,,,,,,,,,,,,,,,,,,,
4268771,2023,projected,201.0,20.0,0.0,32.0,22.0,0.0,0.0,3.0,4.0,75.0,4.0,0.0,28.0,1080.0,79.0,14.0,16.0,18.0,81000.0,35.0,51.0,8.0,0.0,73.0,1.0,,283.95,3.79
4268771,2023,actual,212.0,22.0,0.0,24.0,22.0,0.0,0.0,3.0,14.0,82.0,8.0,0.0,32.0,1042.05,73.0,14.0,14.0,6.0,85448.0,23.0,41.0,8.0,0.0,1804.0,1.0,,268.9,3.28
4268771,2024,projected,205.0,20.0,0.0,25.0,20.0,14.0,1.0,7.0,12.0,79.0,6.0,1.0,30.0,1050.0,74.0,14.0,14.0,14.0,82950.0,25.0,44.0,6.0,8.0,2052.0,,,272.25,3.45
4268771,2024,actual,248.0,27.0,0.0,52.0,28.0,14.0,1.0,7.0,-6.0,82.0,7.0,1.0,27.0,1158.44,83.0,21.0,20.0,12.0,94992.0,33.0,56.0,7.0,8.0,2052.0,,,307.7,3.75
4268771,2025,projected,236.0,22.0,,48.0,22.0,,,,-4.0,82.0,7.0,,28.0,1104.0,77.0,15.0,15.0,10.0,90528.0,27.0,49.0,7.0,,,,,278.8,3.4
4268771,2025,actual,180.0,34.0,2.0,96.0,38.0,3.0,2.0,2.0,5.0,81.0,4.0,4.0,21.0,1136.89,88.0,32.0,30.0,18.0,92088.0,42.0,67.0,6.0,0.0,1903.0,1.0,,311.6,3.85
4268771,2026,projected,202.0,29.0,1.0,71.0,31.0,,1.0,,11.0,82.0,6.0,2.0,24.0,1140.0,86.0,24.0,23.0,16.0,93480.0,38.0,62.0,7.0,,,,,301.1,3.67
4268771,2026,actual,178.0,20.0,1.0,74.0,22.0,8.0,1.0,4.0,-11.0,82.0,5.0,2.0,22.0,1125.8,71.0,16.0,15.0,12.0,92316.0,24.0,49.0,6.0,3.0,1819.0,,,253.4,3.09
4268771,2027,projected,187.0,23.0,1.0,78.0,25.0,,1.0,,-8.0,84.0,6.0,2.0,24.0,1080.0,80.0,18.0,17.0,13.0,90720.0,29.0,56.0,7.0,,,,,277.05,3.3
4268771,2027,actual,,,,,,,,,,,,,,,,,,,,,,,,,,,,
4270247,2023,projected,,,,,,,,,,,,,,,,,,,,,,,,,,,,
4270247,2023,actual,124.0,0.0,0.0,107.0,0.0,22.0,0.0,0.0,3.0,54.0,0.0,0.0,5.0,735.22,15.0,0.0,0.0,63.0,39702.0,19.0,10.0,0.0,12.0,939.0,,,117.7,2.18
4270247,2024,projected,,,,,,,,,,,,,,,,,,,,,,,,,,,,
4270247,2024,actual,149.0,4.0,0.0,123.0,4.0,7.0,0.0,2.0,7.0,81.0,2.0,0.0,11.0,711.17,25.0,2.0,2.0,104.0,57605.0,31.0,14.0,2.0,6.0,1359.0,,,183.05,2.26
4270247,2025,projected,149.0,5.0,,129.0,5.0,,,,9.0,78.0,1.0,,14.0,732.0,26.0,4.0,4.0,88.0,57096.0,39.0,12.0,1.0,,,,,182.65,2.34
4270247,2025,actual,142.0,0.0,0.0,110.0,0.0,12.0,0.0,2.0,1.0,77.0,0.0,0.0,9.0,636.83,16.0,0.0,0.0,63.0,49036.0,23.0,7.0,0.0,6.0,1143.0,,,132.5,1.72
4270247,2026,projected,,,,,,,,,,,,,,,,,,,,,,,,,,,,
4270247,2026,actual,106.0,4.0,0.0,51.0,4.0,2.0,0.0,1.0,-3.0,55.0,1.0,0.0,8.0,652.07,18.0,3.0,3.0,31.0,35864.0,20.0,10.0,1.0,3.0,818.0,,,104.6,1.9
4270247,2027,projected,,,,,,,,,,,,,,,,,,,,,,,,,,,,
4270247,2027,actual,,,,,,,,,,,,,,,,,,,,,,,,,,,,
4270546,2023,projected,,,,,,,,,,,,,,,,,,,,,,,,,,,,
4270546,2023,actual,,,,,,,,,,,,,,,,,,,,,,,,,,,,
4270546,2024,projected,,,,,,,,,,,,,,,,,,,,,,,,,,,,
4270546,2024,actual,,,,,,,,,,,,,,,,,,,,,,,,,,,,
4270546,2025,projected,,,,,,,,,,,,,,,,,,,,,,,,,,,,
4270546,2025,actual,24.0,0.0,0.0,51.0,0.0,13.0,0.0,0.0,-3.0,26.0,0.0,0.0,0.0,502.92,0.0,0.0,0.0,10.0,13076.0,11.0,0.0,0.0,12.0,290.0,,,21.6,0.83
4270546,2026,projected,,,,,,,,,,,,,,,,,,,,,,,,,,,,
4270546,2026,actual,26.0,0.0,0.0,58.0,0.0,66.0,0.0,0.0,-10.0,28.0,0.0,0.0,1.0,529.89,3.0,0.0,0.0,0.0,14837.0,11.0,2.0,0.0,73.0,324.0,,,24.8,0.89
4270546,2027,projected,,,,,,,,,,,,,,,,,,,,,,,,,,,,
4270546,2027,actual,,,,,,,,,,,,,,,,,,,,,,,,,,,,
4270820,2023,projected,,,,,,,,,,,,,,,,,,,,,,,,,,,,
4270820,2023,actual,1.0,0.0,0.0,0.0,0.0,1.0,0.0,0.0,0.0,1.0,0.0,0.0,0.0,601.0,0.0,0.0,0.0,0.0,601.0,0.0,0.0,0.0,0.0,14.0,,,0.25,0.25
4270820,2024,projected,,,,,,,,,,,,,,,,,,,,,,,,,,,,
4270820,2024,actual,46.0,2.0,0.0,23.0,2.0,14.0,0.0,0.0,-9.0,36.0,2.0,0.0,6.0,671.33,9.0,0.0,0.0,10.0,24168.0,8.0,3.0,2.0,14.0,558.0,,,48.8,1.36
4270820,2025,projected,,,,,,,,,,,,,,,,,,,,,,,,,,,,
4270820,2025,actual,0.0,0.0,0.0,2.0,0.0,0.0,0.0,0.0,-2.0,2.0,0.0,0.0,0.0,609.5,0.0,0.0,0.0,2.0,1219.0,0.0,0.0,0.0,0.0,29.0,,,1.2,0.6
4270820,2026,projected,,,,,,,,,,,,,,,,,,,,,,,,,,,,
4270820,2026,actual,0.0,0.0,0.0,3.0,0.0,0.0,0.0,0.0,0.0,2.0,0.0,0.0,0.0,504.0,1.0,0.0,0.0,0.0,1008.0,0.0,1.0,0.0,2.0,27.0,,,2.3,1.15
4270820,2027,projected,,,,,,,,,,,,,,,,,,,,,,,,,,,,
4270820,2027,actual,,,,,,,,,,,,,,,,,,,,,,,,,,,,
4271565,2023,projected,,,,,,,,,,,,,,,,,,,,,,,,,,,,
4271565,2023,actual,90.0,1.0,0.0,144.0,1.0,5.0,0.0,2.0,-4.0,57.0,1.0,0.0,12.0,645.12,19.0,0.0,0.0,16.0,36772.0,17.0,7.0,1.0,4.0,847.0,,,106.4,1.87
4271565,2024,projected,,,,,,,,,,,,,,,,,,,,,,,,,,,,
4271565,2024,actual,95.0,1.0,1.0,96.0,2.0,8.0,0.0,1.0,-2.0,50.0,1.0,1.0,8.0,656.22,12.0,0.0,0.0,12.0,32811.0,16.0,4.0,2.0,2.0,753.0,,,83.35,1.67
4271565,2025,projected,,,,,,,,,,,,,,,,,,,,,,,,,,,,
4271565,2025,actual,88.0,0.0,0.0,170.0,0.0,4.0,0.0,0.0,-21.0,56.0,0.0,0.0,3.0,575.79,9.0,0.0,0.0,24.0,32244.0,18.0,6.0,0.0,3.0,702.0,,,81.0,1.45
4271565,2026,projected,,,,,,,,,,,,,,,,,,,,,,,,,,,,
4271565,2026,actual,56.0,0.0,0.0,140.0,1.0,18.0,1.0,1.0,7.0,47.0,0.0,1.0,9.0,711.09,13.0,1.0,0.0,19.0,33421.0,23.0,4.0,0.0,7.0,754.0,,,86.0,1.83
4271565,2027,projected,,,,,,,,,,,,,,,,,,,,,,,,,,,,
4271565,2027,actual,,,,,,,,,,,,,,,,,,,,,,,,,,,,
4271732,2023,projected,172.0,4.0,1.0,26.0,2.0,243.0,1.0,1.0,-7.0,82.0,1.0,2.0,16.0,1020.0,39.0,0.0,3.0,22.0,83640.0,35.0,23.0,2.0,214.0,312.0,,,174.6,2.13
4271732,2023,actual,106.0,0.0,2.0,39.0,2.0,243.0,0.0,1.0,-3.0,79.0,0.0,2.0,14.0,843.71,24.0,0.0,0.0,6.0,66653.0,37.0,10.0,2.0,214.0,1446.0,,,118.9,1.51
4271732,2024,projected,,,,,,,,,,,,,,,,,,,,,,,,,,,,
4271732,2024,actual,105.0,5.0,0.0,48.0,5.0,191.0,0.0,3.0,17.0,67.0,2.0,0.0,14.0,929.7,29.0,3.0,3.0,16.0,62290.0,23.0,15.0,2.0,186.0,1439.0,1.0,,132.05,1.97
4271732,2025,projected,118.0,6.0,,47.0,6.0,,,,8.0,77.0,2.0,,16.0,918.0,33.0,4.0,4.0,26.0,70686.0,37.0,17.0,2.0,,,,,151.7,1.97
4271732,2025,actual,138.0,5.0,1.0,59.0,7.0,501.0,1.0,3.0,2.0,81.0,2.0,2.0,25.0,1040.62,46.0,4.0,3.0,18.0,84290.0,43.0,21.0,3.0,373.0,1891.0,,,197.4,2.44
4271732,2026,projected,133.0,5.0,1.0,57.0,7.0,,1.0,,6.0,80.0,2.0,2.0,23.0,1032.0,42.0,4.0,3.0,16.0,82560.0,41.0,19.0,3.0,,,,,180.95,2.26
4271732,2026,actual,95.0,4.0,1.0,41.0,6.0,285.0,1.0,2.0,13.0,64.0,1.0,2.0,13.0,953.62,29.0,4.0,3.0,20.0,61032.0,24.0,16.0,2.0,267.0,1354.0,,,128.35,2.01
4271732,2027,projected,116.0,3.0,1.0,50.0,5.0,,1.0,,12.0,73.0,1.0,2.0,15.0,1012.67,34.0,3.0,2.0,23.0,73924.91,29.0,19.0,2.0,,,,,148.0,2.03
4271732,2027,actual,,,,,,,,,,,,,,,,,,,,,,,,,,,,
4271734,2023,projected,193.0,22.0,0.0,149.0,29.0,25.0,0.0,2.0,6.0,79.0,6.0,0.0,30.0,1158.0,79.0,15.0,16.0,48.0,91482.0,28.0,49.0,14.0,14.0,54.0,,,305.15,3.86
4271734,2023,actual,249.0,29.0,0.0,115.0,29.0,25.0,0.0,2.0,-35.0,82.0,14.0,0.0,22.0,1116.37,62.0,15.0,15.0,33.0,91542.0,35.0,40.0,14.0,14.0,1877.0,,,277.25,3.38
4271734,2024,projected,189.0,18.0,0.0,87.0,18.0,55.0,0.0,4.0,-19.0,62.0,6.0,0.0,19.0,1128.0,51.0,12.0,12.0,28.0,69936.0,26.0,32.0,6.0,38.0,1864.0,,,219.95,3.55
4271734,2024,actual,196.0,22.0,0.0,91.0,22.0,55.0,0.0,4.0,-9.0,82.0,7.0,0.0,28.0,1090.44,66.0,15.0,15.0,42.0,89416.0,33.0,38.0,7.0,38.0,1864.0,,,274.1,3.34
4271734,2025,projected,189.0,23.0,,107.0,23.0,,,,-25.0,82.0,8.0,,27.0,1104.0,71.0,15.0,15.0,46.0,90528.0,35.0,44.0,8.0,,,,,282.95,3.45
4271734,2025,actual,192.0,31.0,0.0,148.0,31.0,12.0,0.0,3.0,-9.0,82.0,13.0,0.0,26.0,1088.55,68.0,18.0,18.0,30.0,89261.0,30.0,42.0,13.0,12.0,1960.0,1.0,,282.8,3.45
4271734,2026,projected,191.0,25.0,,128.0,25.0,,,,-18.0,82.0,10.0,,27.0,1086.0,66.0,15.0,15.0,44.0,89052.0,33.0,39.0,10.0,,,,,275.55,3.36
4271734,2026,actual,167.0,30.0,0.0,122.0,30.0,10.0,0.0,5.0,-7.0,79.0,13.0,0.0,33.0,1041.11,71.0,17.0,17.0,33.0,82248.0,22.0,38.0,13.0,14.0,1807.0,,,282.95,3.58
4271734,2027,projected,206.0,27.0,,133.0,27.0,,,,-7.0,81.0,11.0,,29.0,1103.31,67.0,16.0,16.0,36.0,89368.11,26.0,38.0,11.0,,,,,277.8,3.43
4271734,2027,actual,,,,,,,,,,,,,,,,,,,,,,,,,,,,
4272081,2023,projected,,,,,,,,,,,,,,,,,,,,,,,,,,,,
4272081,2023,actual,,,,,,,,,,,,,,,,,,,,,,,,,,,,
4272081,2024,projected,,,,,,,,,,,,,,,,,,,,,,,,,,,,
4272081,2024,actual,,,,,,,,,,,,,,,,,,,,,,,,,,,,
4272081,2025,projected,,,,,,,,,,,,,,,,,,,,,,,,,,,,
4272081,2025,actual,5.0,0.0,0.0,16.0,0.0,0.0,0.0,0.0,-1.0,9.0,0.0,0.0,0.0,518.67,1.0,0.0,0.0,15.0,4668.0,3.0,1.0,0.0,0.0,115.0,,,13.85,1.54
4272081,2026,projected,,,,,,,,,,,,,,,,,,,,,,,,,,,,
4272081,2026,actual,13.0,0.0,0.0,14.0,0.0,6.0,0.0,0.0,0.0,18.0,0.0,0.0,3.0,416.11,3.0,0.0,0.0,7.0,7490.0,6.0,0.0,0.0,5.0,185.0,,,20.15,1.12
4272081,2027,projected,,,,,,,,,,,,,,,,,,,,,,,,,,,,
4272081,2027,actual,,,,,,,,,,,,,,,,,,,,,,,,,,,,
4272192,2023,projected,194.0,5.0,0.0,147.0,5.0,15.0,0.0,2.0,8.0,70.0,2.0,0.0,22.0,906.0,52.0,3.0,3.0,75.0,63420.0,15.0,30.0,2.0,10.0,235.0,,,239.7,3.42
4272192,2023,actual,148.0,5.0,0.0,88.0,5.0,15.0,0.0,2.0,-6.0,68.0,2.0,0.0,12.0,942.34,31.0,3.0,3.0,80.0,64079.0,39.0,19.0,2.0,10.0,1361.0,,,184.8,2.72
4272192,2024,projected,,,,,,,,,,,,,,,,,,,,,,,,,,,,
4272192,2024,actual,150.0,11.0,0.0,92.0,11.0,5.0,0.0,3.0,22.0,81.0,6.0,0.0,22.0,903.56,53.0,5.0,5.0,54.0,73188.0,34.0,31.0,6.0,4.0,1533.0,1.0,,233.2,2.88
4272192,2025,projected,148.0,8.0,,99.0,8.0,,,,17.0,77.0,4.0,,19.0,918.0,48.0,4.0,4.0,64.0,70686.0,35.0,29.0,4.0,,,,,217.4,2.82
4272192,2025,actual,134.0,10.0,0.0,78.0,10.0,13.0,0.0,4.0,15.0,62.0,5.0,0.0,22.0,920.39,47.0,5.0,5.0,53.0,57064.0,21.0,25.0,5.0,12.0,1186.0,,,205.8,3.32
4272192,2026,projected,193.0,18.0,,101.0,18.0,,,,21.0,78.0,7.0,,31.0,924.0,58.0,11.0,11.0,68.0,72072.0,41.0,27.0,7.0,,,,,272.35,3.49
4272192,2026,actual,119.0,7.0,0.0,84.0,7.0,27.0,0.0,3.0,17.0,68.0,3.0,0.0,19.0,1042.31,45.0,4.0,4.0,56.0,70877.0,28.0,26.0,3.0,15.0,1364.0,1.0,,200.15,2.94
4272192,2027,projected,133.0,9.0,,85.0,9.0,,,,16.0,70.0,4.0,,19.0,987.8,46.0,5.0,5.0,59.0,69146.0,28.0,27.0,4.0,,,,,202.75,2.9
4272192,2027,actual,,,,,,,,,,,,,,,,,,,,,,,,,,,,
4316970,2023,projected,,,,,,,,,,,,,,,,,,,,,,,,,,,,
4316970,2023,actual,112.0,1.0,1.0,118.0,4.0,16.0,2.0,2.0,4.0,70.0,0.0,3.0,8.0,795.43,21.0,3.0,1.0,31.0,55680.0,44.0,13.0,1.0,13.0,1314.0,,,133.8,1.91
4316970,2024,projected,,,,,,,,,,,,,,,,,,,,,,,,,,,,
4316970,2024,actual,94.0,1.0,0.0,119.0,1.0,72.0,0.0,3.0,10.0,80.0,0.0,0.0,11.0,629.81,18.0,1.0,1.0,23.0,50385.0,45.0,7.0,0.0,62.0,1162.0,,,119.9,1.5
4316970,2025,projected,,,,,,,,,,,,,,,,,,,,,,,,,,,,
4316970,2025,actual,92.0,0.0,2.0,122.0,2.0,78.0,0.0,0.0,8.0,74.0,0.0,2.0,8.0,622.51,15.0,0.0,0.0,16.0,46066.0,38.0,7.0,2.0,85.0,1112.0,,,104.2,1.41
4316970,2026,projected,,,,,,,,,,,,,,,,,,,,,,,,,,,,
4316970,2026,actual,93.0,0.0,2.0,132.0,2.0,315.0,0.0,2.0,5.0,65.0,0.0,2.0,11.0,768.0,23.0,0.0,0.0,31.0,49920.0,40.0,12.0,2.0,270.0,1180.0,,,134.95,2.08
4316970,2027,projected,,,,,,,,,,,,,,,,,,,,,,,,,,,,
4316970,2027,actual,,,,,,,,,,,,,,,,,,,,,,,,,,,,
4316983,2023,projected,,,,,,,,,,,,,,,,,,,,,,,,,,,,
4316983,2023,actual,108.0,0.0,0.0,96.0,2.0,392.0,2.0,1.0,11.0,81.0,0.0,2.0,11.0,776.63,34.0,2.0,0.0,70.0,62907.0,39.0,23.0,0.0,415.0,1489.0,,,173.1,2.14
4316983,2024,projected,,,,,,,,,,,,,,,,,,,,,,,,,,,,
4316983,2024,actual,76.0,0.0,2.0,60.0,3.0,194.0,1.0,2.0,11.0,62.0,0.0,3.0,7.0,709.26,15.0,1.0,0.0,20.0,43974.0,28.0,8.0,2.0,171.0,1046.0,,,93.0,1.5
4316983,2025,projected,,,,,,,,,,,,,,,,,,,,,,,,,,,,
4316983,2025,actual,51.0,1.0,1.0,60.0,2.0,170.0,0.0,1.0,-4.0,59.0,1.0,1.0,11.0,763.36,20.0,0.0,0.0,26.0,45038.0,29.0,9.0,2.0,177.0,1098.0,,,101.25,1.72
4316983,2026,projected,,,,,,,,,,,,,,,,,,,,,,,,,,,,
4316983,2026,actual,49.0,0.0,1.0,49.0,1.0,238.0,0.0,1.0,6.0,55.0,0.0,1.0,7.0,832.47,19.0,0.0,0.0,25.0,45786.0,35.0,12.0,1.0,238.0,1050.0,,,95.15,1.73
4316983,2027,projected,,,,,,,,,,,,,,,,,,,,,,,,,,,,
4316983,2027,actual,,,,,,,,,,,,,,,,,,,,,,,,,,,,
4319858,2023,projected,308.0,20.0,0.0,288.0,20.0,395.0,0.0,6.0,-4.0,80.0,10.0,0.0,34.0,1140.0,78.0,10.0,10.0,125.0,91200.0,28.0,44.0,10.0,370.0,25.0,,,393.3,4.92
4319858,2023,actual,347.0,29.0,0.0,242.0,29.0,395.0,0.0,6.0,-11.0,82.0,11.0,0.0,35.0,1117.89,83.0,18.0,18.0,126.0,91667.0,9.0,48.0,11.0,370.0,2003.0,,,405.45,4.94
4319858,2024,projected,357.0,34.0,0.0,263.0,34.0,180.0,0.0,2.0,-5.0,82.0,13.0,0.0,39.0,1140.0,92.0,21.0,21.0,130.0,93480.0,22.0,53.0,13.0,200.0,2013.0,2.0,,446.05,5.44
4319858,2024,actual,357.0,22.0,0.0,273.0,22.0,180.0,0.0,2.0,1.0,81.0,12.0,0.0,37.0,1148.53,74.0,10.0,10.0,134.0,93031.0,34.0,37.0,12.0,200.0,2013.0,2.0,,410.55,5.07
4319858,2025,projected,367.0,29.0,,275.0,29.0,,,,2.0,82.0,12.0,,38.0,1128.0,79.0,17.0,17.0,128.0,92496.0,24.0,41.0,12.0,,,,,411.75,5.02
4319858,2025,actual,296.0,23.0,0.0,228.0,23.0,169.0,0.0,5.0,0.0,72.0,14.0,0.0,29.0,1094.25,55.0,9.0,9.0,123.0,78786.0,33.0,26.0,14.0,178.0,1763.0,,,337.3,4.68
4319858,2026,projected,347.0,25.0,,259.0,25.0,,,,2.0,80.0,13.0,,35.0,1104.0,71.0,12.0,12.0,130.0,88320.0,31.0,36.0,13.0,,,,,389.15,4.86
4319858,2026,actual,221.0,20.0,1.0,162.0,21.0,129.0,0.0,3.0,4.0,60.0,5.0,1.0,22.0,1017.62,59.0,15.0,15.0,71.0,61057.0,19.0,37.0,6.0,175.0,1416.0,,,273.95,4.57
4319858,2027,projected,289.0,33.0,1.0,218.0,35.0,,1.0,,8.0,73.0,13.0,2.0,26.0,962.0,75.0,21.0,20.0,91.0,70226.0,24.0,49.0,14.0,,,,,353.55,4.84
4319858,2027,actual,,,,,,,,,,,,,,,,,,,,,,,,,,,,
4319879,2023,projected,,,,,,,,,,,,,,,,,,,,,,,,,,,,
4319879,2023,actual,98.0,0.0,0.0,124.0,2.0,12.0,2.0,1.0,-20.0,72.0,0.0,2.0,12.0,836.9,24.0,2.0,0.0,6.0,60257.0,32.0,12.0,0.0,3.0,1367.0,1.0,,121.9,1.69
4319879,2024,projected,,,,,,,,,,,,,,,,,,,,,,,,,,,,
4319879,2024,actual,61.0,0.0,0.0,82.0,0.0,3.0,0.0,1.0,-3.0,47.0,0.0,0.0,3.0,679.91,10.0,0.0,0.0,19.0,31956.0,11.0,7.0,0.0,3.0,695.0,,,62.45,1.33
4319879,2025,projected,,,,,,,,,,,,,,,,,,,,,,,,,,,,
4319879,2025,actual,110.0,0.0,0.0,123.0,0.0,26.0,0.0,1.0,14.0,82.0,0.0,0.0,14.0,735.67,32.0,0.0,0.0,10.0,60325.0,16.0,18.0,0.0,7.0,1292.0,,,131.8,1.61
4319879,2026,projected,,,,,,,,,,,,,,,,,,,,,,,,,,,,
4319879,2026,actual,84.0,0.0,0.0,90.0,1.0,12.0,1.0,3.0,7.0,67.0,0.0,1.0,12.0,685.67,18.0,1.0,0.0,8.0,45940.0,13.0,6.0,0.0,1.0,1034.0,,,92.5,1.38
4319879,2027,projected,,,,,,,,,,,,,,,,,,,,,,,,,,,,
4319879,2027,actual,,,,,,,,,,,,,,,,,,,,,,,,,,,,
4319940,2023,projected,,,,,,,,,,,,,,,,,,,,,,,,,,,,
4319940,2023,actual,47.0,0.0,0.0,55.0,0.0,6.0,0.0,2.0,0.0,27.0,0.0,0.0,7.0,611.78,11.0,0.0,0.0,4.0,16518.0,4.0,4.0,0.0,1.0,397.0,,,52.25,1.94
4319940,2024,projected,,,,,,,,,,,,,,,,,,,,,,,,,,,,
4319940,2024,actual,29.0,0.0,0.0,57.0,0.0,5.0,0.0,0.0,-3.0,40.0,0.0,0.0,2.0,487.0,7.0,0.0,0.0,6.0,19480.0,13.0,5.0,0.0,1.0,501.0,,,38.45,0.96
4319940,2025,projected,,,,,,,,,,,,,,,,,,,,,,,,,,,,
4319940,2025,actual,15.0,0.0,0.0,49.0,0.0,8.0,0.0,0.0,-11.0,24.0,0.0,0.0,2.0,528.21,3.0,0.0,0.0,0.0,12677.0,15.0,1.0,0.0,1.0,302.0,,,24.15,1.01
4319940,2026,projected,,,,,,,,,,,,,,,,,,,,,,,,,,,,
4319940,2026,actual,2.0,0.0,0.0,10.0,0.0,1.0,0.0,0.0,-1.0,3.0,0.0,0.0,0.0,570.0,0.0,0.0,0.0,0.0,1710.0,2.0,0.0,0.0,0.0,44.0,,,2.5,0.83
4319940,2027,projected,,,,,,,,,,,,,,,,,,,,,,,,,,,,
4319940,2027,actual,,,,,,,,,,,,,,,,,,,,,,,,,,,,
4320625,2023,projected,,,,,,,,,,,,,,,,,,,,,,,,,,,,
4320625,2023,actual,119.0,0.0,1.0,100.0,1.0,390.0,0.0,1.0,-13.0,74.0,0.0,1.0,14.0,883.81,26.0,0.0,0.0,23.0,65402.0,45.0,12.0,1.0,490.0,1599.0,,,142.75,1.93
4320625,2024,projected,,,,,,,,,,,,,,,,,,,,,,,,,,,,
4320625,2024,actual,69.0,0.0,1.0,62.0,1.0,330.0,0.0,0.0,-25.0,63.0,0.0,1.0,5.0,879.56,13.0,0.0,0.0,12.0,55412.0,39.0,8.0,1.0,497.0,1324.0,,,81.95,1.3
4320625,2025,projected,,,,,,,,,,,,,,,,,,,,,,,,,,,,
4320625,2025,actual,59.0,0.0,1.0,105.0,1.0,174.0,0.0,1.0,-6.0,62.0,0.0,1.0,7.0,624.77,14.0,0.0,0.0,20.0,38736.0,34.0,7.0,1.0,248.0,943.0,,,90.25,1.46
4320625,2026,projected,,,,,,,,,,,,,,,,,,,,,,,,,,,,
4320625,2026,actual,37.0,0.0,1.0,55.0,1.0,167.0,0.0,0.0,0.0,49.0,0.0,1.0,5.0,656.53,11.0,0.0,0.0,16.0,32170.0,19.0,6.0,1.0,205.0,724.0,,,61.25,1.25
4320625,2027,projected,,,,,,,,,,,,,,,,,,,,,,,,,,,,
4320625,2027,actual,,,,,,,,,,,,,,,,,,,,,,,,,,,,
4331579,2023,projected,,,,,,,,,,,,,,,,,,,,,,,,,,,,
4331579,2023,actual,76.0,0.0,0.0,168.0,0.0,13.0,0.0,1.0,-5.0,55.0,0.0,0.0,13.0,769.62,18.0,0.0,0.0,15.0,42329.0,17.0,5.0,0.0,11.0,864.0,,,101.8,1.85
4331579,2024,projected,,,,,,,,,,,,,,,,,,,,,,,,,,,,
4331579,2024,actual,100.0,4.0,0.0,210.0,4.0,27.0,0.0,0.0,-11.0,76.0,2.0,0.0,7.0,763.63,25.0,2.0,2.0,41.0,58036.0,29.0,18.0,2.0,26.0,1186.0,,,141.0,1.86
4331579,2025,projected,,,,,,,,,,,,,,,,,,,,,,,,,,,,
4331579,2025,actual,90.0,0.0,0.0,243.0,0.0,37.0,0.0,2.0,-14.0,79.0,0.0,0.0,16.0,784.7,22.0,0.0,0.0,62.0,61991.0,32.0,6.0,0.0,41.0,1377.0,,,155.8,1.97
4331579,2026,projected,,,,,,,,,,,,,,,,,,,,,,,,,,,,
4331579,2026,actual,61.0,1.0,0.0,192.0,1.0,64.0,0.0,2.0,-24.0,79.0,0.0,0.0,9.0,640.67,15.0,1.0,1.0,19.0,50613.0,22.0,6.0,0.0,68.0,1118.0,,,96.45,1.22
4331579,2027,projected,,,,,,,,,,,,,,,,,,,,,,,,,,,,
4331579,2027,actual,,,,,,,,,,,,,,,,,,,,,,,,,,,,
4331586,2023,projected,,,,,,,,,,,,,,,,,,,,,,,,,,,,
4331586,2023,actual,,,,,,,,,,,,,,,,,,,,,,,,,,,,
4331586,2024,projected,,,,,,,,,,,,,,,,,,,,,,,,,,,,
4331586,2024,actual,,,,,,,,,,,,,,,,,,,,,,,,,,,,
4331586,2025,projected,,,,,,,,,,,,,,,,,,,,,,,,,,,,
4331586,2025,actual,,,,,,,,,,,,,,,,,,,,,,,,,,,,
4331586,2026,projected,,,,,,,,,,,,,,,,,,,,,,,,,,,,
4331586,2026,actual,29.0,0.0,0.0,64.0,0.0,7.0,0.0,0.0,-3.0,43.0,0.0,0.0,1.0,405.0,4.0,0.0,0.0,108.0,17415.0,12.0,3.0,0.0,6.0,438.0,,,82.65,1.92
4331586,2027,projected,,,,,,,,,,,,,,,,,,,,,,,,,,,,
4331586,2027,actual,,,,,,,,,,,,,,,,,,,,,,,,,,,,
4352683,2023,projected,253.0,24.0,0.0,178.0,24.0,5.0,0.0,4.0,15.0,80.0,8.0,0.0,29.0,1050.0,72.0,16.0,16.0,74.0,84000.0,19.0,43.0,8.0,4.0,59.0,2.0,,326.55,4.08
4352683,2023,actual,205.0,16.0,0.0,140.0,16.0,5.0,0.0,4.0,6.0,64.0,5.0,0.0,23.0,1082.89,55.0,11.0,11.0,71.0,69305.0,17.0,32.0,5.0,4.0,1370.0,2.0,,262.75,4.11
4352683,2024,projected,254.0,24.0,0.0,185.0,24.0,4.0,0.0,8.0,13.0,78.0,9.0,0.0,30.0,1098.0,72.0,15.0,15.0,81.0,85644.0,18.0,42.0,9.0,4.0,1198.0,1.0,,333.0,4.27
4352683,2024,actual,144.0,17.0,0.0,133.0,17.0,4.0,0.0,8.0,13.0,59.0,5.0,0.0,19.0,1018.78,52.0,12.0,12.0,58.0,60108.0,22.0,33.0,5.0,4.0,1198.0,1.0,,234.3,3.97
4352683,2025,projected,227.0,18.0,,162.0,18.0,,,,17.0,72.0,6.0,,25.0,1044.0,61.0,12.0,12.0,72.0,75168.0,18.0,36.0,6.0,,,,,276.95,3.85
4352683,2025,actual,180.0,18.0,0.0,148.0,18.0,3.0,0.0,2.0,-8.0,72.0,10.0,0.0,20.0,1026.82,48.0,8.0,8.0,59.0,73931.0,22.0,28.0,10.0,1.0,1420.0,,,232.3,3.23
4352683,2026,projected,201.0,23.0,,151.0,23.0,,,,7.0,75.0,8.0,,23.0,1008.0,58.0,15.0,15.0,72.0,75600.0,21.0,35.0,8.0,,,,,266.35,3.55
4352683,2026,actual,203.0,29.0,0.0,148.0,29.0,12.0,0.0,3.0,1.0,79.0,12.0,0.0,31.0,1019.1,70.0,17.0,17.0,66.0,80509.0,16.0,39.0,12.0,10.0,1591.0,1.0,,304.05,3.85
4352683,2027,projected,204.0,27.0,,152.0,27.0,,,,1.0,78.0,12.0,,28.0,1022.03,64.0,15.0,15.0,65.0,79718.34,17.0,36.0,12.0,,,,,282.7,3.62
4352683,2027,actual,,,,,,,,,,,,,,,,,,,,,,,,,,,,
4352692,2023,projected,103.0,6.0,1.0,87.0,6.0,340.0,0.0,2.0,4.0,78.0,1.0,1.0,15.0,780.0,36.0,5.0,5.0,44.0,60840.0,19.0,21.0,1.0,360.0,329.0,,,160.45,2.06
4352692,2023,actual,129.0,11.0,1.0,105.0,12.0,340.0,0.0,2.0,10.0,82.0,3.0,1.0,18.0,884.16,43.0,8.0,8.0,50.0,72501.0,21.0,25.0,4.0,360.0,1511.0,,,193.25,2.36
4352692,2024,projected,112.0,7.0,0.0,89.0,7.0,313.0,1.0,0.0,7.0,71.0,1.0,1.0,16.0,888.0,38.0,6.0,6.0,42.0,63048.0,18.0,22.0,1.0,333.0,1313.0,,,163.9,2.31
4352692,2024,actual,128.0,2.0,0.0,49.0,3.0,313.0,1.0,0.0,-4.0,79.0,1.0,1.0,12.0,778.75,27.0,2.0,1.0,36.0,61521.0,33.0,15.0,1.0,333.0,1313.0,,,139.9,1.77
4352692,2025,projected,131.0,5.0,,98.0,5.0,,,,-7.0,81.0,2.0,,15.0,804.0,39.0,3.0,3.0,48.0,65124.0,31.0,24.0,2.0,,,,,178.55,2.2
4352692,2025,actual,115.0,1.0,0.0,66.0,1.0,342.0,0.0,1.0,9.0,78.0,0.0,0.0,12.0,843.55,33.0,1.0,1.0,50.0,65797.0,28.0,21.0,0.0,367.0,1374.0,,,153.85,1.97
4352692,2026,projected,,,,,,,,,,,,,,,,,,,,,,,,,,,,
4352692,2026,actual,42.0,0.0,0.0,63.0,0.0,139.0,0.0,0.0,3.0,42.0,0.0,0.0,2.0,681.05,9.0,0.0,0.0,8.0,28604.0,18.0,7.0,0.0,131.0,623.0,,,49.8,1.19
4352692,2027,projected,,,,,,,,,,,,,,,,,,,,,,,,,,,,
4352692,2027,actual,,,,,,,,,,,,,,,,,,,,,,,,,,,,
4352699,2023,projected,,,,,,,,,,,,,,,,,,,,,,,,,,,,
4352699,2023,actual,178.0,10.0,0.0,83.0,11.0,602.0,1.0,4.0,-5.0,82.0,4.0,1.0,19.0,1049.87,43.0,7.0,6.0,42.0,86089.0,33.0,24.0,4.0,628.0,1993.0,,,207.3,2.53
4352699,2024,projected,157.0,11.0,0.0,74.0,11.0,210.0,0.0,0.0,-7.0,71.0,4.0,0.0,19.0,1056.0,42.0,7.0,7.0,36.0,74976.0,29.0,23.0,4.0,208.0,729.0,,,189.65,2.67
4352699,2024,actual,66.0,2.0,0.0,15.0,2.0,210.0,0.0,0.0,-13.0,33.0,1.0,0.0,3.0,1020.82,10.0,1.0,1.0,26.0,33687.0,15.0,7.0,1.0,208.0,729.0,,,63.0,1.91
4352699,2025,projected,162.0,7.0,,83.0,7.0,,,,-15.0,73.0,2.0,,17.0,1044.0,38.0,5.0,5.0,36.0,76212.0,33.0,21.0,2.0,,,,,180.8,2.48
4352699,2025,actual,155.0,15.0,0.0,31.0,15.0,468.0,0.0,7.0,-6.0,82.0,7.0,0.0,20.0,966.09,46.0,8.0,8.0,45.0,79219.0,44.0,26.0,7.0,552.0,1806.0,1.0,,219.35,2.67
4352699,2026,projected,181.0,21.0,,48.0,21.0,,,,-12.0,80.0,10.0,,23.0,978.0,51.0,11.0,11.0,52.0,78240.0,51.0,28.0,10.0,,,,,242.05,3.03
4352699,2026,actual,119.0,6.0,0.0,34.0,6.0,368.0,0.0,1.0,3.0,67.0,4.0,0.0,10.0,907.37,25.0,2.0,2.0,54.0,60794.0,29.0,15.0,4.0,409.0,1379.0,,,140.65,2.1
4352699,2027,projected,,,,,,,,,,,,,,,,,,,,,,,,,,,,
4352699,2027,actual,,,,,,,,,,,,,,,,,,,,,,,,,,,,
4352747,2023,projected,,,,,,,,,,,,,,,,,,,,,,,,,,,,
4352747,2023,actual,92.0,0.0,0.0,125.0,3.0,99.0,3.0,2.0,9.0,82.0,0.0,3.0,9.0,852.02,28.0,3.0,0.0,54.0,69866.0,39.0,19.0,0.0,102.0,1624.0,,,152.0,1.85
4352747,2024,projected,,,,,,,,,,,,,,,,,,,,,,,,,,,,
4352747,2024,actual,53.0,0.0,0.0,57.0,0.0,131.0,0.0,0.0,-10.0,42.0,0.0,0.0,2.0,760.29,9.0,0.0,0.0,23.0,31932.0,17.0,7.0,0.0,93.0,727.0,,,58.95,1.4
4352747,2025,projected,,,,,,,,,,,,,,,,,,,,,,,,,,,,
4352747,2025,actual,50.0,0.0,0.0,163.0,1.0,210.0,1.0,0.0,-31.0,68.0,0.0,1.0,1.0,708.26,8.0,1.0,0.0,59.0,48162.0,47.0,7.0,0.0,209.0,1057.0,,,99.8,1.47
4352747,2026,projected,,,,,,,,,,,,,,,,,,,,,,,,,,,,
4352747,2026,actual,50.0,0.0,1.0,130.0,2.0,259.0,1.0,0.0,-18.0,46.0,0.0,2.0,2.0,851.37,11.0,1.0,0.0,22.0,39163.0,37.0,9.0,1.0,280.0,862.0,,,82.0,1.78
4352747,2027,projected,,,,,,,,,,,,,,,,,,,,,,,,,,,,
4352747,2027,actual,,,,,,,,,,,,,,,,,,,,,,,,,,,,
4352750,2023,projected,131.0,6.0,1.0,80.0,2.0,29.0,0.0,1.0,-7.0,65.0,2.0,1.0,19.0,1056.0,37.0,2.0,4.0,46.0,68640.0,41.0,18.0,0.0,16.0,279.0,,,184.25,2.83
4352750,2023,actual,145.0,2.0,0.0,71.0,2.0,29.0,0.0,1.0,-1.0,82.0,0.0,0.0,15.0,1020.65,39.0,2.0,2.0,41.0,83693.0,45.0,24.0,0.0,16.0,1837.0,,,181.35,2.21
4352750,2024,projected,111.0,2.0,0.0,55.0,2.0,50.0,0.0,2.0,-5.0,65.0,2.0,0.0,10.0,1032.0,28.0,2.0,2.0,48.0,67080.0,30.0,18.0,2.0,30.0,1658.0,,,143.25,2.2
4352750,2024,actual,182.0,7.0,0.0,57.0,7.0,50.0,0.0,2.0,-13.0,82.0,2.0,0.0,22.0,971.18,50.0,5.0,5.0,37.0,79637.0,50.0,28.0,2.0,30.0,1658.0,,,223.2,2.72
4352750,2025,projected,216.0,14.0,,73.0,14.0,,,,-18.0,82.0,5.0,,27.0,1002.0,54.0,9.0,9.0,42.0,82164.0,49.0,27.0,5.0,,,,,251.3,3.06
4352750,2025,actual,151.0,4.0,0.0,94.0,4.0,31.0,0.0,1.0,-17.0,81.0,0.0,0.0,11.0,894.8,25.0,4.0,4.0,34.0,72479.0,50.0,14.0,0.0,18.0,1599.0,,,153.15,1.89
4352750,2026,projected,171.0,5.0,,76.0,5.0,,,,-14.0,82.0,1.0,,18.0,942.0,39.0,4.0,4.0,38.0,77244.0,49.0,21.0,1.0,,,,,192.85,2.35
4352750,2026,actual,142.0,3.0,4.0,49.0,8.0,32.0,1.0,2.0,-9.0,82.0,1.0,5.0,20.0,1015.04,38.0,3.0,2.0,28.0,83233.0,52.0,18.0,5.0,27.0,1815.0,,,189.4,2.31
4352750,2027,projected,154.0,5.0,3.0,60.0,11.0,,3.0,,-11.0,84.0,1.0,6.0,20.0,1059.61,39.0,7.0,4.0,31.0,89007.24,55.0,19.0,4.0,,,,,197.5,2.35
4352750,2027,actual,,,,,,,,,,,,,,,,,,,,,,,,,,,,
4352758,2023,projected,,,,,,,,,,,,,,,,,,,,,,,,,,,,
4352758,2023,actual,67.0,0.0,0.0,60.0,0.0,6.0,0.0,0.0,-26.0,62.0,0.0,0.0,7.0,728.08,14.0,0.0,0.0,8.0,45141.0,18.0,7.0,0.0,3.0,984.0,,,70.75,1.14
4352758,2024,projected,,,,,,,,,,,,,,,,,,,,,,,,,,,,
4352758,2024,actual,7.0,0.0,0.0,5.0,0.0,0.0,0.0,0.0,-2.0,13.0,0.0,0.0,0.0,598.62,3.0,0.0,0.0,2.0,7782.0,4.0,3.0,0.0,0.0,174.0,,,11.25,0.87
4352758,2025,projected,,,,,,,,,,,,,,,,,,,,,,,,,,,,
4352758,2025,actual,1.0,0.0,0.0,0.0,0.0,0.0,0.0,0.0,-1.0,2.0,0.0,0.0,0.0,447.0,0.0,0.0,0.0,0.0,894.0,1.0,0.0,0.0,0.0,23.0,,,0.75,0.38
4352758,2026,projected,,,,,,,,,,,,,,,,,,,,,,,,,,,,
4352758,2026,actual,1.0,0.0,0.0,1.0,0.0,1.0,0.0,0.0,0.0,1.0,0.0,0.0,0.0,677.0,0.0,0.0,0.0,0.0,677.0,1.0,0.0,0.0,0.0,14.0,,,0.85,0.85
4352758,2027,projected,,,,,,,,,,,,,,,,,,,,,,,,,,,,
4352758,2027,actual,,,,,,,,,,,,,,,,,,,,,,,,,,,,
4352775,2023,projected,,,,,,,,,,,,,,,,,,,,,,,,,,,,
4352775,2023,actual,60.0,0.0,1.0,20.0,1.0,316.0,0.0,0.0,-13.0,61.0,0.0,1.0,4.0,860.03,14.0,0.0,0.0,2.0,52462.0,43.0,10.0,1.0,286.0,1201.0,,,73.5,1.2
4352775,2024,projected,,,,,,,,,,,,,,,,,,,,,,,,,,,,
4352775,2024,actual,38.0,1.0,1.0,43.0,2.0,216.0,0.0,0.0,-1.0,46.0,0.0,1.0,5.0,860.46,11.0,1.0,1.0,2.0,39581.0,27.0,6.0,1.0,170.0,882.0,,,57.8,1.26
4352775,2025,projected,,,,,,,,,,,,,,,,,,,,,,,,,,,,
4352775,2025,actual,60.0,1.0,0.0,47.0,1.0,495.0,0.0,1.0,-12.0,79.0,0.0,0.0,4.0,812.84,15.0,1.0,1.0,10.0,64214.0,68.0,11.0,0.0,441.0,1461.0,,,94.2,1.19
4352775,2026,projected,,,,,,,,,,,,,,,,,,,,,,,,,,,,
4352775,2026,actual,53.0,0.0,0.0,35.0,0.0,123.0,0.0,0.0,-2.0,68.0,0.0,0.0,4.0,743.12,12.0,0.0,0.0,4.0,50532.0,35.0,8.0,0.0,134.0,1167.0,,,64.25,0.94
4352775,2027,projected,,,,,,,,,,,,,,,,,,,,,,,,,,,,
4352775,2027,actual,,,,,,,,,,,,,,,,,,,,,,,,,,,,
4352804,2023,projected,,,,,,,,,,,,,,,,,,,,,,,,,,,,
4352804,2023,actual,85.0,4.0,0.0,152.0,4.0,375.0,0.0,1.0,-12.0,81.0,1.0,0.0,9.0,766.56,20.0,3.0,3.0,30.0,62091.0,44.0,11.0,1.0,276.0,1322.0,,,125.95,1.55
4352804,2024,projected,,,,,,,,,,,,,,,,,,,,,,,,,,,,
4352804,2024,actual,86.0,5.0,0.0,89.0,6.0,317.0,1.0,1.0,-16.0,80.0,3.0,1.0,12.0,837.39,28.0,3.0,2.0,25.0,66991.0,35.0,16.0,3.0,305.0,1433.0,,,134.4,1.68
4352804,2025,projected,101.0,7.0,,134.0,7.0,,,,-14.0,81.0,4.0,,14.0,840.0,32.0,3.0,3.0,32.0,68040.0,39.0,18.0,4.0,,,,,157.65,1.95
4352804,2025,actual,75.0,0.0,0.0,139.0,0.0,228.0,0.0,0.0,-23.0,74.0,0.0,0.0,8.0,727.09,17.0,0.0,0.0,17.0,53805.0,44.0,9.0,0.0,201.0,1175.0,,,105.15,1.42
4352804,2026,projected,,,,,,,,,,,,,,,,,,,,,,,,,,,,
4352804,2026,actual,52.0,0.0,0.0,166.0,0.0,153.0,0.0,1.0,-12.0,61.0,0.0,0.0,2.0,725.48,5.0,0.0,0.0,19.0,44254.0,32.0,3.0,0.0,163.0,956.0,,,68.1,1.12
4352804,2027,projected,,,,,,,,,,,,,,,,,,,,,,,,,,,,
4352804,2027,actual,,,,,,,,,,,,,,,,,,,,,,,,,,,,
4378660,2023,projected,,,,,,,,,,,,,,,,,,,,,,,,,,,,
4378660,2023,actual,98.0,9.0,0.0,20.0,9.0,3.0,0.0,0.0,-14.0,67.0,5.0,0.0,15.0,807.58,28.0,4.0,4.0,16.0,54108.0,28.0,13.0,5.0,3.0,1114.0,,,126.5,1.89
4378660,2024,projected,,,,,,,,,,,,,,,,,,,,,,,,,,,,
4378660,2024,actual,14.0,0.0,0.0,2.0,0.0,0.0,0.0,0.0,-1.0,12.0,0.0,0.0,2.0,651.67,6.0,0.0,0.0,2.0,7820.0,7.0,4.0,0.0,0.0,182.0,,,22.2,1.85
4378660,2025,projected,,,,,,,,,,,,,,,,,,,,,,,,,,,,
4378660,2025,actual,88.0,5.0,0.0,41.0,5.0,12.0,0.0,1.0,-13.0,75.0,3.0,0.0,12.0,778.63,24.0,2.0,2.0,14.0,58397.0,16.0,12.0,3.0,5.0,1259.0,,,106.1,1.41
4378660,2026,projected,,,,,,,,,,,,,,,,,,,,,,,,,,,,
4378660,2026,actual,58.0,3.0,0.0,41.0,3.0,2.0,0.0,2.0,-5.0,51.0,3.0,0.0,8.0,829.31,22.0,0.0,0.0,12.0,42295.0,14.0,14.0,3.0,3.0,903.0,,,88.6,1.74
4378660,2027,projected,,,,,,,,,,,,,,,,,,,,,,,,,,,,
4378660,2027,actual,,,,,,,,,,,,,,,,,,,,,,,,,,,,
4378669,2023,projected,,,,,,,,,,,,,,,,,,,,,,,,,,,,
4378669,2023,actual,78.0,0.0,2.0,40.0,3.0,311.0,1.0,0.0,4.0,57.0,0.0,3.0,11.0,851.14,23.0,1.0,0.0,18.0,48515.0,20.0,12.0,2.0,287.0,1160.0,,,104.5,1.83
4378669,2024,projected,,,,,,,,,,,,,,,,,,,,,,,,,,,,
4378669,2024,actual,106.0,1.0,0.0,59.0,3.0,353.0,2.0,3.0,10.0,81.0,0.0,2.0,12.0,854.58,30.0,3.0,1.0,10.0,69221.0,34.0,18.0,0.0,365.0,1502.0,,,131.9,1.63
4378669,2025,projected,,,,,,,,,,,,,,,,,,,,,,,,,,,,
4378669,2025,actual,97.0,2.0,3.0,17.0,8.0,574.0,3.0,2.0,13.0,79.0,0.0,6.0,20.0,1009.61,53.0,5.0,2.0,16.0,79759.0,35.0,33.0,3.0,630.0,1817.0,1.0,,192.45,2.44
4378669,2026,projected,143.0,3.0,4.0,25.0,11.0,,4.0,,15.0,80.0,,8.0,27.0,978.0,56.0,7.0,3.0,20.0,78240.0,36.0,29.0,4.0,,,,,218.75,2.73
4378669,2026,actual,90.0,7.0,5.0,16.0,13.0,672.0,1.0,1.0,25.0,81.0,0.0,6.0,14.0,1056.67,54.0,8.0,7.0,16.0,85590.0,34.0,40.0,5.0,612.0,1958.0,,,186.6,2.3
4378669,2027,projected,99.0,5.0,4.0,23.0,13.0,,4.0,,24.0,83.0,,8.0,15.0,994.52,55.0,9.0,5.0,15.0,82544.99,36.0,40.0,4.0,,,,,192.05,2.31
4378669,2027,actual,,,,,,,,,,,,,,,,,,,,,,,,,,,,
4378671,2023,projected,,,,,,,,,,,,,,,,,,,,,,,,,,,,
4378671,2023,actual,69.0,1.0,0.0,12.0,1.0,59.0,0.0,1.0,3.0,38.0,0.0,0.0,2.0,647.11,8.0,1.0,1.0,14.0,24590.0,16.0,6.0,0.0,67.0,552.0,,,52.95,1.39
4378671,2024,projected,,,,,,,,,,,,,,,,,,,,,,,,,,,,
4378671,2024,actual,106.0,7.0,0.0,25.0,7.0,297.0,0.0,0.0,4.0,74.0,2.0,0.0,8.0,736.74,27.0,5.0,5.0,33.0,54519.0,35.0,19.0,2.0,367.0,1207.0,,,129.5,1.75
4378671,2025,projected,116.0,7.0,,31.0,7.0,,,,5.0,76.0,3.0,,9.0,744.0,29.0,4.0,4.0,34.0,56544.0,38.0,20.0,3.0,,,,,140.1,1.84
4378671,2025,actual,93.0,2.0,0.0,45.0,2.0,315.0,0.0,2.0,1.0,72.0,1.0,0.0,8.0,775.18,18.0,1.0,1.0,22.0,55813.0,50.0,10.0,1.0,431.0,1268.0,,,111.25,1.55
4378671,2026,projected,,,,,,,,,,,,,,,,,,,,,,,,,,,,
4378671,2026,actual,99.0,0.0,0.0,46.0,0.0,406.0,0.0,0.0,15.0,82.0,0.0,0.0,10.0,868.72,27.0,0.0,0.0,31.0,71235.0,56.0,17.0,0.0,563.0,1639.0,,,136.85,1.67
4378671,2027,projected,,,,,,,,,,,,,,,,,,,,,,,,,,,,
4378671,2027,actual,,,,,,,,,,,,,,,,,,,,,,,,,,,,
4378685,2023,projected,,,,,,,,,,,,,,,,,,,,,,,,,,,,
4378685,2023,actual,2.0,0.0,0.0,0.0,0.0,11.0,0.0,0.0,0.0,2.0,0.0,0.0,0.0,980.5,0.0,0.0,0.0,0.0,1961.0,0.0,0.0,0.0,9.0,37.0,,,0.5,0.25
4378685,2024,projected,,,,,,,,,,,,,,,,,,,,,,,,,,,,
4378685,2024,actual,32.0,0.0,0.0,88.0,0.0,154.0,0.0,0.0,-9.0,45.0,0.0,0.0,0.0,731.31,2.0,0.0,0.0,22.0,32909.0,30.0,2.0,0.0,121.0,713.0,,,46.8,1.04
4378685,2025,projected,,,,,,,,,,,,,,,,,,,,,,,,,,,,
4378685,2025,actual,,,,,,,,,,,,,,,,,,,,,,,,,,,,
4378685,2026,projected,,,,,,,,,,,,,,,,,,,,,,,,,,,,
4378685,2026,actual,15.0,0.0,1.0,34.0,1.0,97.0,0.0,2.0,4.0,13.0,0.0,1.0,3.0,941.54,5.0,0.0,0.0,0.0,12240.0,6.0,2.0,1.0,58.0,260.0,,,27.15,2.09
4378685,2027,projected,,,,,,,,,,,,,,,,,,,,,,,,,,,,
4378685,2027,actual,,,,,,,,,,,,,,,,,,,,,,,,,,,,
4391250,2023,projected,,,,,,,,,,,,,,,,,,,,,,,,,,,,
4391250,2023,actual,58.0,4.0,1.0,57.0,5.0,1.0,0.0,1.0,7.0,34.0,4.0,1.0,14.0,1033.76,20.0,0.0,0.0,10.0,35148.0,56.0,6.0,5.0,0.0,686.0,1.0,,117.2,3.45
4391250,2024,projected,126.0,9.0,1.0,104.0,10.0,28.0,1.0,0.0,5.0,62.0,6.0,1.0,21.0,990.0,37.0,3.0,3.0,22.0,61380.0,100.0,16.0,7.0,13.0,735.0,,,208.4,3.36
4391250,2024,actual,26.0,0.0,0.0,46.0,1.0,28.0,1.0,0.0,-2.0,45.0,0.0,1.0,2.0,758.27,10.0,1.0,0.0,6.0,34122.0,47.0,8.0,0.0,13.0,735.0,,,60.6,1.35
4391250,2025,projected,79.0,,,106.0,,,,,5.0,58.0,,,12.0,798.0,21.0,,,36.0,46284.0,104.0,9.0,,,,,,154.35,2.66
4391250,2025,actual,0.0,0.0,0.0,1.0,0.0,0.0,0.0,0.0,0.0,1.0,0.0,0.0,0.0,534.0,0.0,0.0,0.0,0.0,534.0,0.0,0.0,0.0,0.0,11.0,,,0.1,0.1
4391250,2026,projected,,,,,,,,,,,,,,,,,,,,,,,,,,,,
4391250,2026,actual,2.0,0.0,0.0,0.0,0.0,0.0,0.0,0.0,1.0,1.0,0.0,0.0,0.0,661.0,0.0,0.0,0.0,0.0,661.0,0.0,0.0,0.0,0.0,16.0,,,0.5,0.5
4391250,2027,projected,,,,,,,,,,,,,,,,,,,,,,,,,,,,
4391250,2027,actual,,,,,,,,,,,,,,,,,,,,,,,,,,,,
4391255,2023,projected,,,,,,,,,,,,,,,,,,,,,,,,,,,,
4391255,2023,actual,57.0,2.0,0.0,103.0,2.0,4.0,0.0,0.0,4.0,32.0,1.0,0.0,7.0,815.5,13.0,1.0,1.0,30.0,26096.0,15.0,6.0,1.0,6.0,547.0,,,81.55,2.55
4391255,2024,projected,,,,,,,,,,,,,,,,,,,,,,,,,,,,
4391255,2024,actual,110.0,0.0,0.0,214.0,0.0,16.0,0.0,2.0,17.0,68.0,0.0,0.0,10.0,730.22,27.0,0.0,0.0,41.0,49655.0,22.0,17.0,0.0,15.0,1146.0,,,146.4,2.15
4391255,2025,projected,112.0,,,268.0,,,,,15.0,76.0,,,9.0,762.0,26.0,,,46.0,57912.0,26.0,17.0,,,,,,151.8,2.0
4391255,2025,actual,141.0,2.0,1.0,460.0,4.0,32.0,1.0,6.0,-1.0,78.0,0.0,2.0,19.0,893.35,40.0,3.0,2.0,35.0,69681.0,30.0,21.0,1.0,24.0,1604.0,1.0,,225.75,2.89
4391255,2026,projected,163.0,2.0,2.0,405.0,6.0,,2.0,,-6.0,79.0,,4.0,21.0,894.0,47.0,4.0,2.0,44.0,70626.0,33.0,26.0,2.0,,,,,241.75,3.06
4391255,2026,actual,172.0,12.0,1.0,339.0,13.0,27.0,0.0,3.0,-20.0,72.0,7.0,1.0,23.0,1035.94,36.0,5.0,5.0,50.0,74588.0,30.0,13.0,8.0,16.0,1519.0,2.0,,232.4,3.23
4391255,2027,projected,168.0,9.0,1.0,341.0,11.0,,1.0,,-13.0,75.0,5.0,2.0,20.0,1012.09,36.0,5.0,4.0,48.0,75906.75,32.0,16.0,6.0,,,,,218.1,2.91
4391255,2027,actual,,,,,,,,,,,,,,,,,,,,,,,,,,,,
4392072,2023,projected,,,,,,,,,,,,,,,,,,,,,,,,,,,,
4392072,2023,actual,231.0,12.0,0.0,125.0,12.0,11.0,0.0,4.0,-17.0,77.0,8.0,0.0,27.0,1045.64,49.0,4.0,4.0,16.0,80514.0,69.0,22.0,8.0,19.0,1763.0,1.0,,254.75,3.31
4392072,2024,projected,243.0,13.0,0.0,133.0,13.0,26.0,0.0,4.0,-14.0,78.0,8.0,0.0,28.0,1080.0,53.0,5.0,5.0,18.0,84240.0,74.0,25.0,8.0,19.0,1690.0,,,268.55,3.44
4392072,2024,actual,289.0,8.0,0.0,127.0,8.0,26.0,0.0,4.0,-5.0,78.0,5.0,0.0,28.0,995.17,53.0,3.0,3.0,12.0,77623.0,47.0,25.0,5.0,19.0,1690.0,,,258.95,3.32
4392072,2025,projected,268.0,10.0,,131.0,10.0,,,,-12.0,78.0,5.0,,28.0,1020.0,52.0,5.0,5.0,16.0,79560.0,52.0,24.0,5.0,,,,,253.6,3.25
4392072,2025,actual,188.0,7.0,0.0,115.0,7.0,11.0,0.0,2.0,-12.0,77.0,0.0,0.0,20.0,959.51,43.0,7.0,7.0,16.0,73882.0,63.0,23.0,0.0,7.0,1611.0,,,209.5,2.72
4392072,2026,projected,229.0,6.0,,121.0,6.0,,,,-16.0,78.0,2.0,,25.0,972.0,49.0,4.0,4.0,16.0,75816.0,55.0,24.0,2.0,,,,,231.85,2.97
4392072,2026,actual,220.0,7.0,3.0,166.0,10.0,21.0,0.0,2.0,-6.0,81.0,3.0,3.0,28.0,1010.58,51.0,4.0,4.0,32.0,81857.0,50.0,23.0,6.0,9.0,1763.0,2.0,,261.6,3.23
4392072,2027,projected,238.0,7.0,2.0,165.0,11.0,,2.0,,-8.0,83.0,3.0,4.0,28.0,950.1,53.0,6.0,4.0,29.0,78857.97,55.0,25.0,5.0,,,,,263.0,3.17
4392072,2027,actual,,,,,,,,,,,,,,,,,,,,,,,,,,,,
4392137,2023,projected,,,,,,,,,,,,,,,,,,,,,,,,,,,,
4392137,2023,actual,23.0,0.0,0.0,30.0,0.0,47.0,0.0,0.0,-5.0,32.0,0.0,0.0,2.0,571.41,4.0,0.0,0.0,2.0,18285.0,10.0,2.0,0.0,50.0,456.0,,,24.75,0.77
4392137,2024,projected,,,,,,,,,,,,,,,,,,,,,,,,,,,,
4392137,2024,actual,,,,,,,,,,,,,,,,,,,,,,,,,,,,
4392137,2025,projected,,,,,,,,,,,,,,,,,,,,,,,,,,,,
4392137,2025,actual,2.0,0.0,0.0,3.0,0.0,21.0,0.0,0.0,-1.0,8.0,0.0,0.0,1.0,516.0,1.0,0.0,0.0,6.0,4128.0,3.0,0.0,0.0,16.0,102.0,,,8.3,1.04
4392137,2026,projected,,,,,,,,,,,,,,,,,,,,,,,,,,,,
4392137,2026,actual,12.0,1.0,0.0,2.0,1.0,40.0,0.0,0.0,0.0,10.0,0.0,0.0,0.0,646.2,5.0,1.0,1.0,4.0,6462.0,5.0,5.0,0.0,38.0,146.0,,,18.2,1.82
4392137,2027,projected,,,,,,,,,,,,,,,,,,,,,,,,,,,,
4392137,2027,actual,,,,,,,,,,,,,,,,,,,,,,,,,,,,
4392215,2023,projected,,,,,,,,,,,,,,,,,,,,,,,,,,,,
4392215,2023,actual,70.0,1.0,0.0,239.0,1.0,12.0,0.0,0.0,-4.0,63.0,0.0,0.0,7.0,559.35,15.0,1.0,1.0,77.0,35239.0,28.0,8.0,0.0,8.0,794.0,,,131.4,2.09
4392215,2024,projected,,,,,,,,,,,,,,,,,,,,,,,,,,,,
4392215,2024,actual,42.0,0.0,0.0,213.0,0.0,8.0,0.0,1.0,4.0,61.0,0.0,0.0,3.0,467.75,12.0,0.0,0.0,59.0,28533.0,29.0,9.0,0.0,6.0,663.0,,,103.8,1.7
4392215,2025,projected,,,,,,,,,,,,,,,,,,,,,,,,,,,,
4392215,2025,actual,14.0,0.0,0.0,73.0,0.0,6.0,0.0,0.0,-2.0,25.0,0.0,0.0,0.0,356.04,0.0,0.0,0.0,24.0,8901.0,7.0,0.0,0.0,2.0,216.0,,,26.3,1.05
4392215,2026,projected,,,,,,,,,,,,,,,,,,,,,,,,,,,,
4392215,2026,actual,2.0,0.0,0.0,30.0,0.0,2.0,0.0,0.0,-4.0,9.0,0.0,0.0,0.0,388.33,0.0,0.0,0.0,35.0,3495.0,3.0,0.0,0.0,0.0,91.0,,,22.5,2.5
4392215,2027,projected,,,,,,,,,,,,,,,,,,,,,,,,,,,,
4392215,2027,actual,,,,,,,,,,,,,,,,,,,,,,,,,,,,
4392309,2023,projected,,,,,,,,,,,,,,,,,,,,,,,,,,,,
4392309,2023,actual,59.0,0.0,0.0,172.0,1.0,6.0,1.0,1.0,-9.0,55.0,0.0,1.0,1.0,630.49,4.0,1.0,0.0,37.0,34677.0,25.0,3.0,0.0,5.0,946.0,,,73.95,1.34
4392309,2024,projected,,,,,,,,,,,,,,,,,,,,,,,,,,,,
4392309,2024,actual,86.0,0.0,2.0,154.0,3.0,35.0,1.0,0.0,-8.0,80.0,0.0,3.0,8.0,702.4,18.0,1.0,0.0,30.0,56192.0,67.0,10.0,2.0,11.0,1436.0,,,134.4,1.68
4392309,2025,projected,,,,,,,,,,,,,,,,,,,,,,,,,,,,
4392309,2025,actual,99.0,0.0,1.0,160.0,2.0,400.0,1.0,2.0,-1.0,80.0,0.0,2.0,8.0,764.62,19.0,1.0,0.0,29.0,61170.0,72.0,11.0,1.0,302.0,1509.0,,,142.25,1.78
4392309,2026,projected,,,,,,,,,,,,,,,,,,,,,,,,,,,,
4392309,2026,actual,104.0,0.0,1.0,177.0,1.0,122.0,0.0,2.0,18.0,82.0,0.0,1.0,21.0,762.16,35.0,0.0,0.0,30.0,62497.0,58.0,14.0,1.0,69.0,1483.0,,,182.7,2.23
4392309,2027,projected,108.0,,1.0,182.0,2.0,,1.0,,13.0,84.0,,2.0,18.0,785.12,33.0,1.0,,31.0,65950.0,65.0,15.0,1.0,,,,,180.2,2.15
4392309,2027,actual,,,,,,,,,,,,,,,,,,,,,,,,,,,,
4392454,2023,projected,,,,,,,,,,,,,,,,,,,,,,,,,,,,
4392454,2023,actual,86.0,0.0,1.0,122.0,1.0,6.0,0.0,0.0,6.0,69.0,0.0,1.0,10.0,724.58,19.0,0.0,0.0,12.0,49996.0,46.0,9.0,1.0,2.0,1078.0,,,112.7,1.63
4392454,2024,projected,,,,,,,,,,,,,,,,,,,,,,,,,,,,
4392454,2024,actual,114.0,0.0,2.0,149.0,2.0,3.0,0.0,1.0,-3.0,82.0,0.0,2.0,14.0,751.32,21.0,0.0,0.0,30.0,61608.0,55.0,7.0,2.0,0.0,1320.0,,,146.9,1.79
4392454,2025,projected,,,,,,,,,,,,,,,,,,,,,,,,,,,,
4392454,2025,actual,90.0,0.0,0.0,223.0,0.0,5.0,0.0,1.0,-1.0,80.0,0.0,0.0,4.0,749.55,18.0,0.0,0.0,25.0,59964.0,53.0,14.0,0.0,4.0,1444.0,,,124.8,1.56
4392454,2026,projected,,,,,,,,,,,,,,,,,,,,,,,,,,,,
4392454,2026,actual,68.0,0.0,1.0,132.0,2.0,2.0,1.0,0.0,-11.0,65.0,0.0,2.0,4.0,719.57,11.0,1.0,0.0,28.0,46772.0,56.0,7.0,1.0,4.0,1151.0,,,101.2,1.56
4392454,2027,projected,,,,,,,,,,,,,,,,,,,,,,,,,,,,
4392454,2027,actual,,,,,,,,,,,,,,,,,,,,,,,,,,,,
4392471,2023,projected,,,,,,,,,,,,,,,,,,,,,,,,,,,,
4392471,2023,actual,153.0,9.0,0.0,188.0,9.0,83.0,0.0,3.0,-8.0,81.0,4.0,0.0,16.0,741.07,32.0,5.0,5.0,50.0,60027.0,28.0,16.0,4.0,106.0,1326.0,,,185.55,2.29
4392471,2024,projected,111.0,4.0,0.0,116.0,4.0,397.0,0.0,2.0,-10.0,60.0,2.0,0.0,10.0,732.0,19.0,2.0,2.0,21.0,43920.0,23.0,9.0,2.0,423.0,1531.0,,,114.35,1.91
4392471,2024,actual,146.0,5.0,0.0,120.0,5.0,397.0,0.0,2.0,-8.0,80.0,3.0,0.0,17.0,823.15,40.0,2.0,2.0,61.0,65852.0,46.0,23.0,3.0,423.0,1531.0,,,205.0,2.56
4392471,2025,projected,168.0,7.0,,163.0,7.0,,,,-8.0,80.0,3.0,,19.0,804.0,43.0,4.0,4.0,64.0,64320.0,39.0,24.0,3.0,,,,,219.8,2.75
4392471,2025,actual,125.0,7.0,0.0,145.0,7.0,57.0,0.0,3.0,-1.0,61.0,5.0,0.0,16.0,865.25,29.0,2.0,2.0,18.0,52780.0,42.0,13.0,5.0,40.0,1175.0,,,158.75,2.6
4392471,2026,projected,162.0,10.0,,140.0,10.0,,,,-6.0,77.0,4.0,,20.0,828.0,38.0,6.0,6.0,36.0,63756.0,43.0,18.0,4.0,,,,,197.0,2.56
4392471,2026,actual,153.0,0.0,0.0,159.0,0.0,57.0,0.0,2.0,9.0,73.0,0.0,0.0,9.0,751.07,24.0,0.0,0.0,13.0,54828.0,25.0,15.0,0.0,51.0,1291.0,,,132.15,1.81
4392471,2027,projected,,,,,,,,,,,,,,,,,,,,,,,,,,,,
4392471,2027,actual,,,,,,,,,,,,,,,,,,,,,,,,,,,,
4392541,2023,projected,,,,,,,,,,,,,,,,,,,,,,,,,,,,
4392541,2023,actual,116.0,4.0,0.0,38.0,4.0,105.0,0.0,2.0,-32.0,70.0,0.0,0.0,9.0,1045.23,25.0,4.0,4.0,14.0,73166.0,34.0,16.0,0.0,85.0,1417.0,,,119.8,1.71
4392541,2024,projected,,,,,,,,,,,,,,,,,,,,,,,,,,,,
4392541,2024,actual,128.0,19.0,0.0,21.0,19.0,147.0,0.0,3.0,-44.0,75.0,6.0,0.0,18.0,1141.11,54.0,13.0,13.0,23.0,85583.0,48.0,36.0,6.0,127.0,1476.0,,,211.1,2.81
4392541,2025,projected,147.0,25.0,,41.0,25.0,,,,-27.0,78.0,7.0,,20.0,1140.0,61.0,18.0,18.0,34.0,88920.0,51.0,41.0,7.0,,,,,241.35,3.09
4392541,2025,actual,54.0,1.0,0.0,28.0,1.0,109.0,0.0,1.0,-28.0,51.0,1.0,0.0,7.0,823.16,14.0,0.0,0.0,14.0,41981.0,16.0,7.0,1.0,97.0,836.0,,,68.3,1.34
4392541,2026,projected,,,,,,,,,,,,,,,,,,,,,,,,,,,,
4392541,2026,actual,62.0,2.0,0.0,40.0,2.0,45.0,0.0,1.0,1.0,43.0,0.0,0.0,7.0,929.49,20.0,2.0,2.0,16.0,39968.0,14.0,13.0,0.0,34.0,824.0,,,83.5,1.94
4392541,2027,projected,,,,,,,,,,,,,,,,,,,,,,,,,,,,
4392541,2027,actual,,,,,,,,,,,,,,,,,,,,,,,,,,,,
4392880,2023,projected,,,,,,,,,,,,,,,,,,,,,,,,,,,,
4392880,2023,actual,0.0,0.0,0.0,0.0,0.0,0.0,0.0,0.0,0.0,1.0,0.0,0.0,0.0,577.0,0.0,0.0,0.0,0.0,577.0,0.0,0.0,0.0,0.0,15.0,,,0,0.0
4392880,2024,projected,,,,,,,,,,,,,,,,,,,,,,,,,,,,
4392880,2024,actual,4.0,0.0,0.0,6.0,0.0,6.0,0.0,0.0,-5.0,5.0,0.0,0.0,0.0,502.8,0.0,0.0,0.0,0.0,2514.0,3.0,0.0,0.0,1.0,52.0,,,3.1,0.62
4392880,2025,projected,,,,,,,,,,,,,,,,,,,,,,,,,,,,
4392880,2025,actual,,,,,,,,,,,,,,,,,,,,,,,,,,,,
4392880,2026,projected,,,,,,,,,,,,,,,,,,,,,,,,,,,,
4392880,2026,actual,4.0,0.0,0.0,0.0,0.0,1.0,0.0,0.0,0.0,3.0,0.0,0.0,1.0,652.33,2.0,0.0,0.0,0.0,1957.0,2.0,1.0,0.0,4.0,50.0,,,7.0,2.33
4392880,2027,projected,,,,,,,,,,,,,,,,,,,,,,,,,,,,
4392880,2027,actual,,,,,,,,,,,,,,,,,,,,,,,,,,,,
4392883,2023,projected,,,,,,,,,,,,,,,,,,,,,,,,,,,,
4392883,2023,actual,,,,,,,,,,,,,,,,,,,,,,,,,,,,
4392883,2024,projected,,,,,,,,,,,,,,,,,,,,,,,,,,,,
4392883,2024,actual,117.0,0.0,0.0,225.0,0.0,28.0,0.0,1.0,14.0,63.0,0.0,0.0,8.0,763.17,24.0,0.0,0.0,109.0,48080.0,22.0,16.0,0.0,23.0,1140.0,,,174.25,2.77
4392883,2025,projected,,,,,,,,,,,,,,,,,,,,,,,,,,,,
4392883,2025,actual,114.0,4.0,0.0,301.0,4.0,103.0,0.0,0.0,3.0,81.0,1.0,0.0,4.0,828.48,25.0,3.0,3.0,84.0,67107.0,26.0,21.0,1.0,71.0,1591.0,,,170.1,2.1
4392883,2026,projected,,,,,,,,,,,,,,,,,,,,,,,,,,,,
4392883,2026,actual,19.0,0.0,0.0,84.0,0.0,18.0,0.0,0.0,-4.0,22.0,0.0,0.0,1.0,609.0,3.0,0.0,0.0,17.0,13398.0,6.0,2.0,0.0,16.0,342.0,,,31.65,1.44
4392883,2027,projected,,,,,,,,,,,,,,,,,,,,,,,,,,,,
4392883,2027,actual,,,,,,,,,,,,,,,,,,,,,,,,,,,,
4393049,2023,projected,,,,,,,,,,,,,,,,,,,,,,,,,,,,
4393049,2023,actual,55.0,1.0,0.0,27.0,3.0,312.0,2.0,0.0,-5.0,54.0,1.0,2.0,2.0,869.41,19.0,2.0,0.0,28.0,46948.0,41.0,17.0,1.0,338.0,1006.0,,,93.95,1.74
4393049,2024,projected,,,,,,,,,,,,,,,,,,,,,,,,,,,,
4393049,2024,actual,81.0,0.0,1.0,79.0,1.0,545.0,0.0,1.0,-1.0,82.0,0.0,1.0,7.0,961.1,28.0,0.0,0.0,24.0,78810.0,65.0,21.0,1.0,592.0,1695.0,,,138.65,1.69
4393049,2025,projected,77.0,,,83.0,,,,,-6.0,79.0,,,6.0,948.0,25.0,,,26.0,74892.0,52.0,19.0,,,,,,122.55,1.55
4393049,2025,actual,80.0,0.0,3.0,124.0,6.0,529.0,3.0,5.0,1.0,82.0,0.0,6.0,13.0,933.22,36.0,3.0,0.0,10.0,76524.0,60.0,23.0,3.0,593.0,1604.0,,,166.4,2.03
4393049,2026,projected,91.0,,2.0,108.0,4.0,,2.0,,-5.0,82.0,,4.0,12.0,930.0,36.0,2.0,,20.0,76260.0,63.0,24.0,2.0,,,,,165.05,2.01
4393049,2026,actual,75.0,0.0,2.0,89.0,2.0,372.0,0.0,2.0,-8.0,68.0,0.0,2.0,12.0,921.35,24.0,0.0,0.0,38.0,62652.0,50.0,12.0,2.0,473.0,1313.0,,,137.65,2.02
4393049,2027,projected,,,,,,,,,,,,,,,,,,,,,,,,,,,,
4393049,2027,actual,,,,,,,,,,,,,,,,,,,,,,,,,,,,
4393199,2023,projected,,,,,,,,,,,,,,,,,,,,,,,,,,,,
4393199,2023,actual,,,,,,,,,,,,,,,,,,,,,,,,,,,,
4393199,2024,projected,,,,,,,,,,,,,,,,,,,,,,,,,,,,
4393199,2024,actual,26.0,0.0,0.0,58.0,0.0,142.0,0.0,0.0,5.0,32.0,0.0,0.0,4.0,605.19,9.0,0.0,0.0,11.0,19366.0,6.0,5.0,0.0,105.0,463.0,,,42.8,1.34
4393199,2025,projected,,,,,,,,,,,,,,,,,,,,,,,,,,,,
4393199,2025,actual,61.0,0.0,0.0,108.0,0.0,293.0,0.0,0.0,-15.0,81.0,0.0,0.0,4.0,597.74,11.0,0.0,0.0,14.0,48417.0,29.0,7.0,0.0,273.0,1133.0,,,73.55,0.91
4393199,2026,projected,,,,,,,,,,,,,,,,,,,,,,,,,,,,
4393199,2026,actual,43.0,0.0,0.0,121.0,0.0,31.0,0.0,0.0,-6.0,59.0,0.0,0.0,2.0,631.17,7.0,0.0,0.0,40.0,37239.0,23.0,5.0,0.0,48.0,828.0,,,70.35,1.19
4393199,2027,projected,,,,,,,,,,,,,,,,,,,,,,,,,,,,
4393199,2027,actual,,,,,,,,,,,,,,,,,,,,,,,,,,,,
4393595,2023,projected,,,,,,,,,,,,,,,,,,,,,,,,,,,,
4393595,2023,actual,,,,,,,,,,,,,,,,,,,,,,,,,,,,
4393595,2024,projected,,,,,,,,,,,,,,,,,,,,,,,,,,,,
4393595,2024,actual,,,,,,,,,,,,,,,,,,,,,,,,,,,,
4393595,2025,projected,,,,,,,,,,,,,,,,,,,,,,,,,,,,
4393595,2025,actual,,,,,,,,,,,,,,,,,,,,,,,,,,,,
4393595,2026,projected,,,,,,,,,,,,,,,,,,,,,,,,,,,,
4393595,2026,actual,2.0,0.0,0.0,5.0,0.0,21.0,0.0,0.0,-2.0,4.0,0.0,0.0,0.0,901.0,0.0,0.0,0.0,2.0,3604.0,0.0,0.0,0.0,22.0,76.0,,,2.0,0.5
4393595,2027,projected,,,,,,,,,,,,,,,,,,,,,,,,,,,,
4393595,2027,actual,,,,,,,,,,,,,,,,,,,,,,,,,,,,
4419646,2023,projected,,,,,,,,,,,,,,,,,,,,,,,,,,,,
4419646,2023,actual,,,,,,,,,,,,,,,,,,,,,,,,,,,,
4419646,2024,projected,,,,,,,,,,,,,,,,,,,,,,,,,,,,
4419646,2024,actual,27.0,0.0,0.0,88.0,0.0,4.0,0.0,0.0,2.0,30.0,0.0,0.0,4.0,677.3,7.0,0.0,0.0,4.0,20319.0,20.0,3.0,0.0,0.0,490.0,,,45.55,1.52
4419646,2025,projected,,,,,,,,,,,,,,,,,,,,,,,,,,,,
4419646,2025,actual,68.0,4.0,0.0,133.0,4.0,7.0,0.0,2.0,-3.0,66.0,4.0,0.0,12.0,722.11,18.0,0.0,0.0,21.0,47659.0,21.0,6.0,4.0,4.0,1027.0,,,105.3,1.6
4419646,2026,projected,,,,,,,,,,,,,,,,,,,,,,,,,,,,
4419646,2026,actual,9.0,0.0,0.0,29.0,0.0,5.0,0.0,0.0,-2.0,11.0,0.0,0.0,0.0,573.64,1.0,0.0,0.0,4.0,6310.0,5.0,1.0,0.0,5.0,144.0,,,11.65,1.06
4419646,2027,projected,,,,,,,,,,,,,,,,,,,,,,,,,,,,
4419646,2027,actual,,,,,,,,,,,,,,,,,,,,,,,,,,,,
4419658,2023,projected,,,,,,,,,,,,,,,,,,,,,,,,,,,,
4419658,2023,actual,4.0,0.0,0.0,4.0,0.0,0.0,0.0,1.0,0.0,6.0,0.0,0.0,1.0,692.33,1.0,0.0,0.0,2.0,4154.0,4.0,0.0,0.0,0.0,91.0,,,8.4,1.4
4419658,2024,projected,,,,,,,,,,,,,,,,,,,,,,,,,,,,
4419658,2024,actual,5.0,0.0,0.0,1.0,0.0,0.0,0.0,0.0,-1.0,6.0,0.0,0.0,1.0,412.0,1.0,0.0,0.0,0.0,2472.0,5.0,0.0,0.0,0.0,62.0,,,6.85,1.14
4419658,2025,projected,,,,,,,,,,,,,,,,,,,,,,,,,,,,
4419658,2025,actual,,,,,,,,,,,,,,,,,,,,,,,,,,,,
4419658,2026,projected,,,,,,,,,,,,,,,,,,,,,,,,,,,,
4419658,2026,actual,11.0,2.0,0.0,12.0,2.0,0.0,0.0,0.0,-3.0,11.0,0.0,0.0,2.0,690.09,4.0,2.0,2.0,0.0,7591.0,9.0,2.0,0.0,0.0,180.0,,,19.45,1.77
4419658,2027,projected,,,,,,,,,,,,,,,,,,,,,,,,,,,,
4419658,2027,actual,,,,,,,,,,,,,,,,,,,,,,,,,,,,
4419679,2023,projected,,,,,,,,,,,,,,,,,,,,,,,,,,,,
4419679,2023,actual,12.0,0.0,0.0,32.0,0.0,0.0,0.0,0.0,-5.0,17.0,0.0,0.0,1.0,546.06,1.0,0.0,0.0,2.0,9283.0,5.0,0.0,0.0,0.0,220.0,,,12.7,0.75
4419679,2024,projected,,,,,,,,,,,,,,,,,,,,,,,,,,,,
4419679,2024,actual,9.0,0.0,0.0,17.0,0.0,0.0,0.0,0.0,0.0,9.0,0.0,0.0,0.0,402.11,2.0,0.0,0.0,0.0,3619.0,1.0,2.0,0.0,0.0,96.0,,,8.45,0.94
4419679,2025,projected,,,,,,,,,,,,,,,,,,,,,,,,,,,,
4419679,2025,actual,85.0,0.0,0.0,177.0,0.0,2.0,0.0,2.0,1.0,73.0,0.0,0.0,10.0,674.77,17.0,0.0,0.0,17.0,49258.0,26.0,7.0,0.0,0.0,1211.0,,,106.45,1.46
4419679,2026,projected,,,,,,,,,,,,,,,,,,,,,,,,,,,,
4419679,2026,actual,86.0,0.0,1.0,186.0,1.0,2.0,0.0,1.0,1.0,66.0,0.0,1.0,8.0,627.52,17.0,0.0,0.0,16.0,41416.0,19.0,9.0,1.0,0.0,977.0,,,102.6,1.55
4419679,2027,projected,,,,,,,,,,,,,,,,,,,,,,,,,,,,
4419679,2027,actual,,,,,,,,,,,,,,,,,,,,,,,,,,,,
4419682,2023,projected,,,,,,,,,,,,,,,,,,,,,,,,,,,,
4419682,2023,actual,107.0,8.0,1.0,86.0,10.0,638.0,1.0,5.0,3.0,82.0,3.0,2.0,13.0,1066.07,38.0,6.0,5.0,12.0,87418.0,65.0,25.0,4.0,415.0,2056.0,,,176.35,2.15
4419682,2024,projected,77.0,4.0,0.0,59.0,5.0,183.0,1.0,1.0,4.0,59.0,2.0,1.0,6.0,1008.0,21.0,3.0,2.0,10.0,59472.0,39.0,15.0,2.0,147.0,1163.0,,,102.65,1.74
4419682,2024,actual,78.0,0.0,0.0,48.0,2.0,183.0,2.0,1.0,-8.0,59.0,0.0,2.0,6.0,827.83,18.0,2.0,0.0,0.0,48842.0,35.0,12.0,0.0,147.0,1163.0,,,86.8,1.47
4419682,2025,projected,99.0,,1.0,74.0,2.0,,1.0,,-13.0,72.0,,2.0,8.0,852.0,24.0,1.0,,10.0,61344.0,59.0,16.0,1.0,,,,,125.65,1.75
4419682,2025,actual,110.0,3.0,0.0,87.0,3.0,612.0,0.0,2.0,3.0,78.0,1.0,0.0,16.0,952.64,37.0,2.0,2.0,14.0,74306.0,54.0,21.0,1.0,493.0,1746.0,,,164.2,2.11
4419682,2026,projected,126.0,9.0,,88.0,9.0,,,,12.0,77.0,3.0,,18.0,954.0,44.0,6.0,6.0,20.0,73458.0,48.0,26.0,3.0,,,,,186.3,2.42
4419682,2026,actual,132.0,9.0,1.0,102.0,10.0,563.0,0.0,4.0,26.0,82.0,3.0,1.0,18.0,974.6,47.0,6.0,6.0,44.0,79917.0,51.0,29.0,4.0,467.0,1859.0,,,214.7,2.62
4419682,2027,projected,124.0,7.0,1.0,100.0,9.0,,1.0,,20.0,82.0,2.0,2.0,16.0,966.93,43.0,6.0,5.0,36.0,79288.01,49.0,27.0,3.0,,,,,193.0,2.35
4419682,2027,actual,,,,,,,,,,,,,,,,,,,,,,,,,,,,
4419752,2023,projected,,,,,,,,,,,,,,,,,,,,,,,,,,,,
4419752,2023,actual,4.0,0.0,0.0,19.0,0.0,25.0,0.0,0.0,-6.0,8.0,0.0,0.0,0.0,597.88,0.0,0.0,0.0,6.0,4783.0,4.0,0.0,0.0,26.0,118.0,,,7.9,0.99
4419752,2024,projected,,,,,,,,,,,,,,,,,,,,,,,,,,,,
4419752,2024,actual,,,,,,,,,,,,,,,,,,,,,,,,,,,,
4419752,2025,projected,,,,,,,,,,,,,,,,,,,,,,,,,,,,
4419752,2025,actual,1.0,0.0,0.0,5.0,0.0,5.0,0.0,0.0,-3.0,2.0,0.0,0.0,0.0,425.5,0.0,0.0,0.0,5.0,851.0,2.0,0.0,0.0,2.0,25.0,,,4.25,2.12
4419752,2026,projected,,,,,,,,,,,,,,,,,,,,,,,,,,,,
4419752,2026,actual,29.0,0.0,0.0,40.0,0.0,56.0,0.0,0.0,-7.0,34.0,0.0,0.0,1.0,568.53,4.0,0.0,0.0,38.0,19330.0,16.0,3.0,0.0,66.0,457.0,,,47.25,1.39
4419752,2027,projected,,,,,,,,,,,,,,,,,,,,,,,,,,,,
4419752,2027,actual,,,,,,,,,,,,,,,,,,,,,,,,,,,,
4419815,2023,projected,,,,,,,,,,,,,,,,,,,,,,,,,,,,
4419815,2023,actual,3.0,0.0,0.0,3.0,0.0,0.0,0.0,0.0,-2.0,3.0,0.0,0.0,0.0,470.67,0.0,0.0,0.0,0.0,1412.0,0.0,0.0,0.0,0.0,39.0,,,1.05,0.35
4419815,2024,projected,,,,,,,,,,,,,,,,,,,,,,,,,,,,
4419815,2024,actual,1.0,0.0,0.0,6.0,0.0,0.0,0.0,0.0,-1.0,1.0,0.0,0.0,0.0,614.0,0.0,0.0,0.0,0.0,614.0,0.0,0.0,0.0,0.0,14.0,,,0.85,0.85
4419815,2025,projected,,,,,,,,,,,,,,,,,,,,,,,,,,,,
4419815,2025,actual,7.0,0.0,0.0,19.0,0.0,0.0,0.0,0.0,3.0,7.0,0.0,0.0,1.0,593.43,2.0,0.0,0.0,0.0,4154.0,1.0,1.0,0.0,0.0,99.0,,,9.15,1.31
4419815,2026,projected,,,,,,,,,,,,,,,,,,,,,,,,,,,,
4419815,2026,actual,55.0,3.0,1.0,144.0,4.0,4.0,0.0,0.0,6.0,43.0,1.0,1.0,9.0,715.67,16.0,2.0,2.0,34.0,30774.0,27.0,7.0,2.0,3.0,689.0,,,103.65,2.41
4419815,2027,projected,,,,,,,,,,,,,,,,,,,,,,,,,,,,
4419815,2027,actual,,,,,,,,,,,,,,,,,,,,,,,,,,,,
4422415,2023,projected,,,,,,,,,,,,,,,,,,,,,,,,,,,,
4422415,2023,actual,91.0,3.0,0.0,13.0,3.0,8.0,0.0,2.0,3.0,46.0,1.0,0.0,13.0,1014.74,28.0,2.0,2.0,2.0,46678.0,14.0,15.0,1.0,2.0,1035.0,,,105.05,2.28
4422415,2024,projected,,,,,,,,,,,,,,,,,,,,,,,,,,,,
4422415,2024,actual,147.0,0.0,0.0,44.0,0.0,21.0,0.0,1.0,1.0,78.0,0.0,0.0,11.0,855.85,31.0,0.0,0.0,4.0,66756.0,20.0,20.0,0.0,8.0,1532.0,,,127.15,1.63
4422415,2025,projected,137.0,,,51.0,,,,,10.0,78.0,,,12.0,882.0,33.0,,,8.0,68796.0,21.0,21.0,,,,,,131.85,1.69
4422415,2025,actual,138.0,0.0,3.0,34.0,3.0,11.0,0.0,3.0,4.0,80.0,0.0,3.0,20.0,940.61,34.0,0.0,0.0,16.0,75249.0,15.0,14.0,3.0,1.0,1571.0,,,150.4,1.88
4422415,2026,projected,173.0,,2.0,42.0,4.0,,2.0,,7.0,79.0,,4.0,26.0,936.0,45.0,2.0,,18.0,73944.0,17.0,19.0,2.0,,,,,186.95,2.37
4422415,2026,actual,123.0,0.0,1.0,31.0,3.0,7.0,2.0,2.0,2.0,77.0,0.0,3.0,18.0,1045.92,36.0,2.0,0.0,18.0,80536.0,23.0,18.0,1.0,2.0,1662.0,,,150.35,1.95
4422415,2027,projected,137.0,,1.0,35.0,2.0,,1.0,,3.0,80.0,,2.0,17.0,1021.06,34.0,1.0,,16.0,81684.8,23.0,17.0,1.0,,,,,145.25,1.82
4422415,2027,actual,,,,,,,,,,,,,,,,,,,,,,,,,,,,
4425678,2023,projected,,,,,,,,,,,,,,,,,,,,,,,,,,,,
4425678,2023,actual,15.0,0.0,0.0,2.0,0.0,2.0,0.0,0.0,-5.0,13.0,0.0,0.0,0.0,610.23,1.0,0.0,0.0,4.0,7933.0,7.0,1.0,0.0,1.0,197.0,,,11.45,0.88
4425678,2024,projected,,,,,,,,,,,,,,,,,,,,,,,,,,,,
4425678,2024,actual,25.0,0.0,0.0,7.0,0.0,1.0,0.0,0.0,2.0,20.0,0.0,0.0,1.0,676.6,3.0,0.0,0.0,0.0,13532.0,10.0,2.0,0.0,0.0,323.0,,,18.95,0.95
4425678,2025,projected,,,,,,,,,,,,,,,,,,,,,,,,,,,,
4425678,2025,actual,11.0,0.0,0.0,3.0,0.0,4.0,0.0,0.0,-4.0,13.0,0.0,0.0,0.0,577.54,0.0,0.0,0.0,0.0,7508.0,4.0,0.0,0.0,1.0,180.0,,,5.05,0.39
4425678,2026,projected,,,,,,,,,,,,,,,,,,,,,,,,,,,,
4425678,2026,actual,6.0,0.0,0.0,0.0,0.0,0.0,0.0,0.0,-2.0,4.0,0.0,0.0,0.0,724.75,1.0,0.0,0.0,0.0,2899.0,0.0,1.0,0.0,0.0,68.0,,,3.5,0.88
4425678,2027,projected,,,,,,,,,,,,,,,,,,,,,,,,,,,,
4425678,2027,actual,,,,,,,,,,,,,,,,,,,,,,,,,,,,
4565222,2023,projected,221.0,21.0,0.0,10.0,21.0,300.0,0.0,6.0,6.0,72.0,9.0,0.0,34.0,1212.0,78.0,12.0,12.0,8.0,87264.0,18.0,44.0,9.0,164.0,81.0,1.0,,283.25,3.93
4565222,2023,actual,336.0,31.0,0.0,12.0,31.0,300.0,0.0,6.0,10.0,78.0,9.0,0.0,43.0,1197.96,99.0,22.0,22.0,6.0,93441.0,30.0,56.0,9.0,164.0,1739.0,1.0,,373.2,4.78
4565222,2024,projected,345.0,34.0,0.0,13.0,34.0,199.0,0.0,4.0,14.0,77.0,10.0,0.0,46.0,1230.0,107.0,24.0,24.0,8.0,94710.0,32.0,61.0,10.0,118.0,1430.0,1.0,,396.55,5.15
4565222,2024,actual,274.0,31.0,0.0,9.0,31.0,199.0,0.0,4.0,-12.0,62.0,9.0,0.0,27.0,1258.44,74.0,22.0,22.0,12.0,78023.0,24.0,47.0,9.0,118.0,1430.0,1.0,,289.4,4.67
4565222,2025,projected,298.0,34.0,,13.0,34.0,,,,-8.0,75.0,10.0,,33.0,1194.0,84.0,24.0,24.0,8.0,89550.0,28.0,51.0,10.0,,,,,316.8,4.22
4565222,2025,actual,229.0,27.0,1.0,6.0,29.0,416.0,1.0,7.0,12.0,62.0,6.0,2.0,27.0,1254.05,70.0,22.0,21.0,18.0,77751.0,29.0,43.0,7.0,251.0,1411.0,,,274.85,4.43
4565222,2026,projected,301.0,32.0,,11.0,32.0,,,,9.0,70.0,10.0,,31.0,1254.0,83.0,22.0,22.0,20.0,87780.0,27.0,52.0,10.0,,,,,317.85,4.54
4565222,2026,actual,228.0,23.0,1.0,4.0,25.0,272.0,1.0,5.0,0.0,61.0,4.0,2.0,27.0,1278.93,77.0,20.0,19.0,10.0,78015.0,32.0,50.0,5.0,145.0,1325.0,2.0,,286.9,4.7
4565222,2027,projected,235.0,24.0,1.0,5.0,26.0,,1.0,,1.0,62.0,5.0,2.0,28.0,1235.21,79.0,20.0,19.0,11.0,76583.02,32.0,51.0,6.0,,,,,284.25,4.58
4565222,2027,actual,,,,,,,,,,,,,,,,,,,,,,,,,,,,
4565223,2023,projected,111.0,6.0,0.0,18.0,3.0,3.0,0.0,2.0,7.0,74.0,2.0,0.0,13.0,960.0,31.0,3.0,4.0,12.0,71040.0,19.0,18.0,0.0,1.0,338.0,,,126.05,1.7
4565223,2023,actual,125.0,3.0,0.0,26.0,3.0,3.0,0.0,2.0,12.0,82.0,0.0,0.0,18.0,918.41,40.0,3.0,3.0,8.0,75310.0,27.0,22.0,0.0,1.0,1473.0,,,152.85,1.86
4565223,2024,projected,,,,,,,,,,,,,,,,,,,,,,,,,,,,
4565223,2024,actual,91.0,1.0,0.0,23.0,1.0,10.0,0.0,2.0,6.0,61.0,1.0,0.0,13.0,796.75,19.0,0.0,0.0,24.0,48602.0,18.0,6.0,1.0,13.0,1099.0,,,100.05,1.64
4565223,2025,projected,,,,,,,,,,,,,,,,,,,,,,,,,,,,
4565223,2025,actual,117.0,8.0,0.0,68.0,8.0,50.0,0.0,2.0,-2.0,79.0,4.0,0.0,14.0,936.97,44.0,4.0,4.0,38.0,74021.0,28.0,30.0,4.0,50.0,1506.0,,,179.05,2.27
4565223,2026,projected,160.0,11.0,,61.0,11.0,,,,-16.0,74.0,4.0,,21.0,1008.0,56.0,7.0,7.0,42.0,74592.0,22.0,35.0,4.0,,,,,218.6,2.95
4565223,2026,actual,78.0,8.0,0.0,30.0,8.0,20.0,0.0,2.0,14.0,65.0,2.0,0.0,13.0,855.45,40.0,6.0,6.0,14.0,55604.0,12.0,27.0,2.0,17.0,1271.0,,,135.5,2.08
4565223,2027,projected,90.0,9.0,,37.0,9.0,,,,12.0,69.0,3.0,,13.0,814.17,41.0,6.0,6.0,19.0,56178.01,14.0,28.0,3.0,,,,,143.7,2.08
4565223,2027,actual,,,,,,,,,,,,,,,,,,,,,,,,,,,,
4565224,2023,projected,127.0,8.0,0.0,56.0,8.0,140.0,2.0,2.0,-14.0,75.0,2.0,2.0,10.0,960.0,32.0,6.0,6.0,46.0,72000.0,51.0,22.0,2.0,87.0,315.0,,,168.85,2.25
4565224,2023,actual,107.0,16.0,0.0,53.0,18.0,140.0,2.0,2.0,-2.0,58.0,6.0,2.0,14.0,1109.74,38.0,12.0,10.0,43.0,64365.0,38.0,24.0,6.0,87.0,1150.0,,,177.55,3.06
4565224,2024,projected,115.0,17.0,0.0,58.0,17.0,5.0,0.0,0.0,-6.0,64.0,6.0,0.0,14.0,1110.0,40.0,11.0,11.0,45.0,71040.0,42.0,26.0,6.0,3.0,27.0,,,183.55,2.87
4565224,2024,actual,3.0,0.0,0.0,3.0,0.0,5.0,0.0,0.0,2.0,2.0,0.0,0.0,0.0,781.0,2.0,0.0,0.0,0.0,1562.0,0.0,2.0,0.0,3.0,27.0,,,5.05,2.52
4565224,2025,projected,109.0,12.0,,47.0,12.0,,,,5.0,67.0,4.0,,11.0,1086.0,30.0,8.0,8.0,46.0,72762.0,39.0,19.0,4.0,,,,,153.45,2.29
4565224,2025,actual,84.0,7.0,0.0,100.0,7.0,142.0,0.0,2.0,-29.0,57.0,1.0,0.0,10.0,940.44,22.0,6.0,6.0,40.0,53605.0,36.0,12.0,1.0,96.0,994.0,,,129.0,2.26
4565224,2026,projected,129.0,9.0,,112.0,9.0,,,,-17.0,73.0,2.0,,16.0,936.0,38.0,7.0,7.0,54.0,68328.0,41.0,22.0,2.0,,,,,188.45,2.58
4565224,2026,actual,47.0,2.0,0.0,53.0,2.0,68.0,0.0,0.0,-2.0,37.0,0.0,0.0,8.0,819.43,15.0,2.0,2.0,31.0,30319.0,30.0,7.0,0.0,48.0,634.0,,,86.55,2.34
4565224,2027,projected,,,,,,,,,,,,,,,,,,,,,,,,,,,,
4565224,2027,actual,,,,,,,,,,,,,,,,,,,,,,,,,,,,
4565226,2023,projected,2.0,0.0,0.0,1.0,0.0,8.0,0.0,0.0,-2.0,4.0,0.0,0.0,0.0,418.5,0.0,0.0,0.0,5.0,1674.0,0.0,0.0,0.0,6.0,396.0,,,3.1,0.78
4565226,2023,actual,2.0,0.0,0.0,1.0,0.0,8.0,0.0,0.0,-2.0,4.0,0.0,0.0,0.0,418.5,0.0,0.0,0.0,5.0,1674.0,0.0,0.0,0.0,6.0,44.0,,,3.1,0.78
4565226,2024,projected,,,,,,,,,,,,,,,,,,,,,,,,,,,,
4565226,2024,actual,14.0,0.0,0.0,7.0,0.0,21.0,0.0,0.0,5.0,20.0,0.0,0.0,1.0,556.8,4.0,0.0,0.0,6.0,11136.0,10.0,3.0,0.0,21.0,264.0,,,21.2,1.06
4565226,2025,projected,,,,,,,,,,,,,,,,,,,,,,,,,,,,
4565226,2025,actual,79.0,1.0,0.0,46.0,1.0,66.0,0.0,2.0,6.0,68.0,1.0,0.0,9.0,704.21,25.0,0.0,0.0,20.0,47886.0,30.0,16.0,1.0,55.0,1053.0,,,111.35,1.64
4565226,2026,projected,,,,,,,,,,,,,,,,,,,,,,,,,,,,
4565226,2026,actual,67.0,0.0,0.0,51.0,0.0,218.0,0.0,0.0,-8.0,62.0,0.0,0.0,3.0,649.53,14.0,0.0,0.0,21.0,40271.0,33.0,11.0,0.0,257.0,912.0,,,79.85,1.29
4565226,2027,projected,,,,,,,,,,,,,,,,,,,,,,,,,,,,
4565226,2027,actual,,,,,,,,,,,,,,,,,,,,,,,,,,,,
4565228,2023,projected,169.0,11.0,2.0,42.0,12.0,607.0,1.0,1.0,-13.0,80.0,2.0,1.0,14.0,966.0,41.0,10.0,9.0,54.0,77280.0,24.0,27.0,2.0,567.0,300.0,1.0,,196.95,2.46
4565228,2023,actual,211.0,18.0,2.0,55.0,21.0,607.0,1.0,1.0,-3.0,81.0,5.0,3.0,31.0,989.81,68.0,14.0,13.0,41.0,80175.0,30.0,37.0,7.0,567.0,1743.0,1.0,,281.25,3.47
4565228,2024,projected,220.0,19.0,1.0,61.0,21.0,624.0,1.0,1.0,4.0,80.0,5.0,2.0,32.0,1032.0,71.0,15.0,14.0,49.0,82560.0,35.0,39.0,6.0,522.0,1702.0,,,293.1,3.66
4565228,2024,actual,200.0,10.0,3.0,93.0,13.0,624.0,0.0,1.0,-4.0,79.0,2.0,3.0,18.0,1033.53,47.0,8.0,8.0,42.0,81649.0,27.0,29.0,5.0,522.0,1702.0,,,218.8,2.77
4565228,2025,projected,218.0,13.0,2.0,86.0,17.0,,2.0,,-5.0,80.0,3.0,4.0,23.0,1032.0,54.0,12.0,10.0,44.0,82560.0,28.0,31.0,5.0,,,,,244.1,3.05
4565228,2025,actual,188.0,12.0,0.0,205.0,12.0,573.0,0.0,2.0,-17.0,82.0,5.0,0.0,16.0,1023.65,47.0,7.0,7.0,68.0,83939.0,45.0,31.0,5.0,587.0,1904.0,,,244.5,2.98
4565228,2026,projected,203.0,14.0,,186.0,14.0,,,,-7.0,81.0,6.0,,19.0,1014.0,38.0,8.0,8.0,40.0,82134.0,40.0,19.0,6.0,,,,,214.35,2.65
4565228,2026,actual,205.0,29.0,0.0,215.0,29.0,383.0,0.0,3.0,-7.0,82.0,13.0,0.0,28.0,1022.38,59.0,16.0,16.0,59.0,83835.0,24.0,31.0,13.0,435.0,1882.0,,,284.25,3.47
4565228,2027,projected,209.0,25.0,,207.0,25.0,,,,-8.0,84.0,11.0,,27.0,968.79,59.0,14.0,14.0,60.0,81378.02,30.0,32.0,11.0,,,,,280.95,3.34
4565228,2027,actual,,,,,,,,,,,,,,,,,,,,,,,,,,,,
4565230,2023,projected,214.0,21.0,0.0,62.0,17.0,336.0,0.0,3.0,-14.0,80.0,11.0,0.0,28.0,1140.0,74.0,13.0,10.0,54.0,91200.0,31.0,46.0,4.0,237.0,311.0,,,297.2,3.71
4565230,2023,actual,184.0,17.0,0.0,46.0,17.0,336.0,0.0,3.0,-25.0,81.0,4.0,0.0,23.0,1130.1,65.0,13.0,13.0,88.0,91538.0,29.0,42.0,4.0,237.0,1745.0,,,275.6,3.4
4565230,2024,projected,185.0,16.0,0.0,51.0,16.0,85.0,0.0,1.0,-23.0,77.0,6.0,0.0,24.0,1122.0,64.0,10.0,10.0,86.0,86394.0,28.0,40.0,6.0,53.0,573.0,,,272.35,3.54
4565230,2024,actual,73.0,1.0,0.0,15.0,1.0,85.0,0.0,1.0,-1.0,31.0,1.0,0.0,6.0,1025.29,15.0,0.0,0.0,30.0,31784.0,15.0,9.0,1.0,53.0,573.0,,,80.25,2.59
4565230,2025,projected,182.0,13.0,,51.0,13.0,,,,-23.0,74.0,4.0,,21.0,1062.0,57.0,9.0,9.0,62.0,78588.0,28.0,36.0,4.0,,,,,239.1,3.23
4565230,2025,actual,98.0,4.0,0.0,50.0,4.0,118.0,0.0,1.0,-8.0,57.0,1.0,0.0,12.0,1022.35,32.0,3.0,3.0,23.0,58274.0,27.0,20.0,1.0,68.0,1099.0,,,134.0,2.35
4565230,2026,projected,189.0,16.0,,49.0,16.0,,,,-15.0,73.0,7.0,,24.0,1050.0,63.0,9.0,9.0,54.0,76650.0,28.0,39.0,7.0,,,,,254.65,3.49
4565230,2026,actual,167.0,23.0,0.0,46.0,23.0,253.0,0.0,5.0,0.0,81.0,10.0,0.0,26.0,1123.14,67.0,13.0,13.0,62.0,90974.0,28.0,41.0,10.0,131.0,1753.0,,,272.85,3.37
4565230,2027,projected,143.0,18.0,,47.0,18.0,,,,-1.0,75.0,8.0,,23.0,1088.31,59.0,10.0,10.0,56.0,81623.25,28.0,36.0,8.0,,,,,236.45,3.15
4565230,2027,actual,,,,,,,,,,,,,,,,,,,,,,,,,,,,
4565231,2023,projected,,,,,,,,,,,,,,,,,,,,,,,,,,,,
4565231,2023,actual,41.0,0.0,0.0,52.0,0.0,9.0,0.0,0.0,-5.0,39.0,0.0,0.0,4.0,710.26,7.0,0.0,0.0,9.0,27700.0,15.0,3.0,0.0,7.0,647.0,,,45.45,1.17
4565231,2024,projected,,,,,,,,,,,,,,,,,,,,,,,,,,,,
4565231,2024,actual,20.0,0.0,0.0,71.0,0.0,5.0,0.0,0.0,-4.0,19.0,0.0,0.0,0.0,648.58,2.0,0.0,0.0,8.0,12323.0,3.0,2.0,0.0,3.0,294.0,,,21.6,1.14
4565231,2025,projected,,,,,,,,,,,,,,,,,,,,,,,,,,,,
4565231,2025,actual,114.0,0.0,0.0,210.0,0.0,43.0,0.0,2.0,1.0,82.0,0.0,0.0,8.0,792.94,24.0,0.0,0.0,48.0,65021.0,53.0,16.0,0.0,14.0,1376.0,,,158.0,1.93
4565231,2026,projected,,,,,,,,,,,,,,,,,,,,,,,,,,,,
4565231,2026,actual,139.0,3.0,0.0,242.0,3.0,44.0,0.0,5.0,16.0,82.0,1.0,0.0,19.0,922.63,37.0,2.0,2.0,63.0,75656.0,52.0,18.0,1.0,21.0,1570.0,,,216.45,2.64
4565231,2027,projected,126.0,3.0,,225.0,3.0,,,,12.0,78.0,1.0,,16.0,916.44,32.0,2.0,2.0,57.0,71482.01,48.0,16.0,1.0,,,,,188.5,2.42
4565231,2027,actual,,,,,,,,,,,,,,,,,,,,,,,,,,,,
4565233,2023,projected,203.0,14.0,0.0,41.0,14.0,64.0,0.0,5.0,13.0,76.0,5.0,0.0,24.0,990.0,59.0,9.0,9.0,18.0,75240.0,37.0,35.0,5.0,77.0,148.0,2.0,,244.85,3.22
4565233,2023,actual,255.0,26.0,0.0,65.0,26.0,64.0,0.0,5.0,1.0,81.0,8.0,0.0,31.0,1109.99,63.0,18.0,18.0,39.0,89909.0,26.0,32.0,8.0,77.0,1508.0,2.0,,287.75,3.55
4565233,2024,projected,235.0,23.0,0.0,61.0,23.0,51.0,0.0,7.0,12.0,80.0,7.0,0.0,31.0,1140.0,64.0,16.0,16.0,42.0,91200.0,25.0,33.0,7.0,37.0,1437.0,,,279.35,3.49
4565233,2024,actual,227.0,25.0,0.0,28.0,25.0,51.0,0.0,7.0,5.0,75.0,10.0,0.0,29.0,1134.67,69.0,15.0,15.0,48.0,85100.0,32.0,40.0,10.0,37.0,1437.0,,,291.05,3.88
4565233,2025,projected,242.0,29.0,,58.0,29.0,,,,8.0,78.0,11.0,,33.0,1128.0,75.0,18.0,18.0,40.0,87984.0,36.0,42.0,11.0,,,,,307.3,3.94
4565233,2025,actual,271.0,21.0,0.0,51.0,21.0,67.0,0.0,10.0,1.0,82.0,6.0,0.0,27.0,1217.29,73.0,15.0,15.0,51.0,99818.0,69.0,46.0,6.0,58.0,1627.0,,,329.35,4.02
4565233,2026,projected,263.0,23.0,,53.0,23.0,,,,6.0,77.0,8.0,,27.0,1188.0,68.0,15.0,15.0,48.0,91476.0,49.0,41.0,8.0,,,,,298.05,3.87
4565233,2026,actual,254.0,30.0,4.0,60.0,34.0,69.0,0.0,3.0,18.0,76.0,11.0,4.0,42.0,1234.14,85.0,19.0,19.0,30.0,93795.0,58.0,43.0,15.0,55.0,1556.0,1.0,,360.0,4.74
4565233,2027,projected,267.0,28.0,3.0,55.0,34.0,,3.0,,14.0,79.0,10.0,6.0,42.0,1194.25,86.0,21.0,18.0,36.0,94345.75,61.0,44.0,13.0,,,,,362.75,4.59
4565233,2027,actual,,,,,,,,,,,,,,,,,,,,,,,,,,,,
4565236,2023,projected,226.0,18.0,0.0,22.0,10.0,0.0,0.0,3.0,-17.0,80.0,7.0,0.0,29.0,1026.0,54.0,3.0,11.0,12.0,82080.0,10.0,25.0,7.0,0.0,181.0,,,222.2,2.78
4565236,2023,actual,158.0,10.0,0.0,18.0,10.0,0.0,0.0,3.0,-10.0,46.0,7.0,0.0,26.0,1082.98,36.0,3.0,3.0,2.0,49817.0,12.0,10.0,7.0,0.0,914.0,,,157.8,3.43
4565236,2024,projected,265.0,21.0,0.0,38.0,21.0,9.0,0.0,7.0,-6.0,78.0,12.0,0.0,42.0,1110.0,70.0,9.0,9.0,12.0,86580.0,26.0,28.0,12.0,7.0,1728.0,,,294.55,3.78
4565236,2024,actual,314.0,21.0,0.0,51.0,21.0,9.0,0.0,7.0,-4.0,82.0,9.0,0.0,28.0,1165.23,65.0,12.0,12.0,16.0,95549.0,22.0,37.0,9.0,7.0,1728.0,,,282.6,3.45
4565236,2025,projected,271.0,17.0,,39.0,17.0,,,,-6.0,78.0,8.0,,27.0,1116.0,61.0,9.0,9.0,18.0,87048.0,23.0,34.0,8.0,,,,,253.65,3.25
4565236,2025,actual,240.0,17.0,0.0,65.0,17.0,9.0,0.0,8.0,9.0,82.0,10.0,0.0,37.0,1084.56,70.0,7.0,7.0,14.0,88934.0,31.0,33.0,10.0,6.0,1623.0,,,287.5,3.51
4565236,2026,projected,289.0,22.0,,61.0,22.0,,,,-8.0,82.0,12.0,,41.0,1092.0,75.0,10.0,10.0,22.0,89544.0,34.0,34.0,12.0,,,,,314.35,3.83
4565236,2026,actual,258.0,29.0,0.0,50.0,29.0,12.0,0.0,12.0,29.0,81.0,11.0,0.0,51.0,1091.01,88.0,18.0,18.0,14.0,88372.0,21.0,37.0,11.0,6.0,1671.0,2.0,,352.0,4.35
4565236,2027,projected,276.0,28.0,,53.0,28.0,,,,24.0,83.0,12.0,,46.0,1113.75,84.0,16.0,16.0,14.0,92441.25,25.0,38.0,12.0,,,,,327.8,3.95
4565236,2027,actual,,,,,,,,,,,,,,,,,,,,,,,,,,,,
4565237,2023,projected,122.0,9.0,0.0,47.0,9.0,295.0,0.0,3.0,13.0,74.0,4.0,0.0,14.0,864.0,38.0,5.0,5.0,14.0,63936.0,39.0,24.0,4.0,208.0,302.0,,,161.2,2.18
4565237,2023,actual,116.0,2.0,0.0,60.0,2.0,295.0,0.0,3.0,0.0,82.0,1.0,0.0,14.0,837.18,30.0,1.0,1.0,22.0,68649.0,26.0,16.0,1.0,208.0,1503.0,,,137.5,1.68
4565237,2024,projected,105.0,2.0,0.0,42.0,2.0,263.0,0.0,2.0,-15.0,74.0,1.0,0.0,13.0,930.0,28.0,1.0,1.0,20.0,68820.0,22.0,15.0,1.0,229.0,1049.0,,,123.95,1.68
4565237,2024,actual,85.0,8.0,0.0,31.0,8.0,263.0,0.0,2.0,-11.0,55.0,2.0,0.0,15.0,1015.58,34.0,6.0,6.0,18.0,55857.0,31.0,19.0,2.0,229.0,1049.0,,,138.85,2.52
4565237,2025,projected,119.0,10.0,,49.0,10.0,,,,-24.0,74.0,3.0,,16.0,1026.0,44.0,7.0,7.0,26.0,75924.0,41.0,28.0,3.0,,,,,178.65,2.41
4565237,2025,actual,118.0,4.0,0.0,89.0,4.0,319.0,0.0,3.0,-21.0,82.0,1.0,0.0,15.0,907.93,26.0,3.0,3.0,24.0,74450.0,32.0,11.0,1.0,239.0,1442.0,,,138.9,1.69
4565237,2026,projected,,,,,,,,,,,,,,,,,,,,,,,,,,,,
4565237,2026,actual,61.0,3.0,0.0,48.0,3.0,139.0,0.0,2.0,9.0,42.0,2.0,0.0,13.0,869.07,25.0,1.0,1.0,10.0,36501.0,17.0,12.0,2.0,126.0,751.0,,,101.05,2.41
4565237,2027,projected,,,,,,,,,,,,,,,,,,,,,,,,,,,,
4565237,2027,actual,,,,,,,,,,,,,,,,,,,,,,,,,,,,
4565238,2023,projected,,,,,,,,,,,,,,,,,,,,,,,,,,,,
4565238,2023,actual,78.0,3.0,1.0,93.0,4.0,305.0,0.0,0.0,-8.0,74.0,1.0,1.0,9.0,830.19,26.0,2.0,2.0,50.0,61434.0,20.0,17.0,2.0,251.0,1332.0,,,128.8,1.74
4565238,2024,projected,,,,,,,,,,,,,,,,,,,,,,,,,,,,
4565238,2024,actual,74.0,0.0,0.0,102.0,0.0,330.0,0.0,2.0,2.0,80.0,0.0,0.0,4.0,750.34,17.0,0.0,0.0,67.0,60027.0,23.0,13.0,0.0,284.0,1296.0,,,113.7,1.42
4565238,2025,projected,,,,,,,,,,,,,,,,,,,,,,,,,,,,
4565238,2025,actual,80.0,1.0,1.0,134.0,2.0,339.0,0.0,0.0,1.0,81.0,1.0,1.0,10.0,835.91,28.0,0.0,0.0,60.0,67709.0,32.0,18.0,2.0,326.0,1612.0,,,148.4,1.83
4565238,2026,projected,,,,,,,,,,,,,,,,,,,,,,,,,,,,
4565238,2026,actual,94.0,1.0,0.0,201.0,1.0,267.0,0.0,4.0,13.0,82.0,0.0,0.0,12.0,825.84,39.0,1.0,1.0,78.0,67719.0,41.0,27.0,0.0,210.0,1544.0,,,197.6,2.41
4565238,2027,projected,93.0,1.0,,193.0,1.0,,,,10.0,84.0,,,11.0,792.44,35.0,1.0,1.0,79.0,66565.04,37.0,24.0,,,,,,182.05,2.17
4565238,2027,actual,,,,,,,,,,,,,,,,,,,,,,,,,,,,
4565242,2023,projected,,,,,,,,,,,,,,,,,,,,,,,,,,,,
4565242,2023,actual,2.0,1.0,0.0,3.0,1.0,9.0,0.0,0.0,-3.0,3.0,0.0,0.0,0.0,598.0,1.0,1.0,1.0,2.0,1794.0,1.0,1.0,0.0,8.0,40.0,,,4.8,1.6
4565242,2024,projected,,,,,,,,,,,,,,,,,,,,,,,,,,,,
4565242,2024,actual,2.0,0.0,0.0,5.0,0.0,7.0,0.0,0.0,-1.0,3.0,0.0,0.0,0.0,467.33,0.0,0.0,0.0,2.0,1402.0,3.0,0.0,0.0,5.0,34.0,,,3.5,1.17
4565242,2025,projected,,,,,,,,,,,,,,,,,,,,,,,,,,,,
4565242,2025,actual,3.0,0.0,0.0,10.0,0.0,0.0,0.0,0.0,1.0,7.0,0.0,0.0,0.0,604.43,1.0,0.0,0.0,2.0,4231.0,0.0,1.0,0.0,0.0,95.0,,,4.75,0.68
4565242,2026,projected,,,,,,,,,,,,,,,,,,,,,,,,,,,,
4565242,2026,actual,1.0,0.0,0.0,2.0,0.0,0.0,0.0,0.0,-2.0,2.0,0.0,0.0,0.0,829.0,0.0,0.0,0.0,0.0,1658.0,2.0,0.0,0.0,0.0,30.0,,,1.45,0.72
4565242,2027,projected,,,,,,,,,,,,,,,,,,,,,,,,,,,,
4565242,2027,actual,,,,,,,,,,,,,,,,,,,,,,,,,,,,
4565244,2023,projected,,,,,,,,,,,,,,,,,,,,,,,,,,,,
4565244,2023,actual,39.0,0.0,0.0,9.0,0.0,3.0,0.0,2.0,-4.0,49.0,0.0,0.0,6.0,665.53,9.0,0.0,0.0,0.0,32611.0,22.0,3.0,0.0,0.0,813.0,,,47.65,0.97
4565244,2024,projected,,,,,,,,,,,,,,,,,,,,,,,,,,,,
4565244,2024,actual,72.0,0.0,5.0,18.0,7.0,13.0,2.0,3.0,2.0,75.0,0.0,7.0,15.0,799.16,25.0,2.0,0.0,14.0,59937.0,46.0,10.0,5.0,6.0,1455.0,,,129.8,1.73
4565244,2025,projected,109.0,,3.0,21.0,6.0,,3.0,,8.0,78.0,,6.0,18.0,768.0,34.0,3.0,,28.0,59904.0,57.0,16.0,3.0,,,,,166.85,2.14
4565244,2025,actual,96.0,6.0,1.0,27.0,10.0,4.0,3.0,3.0,5.0,75.0,2.0,4.0,20.0,1011.91,45.0,7.0,4.0,8.0,75893.0,55.0,25.0,3.0,1.0,1622.0,,,180.2,2.4
4565244,2026,projected,107.0,9.0,2.0,31.0,13.0,,2.0,,7.0,78.0,3.0,4.0,22.0,972.0,49.0,8.0,6.0,14.0,75816.0,57.0,27.0,5.0,,,,,197.35,2.53
4565244,2026,actual,100.0,4.0,2.0,16.0,8.0,13.0,2.0,5.0,4.0,79.0,1.0,4.0,19.0,1003.72,41.0,5.0,3.0,16.0,79294.0,45.0,22.0,3.0,4.0,1721.0,,,171.6,2.17
4565244,2027,projected,102.0,4.0,3.0,17.0,10.0,,3.0,,4.0,80.0,1.0,6.0,19.0,993.4,43.0,6.0,3.0,14.0,79472.0,49.0,24.0,4.0,,,,,175.2,2.19
4565244,2027,actual,,,,,,,,,,,,,,,,,,,,,,,,,,,,
4565245,2023,projected,,,,,,,,,,,,,,,,,,,,,,,,,,,,
4565245,2023,actual,54.0,6.0,0.0,28.0,6.0,8.0,0.0,0.0,5.0,31.0,4.0,0.0,5.0,935.65,18.0,2.0,2.0,6.0,29005.0,16.0,13.0,4.0,10.0,565.0,,,73.3,2.36
4565245,2024,projected,136.0,16.0,0.0,63.0,16.0,16.0,0.0,2.0,4.0,75.0,6.0,0.0,13.0,930.0,43.0,10.0,10.0,14.0,69750.0,46.0,30.0,6.0,3.0,654.0,,,182.3,2.43
4565245,2024,actual,62.0,4.0,0.0,8.0,4.0,16.0,0.0,2.0,-6.0,41.0,0.0,0.0,7.0,754.44,20.0,4.0,4.0,25.0,30932.0,18.0,13.0,0.0,3.0,654.0,,,88.8,2.17
4565245,2025,projected,65.0,3.0,,33.0,3.0,,,,-4.0,52.0,,,6.0,798.0,19.0,3.0,3.0,22.0,41496.0,24.0,13.0,,,,,,88.05,1.69
4565245,2025,actual,104.0,8.0,0.0,63.0,8.0,12.0,0.0,6.0,-10.0,61.0,3.0,0.0,11.0,783.98,24.0,5.0,5.0,8.0,47823.0,23.0,13.0,3.0,5.0,1007.0,,,118.3,1.94
4565245,2026,projected,,,,,,,,,,,,,,,,,,,,,,,,,,,,
4565245,2026,actual,9.0,0.0,0.0,11.0,0.0,2.0,0.0,0.0,-2.0,9.0,0.0,0.0,0.0,730.33,1.0,0.0,0.0,0.0,6573.0,7.0,1.0,0.0,2.0,130.0,,,8.85,0.98
4565245,2027,projected,,,,,,,,,,,,,,,,,,,,,,,,,,,,
4565245,2027,actual,,,,,,,,,,,,,,,,,,,,,,,,,,,,
4565246,2023,projected,,,,,,,,,,,,,,,,,,,,,,,,,,,,
4565246,2023,actual,2.0,0.0,0.0,2.0,0.0,1.0,0.0,0.0,0.0,6.0,0.0,0.0,0.0,531.5,0.0,0.0,0.0,5.0,3189.0,3.0,0.0,0.0,2.0,76.0,,,4.7,0.78
4565246,2024,projected,,,,,,,,,,,,,,,,,,,,,,,,,,,,
4565246,2024,actual,135.0,6.0,1.0,36.0,8.0,502.0,1.0,3.0,-20.0,80.0,2.0,2.0,18.0,959.2,33.0,5.0,4.0,34.0,76736.0,39.0,15.0,3.0,370.0,1734.0,,,167.85,2.1
4565246,2025,projected,133.0,4.0,1.0,46.0,6.0,,1.0,,-16.0,78.0,2.0,2.0,17.0,930.0,34.0,3.0,2.0,42.0,72540.0,31.0,17.0,3.0,,,,,165.35,2.12
4565246,2025,actual,177.0,10.0,0.0,39.0,11.0,58.0,1.0,5.0,19.0,82.0,4.0,1.0,26.0,1008.51,57.0,7.0,6.0,49.0,82698.0,36.0,31.0,4.0,51.0,1748.0,,,243.65,2.97
4565246,2026,projected,166.0,10.0,,41.0,10.0,,,,12.0,81.0,3.0,,23.0,984.0,49.0,7.0,7.0,52.0,79704.0,37.0,26.0,3.0,,,,,217.6,2.69
4565246,2026,actual,142.0,5.0,0.0,45.0,6.0,353.0,1.0,5.0,8.0,78.0,2.0,1.0,14.0,1014.37,46.0,4.0,3.0,30.0,79121.0,45.0,32.0,2.0,265.0,1814.0,,,193.0,2.47
4565246,2027,projected,152.0,6.0,,45.0,6.0,,,,7.0,81.0,3.0,,17.0,1000.11,50.0,3.0,3.0,33.0,81008.91,43.0,33.0,3.0,,,,,202.0,2.49
4565246,2027,actual,,,,,,,,,,,,,,,,,,,,,,,,,,,,
4565247,2023,projected,,,,,,,,,,,,,,,,,,,,,,,,,,,,
4565247,2023,actual,48.0,3.0,0.0,15.0,3.0,6.0,0.0,1.0,-5.0,24.0,2.0,0.0,3.0,851.08,7.0,1.0,1.0,2.0,20426.0,14.0,4.0,2.0,2.0,472.0,,,42.0,1.75
4565247,2024,projected,,,,,,,,,,,,,,,,,,,,,,,,,,,,
4565247,2024,actual,9.0,0.0,0.0,10.0,0.0,4.0,0.0,1.0,1.0,13.0,0.0,0.0,1.0,556.23,3.0,0.0,0.0,2.0,7231.0,3.0,2.0,0.0,4.0,182.0,,,13.75,1.06
4565247,2025,projected,,,,,,,,,,,,,,,,,,,,,,,,,,,,
4565247,2025,actual,54.0,0.0,0.0,47.0,0.0,19.0,0.0,1.0,7.0,49.0,0.0,0.0,7.0,693.37,19.0,0.0,0.0,10.0,33975.0,19.0,12.0,0.0,13.0,778.0,,,78.7,1.61
4565247,2026,projected,,,,,,,,,,,,,,,,,,,,,,,,,,,,
4565247,2026,actual,4.0,0.0,0.0,8.0,0.0,0.0,0.0,0.0,-1.0,5.0,0.0,0.0,0.0,560.6,0.0,0.0,0.0,0.0,2803.0,3.0,0.0,0.0,2.0,75.0,,,3.3,0.66
4565247,2027,projected,,,,,,,,,,,,,,,,,,,,,,,,,,,,
4565247,2027,actual,,,,,,,,,,,,,,,,,,,,,,,,,,,,
4565248,2023,projected,,,,,,,,,,,,,,,,,,,,,,,,,,,,
4565248,2023,actual,4.0,0.0,0.0,5.0,0.0,2.0,0.0,0.0,2.0,6.0,0.0,0.0,1.0,433.0,1.0,0.0,0.0,0.0,2598.0,3.0,0.0,0.0,0.0,65.0,,,6.0,1.0
4565248,2024,projected,,,,,,,,,,,,,,,,,,,,,,,,,,,,
4565248,2024,actual,6.0,0.0,0.0,3.0,0.0,2.0,0.0,0.0,-1.0,4.0,0.0,0.0,1.0,606.0,1.0,0.0,0.0,0.0,2424.0,2.0,0.0,0.0,0.0,63.0,,,5.8,1.45
4565248,2025,projected,,,,,,,,,,,,,,,,,,,,,,,,,,,,
4565248,2025,actual,5.0,0.0,0.0,11.0,0.0,1.0,0.0,0.0,0.0,7.0,0.0,0.0,0.0,589.43,1.0,0.0,0.0,0.0,4126.0,1.0,1.0,0.0,1.0,102.0,,,4.85,0.69
4565248,2026,projected,,,,,,,,,,,,,,,,,,,,,,,,,,,,
4565248,2026,actual,13.0,0.0,0.0,27.0,0.0,0.0,0.0,0.0,-4.0,12.0,0.0,0.0,1.0,647.58,1.0,0.0,0.0,6.0,7771.0,4.0,0.0,0.0,0.0,180.0,,,13.95,1.16
4565248,2027,projected,,,,,,,,,,,,,,,,,,,,,,,,,,,,
4565248,2027,actual,,,,,,,,,,,,,,,,,,,,,,,,,,,,
4565251,2023,projected,,,,,,,,,,,,,,,,,,,,,,,,,,,,
4565251,2023,actual,,,,,,,,,,,,,,,,,,,,,,,,,,,,
4565251,2024,projected,,,,,,,,,,,,,,,,,,,,,,,,,,,,
4565251,2024,actual,38.0,0.0,0.0,83.0,0.0,227.0,0.0,1.0,-6.0,52.0,0.0,0.0,7.0,637.42,10.0,0.0,0.0,24.0,33146.0,34.0,3.0,0.0,273.0,858.0,,,74.8,1.44
4565251,2025,projected,,,,,,,,,,,,,,,,,,,,,,,,,,,,
4565251,2025,actual,44.0,0.0,0.0,84.0,0.0,260.0,0.0,0.0,-9.0,78.0,0.0,0.0,3.0,677.01,11.0,0.0,0.0,26.0,52807.0,71.0,8.0,0.0,282.0,1366.0,,,92.9,1.19
4565251,2026,projected,,,,,,,,,,,,,,,,,,,,,,,,,,,,
4565251,2026,actual,37.0,0.0,1.0,23.0,2.0,111.0,1.0,0.0,-6.0,35.0,0.0,2.0,3.0,626.06,7.0,1.0,0.0,31.0,21912.0,31.0,4.0,1.0,85.0,544.0,,,62.55,1.79
4565251,2027,projected,,,,,,,,,,,,,,,,,,,,,,,,,,,,
4565251,2027,actual,,,,,,,,,,,,,,,,,,,,,,,,,,,,
4565255,2023,projected,63.0,3.0,0.0,37.0,4.0,413.0,1.0,2.0,2.0,55.0,5.0,1.0,5.0,816.0,26.0,4.0,3.0,28.0,44880.0,31.0,21.0,5.0,449.0,370.0,,,115.45,2.1
4565255,2023,actual,158.0,9.0,0.0,71.0,9.0,413.0,0.0,2.0,-21.0,82.0,5.0,0.0,20.0,958.73,35.0,4.0,4.0,18.0,78616.0,49.0,15.0,5.0,449.0,1759.0,,,179.1,2.18
4565255,2024,projected,111.0,5.0,0.0,48.0,5.0,245.0,0.0,1.0,-18.0,60.0,3.0,0.0,12.0,978.0,21.0,2.0,2.0,14.0,58680.0,30.0,9.0,3.0,251.0,951.0,,,113.55,1.89
4565255,2024,actual,110.0,6.0,0.0,38.0,6.0,245.0,0.0,1.0,9.0,41.0,4.0,0.0,9.0,1086.56,27.0,2.0,2.0,14.0,44549.0,31.0,18.0,4.0,251.0,951.0,,,122.8,3.0
4565255,2025,projected,169.0,13.0,,68.0,13.0,,,,-18.0,80.0,6.0,,23.0,1038.0,44.0,7.0,7.0,26.0,83040.0,54.0,21.0,6.0,,,,,209.55,2.62
4565255,2025,actual,127.0,2.0,3.0,73.0,7.0,442.0,2.0,5.0,10.0,70.0,1.0,5.0,21.0,1053.41,37.0,3.0,1.0,26.0,73739.0,56.0,16.0,4.0,444.0,1797.0,,,189.55,2.71
4565255,2026,projected,143.0,5.0,2.0,66.0,9.0,,2.0,,12.0,73.0,2.0,4.0,22.0,1062.0,40.0,5.0,3.0,24.0,77526.0,49.0,18.0,4.0,,,,,190.35,2.61
4565255,2026,actual,157.0,5.0,2.0,94.0,9.0,368.0,2.0,2.0,6.0,72.0,5.0,4.0,23.0,1122.71,46.0,2.0,0.0,42.0,80835.0,50.0,23.0,7.0,396.0,1877.0,,,222.65,3.09
4565255,2027,projected,146.0,4.0,2.0,91.0,8.0,,2.0,,8.0,71.0,4.0,4.0,23.0,1118.46,43.0,2.0,,37.0,79410.66,51.0,20.0,6.0,,,,,208.6,2.94
4565255,2027,actual,,,,,,,,,,,,,,,,,,,,,,,,,,,,
4565256,2023,projected,,,,,,,,,,,,,,,,,,,,,,,,,,,,
4565256,2023,actual,122.0,12.0,0.0,40.0,12.0,0.0,0.0,1.0,-5.0,56.0,8.0,0.0,13.0,700.66,28.0,4.0,4.0,12.0,39237.0,10.0,15.0,8.0,0.0,890.0,,,125.5,2.24
4565256,2024,projected,160.0,9.0,0.0,42.0,9.0,1.0,0.0,0.0,-4.0,70.0,6.0,0.0,17.0,720.0,38.0,3.0,3.0,20.0,50400.0,16.0,21.0,6.0,0.0,767.0,,,162.7,2.32
4565256,2024,actual,101.0,4.0,0.0,26.0,4.0,1.0,0.0,0.0,-3.0,51.0,3.0,0.0,7.0,708.14,15.0,1.0,1.0,14.0,36115.0,14.0,8.0,3.0,0.0,767.0,,,82.35,1.61
4565256,2025,projected,168.0,11.0,,42.0,11.0,,,,-4.0,68.0,4.0,,11.0,702.0,23.0,7.0,7.0,34.0,47736.0,12.0,12.0,4.0,,,,,133.7,1.97
4565256,2025,actual,21.0,0.0,0.0,7.0,0.0,0.0,0.0,0.0,2.0,14.0,0.0,0.0,3.0,672.64,4.0,0.0,0.0,2.0,9417.0,2.0,1.0,0.0,0.0,216.0,,,18.95,1.35
4565256,2026,projected,,,,,,,,,,,,,,,,,,,,,,,,,,,,
4565256,2026,actual,4.0,1.0,0.0,0.0,1.0,0.0,0.0,0.0,0.0,2.0,0.0,0.0,0.0,636.5,1.0,1.0,1.0,0.0,1273.0,0.0,1.0,0.0,0.0,28.0,,,3.5,1.75
4565256,2027,projected,,,,,,,,,,,,,,,,,,,,,,,,,,,,
4565256,2027,actual,,,,,,,,,,,,,,,,,,,,,,,,,,,,
4565257,2023,projected,,,,,,,,,,,,,,,,,,,,,,,,,,,,
4565257,2023,actual,,,,,,,,,,,,,,,,,,,,,,,,,,,,
4565257,2024,projected,,,,,,,,,,,,,,,,,,,,,,,,,,,,
4565257,2024,actual,81.0,5.0,0.0,27.0,5.0,3.0,0.0,2.0,1.0,57.0,3.0,0.0,11.0,827.58,23.0,2.0,2.0,10.0,47172.0,24.0,12.0,3.0,4.0,1005.0,,,102.95,1.81
4565257,2025,projected,,,,,,,,,,,,,,,,,,,,,,,,,,,,
4565257,2025,actual,105.0,4.0,0.0,97.0,4.0,40.0,0.0,2.0,-11.0,79.0,2.0,0.0,12.0,889.85,41.0,2.0,2.0,22.0,70298.0,30.0,29.0,2.0,17.0,1568.0,,,160.95,2.04
4565257,2026,projected,,,,,,,,,,,,,,,,,,,,,,,,,,,,
4565257,2026,actual,104.0,7.0,0.0,80.0,7.0,32.0,0.0,3.0,-7.0,68.0,3.0,0.0,15.0,909.56,30.0,4.0,4.0,24.0,61850.0,39.0,15.0,3.0,18.0,1264.0,,,148.5,2.18
4565257,2027,projected,104.0,5.0,,86.0,5.0,,,,-7.0,73.0,2.0,,14.0,875.25,31.0,3.0,3.0,24.0,63893.03,36.0,17.0,2.0,,,,,144.1,1.97
4565257,2027,actual,,,,,,,,,,,,,,,,,,,,,,,,,,,,
4565261,2023,projected,,,,,,,,,,,,,,,,,,,,,,,,,,,,
4565261,2023,actual,,,,,,,,,,,,,,,,,,,,,,,,,,,,
4565261,2024,projected,,,,,,,,,,,,,,,,,,,,,,,,,,,,
4565261,2024,actual,4.0,0.0,0.0,11.0,0.0,2.0,0.0,0.0,-2.0,7.0,0.0,0.0,0.0,437.14,0.0,0.0,0.0,2.0,3060.0,1.0,0.0,0.0,0.0,74.0,,,3.6,0.51
4565261,2025,projected,,,,,,,,,,,,,,,,,,,,,,,,,,,,
4565261,2025,actual,10.0,0.0,0.0,16.0,0.0,2.0,0.0,0.0,-4.0,9.0,0.0,0.0,0.0,604.89,0.0,0.0,0.0,2.0,5444.0,0.0,0.0,0.0,0.0,126.0,,,5.1,0.57
4565261,2026,projected,,,,,,,,,,,,,,,,,,,,,,,,,,,,
4565261,2026,actual,0.0,0.0,0.0,1.0,0.0,1.0,0.0,0.0,0.0,1.0,0.0,0.0,0.0,514.0,0.0,0.0,0.0,0.0,514.0,0.0,0.0,0.0,0.0,12.0,,,0.1,0.1
4565261,2027,projected,,,,,,,,,,,,,,,,,,,,,,,,,,,,
4565261,2027,actual,,,,,,,,,,,,,,,,,,,,,,,,,,,,
4565263,2023,projected,167.0,4.0,0.0,51.0,0.0,1.0,0.0,0.0,-5.0,76.0,1.0,0.0,15.0,828.0,32.0,0.0,3.0,30.0,62928.0,22.0,17.0,0.0,1.0,342.0,,,154.35,2.03
4565263,2023,actual,29.0,0.0,0.0,21.0,0.0,1.0,0.0,0.0,-4.0,25.0,0.0,0.0,3.0,723.32,9.0,0.0,0.0,6.0,18083.0,8.0,6.0,0.0,1.0,426.0,,,37.35,1.49
4565263,2024,projected,,,,,,,,,,,,,,,,,,,,,,,,,,,,
4565263,2024,actual,120.0,0.0,0.0,93.0,0.0,0.0,0.0,5.0,23.0,80.0,0.0,0.0,24.0,726.38,36.0,0.0,0.0,51.0,58110.0,19.0,12.0,0.0,0.0,1402.0,,,175.3,2.19
4565263,2025,projected,164.0,1.0,,99.0,1.0,,,,29.0,77.0,,,27.0,720.0,44.0,1.0,1.0,48.0,55440.0,17.0,17.0,,,,,,198.9,2.58
4565263,2025,actual,83.0,1.0,0.0,74.0,1.0,1.0,0.0,2.0,5.0,72.0,0.0,0.0,8.0,727.78,25.0,1.0,1.0,30.0,52400.0,23.0,17.0,0.0,0.0,1252.0,,,115.15,1.6
4565263,2026,projected,,,,,,,,,,,,,,,,,,,,,,,,,,,,
4565263,2026,actual,35.0,0.0,0.0,52.0,0.0,0.0,0.0,0.0,-4.0,38.0,0.0,0.0,2.0,691.32,5.0,0.0,0.0,8.0,26270.0,8.0,3.0,0.0,1.0,592.0,,,33.95,0.89
4565263,2027,projected,,,,,,,,,,,,,,,,,,,,,,,,,,,,
4565263,2027,actual,,,,,,,,,,,,,,,,,,,,,,,,,,,,
4565275,2023,projected,,,,,,,,,,,,,,,,,,,,,,,,,,,,
4565275,2023,actual,27.0,0.0,0.0,18.0,0.0,1.0,0.0,1.0,2.0,15.0,0.0,0.0,2.0,653.07,5.0,0.0,0.0,0.0,9796.0,7.0,3.0,0.0,3.0,238.0,,,25.05,1.67
4565275,2024,projected,,,,,,,,,,,,,,,,,,,,,,,,,,,,
4565275,2024,actual,96.0,3.0,0.0,30.0,3.0,8.0,0.0,1.0,4.0,56.0,1.0,0.0,14.0,682.59,27.0,2.0,2.0,4.0,38225.0,24.0,13.0,1.0,3.0,866.0,,,112.0,2.0
4565275,2025,projected,128.0,11.0,,42.0,11.0,,,,11.0,73.0,4.0,,17.0,714.0,33.0,7.0,7.0,10.0,52122.0,39.0,16.0,4.0,,,,,151.2,2.07
4565275,2025,actual,112.0,2.0,0.0,79.0,2.0,4.0,0.0,3.0,-1.0,69.0,2.0,0.0,15.0,720.16,22.0,0.0,0.0,16.0,49691.0,33.0,7.0,2.0,3.0,1144.0,,,124.4,1.8
4565275,2026,projected,,,,,,,,,,,,,,,,,,,,,,,,,,,,
4565275,2026,actual,127.0,4.0,0.0,75.0,4.0,13.0,0.0,1.0,-13.0,78.0,2.0,0.0,16.0,759.63,32.0,2.0,2.0,10.0,59251.0,36.0,16.0,2.0,12.0,1289.0,,,146.25,1.88
4565275,2027,projected,,,,,,,,,,,,,,,,,,,,,,,,,,,,
4565275,2027,actual,,,,,,,,,,,,,,,,,,,,,,,,,,,,
4565278,2023,projected,,,,,,,,,,,,,,,,,,,,,,,,,,,,
4565278,2023,actual,51.0,0.0,0.0,35.0,0.0,3.0,0.0,1.0,-20.0,53.0,0.0,0.0,6.0,654.6,9.0,0.0,0.0,14.0,34694.0,18.0,3.0,0.0,2.0,774.0,,,57.25,1.08
4565278,2024,projected,,,,,,,,,,,,,,,,,,,,,,,,,,,,
4565278,2024,actual,91.0,0.0,2.0,76.0,2.0,24.0,0.0,0.0,-7.0,68.0,0.0,2.0,11.0,780.53,22.0,0.0,0.0,14.0,53076.0,65.0,11.0,2.0,17.0,1203.0,,,128.85,1.89
4565278,2025,projected,,,,,,,,,,,,,,,,,,,,,,,,,,,,
4565278,2025,actual,79.0,2.0,0.0,64.0,2.0,58.0,0.0,0.0,-2.0,62.0,1.0,0.0,5.0,778.87,17.0,1.0,1.0,22.0,48290.0,44.0,12.0,1.0,23.0,1114.0,,,99.65,1.61
4565278,2026,projected,,,,,,,,,,,,,,,,,,,,,,,,,,,,
4565278,2026,actual,1.0,0.0,0.0,10.0,0.0,3.0,0.0,0.0,-2.0,6.0,0.0,0.0,0.0,514.83,0.0,0.0,0.0,0.0,3089.0,0.0,0.0,0.0,2.0,72.0,,,1.25,0.21
4565278,2027,projected,,,,,,,,,,,,,,,,,,,,,,,,,,,,
4565278,2027,actual,,,,,,,,,,,,,,,,,,,,,,,,,,,,
4587580,2023,projected,,,,,,,,,,,,,,,,,,,,,,,,,,,,
4587580,2023,actual,61.0,13.0,0.0,24.0,13.0,7.0,0.0,1.0,0.0,64.0,1.0,0.0,11.0,940.89,49.0,12.0,12.0,18.0,60217.0,20.0,38.0,1.0,0.0,1328.0,,,153.65,2.4
4587580,2024,projected,101.0,19.0,0.0,31.0,19.0,10.0,1.0,2.0,-8.0,78.0,3.0,1.0,14.0,1008.0,58.0,16.0,16.0,20.0,78624.0,26.0,44.0,3.0,6.0,1644.0,,,195.35,2.5
4587580,2024,actual,149.0,12.0,0.0,23.0,13.0,10.0,1.0,2.0,-4.0,82.0,2.0,1.0,17.0,974.04,57.0,11.0,10.0,8.0,79871.0,20.0,40.0,2.0,6.0,1644.0,,,194.55,2.37
4587580,2025,projected,159.0,20.0,,24.0,20.0,,,,-8.0,79.0,4.0,,21.0,972.0,68.0,16.0,16.0,20.0,76788.0,22.0,47.0,4.0,,,,,232.15,2.94
4587580,2025,actual,86.0,3.0,0.0,6.0,3.0,6.0,0.0,0.0,-13.0,55.0,0.0,0.0,8.0,823.71,18.0,3.0,3.0,8.0,45304.0,10.0,10.0,0.0,6.0,997.0,,,76.6,1.39
4587580,2026,projected,183.0,13.0,,24.0,13.0,,,,-21.0,73.0,2.0,,22.0,948.0,61.0,11.0,11.0,12.0,69204.0,22.0,39.0,2.0,,,,,216.65,2.97
4587580,2026,actual,90.0,8.0,0.0,24.0,8.0,4.0,0.0,2.0,-23.0,71.0,2.0,0.0,14.0,873.89,39.0,6.0,6.0,16.0,62046.0,17.0,25.0,2.0,3.0,1277.0,,,140.4,1.98
4587580,2027,projected,109.0,9.0,,24.0,9.0,,,,-20.0,78.0,2.0,,14.0,924.94,43.0,7.0,7.0,17.0,72145.01,19.0,29.0,2.0,,,,,153.15,1.96
4587580,2027,actual,,,,,,,,,,,,,,,,,,,,,,,,,,,,
4587588,2023,projected,,,,,,,,,,,,,,,,,,,,,,,,,,,,
4587588,2023,actual,40.0,3.0,0.0,3.0,3.0,1.0,0.0,3.0,5.0,18.0,2.0,0.0,7.0,853.83,9.0,1.0,1.0,6.0,15369.0,9.0,2.0,2.0,0.0,325.0,,,48.3,2.68
4587588,2024,projected,161.0,9.0,0.0,15.0,9.0,2.0,0.0,1.0,8.0,70.0,5.0,0.0,22.0,810.0,42.0,4.0,4.0,20.0,56700.0,40.0,20.0,5.0,2.0,770.0,,,185.75,2.65
4587588,2024,actual,97.0,1.0,0.0,16.0,1.0,2.0,0.0,1.0,8.0,47.0,0.0,0.0,13.0,796.6,24.0,1.0,1.0,12.0,37440.0,23.0,11.0,0.0,2.0,770.0,,,105.85,2.25
4587588,2025,projected,101.0,2.0,,23.0,2.0,,,,9.0,65.0,1.0,,15.0,810.0,31.0,1.0,1.0,18.0,52650.0,31.0,16.0,1.0,,,,,130.55,2.01
4587588,2025,actual,254.0,17.0,0.0,28.0,17.0,13.0,0.0,7.0,2.0,82.0,13.0,0.0,35.0,991.6,52.0,4.0,4.0,30.0,81311.0,37.0,17.0,13.0,3.0,1531.0,2.0,,266.8,3.25
4587588,2026,projected,269.0,20.0,,23.0,20.0,,,,6.0,80.0,12.0,,38.0,978.0,56.0,8.0,8.0,32.0,78240.0,31.0,18.0,12.0,,,,,267.05,3.34
4587588,2026,actual,230.0,30.0,0.0,27.0,30.0,1.0,0.0,4.0,-3.0,82.0,20.0,0.0,37.0,1056.27,64.0,10.0,10.0,24.0,86614.0,28.0,27.0,20.0,0.0,1585.0,1.0,,283.2,3.45
4587588,2027,projected,229.0,26.0,,27.0,26.0,,,,-1.0,81.0,17.0,,36.0,990.25,60.0,9.0,9.0,25.0,80210.01,30.0,24.0,17.0,,,,,264.95,3.27
4587588,2027,actual,,,,,,,,,,,,,,,,,,,,,,,,,,,,
4587713,2023,projected,,,,,,,,,,,,,,,,,,,,,,,,,,,,
4587713,2023,actual,,,,,,,,,,,,,,,,,,,,,,,,,,,,
4587713,2024,projected,,,,,,,,,,,,,,,,,,,,,,,,,,,,
4587713,2024,actual,4.0,0.0,0.0,3.0,0.0,7.0,0.0,0.0,0.0,4.0,0.0,0.0,0.0,608.75,0.0,0.0,0.0,0.0,2435.0,2.0,0.0,0.0,2.0,57.0,,,2.3,0.57
4587713,2025,projected,,,,,,,,,,,,,,,,,,,,,,,,,,,,
4587713,2025,actual,28.0,2.0,0.0,27.0,2.0,4.0,0.0,1.0,5.0,23.0,1.0,0.0,3.0,656.0,6.0,1.0,1.0,6.0,15088.0,8.0,3.0,1.0,1.0,359.0,,,34.2,1.49
4587713,2026,projected,,,,,,,,,,,,,,,,,,,,,,,,,,,,
4587713,2026,actual,116.0,4.0,0.0,83.0,4.0,36.0,0.0,1.0,-28.0,79.0,2.0,0.0,15.0,750.85,35.0,2.0,2.0,42.0,59317.0,22.0,20.0,2.0,15.0,1371.0,,,158.3,2.0
4587713,2027,projected,107.0,4.0,,77.0,4.0,,,,-29.0,73.0,2.0,,14.0,749.14,32.0,2.0,2.0,39.0,54687.0,20.0,18.0,2.0,,,,,144.95,1.99
4587713,2027,actual,,,,,,,,,,,,,,,,,,,,,,,,,,,,
4587805,2023,projected,,,,,,,,,,,,,,,,,,,,,,,,,,,,
4587805,2023,actual,5.0,0.0,0.0,1.0,0.0,0.0,0.0,0.0,-3.0,8.0,0.0,0.0,0.0,633.62,1.0,0.0,0.0,8.0,5069.0,7.0,1.0,0.0,0.0,107.0,,,10.85,1.36
4587805,2024,projected,,,,,,,,,,,,,,,,,,,,,,,,,,,,
4587805,2024,actual,29.0,0.0,0.0,3.0,0.0,3.0,0.0,0.0,0.0,18.0,0.0,0.0,1.0,596.78,5.0,0.0,0.0,6.0,10742.0,4.0,4.0,0.0,2.0,236.0,,,23.55,1.31
4587805,2025,projected,,,,,,,,,,,,,,,,,,,,,,,,,,,,
4587805,2025,actual,10.0,1.0,0.0,9.0,1.0,2.0,0.0,0.0,-3.0,19.0,0.0,0.0,0.0,713.47,5.0,1.0,1.0,2.0,13556.0,5.0,5.0,0.0,2.0,286.0,,,17.4,0.92
4587805,2026,projected,,,,,,,,,,,,,,,,,,,,,,,,,,,,
4587805,2026,actual,7.0,0.0,0.0,4.0,0.0,0.0,0.0,1.0,-2.0,7.0,0.0,0.0,1.0,592.57,2.0,0.0,0.0,0.0,4148.0,4.0,1.0,0.0,0.0,96.0,,,10.15,1.45
4587805,2027,projected,,,,,,,,,,,,,,,,,,,,,,,,,,,,
4587805,2027,actual,,,,,,,,,,,,,,,,,,,,,,,,,,,,
4587837,2023,projected,,,,,,,,,,,,,,,,,,,,,,,,,,,,
4587837,2023,actual,118.0,3.0,0.0,53.0,3.0,10.0,0.0,1.0,-6.0,67.0,1.0,0.0,6.0,795.42,23.0,2.0,2.0,14.0,53293.0,20.0,17.0,1.0,7.0,1173.0,,,106.8,1.59
4587837,2024,projected,,,,,,,,,,,,,,,,,,,,,,,,,,,,
4587837,2024,actual,204.0,16.0,1.0,95.0,17.0,57.0,0.0,0.0,-34.0,82.0,6.0,1.0,24.0,1131.37,44.0,10.0,10.0,33.0,92772.0,71.0,20.0,7.0,28.0,1754.0,,,237.5,2.9
4587837,2025,projected,234.0,18.0,,101.0,18.0,,,,-28.0,79.0,7.0,,28.0,1134.0,55.0,11.0,11.0,36.0,89586.0,75.0,27.0,7.0,,,,,274.6,3.48
4587837,2025,actual,181.0,7.0,0.0,154.0,7.0,21.0,0.0,0.0,7.0,84.0,5.0,0.0,19.0,980.54,41.0,2.0,2.0,14.0,82365.0,81.0,22.0,5.0,31.0,1646.0,,,215.15,2.56
4587837,2026,projected,193.0,10.0,,127.0,10.0,,,,-19.0,82.0,6.0,,22.0,1008.0,43.0,4.0,4.0,18.0,82656.0,77.0,21.0,6.0,,,,,224.45,2.74
4587837,2026,actual,132.0,8.0,0.0,155.0,8.0,5.0,0.0,3.0,-1.0,82.0,5.0,0.0,17.0,774.59,33.0,3.0,3.0,16.0,63516.0,32.0,16.0,5.0,3.0,1582.0,,,165.0,2.01
4587837,2027,projected,161.0,9.0,,164.0,9.0,,,,-3.0,84.0,6.0,,18.0,864.7,35.0,3.0,3.0,18.0,72634.97,46.0,17.0,6.0,,,,,184.15,2.19
4587837,2027,actual,,,,,,,,,,,,,,,,,,,,,,,,,,,,
4587843,2023,projected,181.0,6.0,1.0,33.0,4.0,53.0,1.0,2.0,-6.0,79.0,4.0,2.0,26.0,1020.0,52.0,2.0,2.0,22.0,80580.0,28.0,26.0,2.0,26.0,213.0,,,213.55,2.7
4587843,2023,actual,131.0,0.0,2.0,22.0,4.0,53.0,2.0,2.0,-3.0,75.0,0.0,4.0,13.0,864.77,30.0,2.0,0.0,16.0,64858.0,41.0,17.0,2.0,26.0,1438.0,,,144.45,1.93
4587843,2024,projected,,,,,,,,,,,,,,,,,,,,,,,,,,,,
4587843,2024,actual,179.0,17.0,3.0,11.0,24.0,208.0,4.0,4.0,-29.0,82.0,6.0,7.0,31.0,1038.89,59.0,15.0,11.0,8.0,85189.0,44.0,28.0,9.0,133.0,1747.0,1.0,,249.35,3.04
4587843,2025,projected,196.0,18.0,2.0,24.0,22.0,,2.0,,-26.0,79.0,5.0,4.0,33.0,1008.0,60.0,15.0,13.0,22.0,79632.0,42.0,27.0,7.0,,,,,253.9,3.21
4587843,2025,actual,128.0,8.0,1.0,14.0,9.0,171.0,0.0,2.0,-9.0,73.0,5.0,1.0,17.0,999.49,32.0,3.0,3.0,8.0,72963.0,31.0,15.0,6.0,146.0,1522.0,,,144.4,1.98
4587843,2026,projected,140.0,13.0,2.0,19.0,17.0,,2.0,,-15.0,77.0,5.0,4.0,20.0,1026.0,41.0,10.0,8.0,14.0,79002.0,33.0,21.0,7.0,,,,,177.4,2.3
4587843,2026,actual,142.0,7.0,1.0,21.0,8.0,64.0,0.0,1.0,-20.0,78.0,4.0,1.0,15.0,962.64,29.0,3.0,3.0,12.0,75086.0,31.0,14.0,5.0,36.0,1604.0,,,140.6,1.8
4587843,2027,projected,176.0,10.0,1.0,23.0,12.0,,1.0,,-20.0,84.0,6.0,2.0,22.0,1096.23,41.0,5.0,4.0,13.0,92083.32,41.0,19.0,7.0,,,,,188.3,2.24
4587843,2027,actual,,,,,,,,,,,,,,,,,,,,,,,,,,,,
4587871,2023,projected,,,,,,,,,,,,,,,,,,,,,,,,,,,,
4587871,2023,actual,,,,,,,,,,,,,,,,,,,,,,,,,,,,
4587871,2024,projected,,,,,,,,,,,,,,,,,,,,,,,,,,,,
4587871,2024,actual,,,,,,,,,,,,,,,,,,,,,,,,,,,,
4587871,2025,projected,,,,,,,,,,,,,,,,,,,,,,,,,,,,
4587871,2025,actual,,,,,,,,,,,,,,,,,,,,,,,,,,,,
4587871,2026,projected,,,,,,,,,,,,,,,,,,,,,,,,,,,,
4587871,2026,actual,0.0,0.0,0.0,1.0,0.0,1.0,0.0,0.0,1.0,2.0,0.0,0.0,0.0,901.0,0.0,0.0,0.0,2.0,1802.0,1.0,0.0,0.0,1.0,38.0,,,1.6,0.8
4587871,2027,projected,,,,,,,,,,,,,,,,,,,,,,,,,,,,
4587871,2027,actual,,,,,,,,,,,,,,,,,,,,,,,,,,,,
4587901,2023,projected,,,,,,,,,,,,,,,,,,,,,,,,,,,,
4587901,2023,actual,,,,,,,,,,,,,,,,,,,,,,,,,,,,
4587901,2024,projected,,,,,,,,,,,,,,,,,,,,,,,,,,,,
4587901,2024,actual,,,,,,,,,,,,,,,,,,,,,,,,,,,,
4587901,2025,projected,,,,,,,,,,,,,,,,,,,,,,,,,,,,
4587901,2025,actual,3.0,0.0,0.0,12.0,0.0,0.0,0.0,0.0,-1.0,3.0,0.0,0.0,0.0,640.67,0.0,0.0,0.0,0.0,1922.0,1.0,0.0,0.0,0.0,41.0,,,2.45,0.82
4587901,2026,projected,,,,,,,,,,,,,,,,,,,,,,,,,,,,
4587901,2026,actual,0.0,0.0,0.0,2.0,0.0,1.0,0.0,0.0,0.0,1.0,0.0,0.0,0.0,495.0,0.0,0.0,0.0,0.0,495.0,1.0,0.0,0.0,0.0,10.0,,,0.7,0.7
4587901,2027,projected,,,,,,,,,,,,,,,,,,,,,,,,,,,,
4587901,2027,actual,,,,,,,,,,,,,,,,,,,,,,,,,,,,
4587910,2023,projected,,,,,,,,,,,,,,,,,,,,,,,,,,,,
4587910,2023,actual,85.0,0.0,1.0,117.0,1.0,7.0,0.0,0.0,-9.0,70.0,0.0,1.0,8.0,729.26,9.0,0.0,0.0,40.0,51048.0,20.0,1.0,1.0,3.0,1270.0,,,90.95,1.3
4587910,2024,projected,,,,,,,,,,,,,,,,,,,,,,,,,,,,
4587910,2024,actual,48.0,0.0,0.0,68.0,0.0,5.0,0.0,0.0,-1.0,56.0,0.0,0.0,3.0,590.36,9.0,0.0,0.0,12.0,33060.0,31.0,6.0,0.0,2.0,875.0,,,61.3,1.09
4587910,2025,projected,,,,,,,,,,,,,,,,,,,,,,,,,,,,
4587910,2025,actual,84.0,0.0,1.0,113.0,1.0,25.0,0.0,2.0,15.0,79.0,0.0,1.0,16.0,751.32,23.0,0.0,0.0,18.0,59354.0,38.0,7.0,1.0,23.0,1478.0,1.0,,129.3,1.64
4587910,2026,projected,,,,,,,,,,,,,,,,,,,,,,,,,,,,
4587910,2026,actual,50.0,0.0,0.0,63.0,0.0,6.0,0.0,0.0,7.0,51.0,0.0,0.0,3.0,622.43,9.0,0.0,0.0,8.0,31744.0,15.0,6.0,0.0,4.0,799.0,,,51.3,1.01
4587910,2027,projected,,,,,,,,,,,,,,,,,,,,,,,,,,,,
4587910,2027,actual,,,,,,,,,,,,,,,,,,,,,,,,,,,,
4587943,2023,projected,,,,,,,,,,,,,,,,,,,,,,,,,,,,
4587943,2023,actual,83.0,0.0,0.0,39.0,0.0,43.0,0.0,0.0,-8.0,58.0,0.0,0.0,4.0,691.03,15.0,0.0,0.0,12.0,40080.0,15.0,11.0,0.0,21.0,910.0,,,72.15,1.24
4587943,2024,projected,,,,,,,,,,,,,,,,,,,,,,,,,,,,
4587943,2024,actual,113.0,0.0,0.0,30.0,1.0,62.0,1.0,1.0,-3.0,78.0,0.0,1.0,6.0,824.77,29.0,1.0,0.0,8.0,64332.0,49.0,23.0,0.0,42.0,1452.0,,,125.75,1.61
4587943,2025,projected,129.0,,,39.0,,,,,3.0,80.0,,,9.0,810.0,37.0,,,10.0,64800.0,51.0,28.0,,,,,,149.65,1.87
4587943,2025,actual,142.0,1.0,3.0,20.0,6.0,19.0,2.0,6.0,40.0,76.0,0.0,5.0,30.0,987.37,66.0,3.0,1.0,18.0,75040.0,33.0,36.0,3.0,6.0,1630.0,1.0,,242.5,3.19
4587943,2026,projected,158.0,1.0,2.0,23.0,5.0,,2.0,,27.0,77.0,,4.0,28.0,984.0,65.0,3.0,1.0,20.0,75768.0,36.0,37.0,2.0,,,,,234.3,3.04
4587943,2026,actual,159.0,1.0,2.0,33.0,4.0,37.0,1.0,5.0,20.0,76.0,0.0,3.0,25.0,1094.17,52.0,2.0,1.0,20.0,83157.0,42.0,27.0,2.0,30.0,1738.0,,,213.55,2.81
4587943,2027,projected,158.0,1.0,2.0,33.0,5.0,,2.0,,20.0,80.0,,4.0,25.0,1010.92,53.0,3.0,1.0,19.0,80873.6,43.0,28.0,2.0,,,,,211.3,2.64
4587943,2027,actual,,,,,,,,,,,,,,,,,,,,,,,,,,,,
4587985,2023,projected,,,,,,,,,,,,,,,,,,,,,,,,,,,,
4587985,2023,actual,73.0,0.0,0.0,154.0,0.0,254.0,0.0,2.0,-6.0,65.0,0.0,0.0,7.0,533.0,11.0,0.0,0.0,102.0,34645.0,37.0,4.0,0.0,336.0,1037.0,,,134.15,2.06
4587985,2024,projected,,,,,,,,,,,,,,,,,,,,,,,,,,,,
4587985,2024,actual,60.0,0.0,0.0,115.0,0.0,159.0,0.0,0.0,-5.0,63.0,0.0,0.0,5.0,463.46,10.0,0.0,0.0,63.0,29198.0,31.0,5.0,0.0,190.0,758.0,,,98.5,1.56
4587985,2025,projected,,,,,,,,,,,,,,,,,,,,,,,,,,,,
4587985,2025,actual,67.0,0.0,0.0,217.0,0.0,167.0,0.0,0.0,-3.0,61.0,0.0,0.0,5.0,644.16,14.0,0.0,0.0,106.0,39294.0,39.0,9.0,0.0,199.0,999.0,,,143.95,2.36
4587985,2026,projected,,,,,,,,,,,,,,,,,,,,,,,,,,,,
4587985,2026,actual,100.0,1.0,1.0,215.0,2.0,222.0,0.0,4.0,6.0,82.0,0.0,1.0,12.0,757.13,22.0,1.0,1.0,140.0,62085.0,64.0,10.0,1.0,342.0,1459.0,,,211.0,2.57
4587985,2027,projected,,,,,,,,,,,,,,,,,,,,,,,,,,,,
4587985,2027,actual,,,,,,,,,,,,,,,,,,,,,,,,,,,,
4587996,2023,projected,,,,,,,,,,,,,,,,,,,,,,,,,,,,
4587996,2023,actual,131.0,8.0,0.0,34.0,8.0,7.0,0.0,1.0,-23.0,59.0,7.0,0.0,21.0,971.36,25.0,1.0,1.0,16.0,57310.0,39.0,4.0,7.0,9.0,1118.0,1.0,,146.15,2.48
4587996,2024,projected,171.0,14.0,0.0,48.0,14.0,53.0,0.0,1.0,-18.0,77.0,9.0,0.0,25.0,990.0,46.0,5.0,5.0,22.0,76230.0,56.0,21.0,9.0,26.0,1514.0,1.0,,219.05,2.84
4587996,2024,actual,193.0,13.0,0.0,49.0,13.0,53.0,0.0,1.0,-5.0,78.0,9.0,0.0,23.0,984.83,42.0,4.0,4.0,14.0,76817.0,39.0,19.0,9.0,26.0,1514.0,1.0,,201.65,2.59
4587996,2025,projected,211.0,17.0,,47.0,17.0,,,,-12.0,75.0,11.0,,29.0,984.0,55.0,6.0,6.0,18.0,73800.0,39.0,26.0,11.0,,,,,238.95,3.19
4587996,2025,actual,207.0,19.0,0.0,55.0,19.0,28.0,0.0,2.0,29.0,79.0,2.0,0.0,31.0,1114.99,74.0,17.0,17.0,20.0,88084.0,38.0,43.0,2.0,13.0,1637.0,1.0,,280.75,3.55
4587996,2026,projected,243.0,29.0,,56.0,29.0,,,,18.0,78.0,13.0,,36.0,1152.0,84.0,16.0,16.0,26.0,89856.0,39.0,48.0,13.0,,,,,323.85,4.15
4587996,2026,actual,218.0,23.0,1.0,61.0,24.0,4.0,0.0,7.0,7.0,76.0,6.0,1.0,27.0,1136.54,67.0,17.0,17.0,32.0,86377.0,40.0,40.0,7.0,4.0,1572.0,1.0,,284.1,3.74
4587996,2027,projected,228.0,22.0,1.0,60.0,23.0,,,,8.0,79.0,6.0,1.0,29.0,1119.57,68.0,16.0,16.0,29.0,88446.03,41.0,39.0,7.0,,,,,279.0,3.53
4587996,2027,actual,,,,,,,,,,,,,,,,,,,,,,,,,,,,
4588004,2023,projected,,,,,,,,,,,,,,,,,,,,,,,,,,,,
4588004,2023,actual,87.0,0.0,3.0,124.0,4.0,281.0,1.0,0.0,-5.0,81.0,0.0,4.0,6.0,657.72,18.0,1.0,0.0,50.0,53275.0,50.0,12.0,3.0,222.0,1196.0,,,133.15,1.64
4588004,2024,projected,,,,,,,,,,,,,,,,,,,,,,,,,,,,
4588004,2024,actual,77.0,0.0,1.0,107.0,1.0,217.0,0.0,0.0,-8.0,74.0,0.0,1.0,11.0,699.0,19.0,0.0,0.0,28.0,51726.0,38.0,8.0,1.0,193.0,1172.0,1.0,,116.95,1.58
4588004,2025,projected,,,,,,,,,,,,,,,,,,,,,,,,,,,,
4588004,2025,actual,55.0,0.0,0.0,129.0,1.0,71.0,1.0,0.0,-3.0,48.0,0.0,1.0,4.0,693.46,10.0,1.0,0.0,14.0,33286.0,37.0,6.0,0.0,53.0,832.0,,,77.15,1.61
4588004,2026,projected,,,,,,,,,,,,,,,,,,,,,,,,,,,,
4588004,2026,actual,110.0,0.0,1.0,144.0,2.0,61.0,1.0,2.0,16.0,78.0,0.0,2.0,14.0,835.46,30.0,1.0,0.0,19.0,65166.0,46.0,16.0,1.0,55.0,1455.0,,,153.4,1.97
4588004,2027,projected,104.0,,1.0,145.0,2.0,,1.0,,11.0,75.0,,2.0,12.0,785.09,26.0,1.0,,19.0,58881.97,48.0,14.0,1.0,,,,,141.0,1.88
4588004,2027,actual,,,,,,,,,,,,,,,,,,,,,,,,,,,,
4588188,2023,projected,,,,,,,,,,,,,,,,,,,,,,,,,,,,
4588188,2023,actual,4.0,0.0,0.0,6.0,0.0,0.0,0.0,0.0,0.0,4.0,0.0,0.0,0.0,550.25,0.0,0.0,0.0,2.0,2201.0,2.0,0.0,0.0,0.0,56.0,,,3.6,0.9
4588188,2024,projected,,,,,,,,,,,,,,,,,,,,,,,,,,,,
4588188,2024,actual,,,,,,,,,,,,,,,,,,,,,,,,,,,,
4588188,2025,projected,,,,,,,,,,,,,,,,,,,,,,,,,,,,
4588188,2025,actual,3.0,0.0,0.0,12.0,0.0,0.0,0.0,0.0,-1.0,5.0,0.0,0.0,0.0,461.4,0.0,0.0,0.0,14.0,2307.0,2.0,0.0,0.0,1.0,61.0,,,9.95,1.99
4588188,2026,projected,,,,,,,,,,,,,,,,,,,,,,,,,,,,
4588188,2026,actual,62.0,0.0,0.0,121.0,0.0,4.0,0.0,0.0,-3.0,45.0,0.0,0.0,3.0,715.8,10.0,0.0,0.0,79.0,32211.0,21.0,7.0,0.0,1.0,734.0,,,100.6,2.24
4588188,2027,projected,,,,,,,,,,,,,,,,,,,,,,,,,,,,
4588188,2027,actual,,,,,,,,,,,,,,,,,,,,,,,,,,,,
4588205,2023,projected,,,,,,,,,,,,,,,,,,,,,,,,,,,,
4588205,2023,actual,27.0,1.0,0.0,24.0,1.0,126.0,0.0,2.0,0.0,37.0,1.0,0.0,5.0,625.19,13.0,0.0,0.0,18.0,23132.0,18.0,8.0,1.0,93.0,524.0,,,61.15,1.65
4588205,2024,projected,,,,,,,,,,,,,,,,,,,,,,,,,,,,
4588205,2024,actual,54.0,0.0,0.0,47.0,0.0,109.0,0.0,1.0,11.0,54.0,0.0,0.0,7.0,694.11,17.0,0.0,0.0,18.0,37482.0,42.0,10.0,0.0,94.0,842.0,,,90.2,1.67
4588205,2025,projected,,,,,,,,,,,,,,,,,,,,,,,,,,,,
4588205,2025,actual,68.0,1.0,1.0,46.0,2.0,146.0,0.0,0.0,4.0,68.0,0.0,1.0,7.0,759.74,19.0,1.0,1.0,27.0,51662.0,53.0,12.0,1.0,139.0,1179.0,,,109.1,1.6
4588205,2026,projected,,,,,,,,,,,,,,,,,,,,,,,,,,,,
4588205,2026,actual,90.0,0.0,0.0,66.0,0.0,33.0,0.0,2.0,1.0,70.0,0.0,0.0,11.0,800.93,22.0,0.0,0.0,31.0,56065.0,31.0,11.0,0.0,19.0,1258.0,,,117.1,1.67
4588205,2027,projected,,,,,,,,,,,,,,,,,,,,,,,,,,,,
4588205,2027,actual,,,,,,,,,,,,,,,,,,,,,,,,,,,,
4588209,2023,projected,,,,,,,,,,,,,,,,,,,,,,,,,,,,
4588209,2023,actual,,,,,,,,,,,,,,,,,,,,,,,,,,,,
4588209,2024,projected,,,,,,,,,,,,,,,,,,,,,,,,,,,,
4588209,2024,actual,20.0,0.0,0.0,19.0,0.0,0.0,0.0,1.0,-3.0,13.0,0.0,0.0,2.0,606.77,3.0,0.0,0.0,4.0,7888.0,8.0,1.0,0.0,0.0,181.0,,,21.9,1.68
4588209,2025,projected,,,,,,,,,,,,,,,,,,,,,,,,,,,,
4588209,2025,actual,9.0,0.0,0.0,11.0,0.0,2.0,0.0,0.0,-1.0,8.0,0.0,0.0,0.0,590.0,1.0,0.0,0.0,0.0,4720.0,4.0,1.0,0.0,1.0,114.0,,,7.35,0.92
4588209,2026,projected,,,,,,,,,,,,,,,,,,,,,,,,,,,,
4588209,2026,actual,4.0,0.0,0.0,5.0,0.0,2.0,0.0,0.0,1.0,8.0,0.0,0.0,1.0,516.38,1.0,0.0,0.0,4.0,4131.0,7.0,0.0,0.0,1.0,90.0,,,10.0,1.25
4588209,2027,projected,,,,,,,,,,,,,,,,,,,,,,,,,,,,
4588209,2027,actual,,,,,,,,,,,,,,,,,,,,,,,,,,,,
4588331,2023,projected,,,,,,,,,,,,,,,,,,,,,,,,,,,,
4588331,2023,actual,0.0,0.0,0.0,1.0,0.0,0.0,0.0,0.0,0.0,2.0,0.0,0.0,0.0,598.0,0.0,0.0,0.0,0.0,1196.0,3.0,0.0,0.0,0.0,31.0,,,1.6,0.8
4588331,2024,projected,,,,,,,,,,,,,,,,,,,,,,,,,,,,
4588331,2024,actual,,,,,,,,,,,,,,,,,,,,,,,,,,,,
4588331,2025,projected,,,,,,,,,,,,,,,,,,,,,,,,,,,,
4588331,2025,actual,,,,,,,,,,,,,,,,,,,,,,,,,,,,
4588331,2026,projected,,,,,,,,,,,,,,,,,,,,,,,,,,,,
4588331,2026,actual,22.0,0.0,1.0,3.0,1.0,2.0,0.0,1.0,4.0,13.0,0.0,1.0,1.0,788.54,4.0,0.0,0.0,2.0,10251.0,5.0,3.0,1.0,0.0,234.0,,,21.3,1.64
4588331,2027,projected,,,,,,,,,,,,,,,,,,,,,,,,,,,,
4588331,2027,actual,,,,,,,,,,,,,,,,,,,,,,,,,,,,
4588638,2023,projected,,,,,,,,,,,,,,,,,,,,,,,,,,,,
4588638,2023,actual,71.0,1.0,1.0,222.0,2.0,20.0,0.0,2.0,-17.0,79.0,1.0,1.0,11.0,691.3,23.0,0.0,0.0,60.0,54613.0,30.0,12.0,2.0,23.0,1381.0,,,146.95,1.86
4588638,2024,projected,,,,,,,,,,,,,,,,,,,,,,,,,,,,
4588638,2024,actual,84.0,1.0,0.0,214.0,1.0,38.0,0.0,5.0,19.0,63.0,1.0,0.0,18.0,863.11,32.0,0.0,0.0,60.0,54376.0,40.0,14.0,1.0,34.0,1377.0,,,180.4,2.86
4588638,2025,projected,137.0,4.0,,259.0,4.0,,,,12.0,73.0,2.0,,22.0,834.0,40.0,2.0,2.0,70.0,60882.0,45.0,18.0,2.0,,,,,222.65,3.05
4588638,2025,actual,52.0,2.0,1.0,193.0,3.0,19.0,0.0,0.0,-13.0,57.0,1.0,1.0,7.0,777.65,14.0,1.0,1.0,38.0,44326.0,29.0,7.0,2.0,23.0,1110.0,,,104.3,1.83
4588638,2026,projected,89.0,3.0,,259.0,3.0,,,,-14.0,66.0,1.0,,13.0,798.0,28.0,2.0,2.0,52.0,52668.0,47.0,15.0,1.0,,,,,168.65,2.56
4588638,2026,actual,52.0,0.0,0.0,195.0,0.0,19.0,0.0,2.0,-2.0,55.0,0.0,0.0,10.0,734.89,18.0,0.0,0.0,49.0,40419.0,32.0,8.0,0.0,6.0,953.0,,,121.0,2.2
4588638,2027,projected,,,,,,,,,,,,,,,,,,,,,,,,,,,,
4588638,2027,actual,,,,,,,,,,,,,,,,,,,,,,,,,,,,
4588750,2023,projected,,,,,,,,,,,,,,,,,,,,,,,,,,,,
4588750,2023,actual,,,,,,,,,,,,,,,,,,,,,,,,,,,,
4588750,2024,projected,,,,,,,,,,,,,,,,,,,,,,,,,,,,
4588750,2024,actual,109.0,0.0,0.0,187.0,0.0,46.0,0.0,1.0,-1.0,77.0,0.0,0.0,11.0,710.16,20.0,0.0,0.0,37.0,54682.0,27.0,9.0,0.0,41.0,1249.0,,,129.95,1.69
4588750,2025,projected,,,,,,,,,,,,,,,,,,,,,,,,,,,,
4588750,2025,actual,56.0,0.0,1.0,175.0,1.0,12.0,0.0,0.0,-14.0,63.0,0.0,1.0,6.0,580.86,13.0,0.0,0.0,43.0,36594.0,29.0,7.0,1.0,3.0,839.0,,,101.5,1.61
4588750,2026,projected,,,,,,,,,,,,,,,,,,,,,,,,,,,,
4588750,2026,actual,56.0,0.0,0.0,173.0,0.0,9.0,0.0,0.0,-6.0,64.0,0.0,0.0,8.0,717.78,22.0,0.0,0.0,38.0,45938.0,41.0,14.0,0.0,3.0,1110.0,,,122.8,1.92
4588750,2027,projected,,,,,,,,,,,,,,,,,,,,,,,,,,,,
4588750,2027,actual,,,,,,,,,,,,,,,,,,,,,,,,,,,,
4697382,2023,projected,134.0,8.0,0.0,117.0,8.0,48.0,0.0,2.0,7.0,80.0,3.0,0.0,23.0,984.0,39.0,5.0,5.0,32.0,78720.0,29.0,16.0,3.0,28.0,251.0,,,184.2,2.3
4697382,2023,actual,135.0,4.0,0.0,141.0,4.0,48.0,0.0,2.0,10.0,81.0,3.0,0.0,16.0,913.17,39.0,1.0,1.0,33.0,73967.0,28.0,23.0,3.0,28.0,1405.0,,,177.85,2.2
4697382,2024,projected,123.0,4.0,0.0,125.0,4.0,49.0,0.0,5.0,8.0,80.0,2.0,0.0,18.0,930.0,39.0,2.0,2.0,35.0,74400.0,29.0,21.0,2.0,17.0,1712.0,1.0,,182.25,2.28
4697382,2024,actual,217.0,6.0,0.0,55.0,6.0,49.0,0.0,5.0,2.0,82.0,2.0,0.0,28.0,1036.02,57.0,4.0,4.0,40.0,84954.0,21.0,29.0,2.0,17.0,1712.0,1.0,,244.25,2.98
4697382,2025,projected,231.0,10.0,,111.0,10.0,,,,8.0,82.0,4.0,,31.0,1008.0,64.0,6.0,6.0,44.0,82656.0,23.0,33.0,4.0,,,,,268.35,3.27
4697382,2025,actual,153.0,4.0,0.0,120.0,4.0,26.0,0.0,4.0,-13.0,82.0,2.0,0.0,17.0,1020.33,45.0,2.0,2.0,38.0,83667.0,27.0,28.0,2.0,13.0,1693.0,,,196.75,2.4
4697382,2026,projected,159.0,5.0,,108.0,5.0,,,,7.0,82.0,2.0,,18.0,1026.0,49.0,3.0,3.0,40.0,84132.0,25.0,31.0,2.0,,,,,202.55,2.47
4697382,2026,actual,164.0,15.0,0.0,84.0,15.0,29.0,0.0,5.0,-7.0,82.0,9.0,0.0,24.0,1055.9,57.0,6.0,6.0,20.0,86584.0,42.0,33.0,9.0,9.0,1783.0,1.0,,238.4,2.91
4697382,2027,projected,178.0,12.0,,87.0,12.0,,,,-7.0,84.0,7.0,,25.0,1044.88,57.0,5.0,5.0,26.0,87769.92,41.0,32.0,7.0,,,,,235.2,2.8
4697382,2027,actual,,,,,,,,,,,,,,,,,,,,,,,,,,,,
4697383,2023,projected,88.0,2.0,0.0,44.0,2.0,57.0,0.0,0.0,-2.0,72.0,1.0,0.0,9.0,840.0,24.0,1.0,1.0,38.0,60480.0,16.0,15.0,1.0,51.0,380.0,,,111.9,1.55
4697383,2023,actual,74.0,1.0,0.0,53.0,1.0,57.0,0.0,0.0,13.0,53.0,1.0,0.0,3.0,843.83,22.0,0.0,0.0,30.0,44723.0,16.0,19.0,1.0,51.0,1001.0,,,94.8,1.79
4697383,2024,projected,104.0,10.0,0.0,75.0,10.0,49.0,0.0,4.0,10.0,74.0,2.0,0.0,8.0,906.0,37.0,8.0,8.0,32.0,67044.0,24.0,29.0,2.0,41.0,1616.0,,,153.5,2.07
4697383,2024,actual,161.0,14.0,0.0,62.0,14.0,49.0,0.0,4.0,19.0,80.0,6.0,0.0,20.0,989.02,55.0,8.0,8.0,42.0,79122.0,19.0,35.0,6.0,41.0,1616.0,,,220.95,2.76
4697383,2025,projected,199.0,18.0,,63.0,18.0,,,,27.0,78.0,7.0,,22.0,960.0,62.0,11.0,11.0,48.0,74880.0,21.0,40.0,7.0,,,,,249.05,3.19
4697383,2025,actual,157.0,7.0,1.0,80.0,8.0,527.0,0.0,4.0,16.0,81.0,3.0,1.0,23.0,1117.41,54.0,4.0,4.0,46.0,90510.0,33.0,31.0,4.0,415.0,1801.0,,,228.75,2.82
4697383,2026,projected,165.0,11.0,,71.0,11.0,,,,17.0,81.0,4.0,,22.0,1086.0,56.0,7.0,7.0,44.0,87966.0,27.0,34.0,4.0,,,,,225.35,2.78
4697383,2026,actual,180.0,11.0,0.0,66.0,12.0,609.0,1.0,4.0,-2.0,79.0,4.0,1.0,24.0,1201.46,49.0,8.0,7.0,46.0,94915.0,44.0,25.0,4.0,508.0,1892.0,,,231.1,2.93
4697383,2027,projected,184.0,11.0,,74.0,11.0,,,,2.0,81.0,4.0,,25.0,1157.19,55.0,7.0,7.0,48.0,93732.39,41.0,30.0,4.0,,,,,240.4,2.97
4697383,2027,actual,,,,,,,,,,,,,,,,,,,,,,,,,,,,
4697384,2023,projected,188.0,29.0,1.0,131.0,10.0,284.0,0.0,3.0,-15.0,77.0,8.0,1.0,26.0,1140.0,68.0,7.0,21.0,42.0,87780.0,55.0,42.0,3.0,202.0,358.0,1.0,,297.1,3.86
4697384,2023,actual,228.0,28.0,3.0,114.0,31.0,284.0,0.0,3.0,-3.0,78.0,10.0,3.0,39.0,1275.9,90.0,18.0,18.0,54.0,99520.0,49.0,51.0,13.0,202.0,2021.0,1.0,,369.9,4.74
4697384,2024,projected,239.0,32.0,2.0,121.0,35.0,273.0,1.0,2.0,6.0,81.0,12.0,3.0,40.0,1290.0,95.0,21.0,20.0,56.0,104490.0,51.0,55.0,14.0,239.0,1835.0,,,384.35,4.75
4697384,2024,actual,192.0,20.0,0.0,87.0,20.0,273.0,0.0,2.0,-17.0,75.0,1.0,0.0,18.0,1267.11,70.0,19.0,19.0,28.0,95033.0,41.0,52.0,1.0,239.0,1835.0,,,261.7,3.49
4697384,2025,projected,218.0,21.0,1.0,107.0,23.0,,1.0,,-11.0,76.0,4.0,2.0,27.0,1272.0,76.0,18.0,17.0,34.0,96672.0,48.0,49.0,5.0,,,,,300.7,3.96
4697384,2025,actual,162.0,33.0,0.0,128.0,33.0,213.0,0.0,2.0,0.0,82.0,5.0,0.0,24.0,1188.78,79.0,28.0,28.0,46.0,97480.0,45.0,55.0,5.0,195.0,1987.0,,,301.8,3.68
4697384,2026,projected,231.0,29.0,,128.0,29.0,,,,10.0,77.0,6.0,,31.0,1242.0,84.0,23.0,23.0,34.0,95634.0,43.0,53.0,6.0,,,,,325.55,4.23
4697384,2026,actual,194.0,29.0,2.0,126.0,31.0,300.0,0.0,5.0,7.0,80.0,9.0,2.0,34.0,1216.05,83.0,20.0,20.0,39.0,97284.0,44.0,49.0,11.0,338.0,2050.0,,,330.6,4.13
4697384,2027,projected,201.0,26.0,2.0,125.0,30.0,,2.0,,3.0,82.0,7.0,4.0,31.0,1153.56,78.0,21.0,19.0,40.0,94591.92,45.0,47.0,9.0,,,,,314.75,3.84
4697384,2027,actual,,,,,,,,,,,,,,,,,,,,,,,,,,,,
4697385,2023,projected,199.0,15.0,0.0,68.0,19.0,12.0,0.0,4.0,-18.0,82.0,4.0,0.0,22.0,1140.0,59.0,14.0,11.0,12.0,93480.0,26.0,37.0,5.0,5.0,212.0,,,229.05,2.79
4697385,2023,actual,134.0,19.0,0.0,43.0,19.0,12.0,0.0,4.0,-17.0,74.0,5.0,0.0,17.0,1042.55,45.0,14.0,14.0,24.0,77149.0,20.0,28.0,5.0,5.0,1498.0,,,182.8,2.47
4697385,2024,projected,134.0,17.0,0.0,45.0,17.0,6.0,0.0,4.0,-11.0,71.0,4.0,0.0,17.0,1068.0,46.0,13.0,13.0,22.0,75828.0,18.0,29.0,4.0,4.0,1819.0,1.0,,184.5,2.6
4697385,2024,actual,162.0,16.0,0.0,61.0,16.0,6.0,0.0,4.0,-12.0,82.0,6.0,0.0,31.0,1065.2,72.0,10.0,10.0,30.0,87346.0,27.0,41.0,6.0,4.0,1819.0,1.0,,268.1,3.27
4697385,2025,projected,207.0,22.0,,71.0,22.0,,,,-21.0,79.0,8.0,,38.0,1062.0,85.0,14.0,14.0,38.0,83898.0,31.0,47.0,8.0,,,,,316.35,4.0
4697385,2025,actual,192.0,37.0,1.0,42.0,38.0,7.0,0.0,5.0,-15.0,82.0,8.0,1.0,27.0,1127.0,80.0,29.0,29.0,18.0,92414.0,34.0,53.0,9.0,1.0,1847.0,,,294.7,3.59
4697385,2026,projected,201.0,25.0,,51.0,25.0,,,,-16.0,82.0,8.0,,33.0,1092.0,79.0,17.0,17.0,26.0,89544.0,31.0,46.0,8.0,,,,,291.35,3.55
4697385,2026,actual,173.0,27.0,0.0,43.0,27.0,0.0,0.0,5.0,1.0,80.0,7.0,0.0,25.0,1127.94,76.0,20.0,20.0,22.0,90235.0,29.0,51.0,7.0,1.0,1770.0,,,272.05,3.4
4697385,2027,projected,172.0,27.0,,44.0,27.0,,,,-2.0,82.0,7.0,,27.0,1080.11,79.0,20.0,20.0,25.0,88569.02,32.0,52.0,7.0,,,,,277.9,3.39
4697385,2027,actual,,,,,,,,,,,,,,,,,,,,,,,,,,,,
4697388,2023,projected,,,,,,,,,,,,,,,,,,,,,,,,,,,,
4697388,2023,actual,21.0,2.0,0.0,6.0,2.0,0.0,0.0,0.0,-6.0,19.0,2.0,0.0,3.0,616.26,4.0,0.0,0.0,8.0,11709.0,4.0,1.0,2.0,0.0,249.0,,,24.85,1.31
4697388,2024,projected,,,,,,,,,,,,,,,,,,,,,,,,,,,,
4697388,2024,actual,122.0,2.0,0.0,39.0,2.0,19.0,0.0,3.0,-15.0,82.0,1.0,0.0,16.0,698.1,28.0,1.0,1.0,14.0,57244.0,17.0,12.0,1.0,8.0,1319.0,,,126.4,1.54
4697388,2025,projected,159.0,8.0,,55.0,8.0,,,,-19.0,80.0,3.0,,21.0,744.0,39.0,5.0,5.0,22.0,59520.0,26.0,18.0,3.0,,,,,173.75,2.17
4697388,2025,actual,69.0,2.0,0.0,39.0,2.0,10.0,0.0,0.0,-3.0,53.0,1.0,0.0,4.0,695.09,12.0,1.0,1.0,10.0,36840.0,15.0,8.0,1.0,3.0,790.0,,,63.15,1.19
4697388,2026,projected,,,,,,,,,,,,,,,,,,,,,,,,,,,,
4697388,2026,actual,30.0,0.0,0.0,29.0,0.0,11.0,0.0,0.0,-1.0,28.0,0.0,0.0,3.0,688.86,9.0,0.0,0.0,10.0,19288.0,11.0,6.0,0.0,3.0,419.0,,,41.9,1.5
4697388,2027,projected,,,,,,,,,,,,,,,,,,,,,,,,,,,,
4697388,2027,actual,,,,,,,,,,,,,,,,,,,,,,,,,,,,
4697389,2023,projected,,,,,,,,,,,,,,,,,,,,,,,,,,,,
4697389,2023,actual,126.0,6.0,0.0,43.0,7.0,22.0,1.0,2.0,-7.0,75.0,1.0,1.0,14.0,830.83,37.0,6.0,5.0,15.0,62312.0,19.0,23.0,1.0,11.0,1346.0,,,147.3,1.96
4697389,2024,projected,,,,,,,,,,,,,,,,,,,,,,,,,,,,
4697389,2024,actual,56.0,3.0,0.0,23.0,3.0,6.0,0.0,2.0,-1.0,27.0,1.0,0.0,9.0,938.48,19.0,2.0,2.0,8.0,25339.0,12.0,10.0,1.0,3.0,531.0,,,77.3,2.86
4697389,2025,projected,,,,,,,,,,,,,,,,,,,,,,,,,,,,
4697389,2025,actual,123.0,13.0,0.0,39.0,13.0,6.0,0.0,3.0,-18.0,74.0,3.0,0.0,15.0,891.8,39.0,10.0,10.0,18.0,65993.0,23.0,24.0,3.0,1.0,1455.0,,,159.15,2.15
4697389,2026,projected,,,,,,,,,,,,,,,,,,,,,,,,,,,,
4697389,2026,actual,191.0,11.0,0.0,52.0,11.0,9.0,0.0,4.0,4.0,82.0,4.0,0.0,20.0,939.39,51.0,7.0,7.0,18.0,77030.0,25.0,31.0,4.0,3.0,1651.0,1.0,,210.95,2.57
4697389,2027,projected,178.0,10.0,,50.0,10.0,,,,,82.0,3.0,,18.0,925.55,47.0,7.0,7.0,19.0,75895.02,26.0,29.0,3.0,,,,,190.5,2.32
4697389,2027,actual,,,,,,,,,,,,,,,,,,,,,,,,,,,,
4697391,2023,projected,102.0,5.0,0.0,50.0,5.0,77.0,0.0,0.0,3.0,72.0,1.0,0.0,9.0,756.0,33.0,4.0,4.0,34.0,54432.0,26.0,24.0,1.0,69.0,351.0,,,138.5,1.92
4697391,2023,actual,13.0,0.0,0.0,6.0,0.0,77.0,0.0,0.0,-7.0,19.0,0.0,0.0,0.0,751.42,1.0,0.0,0.0,8.0,14277.0,9.0,1.0,0.0,69.0,286.0,,,14.35,0.76
4697391,2024,projected,58.0,7.0,0.0,19.0,7.0,414.0,0.0,2.0,-11.0,64.0,3.0,0.0,8.0,930.0,30.0,4.0,4.0,18.0,59520.0,28.0,22.0,3.0,335.0,1476.0,,,114.4,1.79
4697391,2024,actual,167.0,6.0,0.0,32.0,6.0,414.0,0.0,2.0,-4.0,82.0,2.0,0.0,21.0,1003.8,40.0,4.0,4.0,47.0,82312.0,37.0,19.0,2.0,335.0,1476.0,,,193.95,2.37
4697391,2025,projected,239.0,16.0,,37.0,16.0,,,,-20.0,80.0,7.0,,32.0,1008.0,60.0,9.0,9.0,62.0,80640.0,41.0,28.0,7.0,,,,,278.45,3.48
4697391,2025,actual,136.0,16.0,0.0,63.0,16.0,528.0,0.0,3.0,3.0,82.0,7.0,0.0,24.0,1094.74,60.0,9.0,9.0,26.0,89769.0,41.0,36.0,7.0,464.0,1510.0,,,232.3,2.83
4697391,2026,projected,177.0,17.0,,49.0,17.0,,,,9.0,82.0,6.0,,30.0,1074.0,63.0,11.0,11.0,36.0,88068.0,44.0,33.0,6.0,,,,,256.65,3.13
4697391,2026,actual,66.0,14.0,0.0,47.0,14.0,292.0,0.0,2.0,-26.0,50.0,3.0,0.0,12.0,1048.5,35.0,11.0,11.0,10.0,52425.0,29.0,23.0,3.0,283.0,988.0,,,133.2,2.66
4697391,2027,projected,132.0,17.0,,73.0,17.0,,,,-19.0,84.0,4.0,,23.0,1124.7,57.0,13.0,13.0,27.0,94474.8,49.0,34.0,4.0,,,,,225.8,2.69
4697391,2027,actual,,,,,,,,,,,,,,,,,,,,,,,,,,,,
4697392,2023,projected,83.0,5.0,0.0,62.0,5.0,8.0,0.0,0.0,4.0,66.0,1.0,0.0,8.0,882.0,26.0,4.0,4.0,10.0,58212.0,12.0,18.0,1.0,3.0,377.0,,,100.95,1.53
4697392,2023,actual,90.0,5.0,0.0,35.0,5.0,8.0,0.0,0.0,10.0,51.0,1.0,0.0,8.0,898.16,30.0,4.0,4.0,16.0,45806.0,22.0,22.0,1.0,3.0,982.0,,,116.0,2.27
4697392,2024,projected,127.0,11.0,0.0,49.0,11.0,63.0,0.0,3.0,6.0,72.0,3.0,0.0,12.0,930.0,41.0,8.0,8.0,16.0,66960.0,29.0,29.0,3.0,38.0,1153.0,,,163.15,2.27
4697392,2024,actual,142.0,11.0,0.0,23.0,11.0,63.0,0.0,3.0,13.0,71.0,5.0,0.0,19.0,815.31,38.0,6.0,6.0,12.0,57887.0,23.0,19.0,5.0,38.0,1153.0,,,161.3,2.27
4697392,2025,projected,182.0,12.0,,37.0,12.0,,,,12.0,73.0,5.0,,23.0,828.0,51.0,7.0,7.0,18.0,60444.0,25.0,28.0,5.0,,,,,204.2,2.8
4697392,2025,actual,143.0,15.0,0.0,71.0,15.0,46.0,0.0,2.0,14.0,82.0,5.0,0.0,18.0,911.22,50.0,10.0,10.0,20.0,74720.0,45.0,32.0,5.0,21.0,1515.0,1.0,,208.35,2.54
4697392,2026,projected,159.0,14.0,,62.0,14.0,,,,12.0,80.0,5.0,,22.0,888.0,55.0,9.0,9.0,22.0,71040.0,29.0,33.0,5.0,,,,,212.95,2.66
4697392,2026,actual,136.0,6.0,0.0,54.0,6.0,6.0,0.0,3.0,-9.0,68.0,3.0,0.0,12.0,937.43,32.0,3.0,3.0,20.0,63745.0,33.0,20.0,3.0,4.0,1250.0,,,149.4,2.2
4697392,2027,projected,143.0,9.0,,59.0,9.0,,,,-4.0,74.0,4.0,,15.0,899.96,39.0,5.0,5.0,20.0,66597.04,38.0,24.0,4.0,,,,,170.15,2.3
4697392,2027,actual,,,,,,,,,,,,,,,,,,,,,,,,,,,,
4697395,2023,projected,140.0,5.0,1.0,23.0,7.0,310.0,2.0,1.0,23.0,71.0,1.0,3.0,20.0,966.0,49.0,5.0,4.0,14.0,68586.0,60.0,29.0,2.0,269.0,223.0,,,200.3,2.82
4697395,2023,actual,152.0,5.0,2.0,29.0,7.0,310.0,0.0,1.0,1.0,73.0,0.0,2.0,12.0,982.23,33.0,5.0,5.0,43.0,71703.0,32.0,21.0,2.0,269.0,1604.0,,,163.9,2.25
4697395,2024,projected,131.0,6.0,1.0,27.0,7.0,396.0,1.0,2.0,18.0,67.0,1.0,1.0,12.0,978.0,34.0,5.0,5.0,38.0,65526.0,21.0,22.0,2.0,482.0,1630.0,,,153.45,2.29
4697395,2024,actual,166.0,5.0,0.0,52.0,6.0,396.0,1.0,2.0,19.0,78.0,1.0,1.0,13.0,922.58,35.0,5.0,4.0,46.0,71961.0,40.0,22.0,1.0,482.0,1630.0,,,178.7,2.29
4697395,2025,projected,171.0,5.0,,42.0,5.0,,,,13.0,77.0,1.0,,12.0,948.0,34.0,4.0,4.0,44.0,72996.0,39.0,22.0,1.0,,,,,171.45,2.23
4697395,2025,actual,158.0,6.0,2.0,110.0,8.0,481.0,0.0,1.0,17.0,79.0,2.0,2.0,17.0,1002.75,45.0,4.0,4.0,36.0,79217.0,54.0,28.0,4.0,542.0,1791.0,,,211.5,2.68
4697395,2026,projected,171.0,6.0,2.0,74.0,10.0,,2.0,,16.0,78.0,2.0,4.0,16.0,996.0,44.0,6.0,4.0,40.0,77688.0,47.0,28.0,4.0,,,,,207.65,2.66
4697395,2026,actual,138.0,15.0,2.0,75.0,19.0,540.0,2.0,3.0,-8.0,64.0,4.0,4.0,18.0,1149.12,44.0,13.0,11.0,34.0,73544.0,35.0,26.0,6.0,580.0,1537.0,,,201.0,3.14
4697395,2027,projected,155.0,12.0,2.0,78.0,16.0,,2.0,,-1.0,70.0,3.0,4.0,18.0,1136.2,45.0,11.0,9.0,35.0,79534.0,39.0,27.0,5.0,,,,,205.05,2.93
4697395,2027,actual,,,,,,,,,,,,,,,,,,,,,,,,,,,,
4697396,2023,projected,138.0,9.0,1.0,73.0,9.0,17.0,0.0,0.0,8.0,70.0,3.0,1.0,19.0,912.0,46.0,6.0,6.0,22.0,63840.0,22.0,27.0,3.0,9.0,266.0,1.0,,185.8,2.65
4697396,2023,actual,187.0,5.0,1.0,73.0,6.0,17.0,0.0,0.0,10.0,82.0,0.0,1.0,14.0,972.21,39.0,5.0,5.0,12.0,79721.0,48.0,25.0,1.0,9.0,1604.0,1.0,,183.55,2.24
4697396,2024,projected,112.0,2.0,2.0,58.0,2.0,195.0,1.0,9.0,7.0,69.0,13.0,3.0,9.0,948.0,25.0,2.0,2.0,10.0,65412.0,19.0,16.0,15.0,157.0,1840.0,,,135.3,1.96
4697396,2024,actual,176.0,20.0,2.0,103.0,23.0,195.0,1.0,9.0,23.0,81.0,13.0,3.0,33.0,1125.0,67.0,8.0,7.0,14.0,91125.0,52.0,34.0,15.0,157.0,1840.0,,,284.8,3.52
4697396,2025,projected,173.0,17.0,2.0,103.0,21.0,,2.0,,18.0,82.0,9.0,4.0,26.0,1074.0,55.0,10.0,8.0,16.0,88068.0,49.0,29.0,11.0,,,,,241.05,2.94
4697396,2025,actual,204.0,19.0,5.0,92.0,26.0,100.0,2.0,2.0,12.0,73.0,7.0,7.0,32.0,1161.36,67.0,14.0,12.0,16.0,84779.0,51.0,35.0,12.0,52.0,1590.0,,,286.7,3.93
4697396,2026,projected,198.0,20.0,3.0,101.0,26.0,,3.0,,20.0,76.0,8.0,6.0,33.0,1164.0,71.0,15.0,12.0,16.0,88464.0,50.0,38.0,11.0,,,,,290.6,3.82
4697396,2026,actual,224.0,21.0,4.0,81.0,27.0,47.0,2.0,7.0,6.0,71.0,5.0,6.0,32.0,1132.77,66.0,18.0,16.0,23.0,80427.0,27.0,34.0,9.0,32.0,1541.0,1.0,,286.1,4.03
4697396,2027,projected,214.0,21.0,4.0,89.0,29.0,,4.0,,9.0,74.0,6.0,8.0,33.0,1175.28,68.0,19.0,15.0,20.0,86970.72,33.0,35.0,10.0,,,,,283.4,3.83
4697396,2027,actual,,,,,,,,,,,,,,,,,,,,,,,,,,,,
4697397,2023,projected,,,,,,,,,,,,,,,,,,,,,,,,,,,,
4697397,2023,actual,44.0,0.0,0.0,83.0,0.0,40.0,0.0,1.0,0.0,51.0,0.0,0.0,3.0,575.12,9.0,0.0,0.0,27.0,29331.0,16.0,6.0,0.0,22.0,691.0,,,62.8,1.23
4697397,2024,projected,,,,,,,,,,,,,,,,,,,,,,,,,,,,
4697397,2024,actual,56.0,1.0,0.0,85.0,1.0,20.0,0.0,0.0,-1.0,38.0,1.0,0.0,6.0,682.29,9.0,0.0,0.0,29.0,25927.0,14.0,3.0,1.0,27.0,570.0,,,69.0,1.82
4697397,2025,projected,,,,,,,,,,,,,,,,,,,,,,,,,,,,
4697397,2025,actual,178.0,13.0,0.0,164.0,13.0,82.0,0.0,8.0,21.0,77.0,6.0,0.0,26.0,1009.47,63.0,7.0,7.0,10.0,77729.0,50.0,37.0,6.0,61.0,1570.0,1.0,,263.4,3.42
4697397,2026,projected,209.0,19.0,,171.0,19.0,,,,19.0,78.0,8.0,,31.0,978.0,72.0,11.0,11.0,28.0,76284.0,49.0,41.0,8.0,,,,,296.35,3.8
4697397,2026,actual,162.0,8.0,0.0,129.0,8.0,33.0,0.0,2.0,13.0,59.0,4.0,0.0,22.0,1095.24,51.0,4.0,4.0,20.0,64619.0,41.0,29.0,4.0,31.0,1293.0,1.0,,218.9,3.71
4697397,2027,projected,206.0,10.0,,169.0,10.0,,,,12.0,79.0,5.0,,28.0,1049.33,65.0,5.0,5.0,27.0,82897.07,52.0,37.0,5.0,,,,,273.4,3.46
4697397,2027,actual,,,,,,,,,,,,,,,,,,,,,,,,,,,,
4697400,2023,projected,58.0,2.0,0.0,13.0,2.0,8.0,0.0,0.0,-8.0,35.0,0.0,0.0,4.0,930.0,14.0,2.0,2.0,12.0,32550.0,10.0,10.0,0.0,5.0,392.0,,,59.8,1.71
4697400,2023,actual,42.0,3.0,0.0,7.0,3.0,8.0,0.0,0.0,-8.0,23.0,0.0,0.0,7.0,982.0,15.0,3.0,3.0,6.0,22586.0,15.0,8.0,0.0,5.0,424.0,,,60.2,2.62
4697400,2024,projected,157.0,12.0,0.0,24.0,12.0,112.0,0.0,0.0,-16.0,77.0,3.0,0.0,17.0,1020.0,40.0,9.0,9.0,12.0,78540.0,56.0,23.0,3.0,86.0,1098.0,,,180.15,2.34
4697400,2024,actual,84.0,2.0,0.0,23.0,2.0,112.0,0.0,0.0,-29.0,65.0,2.0,0.0,5.0,846.63,16.0,0.0,0.0,12.0,55031.0,25.0,11.0,2.0,86.0,1098.0,,,80.8,1.24
4697400,2025,projected,101.0,4.0,,29.0,4.0,,,,-18.0,75.0,2.0,,9.0,918.0,24.0,2.0,2.0,16.0,68850.0,27.0,15.0,2.0,,,,,109.65,1.46
4697400,2025,actual,72.0,2.0,0.0,24.0,2.0,214.0,0.0,1.0,-16.0,70.0,0.0,0.0,8.0,714.67,22.0,2.0,2.0,12.0,50027.0,29.0,14.0,0.0,142.0,1050.0,,,94.9,1.36
4697400,2026,projected,,,,,,,,,,,,,,,,,,,,,,,,,,,,
4697400,2026,actual,24.0,0.0,0.0,9.0,0.0,71.0,0.0,1.0,-2.0,29.0,0.0,0.0,3.0,746.93,8.0,0.0,0.0,6.0,21661.0,16.0,5.0,0.0,46.0,466.0,,,37.9,1.31
4697400,2027,projected,,,,,,,,,,,,,,,,,,,,,,,,,,,,
4697400,2027,actual,,,,,,,,,,,,,,,,,,,,,,,,,,,,
4697401,2023,projected,,,,,,,,,,,,,,,,,,,,,,,,,,,,
4697401,2023,actual,161.0,10.0,1.0,36.0,12.0,95.0,1.0,6.0,22.0,82.0,2.0,2.0,27.0,993.62,56.0,9.0,8.0,14.0,81477.0,63.0,29.0,3.0,70.0,1741.0,1.0,,239.35,2.92
4697401,2024,projected,171.0,12.0,1.0,38.0,14.0,146.0,1.0,2.0,18.0,82.0,2.0,2.0,28.0,990.0,59.0,11.0,10.0,26.0,81180.0,65.0,31.0,3.0,119.0,1854.0,,,250.05,3.05
4697401,2024,actual,134.0,5.0,0.0,26.0,5.0,146.0,0.0,2.0,-26.0,82.0,4.0,0.0,20.0,1033.05,33.0,1.0,1.0,29.0,84710.0,43.0,13.0,4.0,119.0,1854.0,,,164.6,2.01
4697401,2025,projected,149.0,7.0,,32.0,7.0,,,,-18.0,82.0,3.0,,23.0,1026.0,44.0,4.0,4.0,24.0,84132.0,51.0,21.0,3.0,,,,,193.95,2.37
4697401,2025,actual,141.0,8.0,1.0,41.0,9.0,141.0,0.0,3.0,4.0,82.0,6.0,1.0,19.0,1073.01,36.0,2.0,2.0,16.0,87987.0,60.0,17.0,7.0,96.0,1830.0,,,180.35,2.2
4697401,2026,projected,152.0,7.0,1.0,38.0,9.0,,1.0,,12.0,82.0,4.0,2.0,21.0,1056.0,39.0,4.0,3.0,20.0,86592.0,55.0,18.0,5.0,,,,,186.8,2.28
4697401,2026,actual,158.0,7.0,3.0,33.0,10.0,179.0,0.0,1.0,-2.0,82.0,4.0,3.0,20.0,1093.62,42.0,3.0,3.0,33.0,89677.0,47.0,22.0,7.0,114.0,1795.0,,,199.3,2.43
4697401,2027,projected,157.0,6.0,2.0,35.0,10.0,,2.0,,-4.0,84.0,4.0,4.0,20.0,1126.1,40.0,4.0,2.0,32.0,94592.4,50.0,20.0,6.0,,,,,194.75,2.32
4697401,2027,actual,,,,,,,,,,,,,,,,,,,,,,,,,,,,
4697404,2023,projected,,,,,,,,,,,,,,,,,,,,,,,,,,,,
4697404,2023,actual,44.0,2.0,0.0,27.0,2.0,2.0,0.0,0.0,-6.0,30.0,1.0,0.0,4.0,795.13,13.0,1.0,1.0,10.0,23854.0,17.0,9.0,1.0,1.0,512.0,,,58.7,1.96
4697404,2024,projected,,,,,,,,,,,,,,,,,,,,,,,,,,,,
4697404,2024,actual,110.0,2.0,0.0,38.0,2.0,13.0,0.0,3.0,-3.0,53.0,1.0,0.0,16.0,910.06,29.0,1.0,1.0,6.0,48233.0,28.0,13.0,1.0,1.0,1021.0,,,126.8,2.39
4697404,2025,projected,201.0,13.0,,68.0,13.0,,,,-24.0,72.0,4.0,,27.0,930.0,52.0,9.0,9.0,18.0,66960.0,37.0,25.0,4.0,,,,,224.05,3.11
4697404,2025,actual,68.0,5.0,0.0,47.0,5.0,0.0,0.0,1.0,-6.0,30.0,2.0,0.0,7.0,943.33,15.0,3.0,3.0,4.0,28300.0,10.0,8.0,2.0,0.0,569.0,,,70.2,2.34
4697404,2026,projected,,,,,,,,,,,,,,,,,,,,,,,,,,,,
4697404,2026,actual,140.0,6.0,0.0,49.0,6.0,6.0,0.0,4.0,-2.0,72.0,2.0,0.0,21.0,808.79,42.0,4.0,4.0,10.0,58233.0,31.0,21.0,2.0,3.0,1231.0,,,173.4,2.41
4697404,2027,projected,130.0,5.0,,47.0,5.0,,,,-3.0,66.0,2.0,,19.0,811.14,37.0,3.0,3.0,10.0,53534.98,29.0,18.0,2.0,,,,,153.2,2.32
4697404,2027,actual,,,,,,,,,,,,,,,,,,,,,,,,,,,,
4697405,2023,projected,,,,,,,,,,,,,,,,,,,,,,,,,,,,
4697405,2023,actual,,,,,,,,,,,,,,,,,,,,,,,,,,,,
4697405,2024,projected,,,,,,,,,,,,,,,,,,,,,,,,,,,,
4697405,2024,actual,51.0,2.0,0.0,25.0,2.0,175.0,0.0,1.0,-1.0,51.0,0.0,0.0,8.0,686.24,22.0,2.0,2.0,4.0,34998.0,31.0,14.0,0.0,105.0,745.0,,,86.75,1.7
4697405,2025,projected,,,,,,,,,,,,,,,,,,,,,,,,,,,,
4697405,2025,actual,18.0,0.0,0.0,13.0,0.0,61.0,0.0,0.0,-3.0,27.0,0.0,0.0,0.0,587.78,8.0,0.0,0.0,4.0,15870.0,14.0,8.0,0.0,40.0,344.0,,,30.8,1.14
4697405,2026,projected,,,,,,,,,,,,,,,,,,,,,,,,,,,,
4697405,2026,actual,53.0,0.0,0.0,49.0,0.0,181.0,0.0,0.0,0.0,74.0,0.0,0.0,4.0,530.04,16.0,0.0,0.0,31.0,39223.0,22.0,12.0,0.0,120.0,878.0,,,80.65,1.09
4697405,2027,projected,,,,,,,,,,,,,,,,,,,,,,,,,,,,
4697405,2027,actual,,,,,,,,,,,,,,,,,,,,,,,,,,,,
4697406,2023,projected,,,,,,,,,,,,,,,,,,,,,,,,,,,,
4697406,2023,actual,15.0,1.0,0.0,12.0,1.0,0.0,0.0,0.0,2.0,8.0,0.0,0.0,3.0,994.0,7.0,1.0,1.0,8.0,7952.0,10.0,4.0,0.0,0.0,169.0,,,31.45,3.93
4697406,2024,projected,110.0,6.0,1.0,61.0,6.0,2.0,0.0,2.0,4.0,51.0,3.0,1.0,11.0,1008.0,25.0,3.0,3.0,38.0,51408.0,36.0,14.0,3.0,1.0,1681.0,,,140.1,2.75
4697406,2024,actual,167.0,8.0,1.0,85.0,9.0,2.0,0.0,2.0,0.0,77.0,4.0,1.0,20.0,1035.92,33.0,4.0,4.0,32.0,79766.0,49.0,13.0,5.0,1.0,1681.0,,,186.75,2.43
4697406,2025,projected,223.0,15.0,1.0,112.0,17.0,,1.0,,8.0,79.0,6.0,2.0,28.0,1086.0,46.0,10.0,9.0,48.0,85794.0,53.0,18.0,7.0,,,,,250.95,3.18
4697406,2025,actual,142.0,8.0,0.0,75.0,8.0,2.0,0.0,2.0,-9.0,81.0,6.0,0.0,25.0,1011.75,43.0,2.0,2.0,49.0,81952.0,54.0,18.0,6.0,0.0,1771.0,1.0,,217.5,2.69
4697406,2026,projected,175.0,13.0,,89.0,13.0,,,,7.0,80.0,7.0,,29.0,1038.0,50.0,6.0,6.0,62.0,83040.0,55.0,21.0,7.0,,,,,250.15,3.13
4697406,2026,actual,61.0,4.0,0.0,27.0,4.0,1.0,0.0,2.0,8.0,29.0,3.0,0.0,13.0,1037.83,17.0,1.0,1.0,22.0,30097.0,25.0,4.0,3.0,1.0,660.0,,,93.95,3.24
4697406,2027,projected,,,,,,,,,,,,,,,,,,,,,,,,,,,,
4697406,2027,actual,,,,,,,,,,,,,,,,,,,,,,,,,,,,
4697407,2023,projected,,,,,,,,,,,,,,,,,,,,,,,,,,,,
4697407,2023,actual,,,,,,,,,,,,,,,,,,,,,,,,,,,,
4697407,2024,projected,,,,,,,,,,,,,,,,,,,,,,,,,,,,
4697407,2024,actual,90.0,4.0,0.0,27.0,4.0,61.0,0.0,3.0,12.0,63.0,1.0,0.0,14.0,916.41,34.0,3.0,3.0,22.0,57734.0,29.0,20.0,1.0,48.0,1214.0,,,138.2,2.19
4697407,2025,projected,126.0,10.0,,37.0,10.0,,,,17.0,74.0,3.0,,18.0,930.0,40.0,7.0,7.0,36.0,68820.0,33.0,22.0,3.0,,,,,174.2,2.35
4697407,2025,actual,111.0,9.0,0.0,26.0,9.0,151.0,0.0,2.0,-7.0,54.0,1.0,0.0,13.0,964.44,27.0,8.0,8.0,14.0,52080.0,26.0,14.0,1.0,90.0,1041.0,,,124.35,2.3
4697407,2026,projected,,,,,,,,,,,,,,,,,,,,,,,,,,,,
4697407,2026,actual,110.0,7.0,0.0,45.0,7.0,90.0,0.0,3.0,-9.0,74.0,2.0,0.0,12.0,862.14,25.0,5.0,5.0,22.0,63798.0,17.0,13.0,2.0,76.0,1366.0,,,121.0,1.64
4697407,2027,projected,,,,,,,,,,,,,,,,,,,,,,,,,,,,
4697407,2027,actual,,,,,,,,,,,,,,,,,,,,,,,,,,,,
4697409,2023,projected,,,,,,,,,,,,,,,,,,,,,,,,,,,,
4697409,2023,actual,53.0,2.0,0.0,63.0,2.0,12.0,0.0,1.0,-19.0,43.0,1.0,0.0,6.0,745.65,10.0,1.0,1.0,24.0,32063.0,21.0,4.0,1.0,7.0,684.0,,,70.55,1.64
4697409,2024,projected,,,,,,,,,,,,,,,,,,,,,,,,,,,,
4697409,2024,actual,145.0,14.0,0.0,127.0,14.0,18.0,0.0,4.0,-16.0,77.0,8.0,0.0,27.0,942.42,38.0,6.0,6.0,21.0,72566.0,45.0,11.0,8.0,11.0,1454.0,,,199.95,2.6
4697409,2025,projected,143.0,11.0,,129.0,11.0,,,,-18.0,78.0,6.0,,24.0,936.0,38.0,5.0,5.0,22.0,73008.0,37.0,14.0,6.0,,,,,186.65,2.39
4697409,2025,actual,122.0,12.0,0.0,174.0,12.0,13.0,0.0,3.0,0.0,82.0,6.0,0.0,22.0,953.68,46.0,6.0,6.0,56.0,78202.0,56.0,24.0,6.0,5.0,1674.0,,,229.9,2.8
4697409,2026,projected,135.0,13.0,,152.0,13.0,,,,8.0,77.0,7.0,,24.0,954.0,49.0,6.0,6.0,42.0,73458.0,49.0,25.0,7.0,,,,,226.45,2.94
4697409,2026,actual,86.0,7.0,0.0,153.0,7.0,15.0,0.0,2.0,-7.0,69.0,1.0,0.0,15.0,913.81,36.0,6.0,6.0,43.0,63053.0,36.0,21.0,1.0,5.0,1397.0,,,169.3,2.45
4697409,2027,projected,100.0,10.0,,153.0,10.0,,,,-7.0,74.0,3.0,,17.0,948.53,39.0,7.0,7.0,41.0,70191.0,42.0,22.0,3.0,,,,,183.3,2.48
4697409,2027,actual,,,,,,,,,,,,,,,,,,,,,,,,,,,,
4697411,2023,projected,,,,,,,,,,,,,,,,,,,,,,,,,,,,
4697411,2023,actual,30.0,3.0,0.0,33.0,3.0,66.0,0.0,0.0,1.0,20.0,0.0,0.0,2.0,774.1,9.0,3.0,3.0,12.0,15482.0,3.0,7.0,0.0,43.0,374.0,,,39.8,1.99
4697411,2024,projected,,,,,,,,,,,,,,,,,,,,,,,,,,,,
4697411,2024,actual,97.0,2.0,1.0,119.0,3.0,251.0,0.0,1.0,10.0,72.0,2.0,1.0,13.0,884.58,26.0,0.0,0.0,66.0,63690.0,41.0,13.0,3.0,198.0,1489.0,,,159.65,2.22
4697411,2025,projected,135.0,5.0,1.0,118.0,7.0,,1.0,,8.0,76.0,3.0,2.0,18.0,870.0,34.0,3.0,2.0,72.0,66120.0,51.0,16.0,4.0,,,,,200.05,2.63
4697411,2025,actual,119.0,9.0,2.0,138.0,13.0,172.0,2.0,2.0,-11.0,78.0,3.0,4.0,13.0,1024.79,34.0,8.0,6.0,60.0,79934.0,47.0,21.0,5.0,208.0,1907.0,,,192.05,2.46
4697411,2026,projected,129.0,11.0,2.0,131.0,15.0,,2.0,,-14.0,77.0,4.0,4.0,16.0,1008.0,35.0,9.0,7.0,64.0,77616.0,51.0,19.0,6.0,,,,,202.35,2.63
4697411,2026,actual,129.0,3.0,1.0,96.0,4.0,250.0,0.0,2.0,12.0,77.0,1.0,1.0,13.0,1001.62,35.0,2.0,2.0,83.0,77125.0,52.0,22.0,2.0,262.0,1906.0,,,198.35,2.58
4697411,2027,projected,127.0,4.0,1.0,109.0,6.0,,1.0,,8.0,79.0,1.0,2.0,13.0,953.85,36.0,4.0,3.0,83.0,75353.99,53.0,23.0,2.0,,,,,201.15,2.55
4697411,2027,actual,,,,,,,,,,,,,,,,,,,,,,,,,,,,
4697412,2023,projected,,,,,,,,,,,,,,,,,,,,,,,,,,,,
4697412,2023,actual,,,,,,,,,,,,,,,,,,,,,,,,,,,,
4697412,2024,projected,,,,,,,,,,,,,,,,,,,,,,,,,,,,
4697412,2024,actual,20.0,2.0,0.0,13.0,2.0,4.0,0.0,1.0,-5.0,15.0,1.0,0.0,2.0,740.2,8.0,1.0,1.0,2.0,11103.0,4.0,6.0,1.0,4.0,245.0,,,29.8,1.99
4697412,2025,projected,,,,,,,,,,,,,,,,,,,,,,,,,,,,
4697412,2025,actual,7.0,0.0,0.0,9.0,0.0,0.0,0.0,0.0,-3.0,9.0,0.0,0.0,0.0,592.0,0.0,0.0,0.0,0.0,5328.0,0.0,0.0,0.0,0.0,122.0,,,2.65,0.29
4697412,2026,projected,,,,,,,,,,,,,,,,,,,,,,,,,,,,
4697412,2026,actual,2.0,0.0,0.0,1.0,0.0,0.0,0.0,0.0,-1.0,3.0,0.0,0.0,0.0,635.33,1.0,0.0,0.0,0.0,1906.0,1.0,1.0,0.0,0.0,40.0,,,3.1,1.03
4697412,2027,projected,,,,,,,,,,,,,,,,,,,,,,,,,,,,
4697412,2027,actual,,,,,,,,,,,,,,,,,,,,,,,,,,,,
4697413,2023,projected,,,,,,,,,,,,,,,,,,,,,,,,,,,,
4697413,2023,actual,,,,,,,,,,,,,,,,,,,,,,,,,,,,
4697413,2024,projected,,,,,,,,,,,,,,,,,,,,,,,,,,,,
4697413,2024,actual,2.0,0.0,0.0,1.0,0.0,4.0,0.0,0.0,0.0,1.0,0.0,0.0,0.0,656.0,0.0,0.0,0.0,0.0,656.0,0.0,0.0,0.0,2.0,17.0,,,0.6,0.6
4697413,2025,projected,,,,,,,,,,,,,,,,,,,,,,,,,,,,
4697413,2025,actual,80.0,3.0,0.0,46.0,3.0,187.0,0.0,1.0,6.0,73.0,1.0,0.0,11.0,761.04,25.0,2.0,2.0,8.0,55556.0,37.0,14.0,1.0,161.0,1255.0,,,111.1,1.52
4697413,2026,projected,,,,,,,,,,,,,,,,,,,,,,,,,,,,
4697413,2026,actual,147.0,5.0,0.0,79.0,5.0,129.0,0.0,1.0,6.0,82.0,1.0,0.0,20.0,929.2,41.0,4.0,4.0,22.0,76194.0,21.0,21.0,1.0,107.0,1545.0,1.0,,175.15,2.14
4697413,2027,projected,144.0,4.0,,74.0,4.0,,,,7.0,82.0,1.0,,19.0,875.62,40.0,3.0,3.0,19.0,71801.0,24.0,21.0,1.0,,,,,166.4,2.03
4697413,2027,actual,,,,,,,,,,,,,,,,,,,,,,,,,,,,
4697414,2023,projected,,,,,,,,,,,,,,,,,,,,,,,,,,,,
4697414,2023,actual,,,,,,,,,,,,,,,,,,,,,,,,,,,,
4697414,2024,projected,,,,,,,,,,,,,,,,,,,,,,,,,,,,
4697414,2024,actual,,,,,,,,,,,,,,,,,,,,,,,,,,,,
4697414,2025,projected,,,,,,,,,,,,,,,,,,,,,,,,,,,,
4697414,2025,actual,4.0,0.0,0.0,13.0,0.0,0.0,0.0,0.0,1.0,5.0,0.0,0.0,0.0,666.0,1.0,0.0,0.0,0.0,3330.0,3.0,1.0,0.0,0.0,77.0,,,5.8,1.16
4697414,2026,projected,,,,,,,,,,,,,,,,,,,,,,,,,,,,
4697414,2026,actual,25.0,0.0,0.0,100.0,0.0,5.0,0.0,0.0,-6.0,40.0,0.0,0.0,1.0,610.92,5.0,0.0,0.0,38.0,24437.0,18.0,4.0,0.0,2.0,540.0,,,55.25,1.38
4697414,2027,projected,,,,,,,,,,,,,,,,,,,,,,,,,,,,
4697414,2027,actual,,,,,,,,,,,,,,,,,,,,,,,,,,,,
4697437,2023,projected,,,,,,,,,,,,,,,,,,,,,,,,,,,,
4697437,2023,actual,,,,,,,,,,,,,,,,,,,,,,,,,,,,
4697437,2024,projected,,,,,,,,,,,,,,,,,,,,,,,,,,,,
4697437,2024,actual,5.0,0.0,0.0,4.0,0.0,24.0,0.0,0.0,-5.0,7.0,0.0,0.0,0.0,451.29,1.0,0.0,0.0,4.0,3159.0,6.0,1.0,0.0,11.0,87.0,,,8.65,1.24
4697437,2025,projected,,,,,,,,,,,,,,,,,,,,,,,,,,,,
4697437,2025,actual,,,,,,,,,,,,,,,,,,,,,,,,,,,,
4697437,2026,projected,,,,,,,,,,,,,,,,,,,,,,,,,,,,
4697437,2026,actual,2.0,0.0,0.0,1.0,0.0,2.0,0.0,0.0,-1.0,3.0,0.0,0.0,0.0,480.33,0.0,0.0,0.0,0.0,1441.0,4.0,0.0,0.0,2.0,40.0,,,2.6,0.87
4697437,2027,projected,,,,,,,,,,,,,,,,,,,,,,,,,,,,
4697437,2027,actual,,,,,,,,,,,,,,,,,,,,,,,,,,,,
4697438,2023,projected,,,,,,,,,,,,,,,,,,,,,,,,,,,,
4697438,2023,actual,125.0,5.0,0.0,18.0,5.0,4.0,0.0,1.0,-15.0,77.0,2.0,0.0,12.0,818.83,32.0,3.0,3.0,26.0,63050.0,10.0,20.0,2.0,5.0,1318.0,,,131.55,1.71
4697438,2024,projected,,,,,,,,,,,,,,,,,,,,,,,,,,,,
4697438,2024,actual,226.0,7.0,0.0,26.0,7.0,12.0,0.0,5.0,10.0,82.0,3.0,0.0,28.0,983.55,50.0,4.0,4.0,28.0,80651.0,18.0,22.0,3.0,3.0,1578.0,,,220.1,2.68
4697438,2025,projected,251.0,10.0,,31.0,10.0,,,,8.0,81.0,4.0,,33.0,1008.0,62.0,6.0,6.0,32.0,81648.0,22.0,29.0,4.0,,,,,256.85,3.17
4697438,2025,actual,173.0,18.0,0.0,30.0,18.0,10.0,0.0,3.0,-1.0,77.0,6.0,0.0,27.0,1091.04,68.0,12.0,12.0,34.0,84010.0,16.0,41.0,6.0,2.0,1701.0,1.0,,252.25,3.28
4697438,2026,projected,213.0,22.0,,33.0,22.0,,,,8.0,80.0,8.0,,33.0,1062.0,69.0,14.0,14.0,32.0,84960.0,19.0,36.0,8.0,,,,,268.05,3.35
4697438,2026,actual,159.0,5.0,0.0,16.0,5.0,16.0,0.0,4.0,6.0,82.0,3.0,0.0,25.0,959.06,47.0,2.0,2.0,28.0,78643.0,19.0,22.0,3.0,8.0,1663.0,,,191.85,2.34
4697438,2027,projected,175.0,7.0,,22.0,7.0,,,,6.0,84.0,3.0,,28.0,966.44,54.0,4.0,4.0,30.0,81181.04,19.0,26.0,3.0,,,,,211.45,2.52
4697438,2027,actual,,,,,,,,,,,,,,,,,,,,,,,,,,,,
4697441,2023,projected,,,,,,,,,,,,,,,,,,,,,,,,,,,,
4697441,2023,actual,,,,,,,,,,,,,,,,,,,,,,,,,,,,
4697441,2024,projected,,,,,,,,,,,,,,,,,,,,,,,,,,,,
4697441,2024,actual,7.0,0.0,0.0,3.0,0.0,0.0,0.0,0.0,0.0,3.0,0.0,0.0,1.0,753.33,1.0,0.0,0.0,2.0,2260.0,2.0,0.0,0.0,0.0,45.0,,,7.05,2.35
4697441,2025,projected,,,,,,,,,,,,,,,,,,,,,,,,,,,,
4697441,2025,actual,41.0,2.0,0.0,67.0,2.0,11.0,0.0,1.0,-4.0,32.0,2.0,0.0,10.0,749.19,12.0,0.0,0.0,2.0,23974.0,17.0,2.0,2.0,4.0,516.0,,,63.45,1.98
4697441,2026,projected,,,,,,,,,,,,,,,,,,,,,,,,,,,,
4697441,2026,actual,7.0,0.0,0.0,11.0,0.0,1.0,0.0,0.0,-3.0,9.0,0.0,0.0,1.0,610.67,1.0,0.0,0.0,4.0,5496.0,1.0,0.0,0.0,1.0,136.0,,,8.35,0.93
4697441,2027,projected,,,,,,,,,,,,,,,,,,,,,,,,,,,,
4697441,2027,actual,,,,,,,,,,,,,,,,,,,,,,,,,,,,
4697442,2023,projected,,,,,,,,,,,,,,,,,,,,,,,,,,,,
4697442,2023,actual,,,,,,,,,,,,,,,,,,,,,,,,,,,,
4697442,2024,projected,,,,,,,,,,,,,,,,,,,,,,,,,,,,
4697442,2024,actual,6.0,1.0,0.0,16.0,1.0,54.0,0.0,0.0,-3.0,16.0,1.0,0.0,1.0,786.62,4.0,0.0,0.0,6.0,12586.0,9.0,3.0,1.0,49.0,247.0,,,20.6,1.29
4697442,2025,projected,,,,,,,,,,,,,,,,,,,,,,,,,,,,
4697442,2025,actual,41.0,1.0,0.0,55.0,2.0,244.0,1.0,0.0,-11.0,75.0,0.0,1.0,5.0,725.11,12.0,2.0,1.0,20.0,54383.0,47.0,7.0,0.0,189.0,1150.0,,,79.75,1.06
4697442,2026,projected,,,,,,,,,,,,,,,,,,,,,,,,,,,,
4697442,2026,actual,78.0,1.0,0.0,42.0,1.0,64.0,0.0,1.0,12.0,77.0,0.0,0.0,15.0,870.0,33.0,1.0,1.0,16.0,66990.0,39.0,18.0,0.0,56.0,1448.0,1.0,,136.7,1.78
4697442,2027,projected,,,,,,,,,,,,,,,,,,,,,,,,,,,,
4697442,2027,actual,,,,,,,,,,,,,,,,,,,,,,,,,,,,
4697446,2023,projected,,,,,,,,,,,,,,,,,,,,,,,,,,,,
4697446,2023,actual,54.0,2.0,0.0,9.0,2.0,0.0,0.0,1.0,7.0,24.0,0.0,0.0,7.0,994.38,15.0,2.0,2.0,6.0,23865.0,6.0,8.0,0.0,0.0,433.0,,,59.4,2.48
4697446,2024,projected,176.0,11.0,0.0,27.0,11.0,3.0,0.0,1.0,6.0,77.0,4.0,0.0,22.0,1008.0,48.0,7.0,7.0,22.0,77616.0,20.0,26.0,4.0,1.0,1337.0,,,194.2,2.52
4697446,2024,actual,172.0,10.0,0.0,24.0,10.0,3.0,0.0,1.0,0.0,80.0,3.0,0.0,16.0,837.33,39.0,7.0,7.0,18.0,66986.0,23.0,23.0,3.0,1.0,1337.0,,,167.4,2.09
4697446,2025,projected,177.0,12.0,,29.0,12.0,,,,9.0,79.0,4.0,,22.0,858.0,48.0,8.0,8.0,26.0,67782.0,24.0,26.0,4.0,,,,,198.15,2.51
4697446,2025,actual,134.0,5.0,0.0,28.0,5.0,3.0,0.0,1.0,-2.0,68.0,1.0,0.0,10.0,832.29,32.0,4.0,4.0,22.0,56596.0,13.0,22.0,1.0,0.0,1182.0,,,131.8,1.94
4697446,2026,projected,,,,,,,,,,,,,,,,,,,,,,,,,,,,
4697446,2026,actual,176.0,17.0,0.0,21.0,17.0,1.0,0.0,1.0,1.0,81.0,1.0,0.0,12.0,997.35,56.0,16.0,16.0,28.0,80785.0,21.0,44.0,1.0,0.0,1542.0,,,204.6,2.53
4697446,2027,projected,173.0,15.0,,23.0,15.0,,,,1.0,81.0,1.0,,13.0,991.0,51.0,14.0,14.0,26.0,80271.0,20.0,38.0,1.0,,,,,191.55,2.36
4697446,2027,actual,,,,,,,,,,,,,,,,,,,,,,,,,,,,
4697447,2023,projected,,,,,,,,,,,,,,,,,,,,,,,,,,,,
4697447,2023,actual,,,,,,,,,,,,,,,,,,,,,,,,,,,,
4697447,2024,projected,,,,,,,,,,,,,,,,,,,,,,,,,,,,
4697447,2024,actual,0.0,0.0,0.0,4.0,0.0,2.0,0.0,0.0,2.0,4.0,0.0,0.0,0.0,597.25,0.0,0.0,0.0,0.0,2389.0,1.0,0.0,0.0,0.0,55.0,,,0.9,0.23
4697447,2025,projected,,,,,,,,,,,,,,,,,,,,,,,,,,,,
4697447,2025,actual,64.0,5.0,0.0,170.0,5.0,6.0,0.0,0.0,-6.0,62.0,3.0,0.0,10.0,683.53,18.0,2.0,2.0,20.0,42379.0,24.0,8.0,3.0,1.0,934.0,,,105.0,1.69
4697447,2026,projected,,,,,,,,,,,,,,,,,,,,,,,,,,,,
4697447,2026,actual,174.0,4.0,0.0,247.0,4.0,13.0,0.0,1.0,-13.0,82.0,4.0,0.0,22.0,996.96,31.0,0.0,0.0,18.0,81751.0,54.0,9.0,4.0,7.0,1675.0,,,193.2,2.36
4697447,2027,projected,149.0,3.0,,223.0,3.0,,,,-11.0,73.0,3.0,,20.0,912.68,28.0,,,18.0,66626.01,45.0,8.0,3.0,,,,,170.05,2.33
4697447,2027,actual,,,,,,,,,,,,,,,,,,,,,,,,,,,,
4697460,2023,projected,,,,,,,,,,,,,,,,,,,,,,,,,,,,
4697460,2023,actual,,,,,,,,,,,,,,,,,,,,,,,,,,,,
4697460,2024,projected,,,,,,,,,,,,,,,,,,,,,,,,,,,,
4697460,2024,actual,,,,,,,,,,,,,,,,,,,,,,,,,,,,
4697460,2025,projected,,,,,,,,,,,,,,,,,,,,,,,,,,,,
4697460,2025,actual,1.0,0.0,0.0,1.0,0.0,2.0,0.0,0.0,1.0,1.0,0.0,0.0,0.0,505.0,0.0,0.0,0.0,0.0,505.0,0.0,0.0,0.0,3.0,15.0,,,0.35,0.35
4697460,2026,projected,,,,,,,,,,,,,,,,,,,,,,,,,,,,
4697460,2026,actual,26.0,0.0,0.0,75.0,0.0,194.0,0.0,1.0,2.0,44.0,0.0,0.0,2.0,582.55,5.0,0.0,0.0,38.0,25632.0,9.0,3.0,0.0,201.0,664.0,,,50.5,1.15
4697460,2027,projected,,,,,,,,,,,,,,,,,,,,,,,,,,,,
4697460,2027,actual,,,,,,,,,,,,,,,,,,,,,,,,,,,,
4697468,2023,projected,,,,,,,,,,,,,,,,,,,,,,,,,,,,
4697468,2023,actual,1.0,0.0,0.0,8.0,0.0,2.0,0.0,0.0,-2.0,4.0,0.0,0.0,0.0,417.5,0.0,0.0,0.0,10.0,1670.0,0.0,0.0,0.0,0.0,39.0,,,6.05,1.51
4697468,2024,projected,,,,,,,,,,,,,,,,,,,,,,,,,,,,
4697468,2024,actual,119.0,2.0,0.0,219.0,2.0,8.0,0.0,2.0,-3.0,81.0,1.0,0.0,13.0,667.53,21.0,1.0,1.0,56.0,54070.0,26.0,8.0,1.0,2.0,1239.0,,,151.15,1.87
4697468,2025,projected,,,,,,,,,,,,,,,,,,,,,,,,,,,,
4697468,2025,actual,152.0,3.0,2.0,300.0,6.0,23.0,1.0,3.0,12.0,82.0,2.0,3.0,20.0,904.65,45.0,2.0,1.0,42.0,74181.0,50.0,25.0,4.0,10.0,1675.0,,,234.5,2.86
4697468,2026,projected,197.0,5.0,1.0,289.0,7.0,,1.0,,17.0,82.0,2.0,2.0,26.0,918.0,48.0,4.0,3.0,48.0,75276.0,55.0,22.0,3.0,,,,,258.15,3.15
4697468,2026,actual,157.0,8.0,0.0,302.0,8.0,45.0,0.0,1.0,-12.0,82.0,4.0,0.0,20.0,1011.43,38.0,4.0,4.0,65.0,82937.0,68.0,18.0,4.0,42.0,1866.0,1.0,,241.95,2.95
4697468,2027,projected,166.0,6.0,,320.0,6.0,,,,-7.0,84.0,3.0,,19.0,978.8,38.0,3.0,3.0,63.0,82219.03,65.0,19.0,3.0,,,,,237.0,2.82
4697468,2027,actual,,,,,,,,,,,,,,,,,,,,,,,,,,,,
4697470,2023,projected,,,,,,,,,,,,,,,,,,,,,,,,,,,,
4697470,2023,actual,,,,,,,,,,,,,,,,,,,,,,,,,,,,
4697470,2024,projected,,,,,,,,,,,,,,,,,,,,,,,,,,,,
4697470,2024,actual,0.0,0.0,0.0,2.0,0.0,1.0,0.0,0.0,0.0,2.0,0.0,0.0,0.0,597.5,0.0,0.0,0.0,6.0,1195.0,0.0,0.0,0.0,0.0,28.0,,,3.2,1.6
4697470,2025,projected,,,,,,,,,,,,,,,,,,,,,,,,,,,,
4697470,2025,actual,61.0,2.0,0.0,71.0,2.0,3.0,0.0,1.0,7.0,60.0,1.0,0.0,8.0,767.62,20.0,1.0,1.0,14.0,46057.0,20.0,12.0,1.0,3.0,1041.0,,,89.85,1.5
4697470,2026,projected,,,,,,,,,,,,,,,,,,,,,,,,,,,,
4697470,2026,actual,77.0,2.0,0.0,85.0,2.0,16.0,0.0,2.0,26.0,74.0,0.0,0.0,11.0,785.35,33.0,2.0,2.0,41.0,58116.0,29.0,22.0,0.0,7.0,1252.0,,,142.75,1.93
4697470,2027,projected,,,,,,,,,,,,,,,,,,,,,,,,,,,,
4697470,2027,actual,,,,,,,,,,,,,,,,,,,,,,,,,,,,
4697579,2023,projected,,,,,,,,,,,,,,,,,,,,,,,,,,,,
4697579,2023,actual,50.0,0.0,0.0,44.0,2.0,293.0,2.0,1.0,-12.0,68.0,0.0,2.0,4.0,762.13,16.0,2.0,0.0,18.0,51825.0,41.0,12.0,0.0,181.0,1239.0,,,85.4,1.26
4697579,2024,projected,,,,,,,,,,,,,,,,,,,,,,,,,,,,
4697579,2024,actual,28.0,0.0,0.0,26.0,0.0,86.0,0.0,0.0,-3.0,43.0,0.0,0.0,3.0,620.05,7.0,0.0,0.0,8.0,26662.0,22.0,4.0,0.0,72.0,681.0,,,41.6,0.97
4697579,2025,projected,,,,,,,,,,,,,,,,,,,,,,,,,,,,
4697579,2025,actual,8.0,0.0,0.0,22.0,0.0,46.0,0.0,0.0,-2.0,19.0,0.0,0.0,1.0,629.05,6.0,0.0,0.0,2.0,11952.0,2.0,5.0,0.0,28.0,291.0,,,19.2,1.01
4697579,2026,projected,,,,,,,,,,,,,,,,,,,,,,,,,,,,
4697579,2026,actual,1.0,0.0,0.0,2.0,0.0,1.0,0.0,0.0,0.0,2.0,0.0,0.0,0.0,519.5,0.0,0.0,0.0,0.0,1039.0,1.0,0.0,0.0,1.0,23.0,,,0.95,0.47
4697579,2027,projected,,,,,,,,,,,,,,,,,,,,,,,,,,,,
4697579,2027,actual,,,,,,,,,,,,,,,,,,,,,,,,,,,,
4697654,2023,projected,,,,,,,,,,,,,,,,,,,,,,,,,,,,
4697654,2023,actual,,,,,,,,,,,,,,,,,,,,,,,,,,,,
4697654,2024,projected,,,,,,,,,,,,,,,,,,,,,,,,,,,,
4697654,2024,actual,,,,,,,,,,,,,,,,,,,,,,,,,,,,
4697654,2025,projected,,,,,,,,,,,,,,,,,,,,,,,,,,,,
4697654,2025,actual,59.0,0.0,0.0,53.0,0.0,4.0,0.0,1.0,-6.0,35.0,0.0,0.0,6.0,642.89,10.0,0.0,0.0,8.0,22501.0,20.0,4.0,0.0,3.0,531.0,,,61.05,1.74
4697654,2026,projected,,,,,,,,,,,,,,,,,,,,,,,,,,,,
4697654,2026,actual,10.0,0.0,0.0,17.0,0.0,0.0,0.0,0.0,-1.0,13.0,0.0,0.0,0.0,632.54,0.0,0.0,0.0,6.0,8223.0,9.0,0.0,0.0,0.0,198.0,,,11.7,0.9
4697654,2027,projected,,,,,,,,,,,,,,,,,,,,,,,,,,,,
4697654,2027,actual,,,,,,,,,,,,,,,,,,,,,,,,,,,,
4697718,2023,projected,,,,,,,,,,,,,,,,,,,,,,,,,,,,
4697718,2023,actual,,,,,,,,,,,,,,,,,,,,,,,,,,,,
4697718,2024,projected,,,,,,,,,,,,,,,,,,,,,,,,,,,,
4697718,2024,actual,,,,,,,,,,,,,,,,,,,,,,,,,,,,
4697718,2025,projected,,,,,,,,,,,,,,,,,,,,,,,,,,,,
4697718,2025,actual,3.0,1.0,0.0,4.0,1.0,4.0,0.0,0.0,3.0,5.0,0.0,0.0,0.0,733.6,4.0,1.0,1.0,0.0,3668.0,2.0,4.0,0.0,2.0,78.0,,,10.65,2.13
4697718,2026,projected,,,,,,,,,,,,,,,,,,,,,,,,,,,,
4697718,2026,actual,1.0,0.0,0.0,3.0,0.0,16.0,0.0,0.0,-1.0,4.0,0.0,0.0,0.0,899.75,0.0,0.0,0.0,2.0,3599.0,5.0,0.0,0.0,10.0,75.0,,,4.05,1.01
4697718,2027,projected,,,,,,,,,,,,,,,,,,,,,,,,,,,,
4697718,2027,actual,,,,,,,,,,,,,,,,,,,,,,,,,,,,
4697723,2023,projected,,,,,,,,,,,,,,,,,,,,,,,,,,,,
4697723,2023,actual,,,,,,,,,,,,,,,,,,,,,,,,,,,,
4697723,2024,projected,,,,,,,,,,,,,,,,,,,,,,,,,,,,
4697723,2024,actual,,,,,,,,,,,,,,,,,,,,,,,,,,,,
4697723,2025,projected,,,,,,,,,,,,,,,,,,,,,,,,,,,,
4697723,2025,actual,,,,,,,,,,,,,,,,,,,,,,,,,,,,
4697723,2026,projected,,,,,,,,,,,,,,,,,,,,,,,,,,,,
4697723,2026,actual,0.0,0.0,0.0,1.0,0.0,0.0,0.0,0.0,-1.0,1.0,0.0,0.0,0.0,312.0,0.0,0.0,0.0,0.0,312.0,0.0,0.0,0.0,0.0,8.0,,,0.1,0.1
4697723,2027,projected,,,,,,,,,,,,,,,,,,,,,,,,,,,,
4697723,2027,actual,,,,,,,,,,,,,,,,,,,,,,,,,,,,
4697725,2023,projected,,,,,,,,,,,,,,,,,,,,,,,,,,,,
4697725,2023,actual,,,,,,,,,,,,,,,,,,,,,,,,,,,,
4697725,2024,projected,,,,,,,,,,,,,,,,,,,,,,,,,,,,
4697725,2024,actual,147.0,3.0,0.0,104.0,3.0,6.0,0.0,2.0,-14.0,81.0,0.0,0.0,12.0,793.21,23.0,3.0,3.0,46.0,64250.0,27.0,11.0,0.0,7.0,1366.0,,,145.15,1.79
4697725,2025,projected,,,,,,,,,,,,,,,,,,,,,,,,,,,,
4697725,2025,actual,193.0,4.0,0.0,124.0,4.0,61.0,0.0,4.0,22.0,77.0,2.0,0.0,19.0,991.91,42.0,2.0,2.0,20.0,76377.0,43.0,23.0,2.0,36.0,1483.0,,,202.15,2.63
4697725,2026,projected,245.0,7.0,,133.0,7.0,,,,19.0,79.0,5.0,,26.0,996.0,57.0,2.0,2.0,32.0,78684.0,51.0,31.0,5.0,,,,,262.05,3.32
4697725,2026,actual,209.0,5.0,2.0,255.0,7.0,270.0,0.0,3.0,3.0,82.0,3.0,2.0,21.0,1098.62,44.0,2.0,2.0,18.0,90087.0,49.0,23.0,5.0,198.0,1840.0,1.0,,234.25,2.86
4697725,2027,projected,202.0,4.0,2.0,233.0,8.0,,2.0,,4.0,84.0,2.0,4.0,20.0,995.86,42.0,4.0,2.0,22.0,83651.99,46.0,22.0,4.0,,,,,220.8,2.63
4697725,2027,actual,,,,,,,,,,,,,,,,,,,,,,,,,,,,
4697771,2023,projected,,,,,,,,,,,,,,,,,,,,,,,,,,,,
4697771,2023,actual,,,,,,,,,,,,,,,,,,,,,,,,,,,,
4697771,2024,projected,,,,,,,,,,,,,,,,,,,,,,,,,,,,
4697771,2024,actual,,,,,,,,,,,,,,,,,,,,,,,,,,,,
4697771,2025,projected,,,,,,,,,,,,,,,,,,,,,,,,,,,,
4697771,2025,actual,,,,,,,,,,,,,,,,,,,,,,,,,,,,
4697771,2026,projected,,,,,,,,,,,,,,,,,,,,,,,,,,,,
4697771,2026,actual,1.0,0.0,0.0,3.0,0.0,0.0,0.0,0.0,1.0,2.0,0.0,0.0,0.0,592.0,0.0,0.0,0.0,2.0,1184.0,1.0,0.0,0.0,0.0,27.0,,,2.05,1.02
4697771,2027,projected,,,,,,,,,,,,,,,,,,,,,,,,,,,,
4697771,2027,actual,,,,,,,,,,,,,,,,,,,,,,,,,,,,
4697774,2023,projected,,,,,,,,,,,,,,,,,,,,,,,,,,,,
4697774,2023,actual,,,,,,,,,,,,,,,,,,,,,,,,,,,,
4697774,2024,projected,,,,,,,,,,,,,,,,,,,,,,,,,,,,
4697774,2024,actual,,,,,,,,,,,,,,,,,,,,,,,,,,,,
4697774,2025,projected,,,,,,,,,,,,,,,,,,,,,,,,,,,,
4697774,2025,actual,,,,,,,,,,,,,,,,,,,,,,,,,,,,
4697774,2026,projected,,,,,,,,,,,,,,,,,,,,,,,,,,,,
4697774,2026,actual,1.0,0.0,0.0,1.0,0.0,0.0,0.0,0.0,0.0,2.0,0.0,0.0,0.0,631.5,0.0,0.0,0.0,0.0,1263.0,2.0,0.0,0.0,0.0,31.0,,,1.35,0.68
4697774,2027,projected,,,,,,,,,,,,,,,,,,,,,,,,,,,,
4697774,2027,actual,,,,,,,,,,,,,,,,,,,,,,,,,,,,
4697783,2023,projected,,,,,,,,,,,,,,,,,,,,,,,,,,,,
4697783,2023,actual,,,,,,,,,,,,,,,,,,,,,,,,,,,,
4697783,2024,projected,,,,,,,,,,,,,,,,,,,,,,,,,,,,
4697783,2024,actual,2.0,0.0,0.0,5.0,0.0,0.0,0.0,0.0,0.0,3.0,0.0,0.0,0.0,530.33,0.0,0.0,0.0,0.0,1591.0,2.0,0.0,0.0,0.0,36.0,,,2.0,0.67
4697783,2025,projected,,,,,,,,,,,,,,,,,,,,,,,,,,,,
4697783,2025,actual,2.0,0.0,0.0,0.0,0.0,0.0,0.0,1.0,1.0,1.0,0.0,0.0,1.0,567.0,1.0,0.0,0.0,0.0,567.0,0.0,0.0,0.0,0.0,15.0,,,4.5,4.5
4697783,2026,projected,,,,,,,,,,,,,,,,,,,,,,,,,,,,
4697783,2026,actual,108.0,3.0,0.0,98.0,3.0,372.0,0.0,1.0,17.0,78.0,3.0,0.0,15.0,884.33,35.0,0.0,0.0,35.0,68978.0,40.0,20.0,3.0,316.0,1476.0,1.0,,166.3,2.13
4697783,2027,projected,99.0,3.0,,90.0,3.0,,,,17.0,72.0,3.0,,14.0,883.25,32.0,,,33.0,63594.0,37.0,18.0,3.0,,,,,149.75,2.08
4697783,2027,actual,,,,,,,,,,,,,,,,,,,,,,,,,,,,
4697787,2023,projected,,,,,,,,,,,,,,,,,,,,,,,,,,,,
4697787,2023,actual,,,,,,,,,,,,,,,,,,,,,,,,,,,,
4697787,2024,projected,,,,,,,,,,,,,,,,,,,,,,,,,,,,
4697787,2024,actual,14.0,0.0,0.0,16.0,0.0,5.0,0.0,0.0,1.0,16.0,0.0,0.0,1.0,675.88,4.0,0.0,0.0,4.0,10814.0,6.0,3.0,0.0,0.0,245.0,,,19.1,1.19
4697787,2025,projected,,,,,,,,,,,,,,,,,,,,,,,,,,,,
4697787,2025,actual,34.0,0.0,0.0,25.0,0.0,1.0,0.0,1.0,-7.0,33.0,0.0,0.0,2.0,738.45,6.0,0.0,0.0,23.0,24369.0,13.0,4.0,0.0,0.0,550.0,,,44.0,1.33
4697787,2026,projected,,,,,,,,,,,,,,,,,,,,,,,,,,,,
4697787,2026,actual,47.0,0.0,0.0,79.0,0.0,2.0,0.0,1.0,-2.0,53.0,0.0,0.0,3.0,633.26,7.0,0.0,0.0,16.0,33563.0,24.0,4.0,0.0,1.0,803.0,,,57.65,1.09
4697787,2027,projected,,,,,,,,,,,,,,,,,,,,,,,,,,,,
4697787,2027,actual,,,,,,,,,,,,,,,,,,,,,,,,,,,,
4697820,2023,projected,,,,,,,,,,,,,,,,,,,,,,,,,,,,
4697820,2023,actual,,,,,,,,,,,,,,,,,,,,,,,,,,,,
4697820,2024,projected,,,,,,,,,,,,,,,,,,,,,,,,,,,,
4697820,2024,actual,12.0,0.0,0.0,50.0,0.0,4.0,0.0,1.0,1.0,17.0,0.0,0.0,1.0,337.53,2.0,0.0,0.0,71.0,5738.0,5.0,1.0,0.0,4.0,142.0,,,52.0,3.06
4697820,2025,projected,,,,,,,,,,,,,,,,,,,,,,,,,,,,
4697820,2025,actual,30.0,0.0,0.0,117.0,0.0,11.0,0.0,0.0,7.0,42.0,0.0,0.0,3.0,510.45,8.0,0.0,0.0,67.0,21439.0,14.0,5.0,0.0,2.0,521.0,,,78.7,1.87
4697820,2026,projected,,,,,,,,,,,,,,,,,,,,,,,,,,,,
4697820,2026,actual,15.0,0.0,0.0,87.0,0.0,5.0,0.0,0.0,-4.0,26.0,0.0,0.0,1.0,516.46,1.0,0.0,0.0,11.0,13428.0,6.0,0.0,0.0,3.0,310.0,,,23.95,0.92
4697820,2027,projected,,,,,,,,,,,,,,,,,,,,,,,,,,,,
4697820,2027,actual,,,,,,,,,,,,,,,,,,,,,,,,,,,,
4697824,2023,projected,,,,,,,,,,,,,,,,,,,,,,,,,,,,
4697824,2023,actual,2.0,1.0,0.0,0.0,1.0,0.0,0.0,0.0,-2.0,2.0,0.0,0.0,0.0,811.5,1.0,1.0,1.0,2.0,1623.0,2.0,1.0,0.0,0.0,33.0,,,5.0,2.5
4697824,2024,projected,,,,,,,,,,,,,,,,,,,,,,,,,,,,
4697824,2024,actual,22.0,0.0,0.0,9.0,0.0,3.0,0.0,0.0,-5.0,17.0,0.0,0.0,0.0,789.24,2.0,0.0,0.0,0.0,13417.0,20.0,2.0,0.0,1.0,286.0,,,20.4,1.2
4697824,2025,projected,,,,,,,,,,,,,,,,,,,,,,,,,,,,
4697824,2025,actual,32.0,0.0,1.0,25.0,1.0,1.0,0.0,0.0,-11.0,47.0,0.0,1.0,4.0,725.98,7.0,0.0,0.0,6.0,34121.0,39.0,3.0,1.0,2.0,737.0,,,53.0,1.13
4697824,2026,projected,,,,,,,,,,,,,,,,,,,,,,,,,,,,
4697824,2026,actual,6.0,0.0,0.0,1.0,0.0,0.0,0.0,0.0,-1.0,5.0,0.0,0.0,1.0,615.6,1.0,0.0,0.0,0.0,3078.0,2.0,0.0,0.0,0.0,68.0,,,5.6,1.12
4697824,2027,projected,,,,,,,,,,,,,,,,,,,,,,,,,,,,
4697824,2027,actual,,,,,,,,,,,,,,,,,,,,,,,,,,,,
4712146,2023,projected,,,,,,,,,,,,,,,,,,,,,,,,,,,,
4712146,2023,actual,62.0,0.0,0.0,63.0,0.0,21.0,0.0,0.0,-3.0,46.0,0.0,0.0,5.0,588.93,11.0,0.0,0.0,12.0,27091.0,14.0,6.0,0.0,18.0,647.0,,,61.8,1.34
4712146,2024,projected,,,,,,,,,,,,,,,,,,,,,,,,,,,,
4712146,2024,actual,160.0,0.0,1.0,48.0,2.0,24.0,1.0,2.0,14.0,79.0,0.0,2.0,16.0,944.73,33.0,1.0,0.0,20.0,74634.0,58.0,17.0,1.0,21.0,1697.0,,,170.8,2.16
4712146,2025,projected,143.0,,1.0,59.0,2.0,,1.0,,11.0,78.0,,2.0,12.0,870.0,30.0,1.0,,26.0,67860.0,61.0,18.0,1.0,,,,,160.15,2.05
4712146,2025,actual,117.0,2.0,1.0,83.0,4.0,67.0,1.0,2.0,-16.0,84.0,1.0,2.0,10.0,867.75,25.0,2.0,1.0,34.0,72891.0,57.0,15.0,2.0,48.0,1632.0,,,149.55,1.78
4712146,2026,projected,,,,,,,,,,,,,,,,,,,,,,,,,,,,
4712146,2026,actual,136.0,0.0,2.0,77.0,3.0,57.0,1.0,2.0,-12.0,82.0,0.0,3.0,17.0,875.34,29.0,1.0,0.0,47.0,71778.0,26.0,12.0,2.0,54.0,1540.0,,,160.2,1.95
4712146,2027,projected,145.0,,2.0,75.0,4.0,,2.0,,-10.0,84.0,,4.0,17.0,875.12,30.0,2.0,,41.0,73510.0,37.0,13.0,2.0,,,,,165.75,1.97
4712146,2027,actual,,,,,,,,,,,,,,,,,,,,,,,,,,,,
4755695,2023,projected,,,,,,,,,,,,,,,,,,,,,,,,,,,,
4755695,2023,actual,85.0,0.0,0.0,304.0,0.0,470.0,0.0,2.0,-7.0,82.0,0.0,0.0,12.0,838.88,26.0,0.0,0.0,64.0,68788.0,51.0,14.0,0.0,370.0,1766.0,,,175.15,2.14
4755695,2024,projected,82.0,0.0,0.0,297.0,0.0,356.0,0.0,2.0,-11.0,82.0,0.0,0.0,10.0,840.0,22.0,0.0,0.0,68.0,68880.0,47.0,12.0,0.0,294.0,1253.0,,,163.7,2.0
4755695,2024,actual,56.0,0.0,0.0,183.0,0.0,356.0,0.0,2.0,8.0,67.0,0.0,0.0,8.0,757.46,26.0,0.0,0.0,50.0,50750.0,42.0,18.0,0.0,294.0,1253.0,,,140.3,2.09
4755695,2025,projected,97.0,,,289.0,,,,,10.0,77.0,,,13.0,792.0,27.0,,,72.0,60984.0,53.0,14.0,,,,,,182.65,2.37
4755695,2025,actual,90.0,3.0,0.0,291.0,3.0,230.0,0.0,1.0,8.0,82.0,1.0,0.0,13.0,814.38,27.0,2.0,2.0,78.0,66779.0,50.0,14.0,1.0,229.0,1638.0,,,185.6,2.26
4755695,2026,projected,117.0,5.0,,293.0,5.0,,,,8.0,80.0,2.0,,17.0,816.0,35.0,3.0,3.0,82.0,65280.0,49.0,18.0,2.0,,,,,214.55,2.68
4755695,2026,actual,106.0,0.0,1.0,271.0,2.0,312.0,1.0,1.0,11.0,75.0,0.0,2.0,9.0,830.8,25.0,1.0,0.0,84.0,62310.0,43.0,16.0,1.0,329.0,1514.0,,,180.1,2.4
4755695,2027,projected,104.0,,1.0,284.0,2.0,,1.0,,10.0,77.0,,2.0,10.0,791.84,26.0,1.0,,84.0,60971.99,44.0,16.0,1.0,,,,,183.4,2.38
4755695,2027,actual,,,,,,,,,,,,,,,,,,,,,,,,,,,,
4755696,2023,projected,,,,,,,,,,,,,,,,,,,,,,,,,,,,
4755696,2023,actual,23.0,0.0,0.0,6.0,0.0,3.0,0.0,0.0,-3.0,9.0,0.0,0.0,1.0,797.33,1.0,0.0,0.0,0.0,7176.0,1.0,0.0,0.0,0.0,142.0,,,9.85,1.09
4755696,2024,projected,,,,,,,,,,,,,,,,,,,,,,,,,,,,
4755696,2024,actual,7.0,0.0,0.0,7.0,0.0,0.0,0.0,0.0,0.0,3.0,0.0,0.0,1.0,691.33,1.0,0.0,0.0,0.0,2074.0,0.0,0.0,0.0,0.0,49.0,,,5.45,1.82
4755696,2025,projected,,,,,,,,,,,,,,,,,,,,,,,,,,,,
4755696,2025,actual,20.0,0.0,0.0,46.0,0.0,3.0,0.0,0.0,-4.0,20.0,0.0,0.0,4.0,619.0,6.0,0.0,0.0,2.0,12380.0,7.0,2.0,0.0,0.0,268.0,,,30.1,1.51
4755696,2026,projected,,,,,,,,,,,,,,,,,,,,,,,,,,,,
4755696,2026,actual,31.0,0.0,0.0,53.0,0.0,17.0,0.0,1.0,-2.0,29.0,0.0,0.0,1.0,735.41,9.0,0.0,0.0,8.0,21327.0,8.0,8.0,0.0,11.0,510.0,,,41.05,1.42
4755696,2027,projected,,,,,,,,,,,,,,,,,,,,,,,,,,,,
4755696,2027,actual,,,,,,,,,,,,,,,,,,,,,,,,,,,,
4755703,2023,projected,,,,,,,,,,,,,,,,,,,,,,,,,,,,
4755703,2023,actual,,,,,,,,,,,,,,,,,,,,,,,,,,,,
4755703,2024,projected,,,,,,,,,,,,,,,,,,,,,,,,,,,,
4755703,2024,actual,,,,,,,,,,,,,,,,,,,,,,,,,,,,
4755703,2025,projected,,,,,,,,,,,,,,,,,,,,,,,,,,,,
4755703,2025,actual,15.0,0.0,0.0,21.0,0.0,64.0,0.0,0.0,-3.0,17.0,0.0,0.0,1.0,553.88,1.0,0.0,0.0,0.0,9416.0,7.0,0.0,0.0,33.0,229.0,,,12.35,0.73
4755703,2026,projected,,,,,,,,,,,,,,,,,,,,,,,,,,,,
4755703,2026,actual,2.0,0.0,0.0,3.0,0.0,6.0,0.0,0.0,1.0,3.0,0.0,0.0,0.0,532.0,1.0,0.0,0.0,0.0,1596.0,2.0,1.0,0.0,9.0,38.0,,,3.8,1.27
4755703,2027,projected,,,,,,,,,,,,,,,,,,,,,,,,,,,,
4755703,2027,actual,,,,,,,,,,,,,,,,,,,,,,,,,,,,
4755704,2023,projected,,,,,,,,,,,,,,,,,,,,,,,,,,,,
4755704,2023,actual,3.0,0.0,0.0,2.0,0.0,5.0,0.0,0.0,-1.0,2.0,0.0,0.0,0.0,603.5,0.0,0.0,0.0,2.0,1207.0,0.0,0.0,0.0,6.0,33.0,,,1.95,0.97
4755704,2024,projected,,,,,,,,,,,,,,,,,,,,,,,,,,,,
4755704,2024,actual,2.0,0.0,0.0,4.0,0.0,3.0,0.0,0.0,1.0,1.0,0.0,0.0,1.0,759.0,1.0,0.0,0.0,0.0,759.0,1.0,0.0,0.0,1.0,19.0,,,4.4,4.4
4755704,2025,projected,,,,,,,,,,,,,,,,,,,,,,,,,,,,
4755704,2025,actual,13.0,0.0,0.0,28.0,0.0,18.0,0.0,0.0,-2.0,14.0,0.0,0.0,2.0,552.36,3.0,0.0,0.0,0.0,7733.0,6.0,1.0,0.0,14.0,198.0,,,17.05,1.22
4755704,2026,projected,,,,,,,,,,,,,,,,,,,,,,,,,,,,
4755704,2026,actual,0.0,0.0,0.0,4.0,0.0,21.0,0.0,0.0,-2.0,7.0,0.0,0.0,0.0,491.71,0.0,0.0,0.0,0.0,3442.0,2.0,0.0,0.0,12.0,76.0,,,1.4,0.2
4755704,2027,projected,,,,,,,,,,,,,,,,,,,,,,,,,,,,
4755704,2027,actual,,,,,,,,,,,,,,,,,,,,,,,,,,,,
4755729,2023,projected,,,,,,,,,,,,,,,,,,,,,,,,,,,,
4755729,2023,actual,33.0,0.0,0.0,25.0,0.0,91.0,0.0,0.0,-6.0,39.0,0.0,0.0,4.0,575.79,4.0,0.0,0.0,6.0,22456.0,13.0,0.0,0.0,96.0,527.0,,,32.25,0.83
4755729,2024,projected,,,,,,,,,,,,,,,,,,,,,,,,,,,,
4755729,2024,actual,12.0,0.0,0.0,32.0,0.0,53.0,0.0,0.0,-4.0,23.0,0.0,0.0,1.0,606.57,3.0,0.0,0.0,6.0,13951.0,3.0,2.0,0.0,43.0,311.0,,,17.7,0.77
4755729,2025,projected,,,,,,,,,,,,,,,,,,,,,,,,,,,,
4755729,2025,actual,4.0,0.0,0.0,9.0,0.0,25.0,0.0,0.0,-2.0,8.0,0.0,0.0,0.0,501.12,0.0,0.0,0.0,2.0,4009.0,1.0,0.0,0.0,24.0,88.0,,,3.4,0.42
4755729,2026,projected,,,,,,,,,,,,,,,,,,,,,,,,,,,,
4755729,2026,actual,61.0,0.0,0.0,66.0,0.0,150.0,0.0,2.0,-12.0,52.0,0.0,0.0,7.0,716.29,15.0,0.0,0.0,16.0,37247.0,13.0,8.0,0.0,186.0,908.0,,,75.35,1.45
4755729,2027,projected,,,,,,,,,,,,,,,,,,,,,,,,,,,,
4755729,2027,actual,,,,,,,,,,,,,,,,,,,,,,,,,,,,
4755753,2023,projected,,,,,,,,,,,,,,,,,,,,,,,,,,,,
4755753,2023,actual,,,,,,,,,,,,,,,,,,,,,,,,,,,,
4755753,2024,projected,,,,,,,,,,,,,,,,,,,,,,,,,,,,
4755753,2024,actual,,,,,,,,,,,,,,,,,,,,,,,,,,,,
4755753,2025,projected,,,,,,,,,,,,,,,,,,,,,,,,,,,,
4755753,2025,actual,,,,,,,,,,,,,,,,,,,,,,,,,,,,
4755753,2026,projected,,,,,,,,,,,,,,,,,,,,,,,,,,,,
4755753,2026,actual,3.0,0.0,0.0,9.0,0.0,8.0,0.0,0.0,-1.0,3.0,0.0,0.0,0.0,560.0,0.0,0.0,0.0,10.0,1680.0,1.0,0.0,0.0,16.0,39.0,,,7.15,2.38
4755753,2027,projected,,,,,,,,,,,,,,,,,,,,,,,,,,,,
4755753,2027,actual,,,,,,,,,,,,,,,,,,,,,,,,,,,,
4781552,2023,projected,155.0,12.0,0.0,58.0,12.0,560.0,1.0,4.0,-2.0,80.0,5.0,1.0,21.0,1080.0,52.0,7.0,7.0,12.0,86400.0,37.0,31.0,5.0,409.0,192.0,,,207.55,2.59
4781552,2023,actual,148.0,10.0,0.0,79.0,11.0,560.0,1.0,4.0,14.0,80.0,4.0,1.0,24.0,1025.53,57.0,7.0,6.0,2.0,82042.0,48.0,33.0,4.0,409.0,1659.0,,,219.9,2.75
4781552,2024,projected,150.0,12.0,0.0,83.0,12.0,584.0,0.0,1.0,16.0,80.0,5.0,0.0,25.0,1110.0,59.0,7.0,7.0,4.0,88800.0,50.0,34.0,5.0,527.0,1675.0,,,225.3,2.82
4781552,2024,actual,133.0,13.0,0.0,45.0,13.0,584.0,0.0,1.0,-11.0,77.0,6.0,0.0,15.0,1077.79,37.0,7.0,7.0,20.0,82990.0,44.0,22.0,6.0,527.0,1675.0,,,169.25,2.2
4781552,2025,projected,159.0,16.0,,65.0,16.0,,,,10.0,79.0,7.0,,26.0,1074.0,60.0,9.0,9.0,26.0,84846.0,47.0,34.0,7.0,,,,,240.25,3.04
4781552,2025,actual,147.0,9.0,0.0,42.0,9.0,625.0,0.0,2.0,0.0,82.0,5.0,0.0,20.0,1121.27,43.0,4.0,4.0,14.0,91944.0,77.0,23.0,5.0,569.0,1727.0,,,201.45,2.46
4781552,2026,projected,156.0,11.0,,48.0,11.0,,,,7.0,80.0,5.0,,22.0,1110.0,48.0,6.0,6.0,18.0,88800.0,51.0,26.0,5.0,,,,,204.3,2.55
4781552,2026,actual,149.0,11.0,0.0,31.0,11.0,557.0,0.0,1.0,-8.0,82.0,6.0,0.0,20.0,1156.6,50.0,5.0,5.0,23.0,94841.0,69.0,30.0,6.0,515.0,1872.0,,,215.85,2.63
4781552,2027,projected,156.0,13.0,,36.0,13.0,,,,-7.0,84.0,7.0,,20.0,1170.73,50.0,6.0,6.0,23.0,98341.32,72.0,30.0,7.0,,,,,220.1,2.62
4781552,2027,actual,,,,,,,,,,,,,,,,,,,,,,,,,,,,
4781553,2023,projected,131.0,13.0,0.0,49.0,13.0,98.0,0.0,3.0,8.0,76.0,4.0,0.0,15.0,948.0,57.0,9.0,9.0,22.0,72048.0,20.0,42.0,4.0,41.0,232.0,,,199.15,2.62
4781553,2023,actual,126.0,12.0,0.0,15.0,12.0,98.0,0.0,3.0,-19.0,79.0,5.0,0.0,16.0,870.99,39.0,7.0,7.0,14.0,68808.0,30.0,23.0,5.0,41.0,1394.0,,,160.5,2.03
4781553,2024,projected,121.0,11.0,0.0,13.0,11.0,12.0,0.0,1.0,-17.0,74.0,4.0,0.0,15.0,900.0,39.0,7.0,7.0,14.0,66600.0,24.0,24.0,4.0,8.0,717.0,,,152.05,2.05
4781553,2024,actual,62.0,0.0,0.0,8.0,0.0,12.0,0.0,1.0,-2.0,42.0,0.0,0.0,6.0,812.5,16.0,0.0,0.0,10.0,34125.0,16.0,10.0,0.0,8.0,717.0,,,68.3,1.63
4781553,2025,projected,118.0,7.0,,12.0,7.0,,,,-13.0,72.0,3.0,,11.0,822.0,31.0,4.0,4.0,12.0,59184.0,27.0,20.0,3.0,,,,,128.2,1.78
4781553,2025,actual,123.0,15.0,1.0,3.0,18.0,8.0,2.0,4.0,2.0,68.0,4.0,3.0,24.0,1037.63,57.0,13.0,11.0,16.0,70559.0,29.0,33.0,5.0,0.0,1341.0,,,209.05,3.07
4781553,2026,projected,145.0,23.0,2.0,8.0,27.0,,2.0,,7.0,77.0,6.0,4.0,26.0,1008.0,63.0,19.0,17.0,20.0,77616.0,36.0,37.0,8.0,,,,,237.55,3.09
4781553,2026,actual,114.0,2.0,0.0,15.0,2.0,1.0,0.0,0.0,-8.0,76.0,1.0,0.0,7.0,794.43,22.0,1.0,1.0,20.0,60377.0,38.0,15.0,1.0,0.0,1231.0,,,111.5,1.47
4781553,2027,projected,124.0,7.0,,11.0,7.0,,,,-3.0,77.0,2.0,,18.0,885.46,46.0,5.0,5.0,19.0,68180.04,34.0,28.0,2.0,,,,,173.1,2.25
4781553,2027,actual,,,,,,,,,,,,,,,,,,,,,,,,,,,,
4781650,2023,projected,,,,,,,,,,,,,,,,,,,,,,,,,,,,
4781650,2023,actual,,,,,,,,,,,,,,,,,,,,,,,,,,,,
4781650,2024,projected,,,,,,,,,,,,,,,,,,,,,,,,,,,,
4781650,2024,actual,,,,,,,,,,,,,,,,,,,,,,,,,,,,
4781650,2025,projected,,,,,,,,,,,,,,,,,,,,,,,,,,,,
4781650,2025,actual,,,,,,,,,,,,,,,,,,,,,,,,,,,,
4781650,2026,projected,,,,,,,,,,,,,,,,,,,,,,,,,,,,
4781650,2026,actual,38.0,0.0,0.0,38.0,0.0,6.0,0.0,0.0,0.0,36.0,0.0,0.0,3.0,568.14,7.0,0.0,0.0,7.0,20453.0,9.0,4.0,0.0,4.0,477.0,,,38.3,1.06
4781650,2027,projected,,,,,,,,,,,,,,,,,,,,,,,,,,,,
4781650,2027,actual,,,,,,,,,,,,,,,,,,,,,,,,,,,,
4781727,2023,projected,,,,,,,,,,,,,,,,,,,,,,,,,,,,
4781727,2023,actual,,,,,,,,,,,,,,,,,,,,,,,,,,,,
4781727,2024,projected,,,,,,,,,,,,,,,,,,,,,,,,,,,,
4781727,2024,actual,,,,,,,,,,,,,,,,,,,,,,,,,,,,
4781727,2025,projected,,,,,,,,,,,,,,,,,,,,,,,,,,,,
4781727,2025,actual,,,,,,,,,,,,,,,,,,,,,,,,,,,,
4781727,2026,projected,,,,,,,,,,,,,,,,,,,,,,,,,,,,
4781727,2026,actual,4.0,0.0,0.0,2.0,0.0,0.0,0.0,0.0,3.0,3.0,0.0,0.0,0.0,901.0,2.0,0.0,0.0,4.0,2703.0,5.0,2.0,0.0,0.0,59.0,,,9.7,3.23
4781727,2027,projected,,,,,,,,,,,,,,,,,,,,,,,,,,,,
4781727,2027,actual,,,,,,,,,,,,,,,,,,,,,,,,,,,,
4845286,2023,projected,,,,,,,,,,,,,,,,,,,,,,,,,,,,
4845286,2023,actual,,,,,,,,,,,,,,,,,,,,,,,,,,,,
4845286,2024,projected,,,,,,,,,,,,,,,,,,,,,,,,,,,,
4845286,2024,actual,1.0,0.0,0.0,5.0,0.0,2.0,0.0,0.0,-1.0,4.0,0.0,0.0,0.0,407.5,0.0,0.0,0.0,2.0,1630.0,1.0,0.0,0.0,6.0,40.0,,,2.25,0.56
4845286,2025,projected,,,,,,,,,,,,,,,,,,,,,,,,,,,,
4845286,2025,actual,32.0,0.0,0.0,41.0,0.0,107.0,0.0,0.0,3.0,42.0,0.0,0.0,1.0,555.38,8.0,0.0,0.0,0.0,23326.0,17.0,7.0,0.0,111.0,564.0,,,37.6,0.9
4845286,2026,projected,,,,,,,,,,,,,,,,,,,,,,,,,,,,
4845286,2026,actual,25.0,0.0,0.0,39.0,0.0,115.0,0.0,0.0,2.0,29.0,0.0,0.0,5.0,602.28,7.0,0.0,0.0,2.0,17466.0,11.0,2.0,0.0,91.0,421.0,,,35.65,1.23
4845286,2027,projected,,,,,,,,,,,,,,,,,,,,,,,,,,,,
4845286,2027,actual,,,,,,,,,,,,,,,,,,,,,,,,,,,,
4867883,2023,projected,,,,,,,,,,,,,,,,,,,,,,,,,,,,
4867883,2023,actual,49.0,8.0,0.0,76.0,8.0,156.0,0.0,3.0,-1.0,45.0,1.0,0.0,6.0,860.0,25.0,7.0,7.0,15.0,38700.0,18.0,19.0,1.0,155.0,779.0,,,99.85,2.22
4867883,2024,projected,,,,,,,,,,,,,,,,,,,,,,,,,,,,
4867883,2024,actual,54.0,3.0,0.0,55.0,3.0,130.0,0.0,0.0,-6.0,44.0,2.0,0.0,8.0,875.98,12.0,1.0,1.0,12.0,38543.0,15.0,4.0,2.0,78.0,862.0,,,67.0,1.52
4867883,2025,projected,,,,,,,,,,,,,,,,,,,,,,,,,,,,
4867883,2025,actual,30.0,1.0,0.0,86.0,1.0,104.0,0.0,0.0,-5.0,48.0,0.0,0.0,6.0,632.1,16.0,1.0,1.0,19.0,30341.0,29.0,10.0,0.0,92.0,717.0,,,78.6,1.64
4867883,2026,projected,,,,,,,,,,,,,,,,,,,,,,,,,,,,
4867883,2026,actual,16.0,0.0,0.0,28.0,0.0,32.0,0.0,0.0,4.0,20.0,0.0,0.0,2.0,530.65,3.0,0.0,0.0,10.0,10613.0,9.0,1.0,0.0,28.0,261.0,,,24.3,1.22
4867883,2027,projected,,,,,,,,,,,,,,,,,,,,,,,,,,,,
4867883,2027,actual,,,,,,,,,,,,,,,,,,,,,,,,,,,,
4874718,2023,projected,102.0,8.0,0.0,60.0,8.0,418.0,0.0,1.0,-10.0,66.0,3.0,0.0,11.0,828.0,32.0,5.0,5.0,40.0,54648.0,38.0,21.0,3.0,307.0,325.0,,,152.0,2.3
4874718,2023,actual,161.0,14.0,0.0,55.0,14.0,418.0,0.0,1.0,-19.0,80.0,7.0,0.0,17.0,922.46,43.0,7.0,7.0,44.0,73797.0,37.0,26.0,7.0,307.0,1505.0,,,200.75,2.51
4874718,2024,projected,154.0,13.0,1.0,50.0,13.0,408.0,1.0,3.0,-21.0,71.0,6.0,2.0,17.0,990.0,42.0,7.0,7.0,40.0,70290.0,34.0,25.0,6.0,437.0,1236.0,,,197.0,2.77
4874718,2024,actual,130.0,8.0,1.0,56.0,10.0,408.0,1.0,3.0,-23.0,64.0,4.0,2.0,19.0,976.55,42.0,5.0,4.0,86.0,62499.0,33.0,23.0,5.0,437.0,1236.0,,,212.6,3.32
4874718,2025,projected,132.0,10.0,1.0,62.0,12.0,,1.0,,-22.0,76.0,5.0,2.0,15.0,984.0,39.0,6.0,5.0,78.0,74784.0,36.0,24.0,6.0,,,,,199.7,2.63
4874718,2025,actual,180.0,12.0,0.0,69.0,12.0,474.0,0.0,2.0,0.0,76.0,6.0,0.0,22.0,1012.53,52.0,6.0,6.0,38.0,76952.0,31.0,30.0,6.0,487.0,1510.0,,,223.4,2.94
4874718,2026,projected,192.0,17.0,,69.0,17.0,,,,12.0,78.0,8.0,,27.0,1014.0,61.0,9.0,9.0,52.0,79092.0,35.0,34.0,8.0,,,,,259.9,3.33
4874718,2026,actual,146.0,11.0,0.0,95.0,11.0,395.0,0.0,3.0,-15.0,75.0,6.0,0.0,17.0,919.19,41.0,5.0,5.0,42.0,68939.0,33.0,24.0,6.0,373.0,1431.0,,,194.0,2.59
4874718,2027,projected,155.0,11.0,,93.0,11.0,,,,-13.0,75.0,6.0,,18.0,915.4,44.0,5.0,5.0,49.0,68655.0,33.0,26.0,6.0,,,,,203.55,2.71
4874718,2027,actual,,,,,,,,,,,,,,,,,,,,,,,,,,,,
4874721,2023,projected,117.0,7.0,0.0,33.0,7.0,4.0,0.0,0.0,-9.0,68.0,3.0,0.0,13.0,948.0,37.0,4.0,4.0,10.0,64464.0,18.0,24.0,3.0,2.0,344.0,,,138.55,2.04
4874721,2023,actual,18.0,1.0,0.0,7.0,1.0,4.0,0.0,0.0,-5.0,8.0,0.0,0.0,2.0,1190.25,3.0,1.0,1.0,6.0,9522.0,6.0,1.0,0.0,2.0,181.0,,,19.7,2.46
4874721,2024,projected,137.0,9.0,0.0,49.0,9.0,158.0,1.0,5.0,-14.0,60.0,3.0,1.0,13.0,1068.0,36.0,6.0,6.0,44.0,64080.0,37.0,23.0,3.0,72.0,1697.0,1.0,,179.65,2.99
4874721,2024,actual,128.0,16.0,0.0,30.0,17.0,158.0,1.0,5.0,-45.0,80.0,8.0,1.0,16.0,1119.72,45.0,9.0,8.0,30.0,89578.0,72.0,29.0,8.0,72.0,1697.0,1.0,,213.0,2.66
4874721,2025,projected,183.0,20.0,,41.0,20.0,,,,-33.0,78.0,9.0,,21.0,1116.0,56.0,11.0,11.0,44.0,87048.0,79.0,35.0,9.0,,,,,258.85,3.32
4874721,2025,actual,151.0,16.0,1.0,54.0,19.0,25.0,2.0,2.0,-7.0,77.0,6.0,3.0,17.0,1173.19,58.0,12.0,10.0,29.0,90336.0,46.0,41.0,7.0,11.0,1639.0,,,230.65,3.0
4874721,2026,projected,162.0,18.0,1.0,49.0,20.0,,1.0,,-16.0,78.0,9.0,2.0,21.0,1170.0,57.0,10.0,9.0,30.0,91260.0,59.0,36.0,10.0,,,,,241.4,3.09
4874721,2026,actual,176.0,16.0,0.0,72.0,16.0,20.0,0.0,1.0,-31.0,78.0,3.0,0.0,15.0,1112.45,53.0,13.0,13.0,32.0,86771.0,51.0,38.0,3.0,11.0,1580.0,,,224.2,2.87
4874721,2027,projected,167.0,15.0,,68.0,15.0,,,,-19.0,81.0,6.0,,19.0,1108.62,52.0,9.0,9.0,31.0,89798.22,55.0,33.0,6.0,,,,,225.05,2.78
4874721,2027,actual,,,,,,,,,,,,,,,,,,,,,,,,,,,,
4874723,2023,projected,,,,,,,,,,,,,,,,,,,,,,,,,,,,
4874723,2023,actual,53.0,6.0,0.0,18.0,6.0,2.0,0.0,1.0,-7.0,33.0,4.0,0.0,6.0,786.73,15.0,2.0,2.0,10.0,25962.0,11.0,9.0,4.0,2.0,601.0,,,67.55,2.05
4874723,2024,projected,,,,,,,,,,,,,,,,,,,,,,,,,,,,
4874723,2024,actual,121.0,13.0,1.0,32.0,15.0,23.0,1.0,4.0,-1.0,45.0,9.0,2.0,18.0,976.73,35.0,5.0,4.0,14.0,43953.0,24.0,17.0,10.0,6.0,900.0,,,158.45,3.52
4874723,2025,projected,171.0,17.0,1.0,49.0,19.0,,1.0,,-10.0,78.0,10.0,2.0,24.0,972.0,51.0,8.0,7.0,28.0,75816.0,38.0,27.0,11.0,,,,,223.15,2.86
4874723,2025,actual,204.0,29.0,0.0,53.0,29.0,19.0,0.0,9.0,-4.0,70.0,12.0,0.0,27.0,1019.83,60.0,17.0,17.0,26.0,71388.0,42.0,33.0,12.0,10.0,1445.0,,,266.8,3.81
4874723,2026,projected,233.0,33.0,,56.0,33.0,,,,-10.0,77.0,13.0,,31.0,1002.0,68.0,20.0,20.0,32.0,77154.0,48.0,37.0,13.0,,,,,293.85,3.82
4874723,2026,actual,242.0,24.0,0.0,66.0,24.0,37.0,0.0,6.0,7.0,79.0,9.0,0.0,40.0,1043.78,73.0,15.0,15.0,28.0,82459.0,28.0,33.0,9.0,26.0,1691.0,1.0,,306.6,3.88
4874723,2027,projected,232.0,24.0,,60.0,24.0,,,,4.0,77.0,10.0,,38.0,1029.71,71.0,14.0,14.0,28.0,79287.67,29.0,33.0,10.0,,,,,289.5,3.76
4874723,2027,actual,,,,,,,,,,,,,,,,,,,,,,,,,,,,
4874725,2023,projected,166.0,10.0,0.0,112.0,10.0,388.0,0.0,0.0,-8.0,80.0,2.0,0.0,19.0,972.0,42.0,8.0,8.0,42.0,77760.0,46.0,23.0,2.0,308.0,203.0,,,205.7,2.57
4874725,2023,actual,93.0,3.0,0.0,105.0,3.0,388.0,0.0,0.0,-23.0,64.0,2.0,0.0,3.0,798.55,11.0,1.0,1.0,22.0,51107.0,36.0,8.0,2.0,308.0,1160.0,,,90.25,1.41
4874725,2024,projected,,,,,,,,,,,,,,,,,,,,,,,,,,,,
4874725,2024,actual,157.0,1.0,0.0,105.0,2.0,522.0,1.0,1.0,-4.0,77.0,1.0,1.0,13.0,967.17,32.0,1.0,0.0,46.0,74472.0,74.0,19.0,1.0,450.0,1602.0,1.0,,192.75,2.5
4874725,2025,projected,,,,,,,,,,,,,,,,,,,,,,,,,,,,
4874725,2025,actual,129.0,3.0,1.0,73.0,5.0,350.0,1.0,2.0,-11.0,66.0,2.0,2.0,11.0,1014.82,33.0,2.0,1.0,35.0,66978.0,36.0,22.0,3.0,300.0,1357.0,,,159.55,2.42
4874725,2026,projected,,,,,,,,,,,,,,,,,,,,,,,,,,,,
4874725,2026,actual,136.0,1.0,0.0,112.0,1.0,68.0,0.0,1.0,2.0,81.0,0.0,0.0,8.0,913.26,33.0,1.0,1.0,37.0,73974.0,44.0,25.0,0.0,48.0,1593.0,,,161.2,1.99
4874725,2027,projected,142.0,1.0,,114.0,1.0,,,,,81.0,,,9.0,915.12,33.0,1.0,1.0,38.0,74125.04,45.0,24.0,,,,,,163.9,2.02
4874725,2027,actual,,,,,,,,,,,,,,,,,,,,,,,,,,,,
4874730,2023,projected,,,,,,,,,,,,,,,,,,,,,,,,,,,,
4874730,2023,actual,4.0,0.0,0.0,1.0,0.0,0.0,0.0,0.0,1.0,1.0,0.0,0.0,0.0,878.0,0.0,0.0,0.0,2.0,878.0,0.0,0.0,0.0,0.0,18.0,,,2.1,2.1
4874730,2024,projected,,,,,,,,,,,,,,,,,,,,,,,,,,,,
4874730,2024,actual,58.0,1.0,0.0,6.0,1.0,14.0,0.0,0.0,-15.0,34.0,1.0,0.0,3.0,756.68,9.0,0.0,0.0,4.0,25727.0,7.0,6.0,1.0,5.0,555.0,,,42.6,1.25
4874730,2025,projected,,,,,,,,,,,,,,,,,,,,,,,,,,,,
4874730,2025,actual,180.0,17.0,0.0,36.0,17.0,91.0,0.0,4.0,6.0,77.0,5.0,0.0,24.0,1054.78,47.0,12.0,12.0,25.0,81218.0,37.0,23.0,5.0,68.0,1645.0,,,212.6,2.76
4874730,2026,projected,248.0,25.0,,41.0,25.0,,,,16.0,78.0,7.0,,36.0,1008.0,70.0,18.0,18.0,42.0,78624.0,42.0,34.0,7.0,,,,,300.1,3.85
4874730,2026,actual,197.0,15.0,0.0,23.0,15.0,106.0,0.0,3.0,-29.0,80.0,7.0,0.0,18.0,998.6,45.0,8.0,8.0,32.0,79888.0,22.0,27.0,7.0,70.0,1638.0,,,200.55,2.51
4874730,2027,projected,197.0,16.0,,26.0,16.0,,,,-25.0,84.0,7.0,,19.0,1048.76,48.0,9.0,9.0,33.0,88095.84,29.0,29.0,7.0,,,,,209.35,2.49
4874730,2027,actual,,,,,,,,,,,,,,,,,,,,,,,,,,,,
4874731,2023,projected,,,,,,,,,,,,,,,,,,,,,,,,,,,,
4874731,2023,actual,,,,,,,,,,,,,,,,,,,,,,,,,,,,
4874731,2024,projected,,,,,,,,,,,,,,,,,,,,,,,,,,,,
4874731,2024,actual,8.0,0.0,0.0,0.0,0.0,5.0,0.0,0.0,-3.0,7.0,0.0,0.0,0.0,515.14,0.0,0.0,0.0,0.0,3606.0,2.0,0.0,0.0,1.0,78.0,,,3.0,0.43
4874731,2025,projected,,,,,,,,,,,,,,,,,,,,,,,,,,,,
4874731,2025,actual,8.0,0.0,0.0,3.0,0.0,0.0,0.0,0.0,-3.0,8.0,0.0,0.0,0.0,578.38,1.0,0.0,0.0,0.0,4627.0,2.0,1.0,0.0,0.0,121.0,,,5.3,0.66
4874731,2026,projected,,,,,,,,,,,,,,,,,,,,,,,,,,,,
4874731,2026,actual,35.0,3.0,0.0,17.0,3.0,2.0,0.0,0.0,-5.0,37.0,1.0,0.0,6.0,690.27,10.0,2.0,2.0,0.0,25540.0,20.0,4.0,1.0,1.0,573.0,,,48.45,1.31
4874731,2027,projected,,,,,,,,,,,,,,,,,,,,,,,,,,,,
4874731,2027,actual,,,,,,,,,,,,,,,,,,,,,,,,,,,,
4874733,2023,projected,,,,,,,,,,,,,,,,,,,,,,,,,,,,
4874733,2023,actual,,,,,,,,,,,,,,,,,,,,,,,,,,,,
4874733,2024,projected,,,,,,,,,,,,,,,,,,,,,,,,,,,,
4874733,2024,actual,6.0,0.0,0.0,5.0,0.0,0.0,0.0,0.0,0.0,3.0,0.0,0.0,0.0,545.0,0.0,0.0,0.0,0.0,1635.0,1.0,0.0,0.0,0.0,35.0,,,2.5,0.83
4874733,2025,projected,,,,,,,,,,,,,,,,,,,,,,,,,,,,
4874733,2025,actual,20.0,0.0,0.0,43.0,0.0,3.0,0.0,0.0,7.0,22.0,0.0,0.0,0.0,598.27,2.0,0.0,0.0,2.0,13162.0,7.0,2.0,0.0,0.0,327.0,,,17.8,0.81
4874733,2026,projected,,,,,,,,,,,,,,,,,,,,,,,,,,,,
4874733,2026,actual,15.0,1.0,0.0,44.0,1.0,3.0,0.0,0.0,-8.0,19.0,0.0,0.0,2.0,600.11,3.0,1.0,1.0,11.0,11402.0,8.0,1.0,0.0,0.0,284.0,,,26.15,1.38
4874733,2027,projected,,,,,,,,,,,,,,,,,,,,,,,,,,,,
4874733,2027,actual,,,,,,,,,,,,,,,,,,,,,,,,,,,,
4874734,2023,projected,,,,,,,,,,,,,,,,,,,,,,,,,,,,
4874734,2023,actual,,,,,,,,,,,,,,,,,,,,,,,,,,,,
4874734,2024,projected,,,,,,,,,,,,,,,,,,,,,,,,,,,,
4874734,2024,actual,38.0,0.0,0.0,12.0,0.0,1.0,0.0,0.0,0.0,25.0,0.0,0.0,5.0,720.92,9.0,0.0,0.0,6.0,18023.0,12.0,4.0,0.0,1.0,368.0,,,42.7,1.71
4874734,2025,projected,,,,,,,,,,,,,,,,,,,,,,,,,,,,
4874734,2025,actual,120.0,12.0,0.0,108.0,12.0,9.0,0.0,0.0,20.0,72.0,7.0,0.0,19.0,768.38,36.0,5.0,5.0,37.0,55323.0,36.0,17.0,7.0,5.0,1225.0,,,177.8,2.47
4874734,2026,projected,166.0,19.0,,124.0,19.0,,,,25.0,77.0,9.0,,26.0,768.0,52.0,10.0,10.0,52.0,59136.0,47.0,26.0,9.0,,,,,247.4,3.21
4874734,2026,actual,101.0,6.0,0.0,170.0,6.0,19.0,0.0,3.0,-6.0,78.0,3.0,0.0,12.0,817.88,30.0,3.0,3.0,28.0,63795.0,43.0,18.0,3.0,19.0,1272.0,,,157.25,2.02
4874734,2027,projected,102.0,6.0,,153.0,6.0,,,,-2.0,75.0,3.0,,13.0,758.87,30.0,3.0,3.0,29.0,56915.03,41.0,17.0,3.0,,,,,153.3,2.04
4874734,2027,actual,,,,,,,,,,,,,,,,,,,,,,,,,,,,
4874736,2023,projected,,,,,,,,,,,,,,,,,,,,,,,,,,,,
4874736,2023,actual,,,,,,,,,,,,,,,,,,,,,,,,,,,,
4874736,2024,projected,,,,,,,,,,,,,,,,,,,,,,,,,,,,
4874736,2024,actual,,,,,,,,,,,,,,,,,,,,,,,,,,,,
4874736,2025,projected,,,,,,,,,,,,,,,,,,,,,,,,,,,,
4874736,2025,actual,64.0,5.0,0.0,32.0,5.0,212.0,0.0,2.0,-17.0,52.0,2.0,0.0,8.0,773.1,17.0,3.0,3.0,14.0,40201.0,24.0,9.0,2.0,123.0,867.0,,,85.7,1.65
4874736,2026,projected,,,,,,,,,,,,,,,,,,,,,,,,,,,,
4874736,2026,actual,70.0,0.0,1.0,60.0,1.0,314.0,0.0,0.0,-6.0,70.0,0.0,1.0,4.0,724.6,17.0,0.0,0.0,22.0,50722.0,29.0,13.0,1.0,235.0,1053.0,,,89.0,1.27
4874736,2027,projected,,,,,,,,,,,,,,,,,,,,,,,,,,,,
4874736,2027,actual,,,,,,,,,,,,,,,,,,,,,,,,,,,,
4874739,2023,projected,,,,,,,,,,,,,,,,,,,,,,,,,,,,
4874739,2023,actual,,,,,,,,,,,,,,,,,,,,,,,,,,,,
4874739,2024,projected,,,,,,,,,,,,,,,,,,,,,,,,,,,,
4874739,2024,actual,,,,,,,,,,,,,,,,,,,,,,,,,,,,
4874739,2025,projected,,,,,,,,,,,,,,,,,,,,,,,,,,,,
4874739,2025,actual,,,,,,,,,,,,,,,,,,,,,,,,,,,,
4874739,2026,projected,,,,,,,,,,,,,,,,,,,,,,,,,,,,
4874739,2026,actual,3.0,0.0,0.0,3.0,0.0,0.0,0.0,0.0,-1.0,2.0,0.0,0.0,0.0,357.5,0.0,0.0,0.0,0.0,715.0,0.0,0.0,0.0,0.0,18.0,,,1.05,0.53
4874739,2027,projected,,,,,,,,,,,,,,,,,,,,,,,,,,,,
4874739,2027,actual,,,,,,,,,,,,,,,,,,,,,,,,,,,,
4874740,2023,projected,,,,,,,,,,,,,,,,,,,,,,,,,,,,
4874740,2023,actual,160.0,7.0,0.0,22.0,7.0,190.0,0.0,3.0,6.0,82.0,3.0,0.0,24.0,928.9,41.0,4.0,4.0,20.0,76170.0,31.0,17.0,3.0,145.0,1636.0,,,181.7,2.22
4874740,2024,projected,116.0,5.0,3.0,17.0,5.0,316.0,0.0,3.0,5.0,63.0,2.0,3.0,14.0,930.0,25.0,3.0,3.0,16.0,58590.0,20.0,11.0,2.0,318.0,1788.0,1.0,,128.2,2.03
4874740,2024,actual,216.0,10.0,3.0,49.0,13.0,316.0,0.0,3.0,14.0,82.0,3.0,3.0,32.0,1020.15,65.0,7.0,7.0,36.0,83652.0,42.0,33.0,6.0,318.0,1788.0,1.0,,278.4,3.4
4874740,2025,projected,258.0,22.0,2.0,57.0,26.0,,2.0,,23.0,82.0,9.0,4.0,36.0,1008.0,64.0,15.0,13.0,42.0,82656.0,48.0,28.0,11.0,,,,,300.7,3.67
4874740,2025,actual,202.0,25.0,3.0,45.0,28.0,444.0,0.0,4.0,2.0,82.0,11.0,3.0,33.0,1135.55,71.0,14.0,14.0,14.0,93115.0,47.0,38.0,14.0,465.0,1852.0,2.0,,294.5,3.59
4874740,2026,projected,223.0,24.0,3.0,48.0,30.0,,3.0,,18.0,82.0,9.0,6.0,35.0,1116.0,76.0,18.0,15.0,22.0,91512.0,49.0,41.0,12.0,,,,,308.55,3.76
4874740,2026,actual,206.0,42.0,0.0,56.0,42.0,442.0,0.0,4.0,-5.0,82.0,27.0,0.0,45.0,1207.4,86.0,15.0,15.0,32.0,99007.0,55.0,41.0,27.0,402.0,1806.0,1.0,,359.1,4.38
4874740,2027,projected,203.0,37.0,,53.0,37.0,,,,-3.0,84.0,23.0,,42.0,1213.17,85.0,14.0,14.0,30.0,101906.28,54.0,43.0,23.0,,,,,340.05,4.05
4874740,2027,actual,,,,,,,,,,,,,,,,,,,,,,,,,,,,
4874741,2023,projected,,,,,,,,,,,,,,,,,,,,,,,,,,,,
4874741,2023,actual,,,,,,,,,,,,,,,,,,,,,,,,,,,,
4874741,2024,projected,,,,,,,,,,,,,,,,,,,,,,,,,,,,
4874741,2024,actual,11.0,0.0,0.0,5.0,0.0,1.0,0.0,0.0,-3.0,7.0,0.0,0.0,0.0,722.29,0.0,0.0,0.0,0.0,5056.0,3.0,0.0,0.0,0.0,112.0,,,4.75,0.68
4874741,2025,projected,,,,,,,,,,,,,,,,,,,,,,,,,,,,
4874741,2025,actual,129.0,11.0,0.0,134.0,11.0,1.0,0.0,5.0,-4.0,72.0,4.0,0.0,15.0,799.33,31.0,7.0,7.0,12.0,57552.0,32.0,16.0,4.0,0.0,1275.0,,,157.15,2.18
4874741,2026,projected,148.0,15.0,,148.0,15.0,,,,7.0,75.0,5.0,,15.0,798.0,36.0,10.0,10.0,28.0,59850.0,33.0,21.0,5.0,,,,,179.3,2.39
4874741,2026,actual,161.0,10.0,0.0,136.0,10.0,7.0,0.0,1.0,-5.0,77.0,4.0,0.0,12.0,868.18,32.0,6.0,6.0,30.0,66850.0,33.0,20.0,4.0,5.0,1445.0,,,169.35,2.2
4874741,2027,projected,,,,,,,,,,,,,,,,,,,,,,,,,,,,
4874741,2027,actual,,,,,,,,,,,,,,,,,,,,,,,,,,,,
4874744,2023,projected,,,,,,,,,,,,,,,,,,,,,,,,,,,,
4874744,2023,actual,,,,,,,,,,,,,,,,,,,,,,,,,,,,
4874744,2024,projected,,,,,,,,,,,,,,,,,,,,,,,,,,,,
4874744,2024,actual,,,,,,,,,,,,,,,,,,,,,,,,,,,,
4874744,2025,projected,,,,,,,,,,,,,,,,,,,,,,,,,,,,
4874744,2025,actual,78.0,1.0,0.0,198.0,1.0,4.0,0.0,0.0,-6.0,62.0,0.0,0.0,5.0,722.52,15.0,1.0,1.0,63.0,44796.0,25.0,10.0,0.0,0.0,1033.0,,,118.8,1.92
4874744,2026,projected,,,,,,,,,,,,,,,,,,,,,,,,,,,,
4874744,2026,actual,32.0,1.0,0.0,64.0,1.0,4.0,0.0,0.0,3.0,25.0,0.0,0.0,4.0,803.44,5.0,1.0,1.0,21.0,20086.0,15.0,1.0,0.0,3.0,448.0,,,46.9,1.88
4874744,2027,projected,,,,,,,,,,,,,,,,,,,,,,,,,,,,
4874744,2027,actual,,,,,,,,,,,,,,,,,,,,,,,,,,,,
4874870,2023,projected,,,,,,,,,,,,,,,,,,,,,,,,,,,,
4874870,2023,actual,,,,,,,,,,,,,,,,,,,,,,,,,,,,
4874870,2024,projected,,,,,,,,,,,,,,,,,,,,,,,,,,,,
4874870,2024,actual,23.0,0.0,0.0,7.0,0.0,7.0,0.0,1.0,6.0,11.0,0.0,0.0,5.0,738.55,9.0,0.0,0.0,0.0,8124.0,7.0,4.0,0.0,5.0,192.0,,,33.95,3.09
4874870,2025,projected,,,,,,,,,,,,,,,,,,,,,,,,,,,,
4874870,2025,actual,88.0,4.0,0.0,45.0,4.0,50.0,0.0,1.0,-2.0,51.0,3.0,0.0,7.0,811.12,19.0,1.0,1.0,8.0,41367.0,14.0,12.0,3.0,35.0,970.0,,,87.0,1.71
4874870,2026,projected,,,,,,,,,,,,,,,,,,,,,,,,,,,,
4874870,2026,actual,170.0,17.0,0.0,78.0,17.0,14.0,0.0,4.0,-4.0,82.0,9.0,0.0,25.0,951.99,52.0,8.0,8.0,25.0,78063.0,31.0,27.0,9.0,4.0,1690.0,,,224.3,2.74
4874870,2027,projected,141.0,13.0,,70.0,13.0,,,,-2.0,73.0,7.0,,20.0,926.16,44.0,6.0,6.0,20.0,67609.97,28.0,24.0,7.0,,,,,184.25,2.52
4874870,2027,actual,,,,,,,,,,,,,,,,,,,,,,,,,,,,
4874881,2023,projected,,,,,,,,,,,,,,,,,,,,,,,,,,,,
4874881,2023,actual,,,,,,,,,,,,,,,,,,,,,,,,,,,,
4874881,2024,projected,,,,,,,,,,,,,,,,,,,,,,,,,,,,
4874881,2024,actual,5.0,0.0,0.0,13.0,0.0,30.0,0.0,0.0,-1.0,7.0,0.0,0.0,0.0,629.86,0.0,0.0,0.0,0.0,4409.0,6.0,0.0,0.0,11.0,109.0,,,5.55,0.79
4874881,2025,projected,,,,,,,,,,,,,,,,,,,,,,,,,,,,
4874881,2025,actual,26.0,0.0,0.0,110.0,0.0,145.0,0.0,0.0,-8.0,56.0,0.0,0.0,1.0,565.16,4.0,0.0,0.0,45.0,31649.0,21.0,3.0,0.0,137.0,832.0,,,59.5,1.06
4874881,2026,projected,,,,,,,,,,,,,,,,,,,,,,,,,,,,
4874881,2026,actual,44.0,0.0,0.0,140.0,0.0,221.0,0.0,2.0,-11.0,59.0,0.0,0.0,4.0,605.68,7.0,0.0,0.0,45.0,35735.0,29.0,3.0,0.0,236.0,870.0,,,82.0,1.39
4874881,2027,projected,,,,,,,,,,,,,,,,,,,,,,,,,,,,
4874881,2027,actual,,,,,,,,,,,,,,,,,,,,,,,,,,,,
4874893,2023,projected,,,,,,,,,,,,,,,,,,,,,,,,,,,,
4874893,2023,actual,,,,,,,,,,,,,,,,,,,,,,,,,,,,
4874893,2024,projected,,,,,,,,,,,,,,,,,,,,,,,,,,,,
4874893,2024,actual,,,,,,,,,,,,,,,,,,,,,,,,,,,,
4874893,2025,projected,,,,,,,,,,,,,,,,,,,,,,,,,,,,
4874893,2025,actual,,,,,,,,,,,,,,,,,,,,,,,,,,,,
4874893,2026,projected,,,,,,,,,,,,,,,,,,,,,,,,,,,,
4874893,2026,actual,2.0,0.0,0.0,0.0,0.0,0.0,0.0,0.0,-1.0,3.0,0.0,0.0,0.0,437.33,0.0,0.0,0.0,0.0,1312.0,0.0,0.0,0.0,0.0,32.0,,,0.5,0.17
4874893,2027,projected,,,,,,,,,,,,,,,,,,,,,,,,,,,,
4874893,2027,actual,,,,,,,,,,,,,,,,,,,,,,,,,,,,
4874899,2023,projected,,,,,,,,,,,,,,,,,,,,,,,,,,,,
4874899,2023,actual,,,,,,,,,,,,,,,,,,,,,,,,,,,,
4874899,2024,projected,,,,,,,,,,,,,,,,,,,,,,,,,,,,
4874899,2024,actual,51.0,2.0,0.0,20.0,2.0,6.0,0.0,0.0,10.0,24.0,1.0,0.0,6.0,880.33,14.0,1.0,1.0,4.0,21128.0,11.0,8.0,1.0,11.0,467.0,,,57.75,2.41
4874899,2025,projected,,,,,,,,,,,,,,,,,,,,,,,,,,,,
4874899,2025,actual,194.0,8.0,0.0,48.0,8.0,106.0,0.0,5.0,-1.0,78.0,2.0,0.0,14.0,905.47,38.0,6.0,6.0,18.0,70627.0,33.0,24.0,2.0,87.0,1459.0,,,178.8,2.29
4874899,2026,projected,192.0,11.0,,57.0,11.0,,,,9.0,79.0,3.0,,21.0,918.0,48.0,8.0,8.0,28.0,72522.0,39.0,27.0,3.0,,,,,211.2,2.67
4874899,2026,actual,166.0,9.0,0.0,50.0,9.0,514.0,0.0,3.0,12.0,81.0,4.0,0.0,21.0,927.01,44.0,5.0,5.0,25.0,75088.0,22.0,23.0,4.0,409.0,1481.0,,,188.5,2.33
4874899,2027,projected,162.0,8.0,,48.0,8.0,,,,10.0,77.0,3.0,,19.0,898.0,41.0,5.0,5.0,22.0,69146.0,25.0,22.0,3.0,,,,,175.3,2.28
4874899,2027,actual,,,,,,,,,,,,,,,,,,,,,,,,,,,,
4874903,2023,projected,,,,,,,,,,,,,,,,,,,,,,,,,,,,
4874903,2023,actual,,,,,,,,,,,,,,,,,,,,,,,,,,,,
4874903,2024,projected,,,,,,,,,,,,,,,,,,,,,,,,,,,,
4874903,2024,actual,3.0,0.0,0.0,5.0,0.0,0.0,0.0,1.0,0.0,1.0,0.0,0.0,1.0,663.0,1.0,0.0,0.0,0.0,663.0,0.0,0.0,0.0,0.0,15.0,,,5.25,5.25
4874903,2025,projected,,,,,,,,,,,,,,,,,,,,,,,,,,,,
4874903,2025,actual,6.0,1.0,0.0,9.0,1.0,0.0,0.0,0.0,1.0,4.0,0.0,0.0,2.0,684.25,3.0,1.0,1.0,0.0,2737.0,4.0,1.0,0.0,0.0,55.0,,,12.9,3.23
4874903,2026,projected,,,,,,,,,,,,,,,,,,,,,,,,,,,,
4874903,2026,actual,9.0,0.0,0.0,16.0,0.0,0.0,0.0,0.0,0.0,11.0,0.0,0.0,0.0,551.45,0.0,0.0,0.0,14.0,6066.0,5.0,0.0,0.0,0.0,148.0,,,13.35,1.21
4874903,2027,projected,,,,,,,,,,,,,,,,,,,,,,,,,,,,
4874903,2027,actual,,,,,,,,,,,,,,,,,,,,,,,,,,,,
4874911,2023,projected,,,,,,,,,,,,,,,,,,,,,,,,,,,,
4874911,2023,actual,,,,,,,,,,,,,,,,,,,,,,,,,,,,
4874911,2024,projected,,,,,,,,,,,,,,,,,,,,,,,,,,,,
4874911,2024,actual,,,,,,,,,,,,,,,,,,,,,,,,,,,,
4874911,2025,projected,,,,,,,,,,,,,,,,,,,,,,,,,,,,
4874911,2025,actual,15.0,3.0,0.0,1.0,3.0,0.0,0.0,0.0,0.0,8.0,0.0,0.0,0.0,1086.88,7.0,3.0,3.0,4.0,8695.0,8.0,7.0,0.0,1.0,176.0,,,25.35,3.17
4874911,2026,projected,,,,,,,,,,,,,,,,,,,,,,,,,,,,
4874911,2026,actual,36.0,4.0,0.0,5.0,4.0,0.0,0.0,0.0,-10.0,39.0,1.0,0.0,2.0,764.26,7.0,3.0,3.0,10.0,29806.0,14.0,5.0,1.0,2.0,623.0,,,40.0,1.03
4874911,2027,projected,,,,,,,,,,,,,,,,,,,,,,,,,,,,
4874911,2027,actual,,,,,,,,,,,,,,,,,,,,,,,,,,,,
4874912,2023,projected,,,,,,,,,,,,,,,,,,,,,,,,,,,,
4874912,2023,actual,16.0,0.0,0.0,19.0,0.0,38.0,0.0,0.0,0.0,15.0,0.0,0.0,2.0,502.8,3.0,0.0,0.0,4.0,7542.0,5.0,1.0,0.0,45.0,190.0,,,18.4,1.23
4874912,2024,projected,,,,,,,,,,,,,,,,,,,,,,,,,,,,
4874912,2024,actual,,,,,,,,,,,,,,,,,,,,,,,,,,,,
4874912,2025,projected,,,,,,,,,,,,,,,,,,,,,,,,,,,,
4874912,2025,actual,34.0,1.0,0.0,80.0,1.0,142.0,0.0,0.0,-1.0,33.0,0.0,0.0,7.0,639.42,11.0,1.0,1.0,14.0,21101.0,7.0,4.0,0.0,191.0,544.0,,,56.5,1.71
4874912,2026,projected,,,,,,,,,,,,,,,,,,,,,,,,,,,,
4874912,2026,actual,65.0,0.0,0.0,165.0,0.0,308.0,0.0,1.0,-4.0,66.0,0.0,0.0,4.0,721.27,14.0,0.0,0.0,22.0,47604.0,16.0,10.0,0.0,469.0,1217.0,,,84.75,1.28
4874912,2027,projected,,,,,,,,,,,,,,,,,,,,,,,,,,,,
4874912,2027,actual,,,,,,,,,,,,,,,,,,,,,,,,,,,,
4874919,2023,projected,,,,,,,,,,,,,,,,,,,,,,,,,,,,
4874919,2023,actual,4.0,0.0,0.0,2.0,0.0,0.0,0.0,0.0,1.0,3.0,0.0,0.0,0.0,786.67,1.0,0.0,0.0,2.0,2360.0,2.0,1.0,0.0,0.0,54.0,,,5.2,1.73
4874919,2024,projected,151.0,11.0,1.0,68.0,12.0,1.0,0.0,3.0,8.0,77.0,3.0,1.0,19.0,990.0,49.0,8.0,8.0,24.0,76230.0,64.0,30.0,4.0,0.0,1421.0,,,217.55,2.83
4874919,2024,actual,115.0,2.0,0.0,153.0,2.0,1.0,0.0,3.0,9.0,80.0,0.0,0.0,15.0,820.65,35.0,2.0,2.0,45.0,65652.0,30.0,20.0,0.0,0.0,1421.0,,,170.55,2.13
4874919,2025,projected,172.0,8.0,,174.0,8.0,,,,12.0,81.0,2.0,,22.0,864.0,47.0,6.0,6.0,54.0,69984.0,35.0,25.0,2.0,,,,,225.9,2.79
4874919,2025,actual,152.0,15.0,0.0,181.0,16.0,1.0,1.0,6.0,7.0,78.0,5.0,1.0,29.0,1110.9,58.0,11.0,10.0,43.0,86650.0,41.0,29.0,5.0,0.0,1777.0,2.0,,266.1,3.41
4874919,2026,projected,166.0,19.0,,174.0,19.0,,,,11.0,79.0,6.0,,31.0,1068.0,63.0,13.0,13.0,46.0,84372.0,35.0,32.0,6.0,,,,,268.9,3.4
4874919,2026,actual,140.0,16.0,1.0,152.0,17.0,5.0,0.0,2.0,-30.0,79.0,6.0,1.0,23.0,1127.53,66.0,10.0,10.0,29.0,89075.0,32.0,43.0,7.0,1.0,1720.0,,,250.7,3.17
4874919,2027,projected,137.0,16.0,1.0,166.0,18.0,,1.0,,-22.0,81.0,6.0,2.0,25.0,1083.58,63.0,11.0,10.0,34.0,87769.98,33.0,38.0,7.0,,,,,249.35,3.08
4874919,2027,actual,,,,,,,,,,,,,,,,,,,,,,,,,,,,
4874921,2023,projected,,,,,,,,,,,,,,,,,,,,,,,,,,,,
4874921,2023,actual,,,,,,,,,,,,,,,,,,,,,,,,,,,,
4874921,2024,projected,,,,,,,,,,,,,,,,,,,,,,,,,,,,
4874921,2024,actual,,,,,,,,,,,,,,,,,,,,,,,,,,,,
4874921,2025,projected,,,,,,,,,,,,,,,,,,,,,,,,,,,,
4874921,2025,actual,,,,,,,,,,,,,,,,,,,,,,,,,,,,
4874921,2026,projected,,,,,,,,,,,,,,,,,,,,,,,,,,,,
4874921,2026,actual,2.0,0.0,0.0,0.0,0.0,3.0,0.0,0.0,-1.0,1.0,0.0,0.0,0.0,690.0,0.0,0.0,0.0,0.0,690.0,0.0,0.0,0.0,3.0,15.0,,,0.5,0.5
4874921,2027,projected,,,,,,,,,,,,,,,,,,,,,,,,,,,,
4874921,2027,actual,,,,,,,,,,,,,,,,,,,,,,,,,,,,
4874923,2023,projected,,,,,,,,,,,,,,,,,,,,,,,,,,,,
4874923,2023,actual,,,,,,,,,,,,,,,,,,,,,,,,,,,,
4874923,2024,projected,,,,,,,,,,,,,,,,,,,,,,,,,,,,
4874923,2024,actual,,,,,,,,,,,,,,,,,,,,,,,,,,,,
4874923,2025,projected,,,,,,,,,,,,,,,,,,,,,,,,,,,,
4874923,2025,actual,29.0,0.0,0.0,150.0,0.0,149.0,0.0,1.0,1.0,50.0,0.0,0.0,4.0,519.26,7.0,0.0,0.0,25.0,25963.0,16.0,3.0,0.0,129.0,580.0,,,61.75,1.24
4874923,2026,projected,,,,,,,,,,,,,,,,,,,,,,,,,,,,
4874923,2026,actual,38.0,0.0,0.0,144.0,0.0,138.0,0.0,0.0,-6.0,53.0,0.0,0.0,5.0,478.77,9.0,0.0,0.0,50.0,25375.0,17.0,4.0,0.0,114.0,593.0,,,80.4,1.52
4874923,2027,projected,,,,,,,,,,,,,,,,,,,,,,,,,,,,
4874923,2027,actual,,,,,,,,,,,,,,,,,,,,,,,,,,,,
4874940,2023,projected,,,,,,,,,,,,,,,,,,,,,,,,,,,,
4874940,2023,actual,,,,,,,,,,,,,,,,,,,,,,,,,,,,
4874940,2024,projected,,,,,,,,,,,,,,,,,,,,,,,,,,,,
4874940,2024,actual,,,,,,,,,,,,,,,,,,,,,,,,,,,,
4874940,2025,projected,,,,,,,,,,,,,,,,,,,,,,,,,,,,
4874940,2025,actual,27.0,0.0,0.0,86.0,0.0,5.0,0.0,0.0,-3.0,25.0,0.0,0.0,2.0,727.68,7.0,0.0,0.0,17.0,18192.0,12.0,5.0,0.0,7.0,384.0,,,45.85,1.83
4874940,2026,projected,,,,,,,,,,,,,,,,,,,,,,,,,,,,
4874940,2026,actual,58.0,2.0,0.0,219.0,2.0,45.0,0.0,1.0,-15.0,61.0,1.0,0.0,5.0,688.67,13.0,1.0,1.0,52.0,42009.0,29.0,8.0,1.0,26.0,957.0,,,110.4,1.81
4874940,2027,projected,,,,,,,,,,,,,,,,,,,,,,,,,,,,
4874940,2027,actual,,,,,,,,,,,,,,,,,,,,,,,,,,,,
4874943,2023,projected,,,,,,,,,,,,,,,,,,,,,,,,,,,,
4874943,2023,actual,,,,,,,,,,,,,,,,,,,,,,,,,,,,
4874943,2024,projected,,,,,,,,,,,,,,,,,,,,,,,,,,,,
4874943,2024,actual,,,,,,,,,,,,,,,,,,,,,,,,,,,,
4874943,2025,projected,,,,,,,,,,,,,,,,,,,,,,,,,,,,
4874943,2025,actual,16.0,1.0,0.0,1.0,1.0,32.0,0.0,0.0,-5.0,18.0,0.0,0.0,0.0,653.39,2.0,1.0,1.0,2.0,11761.0,8.0,2.0,0.0,24.0,260.0,,,13.6,0.76
4874943,2026,projected,,,,,,,,,,,,,,,,,,,,,,,,,,,,
4874943,2026,actual,131.0,1.0,1.0,32.0,4.0,366.0,2.0,2.0,4.0,82.0,1.0,3.0,22.0,868.5,37.0,2.0,0.0,22.0,71217.0,68.0,15.0,2.0,306.0,1517.0,,,183.95,2.24
4874943,2027,projected,111.0,1.0,1.0,27.0,3.0,,1.0,,2.0,75.0,1.0,2.0,19.0,862.95,32.0,1.0,,19.0,64721.03,61.0,13.0,2.0,,,,,157.45,2.1
4874943,2027,actual,,,,,,,,,,,,,,,,,,,,,,,,,,,,
4894222,2023,projected,,,,,,,,,,,,,,,,,,,,,,,,,,,,
4894222,2023,actual,,,,,,,,,,,,,,,,,,,,,,,,,,,,
4894222,2024,projected,,,,,,,,,,,,,,,,,,,,,,,,,,,,
4894222,2024,actual,7.0,0.0,0.0,30.0,0.0,0.0,0.0,0.0,2.0,11.0,0.0,0.0,2.0,504.64,2.0,0.0,0.0,2.0,5551.0,2.0,0.0,0.0,0.0,142.0,,,12.75,1.16
4894222,2025,projected,,,,,,,,,,,,,,,,,,,,,,,,,,,,
4894222,2025,actual,40.0,0.0,0.0,94.0,0.0,4.0,0.0,2.0,-5.0,51.0,0.0,0.0,5.0,556.41,9.0,0.0,0.0,27.0,28377.0,34.0,4.0,0.0,0.0,690.0,,,74.9,1.47
4894222,2026,projected,,,,,,,,,,,,,,,,,,,,,,,,,,,,
4894222,2026,actual,31.0,0.0,0.0,65.0,0.0,14.0,0.0,1.0,1.0,35.0,0.0,0.0,3.0,567.66,5.0,0.0,0.0,2.0,19868.0,22.0,2.0,0.0,7.0,487.0,,,40.25,1.15
4894222,2027,projected,,,,,,,,,,,,,,,,,,,,,,,,,,,,
4894222,2027,actual,,,,,,,,,,,,,,,,,,,,,,,,,,,,
4894355,2023,projected,,,,,,,,,,,,,,,,,,,,,,,,,,,,
4894355,2023,actual,10.0,0.0,0.0,7.0,0.0,9.0,0.0,0.0,-3.0,6.0,0.0,0.0,2.0,803.33,3.0,0.0,0.0,4.0,4820.0,1.0,1.0,0.0,4.0,104.0,,,13.7,2.28
4894355,2024,projected,,,,,,,,,,,,,,,,,,,,,,,,,,,,
4894355,2024,actual,86.0,0.0,0.0,91.0,0.0,184.0,0.0,1.0,-10.0,71.0,0.0,0.0,10.0,856.42,26.0,0.0,0.0,26.0,60806.0,46.0,16.0,0.0,173.0,1286.0,,,129.6,1.83
4894355,2025,projected,113.0,,,111.0,,,,,-12.0,76.0,,,12.0,870.0,28.0,,,36.0,66120.0,57.0,16.0,,,,,,153.85,2.02
4894355,2025,actual,94.0,1.0,1.0,126.0,2.0,334.0,0.0,1.0,-6.0,61.0,0.0,1.0,9.0,863.07,21.0,1.0,1.0,18.0,52647.0,49.0,12.0,1.0,327.0,1164.0,,,124.1,2.03
4894355,2026,projected,,,,,,,,,,,,,,,,,,,,,,,,,,,,
4894355,2026,actual,2.0,0.0,0.0,3.0,0.0,14.0,0.0,0.0,-2.0,4.0,0.0,0.0,0.0,702.25,0.0,0.0,0.0,2.0,2809.0,4.0,0.0,0.0,17.0,71.0,,,3.8,0.95
4894355,2027,projected,,,,,,,,,,,,,,,,,,,,,,,,,,,,
4894355,2027,actual,,,,,,,,,,,,,,,,,,,,,,,,,,,,
4894398,2023,projected,,,,,,,,,,,,,,,,,,,,,,,,,,,,
4894398,2023,actual,,,,,,,,,,,,,,,,,,,,,,,,,,,,
4894398,2024,projected,,,,,,,,,,,,,,,,,,,,,,,,,,,,
4894398,2024,actual,,,,,,,,,,,,,,,,,,,,,,,,,,,,
4894398,2025,projected,,,,,,,,,,,,,,,,,,,,,,,,,,,,
4894398,2025,actual,44.0,0.0,0.0,28.0,1.0,83.0,1.0,0.0,1.0,73.0,0.0,1.0,4.0,702.22,16.0,1.0,0.0,8.0,51262.0,35.0,12.0,0.0,90.0,1171.0,,,72.3,0.99
4894398,2026,projected,,,,,,,,,,,,,,,,,,,,,,,,,,,,
4894398,2026,actual,42.0,0.0,1.0,29.0,1.0,40.0,0.0,1.0,10.0,72.0,0.0,1.0,5.0,741.53,12.0,0.0,0.0,10.0,53390.0,37.0,7.0,1.0,30.0,1232.0,,,68.9,0.96
4894398,2027,projected,,,,,,,,,,,,,,,,,,,,,,,,,,,,
4894398,2027,actual,,,,,,,,,,,,,,,,,,,,,,,,,,,,
4894419,2023,projected,,,,,,,,,,,,,,,,,,,,,,,,,,,,
4894419,2023,actual,,,,,,,,,,,,,,,,,,,,,,,,,,,,
4894419,2024,projected,,,,,,,,,,,,,,,,,,,,,,,,,,,,
4894419,2024,actual,,,,,,,,,,,,,,,,,,,,,,,,,,,,
4894419,2025,projected,,,,,,,,,,,,,,,,,,,,,,,,,,,,
4894419,2025,actual,,,,,,,,,,,,,,,,,,,,,,,,,,,,
4894419,2026,projected,,,,,,,,,,,,,,,,,,,,,,,,,,,,
4894419,2026,actual,3.0,0.0,0.0,8.0,0.0,0.0,0.0,0.0,1.0,4.0,0.0,0.0,0.0,378.25,1.0,0.0,0.0,0.0,1513.0,1.0,1.0,0.0,0.0,38.0,,,4.05,1.01
4894419,2027,projected,,,,,,,,,,,,,,,,,,,,,,,,,,,,
4894419,2027,actual,,,,,,,,,,,,,,,,,,,,,,,,,,,,
4894702,2023,projected,,,,,,,,,,,,,,,,,,,,,,,,,,,,
4894702,2023,actual,,,,,,,,,,,,,,,,,,,,,,,,,,,,
4894702,2024,projected,,,,,,,,,,,,,,,,,,,,,,,,,,,,
4894702,2024,actual,,,,,,,,,,,,,,,,,,,,,,,,,,,,
4894702,2025,projected,,,,,,,,,,,,,,,,,,,,,,,,,,,,
4894702,2025,actual,13.0,0.0,0.0,37.0,0.0,0.0,0.0,0.0,-4.0,17.0,0.0,0.0,1.0,492.12,2.0,0.0,0.0,15.0,8366.0,2.0,1.0,0.0,1.0,226.0,,,20.45,1.2
4894702,2026,projected,,,,,,,,,,,,,,,,,,,,,,,,,,,,
4894702,2026,actual,49.0,0.0,0.0,129.0,0.0,4.0,0.0,2.0,-2.0,59.0,0.0,0.0,9.0,638.95,15.0,0.0,0.0,21.0,37698.0,16.0,6.0,0.0,7.0,827.0,,,84.65,1.43
4894702,2027,projected,,,,,,,,,,,,,,,,,,,,,,,,,,,,
4894702,2027,actual,,,,,,,,,,,,,,,,,,,,,,,,,,,,
4894747,2023,projected,,,,,,,,,,,,,,,,,,,,,,,,,,,,
4894747,2023,actual,,,,,,,,,,,,,,,,,,,,,,,,,,,,
4894747,2024,projected,,,,,,,,,,,,,,,,,,,,,,,,,,,,
4894747,2024,actual,,,,,,,,,,,,,,,,,,,,,,,,,,,,
4894747,2025,projected,,,,,,,,,,,,,,,,,,,,,,,,,,,,
4894747,2025,actual,0.0,0.0,0.0,4.0,0.0,0.0,0.0,0.0,0.0,1.0,0.0,0.0,0.0,593.0,0.0,0.0,0.0,0.0,593.0,0.0,0.0,0.0,0.0,13.0,,,0.4,0.4
4894747,2026,projected,,,,,,,,,,,,,,,,,,,,,,,,,,,,
4894747,2026,actual,33.0,0.0,0.0,189.0,0.0,0.0,0.0,0.0,-9.0,36.0,0.0,0.0,2.0,562.0,5.0,0.0,0.0,32.0,20232.0,13.0,3.0,0.0,1.0,482.0,,,61.65,1.71
4894747,2027,projected,,,,,,,,,,,,,,,,,,,,,,,,,,,,
4894747,2027,actual,,,,,,,,,,,,,,,,,,,,,,,,,,,,
4894928,2023,projected,,,,,,,,,,,,,,,,,,,,,,,,,,,,
4894928,2023,actual,,,,,,,,,,,,,,,,,,,,,,,,,,,,
4894928,2024,projected,,,,,,,,,,,,,,,,,,,,,,,,,,,,
4894928,2024,actual,10.0,0.0,0.0,8.0,0.0,1.0,0.0,0.0,-1.0,9.0,0.0,0.0,0.0,560.33,0.0,0.0,0.0,0.0,5043.0,4.0,0.0,0.0,0.0,116.0,,,5.3,0.59
4894928,2025,projected,,,,,,,,,,,,,,,,,,,,,,,,,,,,
4894928,2025,actual,15.0,0.0,0.0,20.0,0.0,1.0,0.0,0.0,-11.0,12.0,0.0,0.0,0.0,650.0,1.0,0.0,0.0,2.0,7800.0,6.0,1.0,0.0,1.0,173.0,,,11.75,0.98
4894928,2026,projected,,,,,,,,,,,,,,,,,,,,,,,,,,,,
4894928,2026,actual,87.0,0.0,0.0,74.0,0.0,6.0,0.0,1.0,0.0,68.0,0.0,0.0,4.0,718.75,18.0,0.0,0.0,15.0,48875.0,33.0,14.0,0.0,0.0,1146.0,,,94.15,1.38
4894928,2027,projected,,,,,,,,,,,,,,,,,,,,,,,,,,,,
4894928,2027,actual,,,,,,,,,,,,,,,,,,,,,,,,,,,,
4895214,2023,projected,,,,,,,,,,,,,,,,,,,,,,,,,,,,
4895214,2023,actual,,,,,,,,,,,,,,,,,,,,,,,,,,,,
4895214,2024,projected,,,,,,,,,,,,,,,,,,,,,,,,,,,,
4895214,2024,actual,,,,,,,,,,,,,,,,,,,,,,,,,,,,
4895214,2025,projected,,,,,,,,,,,,,,,,,,,,,,,,,,,,
4895214,2025,actual,13.0,0.0,0.0,19.0,0.0,1.0,0.0,0.0,-1.0,12.0,0.0,0.0,0.0,616.5,1.0,0.0,0.0,7.0,7398.0,7.0,1.0,0.0,1.0,173.0,,,14.15,1.18
4895214,2026,projected,,,,,,,,,,,,,,,,,,,,,,,,,,,,
4895214,2026,actual,54.0,0.0,0.0,166.0,0.0,10.0,0.0,0.0,-9.0,58.0,0.0,0.0,3.0,529.14,9.0,0.0,0.0,55.0,30690.0,27.0,6.0,0.0,4.0,708.0,,,92.1,1.59
4895214,2027,projected,,,,,,,,,,,,,,,,,,,,,,,,,,,,
4895214,2027,actual,,,,,,,,,,,,,,,,,,,,,,,,,,,,
4895527,2023,projected,,,,,,,,,,,,,,,,,,,,,,,,,,,,
4895527,2023,actual,,,,,,,,,,,,,,,,,,,,,,,,,,,,
4895527,2024,projected,,,,,,,,,,,,,,,,,,,,,,,,,,,,
4895527,2024,actual,,,,,,,,,,,,,,,,,,,,,,,,,,,,
4895527,2025,projected,,,,,,,,,,,,,,,,,,,,,,,,,,,,
4895527,2025,actual,11.0,1.0,0.0,26.0,1.0,78.0,0.0,0.0,-2.0,21.0,1.0,0.0,3.0,629.38,5.0,0.0,0.0,2.0,13217.0,23.0,2.0,1.0,67.0,350.0,,,31.85,1.52
4895527,2026,projected,,,,,,,,,,,,,,,,,,,,,,,,,,,,
4895527,2026,actual,30.0,0.0,0.0,120.0,1.0,200.0,1.0,0.0,-1.0,46.0,0.0,1.0,2.0,676.57,6.0,1.0,0.0,2.0,31122.0,37.0,4.0,0.0,187.0,784.0,,,54.0,1.17
4895527,2027,projected,,,,,,,,,,,,,,,,,,,,,,,,,,,,
4895527,2027,actual,,,,,,,,,,,,,,,,,,,,,,,,,,,,
4915348,2023,projected,,,,,,,,,,,,,,,,,,,,,,,,,,,,
4915348,2023,actual,17.0,0.0,0.0,8.0,0.0,1.0,0.0,0.0,-3.0,14.0,0.0,0.0,1.0,632.5,3.0,0.0,0.0,4.0,8855.0,13.0,2.0,0.0,1.0,199.0,,,20.55,1.47
4915348,2024,projected,,,,,,,,,,,,,,,,,,,,,,,,,,,,
4915348,2024,actual,7.0,0.0,0.0,11.0,0.0,5.0,0.0,0.0,-1.0,5.0,0.0,0.0,0.0,693.8,0.0,0.0,0.0,2.0,3469.0,5.0,0.0,0.0,1.0,75.0,,,6.35,1.27
4915348,2025,projected,,,,,,,,,,,,,,,,,,,,,,,,,,,,
4915348,2025,actual,,,,,,,,,,,,,,,,,,,,,,,,,,,,
4915348,2026,projected,,,,,,,,,,,,,,,,,,,,,,,,,,,,
4915348,2026,actual,42.0,4.0,0.0,59.0,4.0,6.0,0.0,2.0,-4.0,24.0,4.0,0.0,9.0,800.92,10.0,0.0,0.0,20.0,19222.0,6.0,1.0,4.0,11.0,416.0,1.0,,67.4,2.81
4915348,2027,projected,,,,,,,,,,,,,,,,,,,,,,,,,,,,
4915348,2027,actual,,,,,,,,,,,,,,,,,,,,,,,,,,,,
4915349,2023,projected,123.0,7.0,0.0,51.0,7.0,5.0,0.0,0.0,-8.0,62.0,2.0,0.0,10.0,906.0,24.0,5.0,5.0,42.0,56172.0,14.0,14.0,2.0,5.0,366.0,,,126.35,2.04
4915349,2023,actual,42.0,2.0,0.0,53.0,2.0,5.0,0.0,0.0,-13.0,39.0,1.0,0.0,4.0,732.92,10.0,1.0,1.0,33.0,28584.0,24.0,6.0,1.0,5.0,572.0,,,69.8,1.79
4915349,2024,projected,153.0,14.0,0.0,131.0,14.0,10.0,0.0,2.0,-17.0,78.0,4.0,0.0,22.0,930.0,55.0,10.0,10.0,66.0,72540.0,69.0,33.0,4.0,10.0,1618.0,1.0,,264.85,3.4
4915349,2024,actual,152.0,14.0,0.0,139.0,14.0,10.0,0.0,2.0,-19.0,82.0,6.0,0.0,20.0,1076.15,50.0,8.0,8.0,55.0,88244.0,71.0,30.0,6.0,10.0,1618.0,1.0,,249.9,3.05
4915349,2025,projected,171.0,16.0,,157.0,16.0,,,,-18.0,80.0,7.0,,26.0,1086.0,63.0,9.0,9.0,48.0,86880.0,78.0,37.0,7.0,,,,,284.95,3.56
4915349,2025,actual,133.0,10.0,0.0,193.0,10.0,14.0,0.0,1.0,4.0,79.0,5.0,0.0,18.0,1040.94,51.0,5.0,5.0,45.0,82234.0,62.0,33.0,5.0,5.0,1482.0,,,234.55,2.97
4915349,2026,projected,141.0,13.0,,171.0,13.0,,,,7.0,80.0,6.0,,19.0,1062.0,51.0,7.0,7.0,20.0,84960.0,69.0,32.0,6.0,,,,,227.35,2.84
4915349,2026,actual,180.0,28.0,0.0,105.0,28.0,41.0,0.0,4.0,9.0,82.0,15.0,0.0,30.0,1112.24,73.0,13.0,13.0,52.0,91204.0,78.0,43.0,15.0,20.0,1653.0,,,322.0,3.93
4915349,2027,projected,170.0,25.0,,128.0,25.0,,,,6.0,84.0,13.0,,29.0,1110.0,71.0,12.0,12.0,52.0,93240.0,80.0,42.0,13.0,,,,,311.3,3.71
4915349,2027,actual,,,,,,,,,,,,,,,,,,,,,,,,,,,,
4915855,2023,projected,,,,,,,,,,,,,,,,,,,,,,,,,,,,
4915855,2023,actual,,,,,,,,,,,,,,,,,,,,,,,,,,,,
4915855,2024,projected,,,,,,,,,,,,,,,,,,,,,,,,,,,,
4915855,2024,actual,,,,,,,,,,,,,,,,,,,,,,,,,,,,
4915855,2025,projected,,,,,,,,,,,,,,,,,,,,,,,,,,,,
4915855,2025,actual,,,,,,,,,,,,,,,,,,,,,,,,,,,,
4915855,2026,projected,,,,,,,,,,,,,,,,,,,,,,,,,,,,
4915855,2026,actual,149.0,5.0,0.0,58.0,5.0,9.0,0.0,0.0,-3.0,66.0,2.0,0.0,13.0,910.45,31.0,3.0,3.0,26.0,60090.0,18.0,18.0,2.0,4.0,1242.0,,,143.55,2.18
4915855,2027,projected,,,,,,,,,,,,,,,,,,,,,,,,,,,,
4915855,2027,actual,,,,,,,,,,,,,,,,,,,,,,,,,,,,
4915856,2023,projected,,,,,,,,,,,,,,,,,,,,,,,,,,,,
4915856,2023,actual,,,,,,,,,,,,,,,,,,,,,,,,,,,,
4915856,2024,projected,,,,,,,,,,,,,,,,,,,,,,,,,,,,
4915856,2024,actual,142.0,8.0,0.0,79.0,8.0,380.0,0.0,2.0,-6.0,75.0,6.0,0.0,18.0,807.41,34.0,2.0,2.0,52.0,60556.0,48.0,16.0,6.0,277.0,1379.0,,,188.4,2.51
4915856,2025,projected,166.0,10.0,,79.0,10.0,,,,-8.0,76.0,7.0,,23.0,798.0,44.0,3.0,3.0,56.0,60648.0,39.0,21.0,7.0,,,,,216.4,2.85
4915856,2025,actual,154.0,11.0,0.0,71.0,11.0,52.0,0.0,1.0,17.0,73.0,8.0,0.0,23.0,1007.22,47.0,3.0,3.0,55.0,73527.0,47.0,24.0,8.0,37.0,1428.0,,,224.1,3.07
4915856,2026,projected,185.0,16.0,,84.0,16.0,,,,16.0,77.0,9.0,,27.0,1026.0,58.0,7.0,7.0,60.0,79002.0,51.0,31.0,9.0,,,,,265.65,3.45
4915856,2026,actual,110.0,9.0,0.0,105.0,9.0,19.0,0.0,1.0,-1.0,63.0,7.0,0.0,17.0,836.4,32.0,2.0,2.0,59.0,52693.0,27.0,15.0,7.0,6.0,1122.0,,,171.0,2.71
4915856,2027,projected,130.0,9.0,,106.0,9.0,,,,1.0,70.0,7.0,,19.0,892.3,36.0,2.0,2.0,57.0,62461.0,33.0,17.0,7.0,,,,,187.1,2.67
4915856,2027,actual,,,,,,,,,,,,,,,,,,,,,,,,,,,,
4996083,2023,projected,,,,,,,,,,,,,,,,,,,,,,,,,,,,
4996083,2023,actual,,,,,,,,,,,,,,,,,,,,,,,,,,,,
4996083,2024,projected,,,,,,,,,,,,,,,,,,,,,,,,,,,,
4996083,2024,actual,6.0,0.0,0.0,12.0,0.0,1.0,0.0,0.0,1.0,7.0,0.0,0.0,1.0,445.43,1.0,0.0,0.0,2.0,3118.0,1.0,0.0,0.0,1.0,77.0,,,7.2,1.03
4996083,2025,projected,,,,,,,,,,,,,,,,,,,,,,,,,,,,
4996083,2025,actual,3.0,0.0,0.0,1.0,0.0,0.0,0.0,0.0,0.0,2.0,0.0,0.0,0.0,311.0,0.0,0.0,0.0,0.0,622.0,1.0,0.0,0.0,1.0,14.0,,,1.35,0.68
4996083,2026,projected,,,,,,,,,,,,,,,,,,,,,,,,,,,,
4996083,2026,actual,0.0,0.0,0.0,12.0,0.0,0.0,0.0,0.0,1.0,4.0,0.0,0.0,0.0,454.75,0.0,0.0,0.0,0.0,1819.0,3.0,0.0,0.0,0.0,46.0,,,2.7,0.68
4996083,2027,projected,,,,,,,,,,,,,,,,,,,,,,,,,,,,
4996083,2027,actual,,,,,,,,,,,,,,,,,,,,,,,,,,,,
4996085,2023,projected,,,,,,,,,,,,,,,,,,,,,,,,,,,,
4996085,2023,actual,,,,,,,,,,,,,,,,,,,,,,,,,,,,
4996085,2024,projected,,,,,,,,,,,,,,,,,,,,,,,,,,,,
4996085,2024,actual,,,,,,,,,,,,,,,,,,,,,,,,,,,,
4996085,2025,projected,,,,,,,,,,,,,,,,,,,,,,,,,,,,
4996085,2025,actual,,,,,,,,,,,,,,,,,,,,,,,,,,,,
4996085,2026,projected,,,,,,,,,,,,,,,,,,,,,,,,,,,,
4996085,2026,actual,33.0,0.0,0.0,91.0,0.0,163.0,0.0,0.0,-6.0,39.0,0.0,0.0,2.0,723.13,5.0,0.0,0.0,14.0,28202.0,25.0,3.0,0.0,225.0,705.0,,,48.85,1.25
4996085,2027,projected,,,,,,,,,,,,,,,,,,,,,,,,,,,,
4996085,2027,actual,,,,,,,,,,,,,,,,,,,,,,,,,,,,
4996093,2023,projected,,,,,,,,,,,,,,,,,,,,,,,,,,,,
4996093,2023,actual,,,,,,,,,,,,,,,,,,,,,,,,,,,,
4996093,2024,projected,,,,,,,,,,,,,,,,,,,,,,,,,,,,
4996093,2024,actual,,,,,,,,,,,,,,,,,,,,,,,,,,,,
4996093,2025,projected,,,,,,,,,,,,,,,,,,,,,,,,,,,,
4996093,2025,actual,23.0,1.0,0.0,11.0,1.0,1.0,0.0,1.0,3.0,24.0,0.0,0.0,4.0,649.46,7.0,1.0,1.0,6.0,15587.0,16.0,3.0,0.0,0.0,331.0,,,37.35,1.56
4996093,2026,projected,,,,,,,,,,,,,,,,,,,,,,,,,,,,
4996093,2026,actual,91.0,4.0,0.0,53.0,4.0,5.0,0.0,0.0,8.0,62.0,2.0,0.0,12.0,734.21,24.0,2.0,2.0,18.0,45521.0,44.0,12.0,2.0,1.0,1035.0,,,122.05,1.97
4996093,2027,projected,,,,,,,,,,,,,,,,,,,,,,,,,,,,
4996093,2027,actual,,,,,,,,,,,,,,,,,,,,,,,,,,,,
4996099,2023,projected,,,,,,,,,,,,,,,,,,,,,,,,,,,,
4996099,2023,actual,,,,,,,,,,,,,,,,,,,,,,,,,,,,
4996099,2024,projected,,,,,,,,,,,,,,,,,,,,,,,,,,,,
4996099,2024,actual,,,,,,,,,,,,,,,,,,,,,,,,,,,,
4996099,2025,projected,,,,,,,,,,,,,,,,,,,,,,,,,,,,
4996099,2025,actual,31.0,0.0,0.0,18.0,0.0,63.0,0.0,0.0,1.0,29.0,0.0,0.0,3.0,619.86,7.0,0.0,0.0,0.0,17976.0,13.0,4.0,0.0,47.0,436.0,,,33.05,1.14
4996099,2026,projected,,,,,,,,,,,,,,,,,,,,,,,,,,,,
4996099,2026,actual,62.0,1.0,0.0,30.0,1.0,168.0,0.0,0.0,-13.0,66.0,0.0,0.0,13.0,703.14,19.0,1.0,1.0,26.0,46407.0,36.0,6.0,0.0,122.0,1102.0,,,101.0,1.53
4996099,2027,projected,,,,,,,,,,,,,,,,,,,,,,,,,,,,
4996099,2027,actual,,,,,,,,,,,,,,,,,,,,,,,,,,,,
4997013,2023,projected,,,,,,,,,,,,,,,,,,,,,,,,,,,,
4997013,2023,actual,,,,,,,,,,,,,,,,,,,,,,,,,,,,
4997013,2024,projected,,,,,,,,,,,,,,,,,,,,,,,,,,,,
4997013,2024,actual,,,,,,,,,,,,,,,,,,,,,,,,,,,,
4997013,2025,projected,,,,,,,,,,,,,,,,,,,,,,,,,,,,
4997013,2025,actual,,,,,,,,,,,,,,,,,,,,,,,,,,,,
4997013,2026,projected,,,,,,,,,,,,,,,,,,,,,,,,,,,,
4997013,2026,actual,6.0,0.0,0.0,4.0,0.0,0.0,0.0,0.0,-3.0,6.0,0.0,0.0,0.0,506.33,0.0,0.0,0.0,2.0,3038.0,0.0,0.0,0.0,0.0,75.0,,,2.9,0.48
4997013,2027,projected,,,,,,,,,,,,,,,,,,,,,,,,,,,,
4997013,2027,actual,,,,,,,,,,,,,,,,,,,,,,,,,,,,
4997026,2023,projected,,,,,,,,,,,,,,,,,,,,,,,,,,,,
4997026,2023,actual,,,,,,,,,,,,,,,,,,,,,,,,,,,,
4997026,2024,projected,,,,,,,,,,,,,,,,,,,,,,,,,,,,
4997026,2024,actual,,,,,,,,,,,,,,,,,,,,,,,,,,,,
4997026,2025,projected,,,,,,,,,,,,,,,,,,,,,,,,,,,,
4997026,2025,actual,0.0,0.0,0.0,0.0,0.0,0.0,0.0,0.0,0.0,1.0,0.0,0.0,0.0,70.0,0.0,0.0,0.0,0.0,70.0,0.0,0.0,0.0,0.0,2.0,,,0,0.0
4997026,2026,projected,,,,,,,,,,,,,,,,,,,,,,,,,,,,
4997026,2026,actual,3.0,0.0,0.0,10.0,0.0,1.0,0.0,0.0,-3.0,8.0,0.0,0.0,0.0,641.88,0.0,0.0,0.0,0.0,5135.0,6.0,0.0,0.0,0.0,125.0,,,4.75,0.59
4997026,2027,projected,,,,,,,,,,,,,,,,,,,,,,,,,,,,
4997026,2027,actual,,,,,,,,,,,,,,,,,,,,,,,,,,,,
4997033,2023,projected,,,,,,,,,,,,,,,,,,,,,,,,,,,,
4997033,2023,actual,,,,,,,,,,,,,,,,,,,,,,,,,,,,
4997033,2024,projected,,,,,,,,,,,,,,,,,,,,,,,,,,,,
4997033,2024,actual,,,,,,,,,,,,,,,,,,,,,,,,,,,,
4997033,2025,projected,,,,,,,,,,,,,,,,,,,,,,,,,,,,
4997033,2025,actual,,,,,,,,,,,,,,,,,,,,,,,,,,,,
4997033,2026,projected,,,,,,,,,,,,,,,,,,,,,,,,,,,,
4997033,2026,actual,56.0,0.0,0.0,58.0,0.0,137.0,0.0,0.0,4.0,43.0,0.0,0.0,7.0,734.21,15.0,0.0,0.0,8.0,31571.0,13.0,8.0,0.0,139.0,654.0,,,67.3,1.57
4997033,2027,projected,,,,,,,,,,,,,,,,,,,,,,,,,,,,
4997033,2027,actual,,,,,,,,,,,,,,,,,,,,,,,,,,,,
4997056,2023,projected,,,,,,,,,,,,,,,,,,,,,,,,,,,,
4997056,2023,actual,,,,,,,,,,,,,,,,,,,,,,,,,,,,
4997056,2024,projected,,,,,,,,,,,,,,,,,,,,,,,,,,,,
4997056,2024,actual,,,,,,,,,,,,,,,,,,,,,,,,,,,,
4997056,2025,projected,,,,,,,,,,,,,,,,,,,,,,,,,,,,
4997056,2025,actual,,,,,,,,,,,,,,,,,,,,,,,,,,,,
4997056,2026,projected,,,,,,,,,,,,,,,,,,,,,,,,,,,,
4997056,2026,actual,14.0,0.0,0.0,46.0,0.0,94.0,0.0,0.0,-5.0,23.0,0.0,0.0,1.0,616.17,3.0,0.0,0.0,2.0,14172.0,13.0,2.0,0.0,68.0,325.0,,,22.6,0.98
4997056,2027,projected,,,,,,,,,,,,,,,,,,,,,,,,,,,,
4997056,2027,actual,,,,,,,,,,,,,,,,,,,,,,,,,,,,
4997080,2023,projected,,,,,,,,,,,,,,,,,,,,,,,,,,,,
4997080,2023,actual,,,,,,,,,,,,,,,,,,,,,,,,,,,,
4997080,2024,projected,,,,,,,,,,,,,,,,,,,,,,,,,,,,
4997080,2024,actual,,,,,,,,,,,,,,,,,,,,,,,,,,,,
4997080,2025,projected,,,,,,,,,,,,,,,,,,,,,,,,,,,,
4997080,2025,actual,,,,,,,,,,,,,,,,,,,,,,,,,,,,
4997080,2026,projected,,,,,,,,,,,,,,,,,,,,,,,,,,,,
4997080,2026,actual,7.0,0.0,0.0,17.0,0.0,2.0,0.0,0.0,0.0,12.0,0.0,0.0,0.0,372.58,0.0,0.0,0.0,4.0,4471.0,1.0,0.0,0.0,0.0,113.0,,,5.95,0.5
4997080,2027,projected,,,,,,,,,,,,,,,,,,,,,,,,,,,,
4997080,2027,actual,,,,,,,,,,,,,,,,,,,,,,,,,,,,
4997092,2023,projected,,,,,,,,,,,,,,,,,,,,,,,,,,,,
4997092,2023,actual,,,,,,,,,,,,,,,,,,,,,,,,,,,,
4997092,2024,projected,,,,,,,,,,,,,,,,,,,,,,,,,,,,
4997092,2024,actual,2.0,0.0,0.0,2.0,0.0,1.0,0.0,0.0,0.0,2.0,0.0,0.0,0.0,497.0,0.0,0.0,0.0,0.0,994.0,0.0,0.0,0.0,0.0,28.0,,,0.7,0.35
4997092,2025,projected,,,,,,,,,,,,,,,,,,,,,,,,,,,,
4997092,2025,actual,2.0,0.0,0.0,2.0,0.0,0.0,0.0,0.0,-1.0,2.0,0.0,0.0,0.0,834.0,0.0,0.0,0.0,0.0,1668.0,1.0,0.0,0.0,0.0,32.0,,,1.2,0.6
4997092,2026,projected,,,,,,,,,,,,,,,,,,,,,,,,,,,,
4997092,2026,actual,7.0,0.0,0.0,28.0,0.0,1.0,0.0,1.0,-1.0,15.0,0.0,0.0,1.0,456.73,2.0,0.0,0.0,9.0,6851.0,2.0,1.0,0.0,0.0,159.0,,,16.05,1.07
4997092,2027,projected,,,,,,,,,,,,,,,,,,,,,,,,,,,,
4997092,2027,actual,,,,,,,,,,,,,,,,,,,,,,,,,,,,
4997131,2023,projected,,,,,,,,,,,,,,,,,,,,,,,,,,,,
4997131,2023,actual,,,,,,,,,,,,,,,,,,,,,,,,,,,,
4997131,2024,projected,,,,,,,,,,,,,,,,,,,,,,,,,,,,
4997131,2024,actual,,,,,,,,,,,,,,,,,,,,,,,,,,,,
4997131,2025,projected,,,,,,,,,,,,,,,,,,,,,,,,,,,,
4997131,2025,actual,18.0,0.0,0.0,36.0,0.0,0.0,0.0,1.0,-5.0,19.0,0.0,0.0,1.0,550.26,3.0,0.0,0.0,11.0,10455.0,10.0,2.0,0.0,0.0,233.0,,,26.6,1.4
4997131,2026,projected,,,,,,,,,,,,,,,,,,,,,,,,,,,,
4997131,2026,actual,5.0,0.0,0.0,17.0,0.0,0.0,0.0,0.0,-2.0,7.0,0.0,0.0,1.0,617.0,2.0,0.0,0.0,0.0,4319.0,3.0,1.0,0.0,0.0,93.0,,,9.45,1.35
4997131,2027,projected,,,,,,,,,,,,,,,,,,,,,,,,,,,,
4997131,2027,actual,,,,,,,,,,,,,,,,,,,,,,,,,,,,
5012030,2023,projected,,,,,,,,,,,,,,,,,,,,,,,,,,,,
5012030,2023,actual,,,,,,,,,,,,,,,,,,,,,,,,,,,,
5012030,2024,projected,,,,,,,,,,,,,,,,,,,,,,,,,,,,
5012030,2024,actual,34.0,0.0,0.0,12.0,0.0,5.0,0.0,0.0,-2.0,23.0,0.0,0.0,4.0,728.43,9.0,0.0,0.0,0.0,16754.0,21.0,5.0,0.0,2.0,369.0,,,42.2,1.83
5012030,2025,projected,,,,,,,,,,,,,,,,,,,,,,,,,,,,
5012030,2025,actual,14.0,0.0,0.0,6.0,0.0,0.0,0.0,0.0,-6.0,12.0,0.0,0.0,2.0,661.08,2.0,0.0,0.0,2.0,7933.0,8.0,0.0,0.0,1.0,182.0,,,15.1,1.26
5012030,2026,projected,,,,,,,,,,,,,,,,,,,,,,,,,,,,
5012030,2026,actual,2.0,0.0,0.0,6.0,0.0,0.0,0.0,0.0,0.0,3.0,0.0,0.0,0.0,587.33,0.0,0.0,0.0,2.0,1762.0,0.0,0.0,0.0,0.0,37.0,,,2.1,0.7
5012030,2027,projected,,,,,,,,,,,,,,,,,,,,,,,,,,,,
5012030,2027,actual,,,,,,,,,,,,,,,,,,,,,,,,,,,,
5048894,2023,projected,,,,,,,,,,,,,,,,,,,,,,,,,,,,
5048894,2023,actual,18.0,0.0,0.0,17.0,0.0,1.0,0.0,0.0,-2.0,10.0,0.0,0.0,0.0,634.3,1.0,0.0,0.0,2.0,6343.0,0.0,1.0,0.0,1.0,144.0,,,9.2,0.92
5048894,2024,projected,,,,,,,,,,,,,,,,,,,,,,,,,,,,
5048894,2024,actual,118.0,1.0,0.0,108.0,1.0,4.0,0.0,0.0,13.0,56.0,1.0,0.0,15.0,693.55,24.0,0.0,0.0,52.0,38839.0,18.0,9.0,1.0,6.0,868.0,1.0,,142.3,2.54
5048894,2025,projected,,,,,,,,,,,,,,,,,,,,,,,,,,,,
5048894,2025,actual,169.0,6.0,0.0,136.0,6.0,17.0,0.0,5.0,12.0,74.0,3.0,0.0,20.0,869.8,34.0,3.0,3.0,27.0,64365.0,23.0,14.0,3.0,4.0,1357.0,,,178.35,2.41
5048894,2026,projected,188.0,8.0,,129.0,8.0,,,,14.0,77.0,4.0,,21.0,876.0,37.0,4.0,4.0,34.0,67452.0,25.0,16.0,4.0,,,,,190.4,2.47
5048894,2026,actual,183.0,6.0,0.0,165.0,6.0,8.0,0.0,3.0,-3.0,78.0,4.0,0.0,29.0,955.88,46.0,2.0,2.0,42.0,74559.0,27.0,17.0,4.0,7.0,1569.0,,,225.75,2.89
5048894,2027,projected,177.0,5.0,,163.0,5.0,,,,1.0,78.0,3.0,,29.0,942.44,46.0,2.0,2.0,33.0,73510.01,26.0,17.0,3.0,,,,,215.05,2.76
5048894,2027,actual,,,,,,,,,,,,,,,,,,,,,,,,,,,,
5073306,2023,projected,,,,,,,,,,,,,,,,,,,,,,,,,,,,
5073306,2023,actual,,,,,,,,,,,,,,,,,,,,,,,,,,,,
5073306,2024,projected,,,,,,,,,,,,,,,,,,,,,,,,,,,,
5073306,2024,actual,4.0,0.0,0.0,16.0,0.0,1.0,0.0,0.0,-1.0,6.0,0.0,0.0,1.0,405.67,1.0,0.0,0.0,19.0,2434.0,3.0,0.0,0.0,0.0,60.0,,,16.6,2.77
5073306,2025,projected,,,,,,,,,,,,,,,,,,,,,,,,,,,,
5073306,2025,actual,44.0,0.0,0.0,107.0,0.0,11.0,0.0,0.0,-3.0,31.0,0.0,0.0,6.0,579.13,10.0,0.0,0.0,29.0,17953.0,25.0,4.0,0.0,6.0,423.0,,,74.7,2.41
5073306,2026,projected,,,,,,,,,,,,,,,,,,,,,,,,,,,,
5073306,2026,actual,80.0,2.0,0.0,295.0,2.0,25.0,0.0,0.0,-12.0,79.0,1.0,0.0,6.0,638.57,18.0,1.0,1.0,112.0,50447.0,51.0,12.0,1.0,12.0,1180.0,,,174.5,2.21
5073306,2027,projected,,,,,,,,,,,,,,,,,,,,,,,,,,,,
5073306,2027,actual,,,,,,,,,,,,,,,,,,,,,,,,,,,,
5075578,2023,projected,,,,,,,,,,,,,,,,,,,,,,,,,,,,
5075578,2023,actual,7.0,0.0,0.0,7.0,0.0,0.0,0.0,0.0,-2.0,6.0,0.0,0.0,1.0,582.17,1.0,0.0,0.0,0.0,3493.0,2.0,0.0,0.0,0.0,78.0,,,6.45,1.07
5075578,2024,projected,,,,,,,,,,,,,,,,,,,,,,,,,,,,
5075578,2024,actual,,,,,,,,,,,,,,,,,,,,,,,,,,,,
5075578,2025,projected,,,,,,,,,,,,,,,,,,,,,,,,,,,,
5075578,2025,actual,10.0,0.0,0.0,6.0,0.0,0.0,0.0,0.0,-1.0,7.0,0.0,0.0,1.0,506.0,1.0,0.0,0.0,0.0,3542.0,1.0,0.0,0.0,0.0,82.0,,,6.6,0.94
5075578,2026,projected,,,,,,,,,,,,,,,,,,,,,,,,,,,,
5075578,2026,actual,4.0,0.0,0.0,2.0,0.0,1.0,0.0,0.0,-3.0,4.0,0.0,0.0,0.0,652.0,0.0,0.0,0.0,0.0,2608.0,2.0,0.0,0.0,0.0,50.0,,,2.2,0.55
5075578,2027,projected,,,,,,,,,,,,,,,,,,,,,,,,,,,,
5075578,2027,actual,,,,,,,,,,,,,,,,,,,,,,,,,,,,
5075840,2023,projected,,,,,,,,,,,,,,,,,,,,,,,,,,,,
5075840,2023,actual,30.0,0.0,0.0,21.0,0.0,3.0,0.0,2.0,0.0,21.0,0.0,0.0,5.0,724.38,8.0,0.0,0.0,8.0,15212.0,11.0,3.0,0.0,1.0,329.0,,,42.1,2.0
5075840,2024,projected,,,,,,,,,,,,,,,,,,,,,,,,,,,,
5075840,2024,actual,,,,,,,,,,,,,,,,,,,,,,,,,,,,
5075840,2025,projected,,,,,,,,,,,,,,,,,,,,,,,,,,,,
5075840,2025,actual,38.0,0.0,0.0,43.0,0.0,11.0,0.0,1.0,2.0,26.0,0.0,0.0,4.0,802.23,11.0,0.0,0.0,6.0,20858.0,12.0,7.0,0.0,4.0,468.0,,,49.8,1.92
5075840,2026,projected,,,,,,,,,,,,,,,,,,,,,,,,,,,,
5075840,2026,actual,69.0,0.0,0.0,99.0,0.0,5.0,0.0,1.0,-1.0,59.0,0.0,0.0,7.0,666.59,13.0,0.0,0.0,23.0,39329.0,18.0,6.0,0.0,3.0,875.0,,,81.65,1.38
5075840,2027,projected,,,,,,,,,,,,,,,,,,,,,,,,,,,,
5075840,2027,actual,,,,,,,,,,,,,,,,,,,,,,,,,,,,
5077308,2023,projected,126.0,4.0,0.0,40.0,4.0,1.0,0.0,4.0,8.0,70.0,1.0,0.0,12.0,918.0,34.0,3.0,3.0,16.0,64260.0,16.0,22.0,1.0,0.0,355.0,1.0,,141.0,2.01
5077308,2023,actual,143.0,19.0,0.0,13.0,19.0,1.0,0.0,4.0,9.0,81.0,14.0,0.0,39.0,974.51,74.0,5.0,5.0,8.0,78935.0,18.0,35.0,14.0,0.0,1589.0,1.0,,260.55,3.22
5077308,2024,projected,178.0,21.0,0.0,14.0,21.0,0.0,0.0,4.0,10.0,80.0,12.0,0.0,33.0,1020.0,75.0,9.0,9.0,10.0,81600.0,17.0,42.0,12.0,1.0,1306.0,1.0,,265.9,3.32
5077308,2024,actual,121.0,19.0,0.0,9.0,19.0,0.0,0.0,4.0,-9.0,72.0,8.0,0.0,22.0,893.06,46.0,11.0,11.0,12.0,64300.0,17.0,24.0,8.0,1.0,1306.0,1.0,,180.15,2.5
5077308,2025,projected,134.0,16.0,,14.0,16.0,,,,3.0,78.0,9.0,,24.0,930.0,55.0,7.0,7.0,10.0,72540.0,17.0,31.0,9.0,,,,,194.9,2.5
5077308,2025,actual,83.0,13.0,0.0,19.0,13.0,0.0,0.0,4.0,-6.0,66.0,4.0,0.0,11.0,937.8,37.0,9.0,9.0,14.0,61895.0,22.0,26.0,4.0,1.0,1181.0,,,138.15,2.09
5077308,2026,projected,178.0,21.0,0.0,21.0,21.0,0.0,0.0,3.0,-7.0,75.0,8.0,0.0,18.0,990.0,46.0,13.0,13.0,16.0,74250.0,24.0,28.0,8.0,0.0,813.0,,,194.1,2.59
5077308,2026,actual,69.0,13.0,0.0,18.0,13.0,0.0,0.0,3.0,-4.0,52.0,8.0,0.0,13.0,894.94,25.0,5.0,5.0,16.0,46537.0,14.0,12.0,8.0,0.0,813.0,,,110.55,2.13
5077308,2027,projected,,,,,,,,,,,,,,,,,,,,,,,,,,,,
5077308,2027,actual,,,,,,,,,,,,,,,,,,,,,,,,,,,,
5080143,2023,projected,,,,,,,,,,,,,,,,,,,,,,,,,,,,
5080143,2023,actual,,,,,,,,,,,,,,,,,,,,,,,,,,,,
5080143,2024,projected,171.0,16.0,1.0,48.0,16.0,427.0,0.0,2.0,-13.0,78.0,4.0,1.0,20.0,1050.0,61.0,12.0,12.0,18.0,81900.0,23.0,41.0,4.0,262.0,1564.0,1.0,,227.05,2.91
5080143,2024,actual,151.0,13.0,1.0,45.0,14.0,427.0,0.0,2.0,-13.0,82.0,3.0,1.0,20.0,948.89,44.0,10.0,10.0,18.0,77809.0,27.0,24.0,4.0,262.0,1564.0,1.0,,187.75,2.29
5080143,2025,projected,193.0,22.0,1.0,54.0,24.0,,1.0,,-16.0,80.0,4.0,2.0,26.0,966.0,62.0,19.0,18.0,32.0,77280.0,31.0,36.0,5.0,,,,,251.15,3.14
5080143,2025,actual,158.0,20.0,0.0,63.0,20.0,420.0,0.0,2.0,1.0,75.0,7.0,0.0,25.0,1071.68,65.0,13.0,13.0,46.0,80376.0,32.0,40.0,7.0,340.0,1675.0,,,255.3,3.4
5080143,2026,projected,203.0,25.0,,71.0,25.0,,,,14.0,79.0,8.0,,31.0,1092.0,76.0,17.0,17.0,58.0,86268.0,35.0,45.0,8.0,,,,,303.85,3.85
5080143,2026,actual,102.0,10.0,2.0,54.0,12.0,343.0,0.0,3.0,3.0,54.0,6.0,2.0,24.0,1039.67,43.0,4.0,4.0,28.0,56142.0,27.0,19.0,8.0,273.0,1147.0,2.0,,189.4,3.51
5080143,2027,projected,161.0,16.0,3.0,78.0,22.0,,3.0,,1.0,83.0,8.0,6.0,35.0,1011.82,67.0,11.0,8.0,40.0,83981.06,40.0,32.0,11.0,,,,,278.05,3.35
5080143,2027,actual,,,,,,,,,,,,,,,,,,,,,,,,,,,,
5080144,2023,projected,158.0,9.0,0.0,35.0,10.0,21.0,1.0,0.0,-7.0,74.0,3.0,1.0,17.0,1002.0,47.0,7.0,6.0,24.0,74148.0,24.0,30.0,3.0,10.0,275.0,,,185.0,2.5
5080144,2023,actual,4.0,0.0,0.0,1.0,0.0,21.0,0.0,0.0,4.0,8.0,0.0,0.0,1.0,509.0,2.0,0.0,0.0,2.0,4072.0,6.0,1.0,0.0,10.0,105.0,,,10.1,1.26
5080144,2024,projected,123.0,10.0,0.0,23.0,10.0,40.0,0.0,3.0,8.0,74.0,3.0,0.0,15.0,930.0,39.0,7.0,7.0,20.0,68820.0,56.0,24.0,3.0,41.0,140.0,,,173.55,2.35
5080144,2024,actual,12.0,1.0,0.0,1.0,1.0,40.0,0.0,3.0,1.0,8.0,0.0,0.0,4.0,812.12,5.0,1.0,1.0,0.0,6497.0,6.0,1.0,0.0,41.0,140.0,,,23.6,2.95
5080144,2025,projected,148.0,12.0,,27.0,12.0,,,,12.0,68.0,4.0,,17.0,846.0,48.0,8.0,8.0,28.0,57528.0,59.0,31.0,4.0,,,,,204.2,3.0
5080144,2025,actual,91.0,13.0,0.0,54.0,13.0,461.0,0.0,2.0,4.0,79.0,7.0,0.0,19.0,844.09,44.0,6.0,6.0,18.0,66683.0,62.0,25.0,7.0,369.0,1396.0,,,187.15,2.37
5080144,2026,projected,123.0,13.0,,61.0,13.0,,,,9.0,80.0,8.0,,23.0,888.0,54.0,5.0,5.0,26.0,71040.0,68.0,31.0,8.0,,,,,225.35,2.82
5080144,2026,actual,97.0,6.0,0.0,51.0,6.0,329.0,0.0,2.0,6.0,74.0,2.0,0.0,12.0,828.09,27.0,4.0,4.0,10.0,61279.0,59.0,15.0,2.0,217.0,1381.0,,,135.85,1.84
5080144,2027,projected,,,,,,,,,,,,,,,,,,,,,,,,,,,,
5080144,2027,actual,,,,,,,,,,,,,,,,,,,,,,,,,,,,
5080145,2023,projected,,,,,,,,,,,,,,,,,,,,,,,,,,,,
5080145,2023,actual,,,,,,,,,,,,,,,,,,,,,,,,,,,,
5080145,2024,projected,,,,,,,,,,,,,,,,,,,,,,,,,,,,
5080145,2024,actual,3.0,0.0,0.0,0.0,0.0,1.0,0.0,0.0,1.0,1.0,0.0,0.0,0.0,924.0,1.0,0.0,0.0,0.0,924.0,0.0,1.0,0.0,0.0,19.0,,,2.75,2.75
5080145,2025,projected,,,,,,,,,,,,,,,,,,,,,,,,,,,,
5080145,2025,actual,190.0,6.0,0.0,68.0,6.0,35.0,0.0,3.0,8.0,82.0,2.0,0.0,20.0,849.32,44.0,4.0,4.0,20.0,69644.0,51.0,24.0,2.0,21.0,1457.0,,,204.8,2.5
5080145,2026,projected,218.0,14.0,,66.0,14.0,,,,15.0,81.0,5.0,,27.0,894.0,58.0,9.0,9.0,32.0,72414.0,54.0,31.0,5.0,,,,,256.6,3.17
5080145,2026,actual,285.0,19.0,0.0,64.0,19.0,106.0,0.0,7.0,-2.0,76.0,11.0,0.0,41.0,1035.17,69.0,8.0,8.0,28.0,78673.0,20.0,28.0,11.0,102.0,1586.0,1.0,,305.65,4.02
5080145,2027,projected,282.0,17.0,,63.0,17.0,,,,-1.0,78.0,9.0,,36.0,1043.14,63.0,8.0,8.0,27.0,81364.92,27.0,27.0,9.0,,,,,278.8,3.57
5080145,2027,actual,,,,,,,,,,,,,,,,,,,,,,,,,,,,
5080152,2023,projected,,,,,,,,,,,,,,,,,,,,,,,,,,,,
5080152,2023,actual,1.0,0.0,0.0,3.0,0.0,7.0,0.0,0.0,0.0,1.0,0.0,0.0,0.0,899.0,0.0,0.0,0.0,0.0,899.0,0.0,0.0,0.0,1.0,21.0,,,0.55,0.55
5080152,2024,projected,,,,,,,,,,,,,,,,,,,,,,,,,,,,
5080152,2024,actual,,,,,,,,,,,,,,,,,,,,,,,,,,,,
5080152,2025,projected,,,,,,,,,,,,,,,,,,,,,,,,,,,,
5080152,2025,actual,145.0,4.0,0.0,156.0,4.0,345.0,0.0,3.0,1.0,77.0,2.0,0.0,19.0,927.05,37.0,2.0,2.0,34.0,71383.0,48.0,18.0,2.0,281.0,1555.0,,,191.85,2.49
5080152,2026,projected,212.0,7.0,,171.0,7.0,,,,11.0,79.0,4.0,,26.0,948.0,52.0,3.0,3.0,42.0,74892.0,59.0,26.0,4.0,,,,,256.1,3.24
5080152,2026,actual,131.0,2.0,0.0,186.0,3.0,217.0,1.0,2.0,-20.0,81.0,1.0,1.0,9.0,827.67,19.0,2.0,1.0,33.0,67041.0,51.0,10.0,1.0,230.0,1493.0,,,144.85,1.79
5080152,2027,projected,,,,,,,,,,,,,,,,,,,,,,,,,,,,
5080152,2027,actual,,,,,,,,,,,,,,,,,,,,,,,,,,,,
5080153,2023,projected,,,,,,,,,,,,,,,,,,,,,,,,,,,,
5080153,2023,actual,,,,,,,,,,,,,,,,,,,,,,,,,,,,
5080153,2024,projected,,,,,,,,,,,,,,,,,,,,,,,,,,,,
5080153,2024,actual,0.0,0.0,0.0,0.0,0.0,0.0,0.0,0.0,0.0,1.0,0.0,0.0,0.0,235.0,0.0,0.0,0.0,0.0,235.0,0.0,0.0,0.0,0.0,5.0,,,0,0.0
5080153,2025,projected,,,,,,,,,,,,,,,,,,,,,,,,,,,,
5080153,2025,actual,6.0,0.0,0.0,3.0,0.0,2.0,0.0,0.0,-4.0,4.0,0.0,0.0,0.0,751.0,1.0,0.0,0.0,0.0,3004.0,1.0,1.0,0.0,4.0,63.0,,,4.3,1.07
5080153,2026,projected,,,,,,,,,,,,,,,,,,,,,,,,,,,,
5080153,2026,actual,138.0,7.0,2.0,14.0,9.0,48.0,0.0,5.0,6.0,82.0,5.0,2.0,18.0,886.89,37.0,2.0,2.0,24.0,72725.0,37.0,19.0,7.0,32.0,1623.0,1.0,,176.4,2.15
5080153,2027,projected,149.0,7.0,2.0,15.0,11.0,,2.0,,6.0,84.0,5.0,4.0,19.0,931.23,39.0,4.0,2.0,26.0,78222.98,40.0,20.0,7.0,,,,,180.75,2.15
5080153,2027,actual,,,,,,,,,,,,,,,,,,,,,,,,,,,,
5080155,2023,projected,,,,,,,,,,,,,,,,,,,,,,,,,,,,
5080155,2023,actual,,,,,,,,,,,,,,,,,,,,,,,,,,,,
5080155,2024,projected,,,,,,,,,,,,,,,,,,,,,,,,,,,,
5080155,2024,actual,,,,,,,,,,,,,,,,,,,,,,,,,,,,
5080155,2025,projected,,,,,,,,,,,,,,,,,,,,,,,,,,,,
5080155,2025,actual,60.0,2.0,0.0,97.0,2.0,99.0,0.0,3.0,-4.0,52.0,1.0,0.0,8.0,739.52,14.0,1.0,1.0,16.0,38455.0,25.0,6.0,1.0,73.0,898.0,,,85.7,1.65
5080155,2026,projected,,,,,,,,,,,,,,,,,,,,,,,,,,,,
5080155,2026,actual,10.0,0.0,0.0,33.0,0.0,38.0,0.0,0.0,-3.0,14.0,0.0,0.0,1.0,593.57,3.0,0.0,0.0,8.0,8310.0,6.0,2.0,0.0,31.0,195.0,,,19.8,1.41
5080155,2027,projected,,,,,,,,,,,,,,,,,,,,,,,,,,,,
5080155,2027,actual,,,,,,,,,,,,,,,,,,,,,,,,,,,,
5080157,2023,projected,,,,,,,,,,,,,,,,,,,,,,,,,,,,
5080157,2023,actual,,,,,,,,,,,,,,,,,,,,,,,,,,,,
5080157,2024,projected,,,,,,,,,,,,,,,,,,,,,,,,,,,,
5080157,2024,actual,2.0,0.0,0.0,0.0,0.0,15.0,0.0,0.0,-4.0,3.0,0.0,0.0,1.0,968.67,1.0,0.0,0.0,0.0,2906.0,1.0,0.0,0.0,7.0,58.0,,,4.0,1.33
5080157,2025,projected,,,,,,,,,,,,,,,,,,,,,,,,,,,,
5080157,2025,actual,91.0,4.0,1.0,30.0,6.0,211.0,1.0,2.0,-11.0,53.0,1.0,2.0,12.0,952.28,26.0,4.0,3.0,24.0,50471.0,35.0,14.0,2.0,170.0,1021.0,,,126.75,2.39
5080157,2026,projected,148.0,9.0,1.0,39.0,11.0,,1.0,,-20.0,77.0,2.0,2.0,18.0,960.0,37.0,8.0,7.0,42.0,73920.0,41.0,19.0,3.0,,,,,182.9,2.38
5080157,2026,actual,138.0,12.0,1.0,37.0,13.0,445.0,0.0,3.0,-21.0,66.0,4.0,1.0,15.0,1099.2,41.0,8.0,8.0,26.0,72547.0,43.0,26.0,5.0,401.0,1395.0,,,182.7,2.77
5080157,2027,projected,156.0,12.0,1.0,43.0,14.0,,1.0,,-21.0,74.0,4.0,2.0,16.0,1048.0,46.0,9.0,8.0,33.0,77552.0,50.0,30.0,5.0,,,,,203.8,2.75
5080157,2027,actual,,,,,,,,,,,,,,,,,,,,,,,,,,,,
5080158,2023,projected,,,,,,,,,,,,,,,,,,,,,,,,,,,,
5080158,2023,actual,,,,,,,,,,,,,,,,,,,,,,,,,,,,
5080158,2024,projected,,,,,,,,,,,,,,,,,,,,,,,,,,,,
5080158,2024,actual,,,,,,,,,,,,,,,,,,,,,,,,,,,,
5080158,2025,projected,,,,,,,,,,,,,,,,,,,,,,,,,,,,
5080158,2025,actual,11.0,0.0,0.0,12.0,0.0,1.0,0.0,0.0,0.0,8.0,0.0,0.0,1.0,876.62,3.0,0.0,0.0,0.0,7013.0,5.0,2.0,0.0,0.0,163.0,,,13.45,1.68
5080158,2026,projected,,,,,,,,,,,,,,,,,,,,,,,,,,,,
5080158,2026,actual,37.0,0.0,0.0,26.0,0.0,9.0,0.0,0.0,-3.0,24.0,0.0,0.0,3.0,717.67,6.0,0.0,0.0,4.0,17224.0,8.0,3.0,0.0,8.0,382.0,,,32.85,1.37
5080158,2027,projected,,,,,,,,,,,,,,,,,,,,,,,,,,,,
5080158,2027,actual,,,,,,,,,,,,,,,,,,,,,,,,,,,,
5080159,2023,projected,,,,,,,,,,,,,,,,,,,,,,,,,,,,
5080159,2023,actual,,,,,,,,,,,,,,,,,,,,,,,,,,,,
5080159,2024,projected,,,,,,,,,,,,,,,,,,,,,,,,,,,,
5080159,2024,actual,,,,,,,,,,,,,,,,,,,,,,,,,,,,
5080159,2025,projected,,,,,,,,,,,,,,,,,,,,,,,,,,,,
5080159,2025,actual,30.0,2.0,0.0,16.0,2.0,1.0,0.0,0.0,-6.0,24.0,0.0,0.0,3.0,750.33,6.0,2.0,2.0,2.0,18008.0,6.0,3.0,0.0,0.0,427.0,,,29.1,1.21
5080159,2026,projected,,,,,,,,,,,,,,,,,,,,,,,,,,,,
5080159,2026,actual,10.0,0.0,0.0,10.0,0.0,0.0,0.0,0.0,-3.0,13.0,0.0,0.0,2.0,700.69,3.0,0.0,0.0,0.0,9109.0,5.0,1.0,0.0,0.0,191.0,,,14.0,1.08
5080159,2027,projected,,,,,,,,,,,,,,,,,,,,,,,,,,,,
5080159,2027,actual,,,,,,,,,,,,,,,,,,,,,,,,,,,,
5080160,2023,projected,,,,,,,,,,,,,,,,,,,,,,,,,,,,
5080160,2023,actual,,,,,,,,,,,,,,,,,,,,,,,,,,,,
5080160,2024,projected,,,,,,,,,,,,,,,,,,,,,,,,,,,,
5080160,2024,actual,,,,,,,,,,,,,,,,,,,,,,,,,,,,
5080160,2025,projected,,,,,,,,,,,,,,,,,,,,,,,,,,,,
5080160,2025,actual,4.0,0.0,0.0,1.0,0.0,14.0,0.0,0.0,-6.0,8.0,0.0,0.0,0.0,632.5,0.0,0.0,0.0,2.0,5060.0,3.0,0.0,0.0,8.0,117.0,,,3.6,0.45
5080160,2026,projected,,,,,,,,,,,,,,,,,,,,,,,,,,,,
5080160,2026,actual,60.0,6.0,0.0,5.0,6.0,187.0,0.0,1.0,11.0,60.0,2.0,0.0,11.0,838.13,27.0,4.0,4.0,14.0,50288.0,30.0,16.0,2.0,86.0,1123.0,,,107.5,1.79
5080160,2027,projected,,,,,,,,,,,,,,,,,,,,,,,,,,,,
5080160,2027,actual,,,,,,,,,,,,,,,,,,,,,,,,,,,,
5080161,2023,projected,,,,,,,,,,,,,,,,,,,,,,,,,,,,
5080161,2023,actual,,,,,,,,,,,,,,,,,,,,,,,,,,,,
5080161,2024,projected,,,,,,,,,,,,,,,,,,,,,,,,,,,,
5080161,2024,actual,,,,,,,,,,,,,,,,,,,,,,,,,,,,
5080161,2025,projected,,,,,,,,,,,,,,,,,,,,,,,,,,,,
5080161,2025,actual,8.0,0.0,0.0,4.0,0.0,0.0,0.0,0.0,0.0,2.0,0.0,0.0,0.0,620.5,0.0,0.0,0.0,0.0,1241.0,1.0,0.0,0.0,0.0,25.0,,,2.9,1.45
5080161,2026,projected,,,,,,,,,,,,,,,,,,,,,,,,,,,,
5080161,2026,actual,12.0,0.0,0.0,25.0,0.0,7.0,0.0,0.0,2.0,16.0,0.0,0.0,1.0,624.62,3.0,0.0,0.0,0.0,9994.0,9.0,2.0,0.0,1.0,217.0,,,17.0,1.06
5080161,2027,projected,,,,,,,,,,,,,,,,,,,,,,,,,,,,
5080161,2027,actual,,,,,,,,,,,,,,,,,,,,,,,,,,,,
5080163,2023,projected,,,,,,,,,,,,,,,,,,,,,,,,,,,,
5080163,2023,actual,,,,,,,,,,,,,,,,,,,,,,,,,,,,
5080163,2024,projected,,,,,,,,,,,,,,,,,,,,,,,,,,,,
5080163,2024,actual,8.0,0.0,0.0,2.0,0.0,2.0,0.0,1.0,0.0,4.0,0.0,0.0,1.0,870.75,2.0,0.0,0.0,0.0,3483.0,0.0,1.0,0.0,0.0,61.0,,,8.2,2.05
5080163,2025,projected,,,,,,,,,,,,,,,,,,,,,,,,,,,,
5080163,2025,actual,32.0,1.0,0.0,25.0,1.0,0.0,0.0,1.0,-6.0,24.0,0.0,0.0,2.0,666.33,5.0,1.0,1.0,2.0,15992.0,12.0,3.0,0.0,0.0,312.0,,,31.0,1.29
5080163,2026,projected,,,,,,,,,,,,,,,,,,,,,,,,,,,,
5080163,2026,actual,87.0,0.0,0.0,69.0,1.0,11.0,1.0,0.0,-19.0,69.0,0.0,1.0,8.0,790.23,18.0,1.0,0.0,2.0,54526.0,41.0,10.0,0.0,9.0,1171.0,,,95.15,1.38
5080163,2027,projected,,,,,,,,,,,,,,,,,,,,,,,,,,,,
5080163,2027,actual,,,,,,,,,,,,,,,,,,,,,,,,,,,,
5080168,2023,projected,,,,,,,,,,,,,,,,,,,,,,,,,,,,
5080168,2023,actual,,,,,,,,,,,,,,,,,,,,,,,,,,,,
5080168,2024,projected,,,,,,,,,,,,,,,,,,,,,,,,,,,,
5080168,2024,actual,30.0,1.0,0.0,50.0,1.0,2.0,0.0,0.0,-4.0,21.0,0.0,0.0,2.0,728.43,6.0,1.0,1.0,6.0,15297.0,5.0,4.0,0.0,0.0,330.0,,,32.5,1.55
5080168,2025,projected,,,,,,,,,,,,,,,,,,,,,,,,,,,,
5080168,2025,actual,14.0,1.0,0.0,28.0,1.0,0.0,0.0,0.0,1.0,18.0,0.0,0.0,1.0,560.56,4.0,1.0,1.0,0.0,10090.0,8.0,3.0,0.0,0.0,220.0,,,19.8,1.1
5080168,2026,projected,,,,,,,,,,,,,,,,,,,,,,,,,,,,
5080168,2026,actual,12.0,0.0,0.0,19.0,0.0,0.0,0.0,0.0,1.0,13.0,0.0,0.0,2.0,578.46,3.0,0.0,0.0,2.0,7520.0,6.0,1.0,0.0,0.0,174.0,,,16.9,1.3
5080168,2027,projected,,,,,,,,,,,,,,,,,,,,,,,,,,,,
5080168,2027,actual,,,,,,,,,,,,,,,,,,,,,,,,,,,,
5080170,2023,projected,,,,,,,,,,,,,,,,,,,,,,,,,,,,
5080170,2023,actual,,,,,,,,,,,,,,,,,,,,,,,,,,,,
5080170,2024,projected,,,,,,,,,,,,,,,,,,,,,,,,,,,,
5080170,2024,actual,,,,,,,,,,,,,,,,,,,,,,,,,,,,
5080170,2025,projected,,,,,,,,,,,,,,,,,,,,,,,,,,,,
5080170,2025,actual,,,,,,,,,,,,,,,,,,,,,,,,,,,,
5080170,2026,projected,,,,,,,,,,,,,,,,,,,,,,,,,,,,
5080170,2026,actual,2.0,0.0,0.0,6.0,0.0,9.0,0.0,0.0,-1.0,3.0,0.0,0.0,0.0,481.33,0.0,0.0,0.0,0.0,1444.0,1.0,0.0,0.0,3.0,37.0,,,1.6,0.53
5080170,2027,projected,,,,,,,,,,,,,,,,,,,,,,,,,,,,
5080170,2027,actual,,,,,,,,,,,,,,,,,,,,,,,,,,,,
5080171,2023,projected,,,,,,,,,,,,,,,,,,,,,,,,,,,,
5080171,2023,actual,,,,,,,,,,,,,,,,,,,,,,,,,,,,
5080171,2024,projected,,,,,,,,,,,,,,,,,,,,,,,,,,,,
5080171,2024,actual,,,,,,,,,,,,,,,,,,,,,,,,,,,,
5080171,2025,projected,,,,,,,,,,,,,,,,,,,,,,,,,,,,
5080171,2025,actual,10.0,1.0,0.0,3.0,1.0,0.0,0.0,0.0,0.0,7.0,1.0,0.0,1.0,928.0,4.0,0.0,0.0,0.0,6496.0,4.0,3.0,1.0,0.0,145.0,,,14.8,2.11
5080171,2026,projected,,,,,,,,,,,,,,,,,,,,,,,,,,,,
5080171,2026,actual,169.0,9.0,0.0,70.0,9.0,8.0,0.0,5.0,16.0,70.0,5.0,0.0,21.0,1001.74,51.0,4.0,4.0,18.0,70122.0,39.0,30.0,5.0,4.0,1466.0,,,212.75,3.04
5080171,2027,projected,156.0,7.0,,66.0,7.0,,,,15.0,68.0,4.0,,20.0,1001.22,51.0,3.0,3.0,15.0,68082.96,37.0,31.0,4.0,,,,,199.1,2.93
5080171,2027,actual,,,,,,,,,,,,,,,,,,,,,,,,,,,,
5080172,2023,projected,,,,,,,,,,,,,,,,,,,,,,,,,,,,
5080172,2023,actual,,,,,,,,,,,,,,,,,,,,,,,,,,,,
5080172,2024,projected,,,,,,,,,,,,,,,,,,,,,,,,,,,,
5080172,2024,actual,,,,,,,,,,,,,,,,,,,,,,,,,,,,
5080172,2025,projected,,,,,,,,,,,,,,,,,,,,,,,,,,,,
5080172,2025,actual,,,,,,,,,,,,,,,,,,,,,,,,,,,,
5080172,2026,projected,,,,,,,,,,,,,,,,,,,,,,,,,,,,
5080172,2026,actual,80.0,3.0,0.0,62.0,3.0,451.0,0.0,2.0,-7.0,73.0,1.0,0.0,12.0,797.85,27.0,2.0,2.0,28.0,58243.0,44.0,15.0,1.0,291.0,1152.0,,,132.2,1.81
5080172,2027,projected,,,,,,,,,,,,,,,,,,,,,,,,,,,,
5080172,2027,actual,,,,,,,,,,,,,,,,,,,,,,,,,,,,
5080176,2023,projected,,,,,,,,,,,,,,,,,,,,,,,,,,,,
5080176,2023,actual,,,,,,,,,,,,,,,,,,,,,,,,,,,,
5080176,2024,projected,,,,,,,,,,,,,,,,,,,,,,,,,,,,
5080176,2024,actual,1.0,0.0,0.0,0.0,0.0,1.0,0.0,0.0,-1.0,1.0,0.0,0.0,0.0,893.0,0.0,0.0,0.0,0.0,893.0,0.0,0.0,0.0,0.0,16.0,,,0.25,0.25
5080176,2025,projected,,,,,,,,,,,,,,,,,,,,,,,,,,,,
5080176,2025,actual,134.0,0.0,0.0,40.0,0.0,304.0,0.0,3.0,-4.0,62.0,0.0,0.0,15.0,887.56,24.0,0.0,0.0,18.0,55029.0,36.0,9.0,0.0,254.0,1291.0,,,130.5,2.1
5080176,2026,projected,,,,,,,,,,,,,,,,,,,,,,,,,,,,
5080176,2026,actual,20.0,0.0,0.0,9.0,0.0,95.0,0.0,0.0,-4.0,12.0,0.0,0.0,3.0,981.83,5.0,0.0,0.0,4.0,11782.0,12.0,2.0,0.0,68.0,272.0,,,26.9,2.24
5080176,2027,projected,,,,,,,,,,,,,,,,,,,,,,,,,,,,
5080176,2027,actual,,,,,,,,,,,,,,,,,,,,,,,,,,,,
5080178,2023,projected,,,,,,,,,,,,,,,,,,,,,,,,,,,,
5080178,2023,actual,,,,,,,,,,,,,,,,,,,,,,,,,,,,
5080178,2024,projected,,,,,,,,,,,,,,,,,,,,,,,,,,,,
5080178,2024,actual,2.0,0.0,0.0,0.0,0.0,4.0,0.0,0.0,1.0,1.0,0.0,0.0,0.0,831.0,1.0,0.0,0.0,0.0,831.0,1.0,1.0,0.0,3.0,15.0,,,3.0,3.0
5080178,2025,projected,,,,,,,,,,,,,,,,,,,,,,,,,,,,
5080178,2025,actual,1.0,0.0,0.0,5.0,0.0,10.0,0.0,0.0,0.0,5.0,0.0,0.0,0.0,696.4,1.0,0.0,0.0,2.0,3482.0,4.0,1.0,0.0,5.0,75.0,,,5.75,1.15
5080178,2026,projected,,,,,,,,,,,,,,,,,,,,,,,,,,,,
5080178,2026,actual,27.0,1.0,0.0,22.0,1.0,10.0,0.0,0.0,-5.0,25.0,0.0,0.0,3.0,648.36,6.0,1.0,1.0,6.0,16209.0,6.0,3.0,0.0,4.0,361.0,,,30.45,1.22
5080178,2027,projected,,,,,,,,,,,,,,,,,,,,,,,,,,,,
5080178,2027,actual,,,,,,,,,,,,,,,,,,,,,,,,,,,,
5080179,2023,projected,,,,,,,,,,,,,,,,,,,,,,,,,,,,
5080179,2023,actual,,,,,,,,,,,,,,,,,,,,,,,,,,,,
5080179,2024,projected,,,,,,,,,,,,,,,,,,,,,,,,,,,,
5080179,2024,actual,,,,,,,,,,,,,,,,,,,,,,,,,,,,
5080179,2025,projected,,,,,,,,,,,,,,,,,,,,,,,,,,,,
5080179,2025,actual,,,,,,,,,,,,,,,,,,,,,,,,,,,,
5080179,2026,projected,,,,,,,,,,,,,,,,,,,,,,,,,,,,
5080179,2026,actual,36.0,0.0,0.0,7.0,0.0,0.0,0.0,0.0,-6.0,29.0,0.0,0.0,2.0,618.66,5.0,0.0,0.0,12.0,17941.0,5.0,3.0,0.0,0.0,387.0,,,30.2,1.04
5080179,2027,projected,,,,,,,,,,,,,,,,,,,,,,,,,,,,
5080179,2027,actual,,,,,,,,,,,,,,,,,,,,,,,,,,,,
5080180,2023,projected,,,,,,,,,,,,,,,,,,,,,,,,,,,,
5080180,2023,actual,,,,,,,,,,,,,,,,,,,,,,,,,,,,
5080180,2024,projected,,,,,,,,,,,,,,,,,,,,,,,,,,,,
5080180,2024,actual,,,,,,,,,,,,,,,,,,,,,,,,,,,,
5080180,2025,projected,,,,,,,,,,,,,,,,,,,,,,,,,,,,
5080180,2025,actual,,,,,,,,,,,,,,,,,,,,,,,,,,,,
5080180,2026,projected,,,,,,,,,,,,,,,,,,,,,,,,,,,,
5080180,2026,actual,39.0,0.0,0.0,108.0,0.0,7.0,0.0,1.0,-12.0,47.0,0.0,0.0,6.0,578.49,8.0,0.0,0.0,17.0,27189.0,30.0,2.0,0.0,1.0,615.0,,,67.05,1.43
5080180,2027,projected,,,,,,,,,,,,,,,,,,,,,,,,,,,,
5080180,2027,actual,,,,,,,,,,,,,,,,,,,,,,,,,,,,
5080202,2023,projected,,,,,,,,,,,,,,,,,,,,,,,,,,,,
5080202,2023,actual,0.0,0.0,0.0,0.0,0.0,2.0,0.0,0.0,-1.0,1.0,0.0,0.0,0.0,588.0,0.0,0.0,0.0,0.0,588.0,1.0,0.0,0.0,1.0,14.0,,,0.5,0.5
5080202,2024,projected,,,,,,,,,,,,,,,,,,,,,,,,,,,,
5080202,2024,actual,,,,,,,,,,,,,,,,,,,,,,,,,,,,
5080202,2025,projected,,,,,,,,,,,,,,,,,,,,,,,,,,,,
5080202,2025,actual,10.0,0.0,0.0,23.0,0.0,18.0,0.0,0.0,-2.0,12.0,0.0,0.0,0.0,599.0,1.0,0.0,0.0,0.0,7188.0,8.0,1.0,0.0,21.0,159.0,,,10.8,0.9
5080202,2026,projected,,,,,,,,,,,,,,,,,,,,,,,,,,,,
5080202,2026,actual,11.0,0.0,0.0,24.0,0.0,31.0,0.0,0.0,4.0,15.0,0.0,0.0,1.0,551.33,1.0,0.0,0.0,6.0,8270.0,8.0,0.0,0.0,44.0,186.0,,,15.15,1.01
5080202,2027,projected,,,,,,,,,,,,,,,,,,,,,,,,,,,,
5080202,2027,actual,,,,,,,,,,,,,,,,,,,,,,,,,,,,
5080207,2023,projected,,,,,,,,,,,,,,,,,,,,,,,,,,,,
5080207,2023,actual,,,,,,,,,,,,,,,,,,,,,,,,,,,,
5080207,2024,projected,,,,,,,,,,,,,,,,,,,,,,,,,,,,
5080207,2024,actual,3.0,0.0,0.0,3.0,0.0,19.0,0.0,0.0,0.0,4.0,0.0,0.0,0.0,686.0,0.0,0.0,0.0,2.0,2744.0,1.0,0.0,0.0,18.0,58.0,,,2.55,0.64
5080207,2025,projected,,,,,,,,,,,,,,,,,,,,,,,,,,,,
5080207,2025,actual,24.0,1.0,0.0,48.0,1.0,91.0,0.0,1.0,-5.0,21.0,0.0,0.0,3.0,781.38,5.0,1.0,1.0,2.0,16409.0,10.0,2.0,0.0,77.0,339.0,,,31.3,1.49
5080207,2026,projected,,,,,,,,,,,,,,,,,,,,,,,,,,,,
5080207,2026,actual,116.0,3.0,0.0,142.0,4.0,424.0,1.0,2.0,21.0,82.0,1.0,1.0,17.0,933.06,35.0,3.0,2.0,20.0,76511.0,51.0,18.0,1.0,415.0,1635.0,,,170.7,2.08
5080207,2027,projected,113.0,3.0,,134.0,3.0,,,,18.0,79.0,1.0,,17.0,935.72,34.0,2.0,2.0,18.0,73921.96,51.0,17.0,1.0,,,,,163.15,2.07
5080207,2027,actual,,,,,,,,,,,,,,,,,,,,,,,,,,,,
5080211,2023,projected,,,,,,,,,,,,,,,,,,,,,,,,,,,,
5080211,2023,actual,,,,,,,,,,,,,,,,,,,,,,,,,,,,
5080211,2024,projected,,,,,,,,,,,,,,,,,,,,,,,,,,,,
5080211,2024,actual,2.0,0.0,0.0,0.0,0.0,6.0,0.0,0.0,1.0,1.0,0.0,0.0,1.0,575.0,1.0,0.0,0.0,0.0,575.0,0.0,0.0,0.0,4.0,14.0,,,3.5,3.5
5080211,2025,projected,,,,,,,,,,,,,,,,,,,,,,,,,,,,
5080211,2025,actual,18.0,1.0,0.0,4.0,1.0,86.0,0.0,0.0,2.0,15.0,0.0,0.0,2.0,825.2,8.0,1.0,1.0,0.0,12378.0,12.0,6.0,0.0,65.0,257.0,,,29.4,1.96
5080211,2026,projected,,,,,,,,,,,,,,,,,,,,,,,,,,,,
5080211,2026,actual,11.0,0.0,0.0,3.0,0.0,37.0,0.0,0.0,-2.0,14.0,0.0,0.0,0.0,545.86,1.0,0.0,0.0,4.0,7642.0,10.0,1.0,0.0,23.0,167.0,,,12.05,0.86
5080211,2027,projected,,,,,,,,,,,,,,,,,,,,,,,,,,,,
5080211,2027,actual,,,,,,,,,,,,,,,,,,,,,,,,,,,,
5080216,2023,projected,,,,,,,,,,,,,,,,,,,,,,,,,,,,
5080216,2023,actual,,,,,,,,,,,,,,,,,,,,,,,,,,,,
5080216,2024,projected,,,,,,,,,,,,,,,,,,,,,,,,,,,,
5080216,2024,actual,,,,,,,,,,,,,,,,,,,,,,,,,,,,
5080216,2025,projected,,,,,,,,,,,,,,,,,,,,,,,,,,,,
5080216,2025,actual,,,,,,,,,,,,,,,,,,,,,,,,,,,,
5080216,2026,projected,,,,,,,,,,,,,,,,,,,,,,,,,,,,
5080216,2026,actual,13.0,0.0,0.0,10.0,0.0,37.0,0.0,0.0,-5.0,9.0,0.0,0.0,1.0,650.22,2.0,0.0,0.0,4.0,5852.0,2.0,1.0,0.0,30.0,124.0,,,12.25,1.36
5080216,2027,projected,,,,,,,,,,,,,,,,,,,,,,,,,,,,
5080216,2027,actual,,,,,,,,,,,,,,,,,,,,,,,,,,,,
5080217,2023,projected,,,,,,,,,,,,,,,,,,,,,,,,,,,,
5080217,2023,actual,,,,,,,,,,,,,,,,,,,,,,,,,,,,
5080217,2024,projected,,,,,,,,,,,,,,,,,,,,,,,,,,,,
5080217,2024,actual,,,,,,,,,,,,,,,,,,,,,,,,,,,,
5080217,2025,projected,,,,,,,,,,,,,,,,,,,,,,,,,,,,
5080217,2025,actual,22.0,3.0,0.0,13.0,3.0,0.0,0.0,0.0,-3.0,12.0,2.0,0.0,3.0,839.17,6.0,1.0,1.0,4.0,10070.0,7.0,3.0,2.0,1.0,189.0,,,29.8,2.48
5080217,2026,projected,,,,,,,,,,,,,,,,,,,,,,,,,,,,
5080217,2026,actual,33.0,2.0,0.0,23.0,2.0,4.0,0.0,0.0,-5.0,28.0,1.0,0.0,4.0,634.07,7.0,1.0,1.0,6.0,17754.0,6.0,3.0,1.0,2.0,407.0,,,36.05,1.29
5080217,2027,projected,,,,,,,,,,,,,,,,,,,,,,,,,,,,
5080217,2027,actual,,,,,,,,,,,,,,,,,,,,,,,,,,,,
5080221,2023,projected,,,,,,,,,,,,,,,,,,,,,,,,,,,,
5080221,2023,actual,,,,,,,,,,,,,,,,,,,,,,,,,,,,
5080221,2024,projected,,,,,,,,,,,,,,,,,,,,,,,,,,,,
5080221,2024,actual,40.0,1.0,0.0,15.0,1.0,143.0,0.0,1.0,4.0,33.0,0.0,0.0,5.0,803.76,15.0,1.0,1.0,6.0,26524.0,15.0,10.0,0.0,111.0,601.0,,,58.5,1.77
5080221,2025,projected,,,,,,,,,,,,,,,,,,,,,,,,,,,,
5080221,2025,actual,29.0,0.0,0.0,12.0,0.0,70.0,0.0,1.0,-5.0,33.0,0.0,0.0,1.0,785.27,11.0,0.0,0.0,8.0,25914.0,10.0,10.0,0.0,59.0,571.0,,,41.45,1.26
5080221,2026,projected,,,,,,,,,,,,,,,,,,,,,,,,,,,,
5080221,2026,actual,8.0,0.0,0.0,0.0,0.0,11.0,0.0,0.0,1.0,3.0,0.0,0.0,1.0,727.0,1.0,0.0,0.0,4.0,2181.0,2.0,0.0,0.0,7.0,48.0,,,8.0,2.67
5080221,2027,projected,,,,,,,,,,,,,,,,,,,,,,,,,,,,
5080221,2027,actual,,,,,,,,,,,,,,,,,,,,,,,,,,,,
5080227,2023,projected,,,,,,,,,,,,,,,,,,,,,,,,,,,,
5080227,2023,actual,,,,,,,,,,,,,,,,,,,,,,,,,,,,
5080227,2024,projected,,,,,,,,,,,,,,,,,,,,,,,,,,,,
5080227,2024,actual,,,,,,,,,,,,,,,,,,,,,,,,,,,,
5080227,2025,projected,,,,,,,,,,,,,,,,,,,,,,,,,,,,
5080227,2025,actual,1.0,0.0,0.0,0.0,0.0,12.0,0.0,0.0,0.0,2.0,0.0,0.0,0.0,792.0,0.0,0.0,0.0,0.0,1584.0,3.0,0.0,0.0,6.0,36.0,,,1.75,0.88
5080227,2026,projected,,,,,,,,,,,,,,,,,,,,,,,,,,,,
5080227,2026,actual,109.0,4.0,1.0,50.0,5.0,456.0,0.0,1.0,-14.0,81.0,1.0,1.0,12.0,1004.6,29.0,3.0,3.0,14.0,81373.0,37.0,17.0,2.0,340.0,1788.0,,,133.25,1.65
5080227,2027,projected,,,,,,,,,,,,,,,,,,,,,,,,,,,,
5080227,2027,actual,,,,,,,,,,,,,,,,,,,,,,,,,,,,
5080232,2023,projected,,,,,,,,,,,,,,,,,,,,,,,,,,,,
5080232,2023,actual,,,,,,,,,,,,,,,,,,,,,,,,,,,,
5080232,2024,projected,,,,,,,,,,,,,,,,,,,,,,,,,,,,
5080232,2024,actual,,,,,,,,,,,,,,,,,,,,,,,,,,,,
5080232,2025,projected,,,,,,,,,,,,,,,,,,,,,,,,,,,,
5080232,2025,actual,,,,,,,,,,,,,,,,,,,,,,,,,,,,
5080232,2026,projected,,,,,,,,,,,,,,,,,,,,,,,,,,,,
5080232,2026,actual,15.0,0.0,0.0,20.0,0.0,1.0,0.0,0.0,0.0,11.0,0.0,0.0,3.0,670.45,4.0,0.0,0.0,5.0,7375.0,10.0,1.0,0.0,1.0,166.0,,,24.25,2.2
5080232,2027,projected,,,,,,,,,,,,,,,,,,,,,,,,,,,,
5080232,2027,actual,,,,,,,,,,,,,,,,,,,,,,,,,,,,
5103536,2023,projected,,,,,,,,,,,,,,,,,,,,,,,,,,,,
5103536,2023,actual,,,,,,,,,,,,,,,,,,,,,,,,,,,,
5103536,2024,projected,,,,,,,,,,,,,,,,,,,,,,,,,,,,
5103536,2024,actual,4.0,0.0,0.0,7.0,0.0,2.0,0.0,0.0,-5.0,8.0,0.0,0.0,0.0,708.38,0.0,0.0,0.0,6.0,5667.0,2.0,0.0,0.0,0.0,138.0,,,5.7,0.71
5103536,2025,projected,,,,,,,,,,,,,,,,,,,,,,,,,,,,
5103536,2025,actual,8.0,0.0,0.0,17.0,0.0,1.0,0.0,1.0,-5.0,13.0,0.0,0.0,1.0,630.23,1.0,0.0,0.0,0.0,8193.0,7.0,0.0,0.0,3.0,206.0,,,11.2,0.86
5103536,2026,projected,,,,,,,,,,,,,,,,,,,,,,,,,,,,
5103536,2026,actual,18.0,1.0,0.0,24.0,1.0,12.0,0.0,0.0,-3.0,28.0,0.0,0.0,1.0,552.36,5.0,1.0,1.0,12.0,15466.0,5.0,4.0,0.0,2.0,370.0,,,26.9,0.96
5103536,2027,projected,,,,,,,,,,,,,,,,,,,,,,,,,,,,
5103536,2027,actual,,,,,,,,,,,,,,,,,,,,,,,,,,,,
5103537,2023,projected,,,,,,,,,,,,,,,,,,,,,,,,,,,,
5103537,2023,actual,,,,,,,,,,,,,,,,,,,,,,,,,,,,
5103537,2024,projected,,,,,,,,,,,,,,,,,,,,,,,,,,,,
5103537,2024,actual,,,,,,,,,,,,,,,,,,,,,,,,,,,,
5103537,2025,projected,,,,,,,,,,,,,,,,,,,,,,,,,,,,
5103537,2025,actual,17.0,0.0,0.0,15.0,0.0,62.0,0.0,0.0,1.0,15.0,0.0,0.0,0.0,544.53,2.0,0.0,0.0,2.0,8168.0,7.0,2.0,0.0,40.0,199.0,,,14.25,0.95
5103537,2026,projected,,,,,,,,,,,,,,,,,,,,,,,,,,,,
5103537,2026,actual,14.0,0.0,0.0,30.0,0.0,54.0,0.0,0.0,-7.0,17.0,0.0,0.0,2.0,596.59,3.0,0.0,0.0,4.0,10142.0,2.0,1.0,0.0,69.0,232.0,,,17.5,1.03
5103537,2027,projected,,,,,,,,,,,,,,,,,,,,,,,,,,,,
5103537,2027,actual,,,,,,,,,,,,,,,,,,,,,,,,,,,,
5103547,2023,projected,,,,,,,,,,,,,,,,,,,,,,,,,,,,
5103547,2023,actual,,,,,,,,,,,,,,,,,,,,,,,,,,,,
5103547,2024,projected,,,,,,,,,,,,,,,,,,,,,,,,,,,,
5103547,2024,actual,,,,,,,,,,,,,,,,,,,,,,,,,,,,
5103547,2025,projected,,,,,,,,,,,,,,,,,,,,,,,,,,,,
5103547,2025,actual,41.0,0.0,0.0,149.0,0.0,7.0,0.0,1.0,-4.0,39.0,0.0,0.0,8.0,587.21,9.0,0.0,0.0,11.0,22901.0,23.0,1.0,0.0,5.0,529.0,,,69.15,1.77
5103547,2026,projected,,,,,,,,,,,,,,,,,,,,,,,,,,,,
5103547,2026,actual,55.0,0.0,0.0,192.0,0.0,3.0,0.0,0.0,-3.0,49.0,0.0,0.0,3.0,605.22,7.0,0.0,0.0,10.0,29656.0,24.0,4.0,0.0,1.0,683.0,,,66.95,1.37
5103547,2027,projected,,,,,,,,,,,,,,,,,,,,,,,,,,,,
5103547,2027,actual,,,,,,,,,,,,,,,,,,,,,,,,,,,,
5103599,2023,projected,,,,,,,,,,,,,,,,,,,,,,,,,,,,
5103599,2023,actual,,,,,,,,,,,,,,,,,,,,,,,,,,,,
5103599,2024,projected,,,,,,,,,,,,,,,,,,,,,,,,,,,,
5103599,2024,actual,,,,,,,,,,,,,,,,,,,,,,,,,,,,
5103599,2025,projected,,,,,,,,,,,,,,,,,,,,,,,,,,,,
5103599,2025,actual,,,,,,,,,,,,,,,,,,,,,,,,,,,,
5103599,2026,projected,,,,,,,,,,,,,,,,,,,,,,,,,,,,
5103599,2026,actual,15.0,0.0,0.0,39.0,0.0,1.0,0.0,0.0,-1.0,19.0,0.0,0.0,3.0,623.84,5.0,0.0,0.0,4.0,11853.0,5.0,2.0,0.0,3.0,268.0,,,25.15,1.32
5103599,2027,projected,,,,,,,,,,,,,,,,,,,,,,,,,,,,
5103599,2027,actual,,,,,,,,,,,,,,,,,,,,,,,,,,,,
5103645,2023,projected,,,,,,,,,,,,,,,,,,,,,,,,,,,,
5103645,2023,actual,,,,,,,,,,,,,,,,,,,,,,,,,,,,
5103645,2024,projected,,,,,,,,,,,,,,,,,,,,,,,,,,,,
5103645,2024,actual,2.0,0.0,0.0,0.0,0.0,0.0,0.0,0.0,-2.0,1.0,0.0,0.0,0.0,918.0,0.0,0.0,0.0,0.0,918.0,0.0,0.0,0.0,0.0,17.0,,,0.5,0.5
5103645,2025,projected,,,,,,,,,,,,,,,,,,,,,,,,,,,,
5103645,2025,actual,141.0,7.0,0.0,19.0,7.0,15.0,0.0,6.0,10.0,80.0,5.0,0.0,17.0,830.75,34.0,2.0,2.0,30.0,66460.0,30.0,17.0,5.0,15.0,1332.0,,,164.15,2.05
5103645,2026,projected,183.0,10.0,,21.0,10.0,,,,15.0,81.0,7.0,,24.0,864.0,43.0,3.0,3.0,42.0,69984.0,39.0,19.0,7.0,,,,,206.85,2.55
5103645,2026,actual,174.0,12.0,0.0,13.0,12.0,10.0,0.0,3.0,4.0,81.0,3.0,0.0,22.0,989.95,53.0,9.0,9.0,40.0,80186.0,34.0,31.0,3.0,0.0,1533.0,,,220.3,2.72
5103645,2027,projected,179.0,11.0,,14.0,11.0,,,,6.0,82.0,3.0,,22.0,1007.55,53.0,8.0,8.0,41.0,82619.1,36.0,31.0,3.0,,,,,219.65,2.68
5103645,2027,actual,,,,,,,,,,,,,,,,,,,,,,,,,,,,
5103714,2023,projected,,,,,,,,,,,,,,,,,,,,,,,,,,,,
5103714,2023,actual,,,,,,,,,,,,,,,,,,,,,,,,,,,,
5103714,2024,projected,,,,,,,,,,,,,,,,,,,,,,,,,,,,
5103714,2024,actual,,,,,,,,,,,,,,,,,,,,,,,,,,,,
5103714,2025,projected,,,,,,,,,,,,,,,,,,,,,,,,,,,,
5103714,2025,actual,34.0,3.0,0.0,12.0,3.0,81.0,0.0,0.0,-9.0,40.0,2.0,0.0,5.0,602.25,8.0,1.0,1.0,8.0,24090.0,9.0,3.0,2.0,56.0,560.0,,,41.7,1.04
5103714,2026,projected,,,,,,,,,,,,,,,,,,,,,,,,,,,,
5103714,2026,actual,4.0,0.0,0.0,3.0,0.0,14.0,0.0,0.0,1.0,9.0,0.0,0.0,0.0,447.11,1.0,0.0,0.0,2.0,4024.0,1.0,1.0,0.0,10.0,99.0,,,4.8,0.53
5103714,2027,projected,,,,,,,,,,,,,,,,,,,,,,,,,,,,
5103714,2027,actual,,,,,,,,,,,,,,,,,,,,,,,,,,,,
5103809,2023,projected,,,,,,,,,,,,,,,,,,,,,,,,,,,,
5103809,2023,actual,,,,,,,,,,,,,,,,,,,,,,,,,,,,
5103809,2024,projected,,,,,,,,,,,,,,,,,,,,,,,,,,,,
5103809,2024,actual,,,,,,,,,,,,,,,,,,,,,,,,,,,,
5103809,2025,projected,,,,,,,,,,,,,,,,,,,,,,,,,,,,
5103809,2025,actual,3.0,0.0,0.0,2.0,0.0,10.0,0.0,0.0,1.0,2.0,0.0,0.0,1.0,668.5,2.0,0.0,0.0,0.0,1337.0,0.0,1.0,0.0,8.0,30.0,,,5.95,2.98
5103809,2026,projected,,,,,,,,,,,,,,,,,,,,,,,,,,,,
5103809,2026,actual,2.0,0.0,0.0,3.0,0.0,12.0,0.0,0.0,0.0,2.0,0.0,0.0,0.0,641.0,1.0,0.0,0.0,0.0,1282.0,1.0,1.0,0.0,12.0,29.0,,,3.3,1.65
5103809,2027,projected,,,,,,,,,,,,,,,,,,,,,,,,,,,,
5103809,2027,actual,,,,,,,,,,,,,,,,,,,,,,,,,,,,
5103873,2023,projected,,,,,,,,,,,,,,,,,,,,,,,,,,,,
5103873,2023,actual,,,,,,,,,,,,,,,,,,,,,,,,,,,,
5103873,2024,projected,,,,,,,,,,,,,,,,,,,,,,,,,,,,
5103873,2024,actual,,,,,,,,,,,,,,,,,,,,,,,,,,,,
5103873,2025,projected,,,,,,,,,,,,,,,,,,,,,,,,,,,,
5103873,2025,actual,,,,,,,,,,,,,,,,,,,,,,,,,,,,
5103873,2026,projected,,,,,,,,,,,,,,,,,,,,,,,,,,,,
5103873,2026,actual,0.0,0.0,0.0,1.0,0.0,0.0,0.0,0.0,0.0,1.0,0.0,0.0,0.0,445.0,0.0,0.0,0.0,0.0,445.0,0.0,0.0,0.0,1.0,10.0,,,0.1,0.1
5103873,2027,projected,,,,,,,,,,,,,,,,,,,,,,,,,,,,
5103873,2027,actual,,,,,,,,,,,,,,,,,,,,,,,,,,,,
5104158,2023,projected,,,,,,,,,,,,,,,,,,,,,,,,,,,,
5104158,2023,actual,,,,,,,,,,,,,,,,,,,,,,,,,,,,
5104158,2024,projected,,,,,,,,,,,,,,,,,,,,,,,,,,,,
5104158,2024,actual,,,,,,,,,,,,,,,,,,,,,,,,,,,,
5104158,2025,projected,,,,,,,,,,,,,,,,,,,,,,,,,,,,
5104158,2025,actual,3.0,0.0,0.0,4.0,0.0,5.0,0.0,0.0,0.0,4.0,0.0,0.0,0.0,440.5,0.0,0.0,0.0,0.0,1762.0,2.0,0.0,0.0,10.0,45.0,,,2.15,0.54
5104158,2026,projected,,,,,,,,,,,,,,,,,,,,,,,,,,,,
5104158,2026,actual,4.0,0.0,0.0,3.0,0.0,12.0,0.0,0.0,-1.0,4.0,0.0,0.0,0.0,528.5,0.0,0.0,0.0,0.0,2114.0,1.0,0.0,0.0,10.0,49.0,,,1.8,0.45
5104158,2027,projected,,,,,,,,,,,,,,,,,,,,,,,,,,,,
5104158,2027,actual,,,,,,,,,,,,,,,,,,,,,,,,,,,,
5104190,2023,projected,,,,,,,,,,,,,,,,,,,,,,,,,,,,
5104190,2023,actual,,,,,,,,,,,,,,,,,,,,,,,,,,,,
5104190,2024,projected,,,,,,,,,,,,,,,,,,,,,,,,,,,,
5104190,2024,actual,,,,,,,,,,,,,,,,,,,,,,,,,,,,
5104190,2025,projected,,,,,,,,,,,,,,,,,,,,,,,,,,,,
5104190,2025,actual,,,,,,,,,,,,,,,,,,,,,,,,,,,,
5104190,2026,projected,,,,,,,,,,,,,,,,,,,,,,,,,,,,
5104190,2026,actual,5.0,0.0,0.0,3.0,0.0,5.0,0.0,0.0,-1.0,2.0,0.0,0.0,0.0,519.5,0.0,0.0,0.0,0.0,1039.0,1.0,0.0,0.0,2.0,27.0,,,2.05,1.02
5104190,2027,projected,,,,,,,,,,,,,,,,,,,,,,,,,,,,
5104190,2027,actual,,,,,,,,,,,,,,,,,,,,,,,,,,,,
5104200,2023,projected,,,,,,,,,,,,,,,,,,,,,,,,,,,,
5104200,2023,actual,,,,,,,,,,,,,,,,,,,,,,,,,,,,
5104200,2024,projected,,,,,,,,,,,,,,,,,,,,,,,,,,,,
5104200,2024,actual,,,,,,,,,,,,,,,,,,,,,,,,,,,,
5104200,2025,projected,,,,,,,,,,,,,,,,,,,,,,,,,,,,
5104200,2025,actual,,,,,,,,,,,,,,,,,,,,,,,,,,,,
5104200,2026,projected,,,,,,,,,,,,,,,,,,,,,,,,,,,,
5104200,2026,actual,32.0,0.0,0.0,27.0,0.0,1.0,0.0,0.0,0.0,23.0,0.0,0.0,0.0,685.87,4.0,0.0,0.0,4.0,15775.0,18.0,4.0,0.0,0.0,379.0,,,29.7,1.29
5104200,2027,projected,,,,,,,,,,,,,,,,,,,,,,,,,,,,
5104200,2027,actual,,,,,,,,,,,,,,,,,,,,,,,,,,,,
5104221,2023,projected,,,,,,,,,,,,,,,,,,,,,,,,,,,,
5104221,2023,actual,,,,,,,,,,,,,,,,,,,,,,,,,,,,
5104221,2024,projected,,,,,,,,,,,,,,,,,,,,,,,,,,,,
5104221,2024,actual,,,,,,,,,,,,,,,,,,,,,,,,,,,,
5104221,2025,projected,,,,,,,,,,,,,,,,,,,,,,,,,,,,
5104221,2025,actual,,,,,,,,,,,,,,,,,,,,,,,,,,,,
5104221,2026,projected,,,,,,,,,,,,,,,,,,,,,,,,,,,,
5104221,2026,actual,1.0,0.0,0.0,2.0,0.0,0.0,0.0,0.0,1.0,1.0,0.0,0.0,0.0,683.0,1.0,0.0,0.0,0.0,683.0,0.0,1.0,0.0,0.0,15.0,,,2.45,2.45
5104221,2027,projected,,,,,,,,,,,,,,,,,,,,,,,,,,,,
5104221,2027,actual,,,,,,,,,,,,,,,,,,,,,,,,,,,,
5122414,2023,projected,,,,,,,,,,,,,,,,,,,,,,,,,,,,
5122414,2023,actual,,,,,,,,,,,,,,,,,,,,,,,,,,,,
5122414,2024,projected,,,,,,,,,,,,,,,,,,,,,,,,,,,,
5122414,2024,actual,,,,,,,,,,,,,,,,,,,,,,,,,,,,
5122414,2025,projected,,,,,,,,,,,,,,,,,,,,,,,,,,,,
5122414,2025,actual,,,,,,,,,,,,,,,,,,,,,,,,,,,,
5122414,2026,projected,,,,,,,,,,,,,,,,,,,,,,,,,,,,
5122414,2026,actual,4.0,0.0,0.0,5.0,0.0,16.0,0.0,0.0,3.0,6.0,0.0,0.0,0.0,455.0,1.0,0.0,0.0,0.0,2730.0,4.0,1.0,0.0,9.0,64.0,,,5.5,0.92
5122414,2027,projected,,,,,,,,,,,,,,,,,,,,,,,,,,,,
5122414,2027,actual,,,,,,,,,,,,,,,,,,,,,,,,,,,,
5136607,2023,projected,,,,,,,,,,,,,,,,,,,,,,,,,,,,
5136607,2023,actual,,,,,,,,,,,,,,,,,,,,,,,,,,,,
5136607,2024,projected,,,,,,,,,,,,,,,,,,,,,,,,,,,,
5136607,2024,actual,7.0,1.0,0.0,5.0,1.0,0.0,0.0,0.0,-4.0,7.0,0.0,0.0,0.0,995.71,2.0,1.0,1.0,0.0,6970.0,7.0,2.0,0.0,0.0,134.0,,,10.25,1.46
5136607,2025,projected,,,,,,,,,,,,,,,,,,,,,,,,,,,,
5136607,2025,actual,40.0,4.0,1.0,20.0,5.0,8.0,0.0,1.0,-4.0,33.0,1.0,1.0,5.0,951.58,11.0,3.0,3.0,8.0,31402.0,15.0,6.0,2.0,4.0,656.0,,,56.0,1.7
5136607,2026,projected,,,,,,,,,,,,,,,,,,,,,,,,,,,,
5136607,2026,actual,118.0,1.0,2.0,88.0,4.0,17.0,1.0,4.0,6.0,81.0,0.0,3.0,21.0,986.57,46.0,2.0,1.0,12.0,79912.0,48.0,25.0,2.0,7.0,1607.0,,,190.8,2.36
5136607,2027,projected,101.0,1.0,2.0,73.0,5.0,,2.0,,4.0,69.0,,4.0,18.0,998.55,38.0,3.0,1.0,10.0,68900.02,38.0,20.0,2.0,,,,,157.05,2.28
5136607,2027,actual,,,,,,,,,,,,,,,,,,,,,,,,,,,,
5136614,2023,projected,,,,,,,,,,,,,,,,,,,,,,,,,,,,
5136614,2023,actual,,,,,,,,,,,,,,,,,,,,,,,,,,,,
5136614,2024,projected,,,,,,,,,,,,,,,,,,,,,,,,,,,,
5136614,2024,actual,0.0,0.0,0.0,0.0,0.0,0.0,0.0,0.0,0.0,1.0,0.0,0.0,0.0,740.0,0.0,0.0,0.0,0.0,740.0,0.0,0.0,0.0,0.0,14.0,,,0,0.0
5136614,2025,projected,,,,,,,,,,,,,,,,,,,,,,,,,,,,
5136614,2025,actual,,,,,,,,,,,,,,,,,,,,,,,,,,,,
5136614,2026,projected,,,,,,,,,,,,,,,,,,,,,,,,,,,,
5136614,2026,actual,62.0,0.0,0.0,37.0,0.0,21.0,0.0,4.0,2.0,56.0,0.0,0.0,6.0,573.09,13.0,0.0,0.0,8.0,32093.0,15.0,7.0,0.0,13.0,720.0,,,66.7,1.19
5136614,2027,projected,,,,,,,,,,,,,,,,,,,,,,,,,,,,
5136614,2027,actual,,,,,,,,,,,,,,,,,,,,,,,,,,,,
5136617,2023,projected,,,,,,,,,,,,,,,,,,,,,,,,,,,,
5136617,2023,actual,,,,,,,,,,,,,,,,,,,,,,,,,,,,
5136617,2024,projected,166.0,13.0,0.0,55.0,13.0,221.0,0.0,1.0,-13.0,71.0,4.0,0.0,18.0,1068.0,49.0,9.0,9.0,40.0,75828.0,17.0,31.0,4.0,171.0,897.0,,,201.0,2.83
5136617,2024,actual,115.0,3.0,0.0,46.0,3.0,221.0,0.0,1.0,-21.0,49.0,1.0,0.0,12.0,942.61,27.0,2.0,2.0,16.0,46188.0,25.0,15.0,1.0,171.0,897.0,,,122.85,2.51
5136617,2025,projected,166.0,13.0,,71.0,13.0,,,,-27.0,68.0,4.0,,21.0,966.0,54.0,9.0,9.0,24.0,65688.0,27.0,33.0,4.0,,,,,211.6,3.11
5136617,2025,actual,191.0,4.0,1.0,113.0,6.0,599.0,1.0,3.0,4.0,82.0,2.0,2.0,31.0,1048.67,54.0,3.0,2.0,18.0,85991.0,56.0,23.0,3.0,420.0,1610.0,2.0,,250.05,3.05
5136617,2026,projected,231.0,16.0,1.0,124.0,18.0,,1.0,,16.0,80.0,6.0,2.0,37.0,1086.0,64.0,11.0,10.0,20.0,86880.0,61.0,27.0,7.0,,,,,289.65,3.62
5136617,2026,actual,214.0,13.0,0.0,139.0,13.0,556.0,0.0,3.0,-13.0,82.0,4.0,0.0,24.0,1134.15,59.0,9.0,9.0,38.0,93000.0,51.0,35.0,4.0,552.0,1661.0,,,265.4,3.24
5136617,2027,projected,228.0,10.0,,132.0,10.0,,,,-12.0,84.0,3.0,,26.0,1149.36,60.0,7.0,7.0,36.0,96546.24,50.0,34.0,3.0,,,,,265.7,3.16
5136617,2027,actual,,,,,,,,,,,,,,,,,,,,,,,,,,,,
5136660,2023,projected,,,,,,,,,,,,,,,,,,,,,,,,,,,,
5136660,2023,actual,,,,,,,,,,,,,,,,,,,,,,,,,,,,
5136660,2024,projected,,,,,,,,,,,,,,,,,,,,,,,,,,,,
5136660,2024,actual,,,,,,,,,,,,,,,,,,,,,,,,,,,,
5136660,2025,projected,,,,,,,,,,,,,,,,,,,,,,,,,,,,
5136660,2025,actual,1.0,0.0,0.0,0.0,0.0,0.0,0.0,0.0,0.0,2.0,0.0,0.0,0.0,805.5,0.0,0.0,0.0,2.0,1611.0,0.0,0.0,0.0,0.0,36.0,,,1.25,0.62
5136660,2026,projected,,,,,,,,,,,,,,,,,,,,,,,,,,,,
5136660,2026,actual,3.0,0.0,0.0,0.0,0.0,1.0,0.0,1.0,-1.0,4.0,0.0,0.0,1.0,479.75,1.0,0.0,0.0,0.0,1919.0,1.0,0.0,0.0,0.0,49.0,,,5.25,1.31
5136660,2027,projected,,,,,,,,,,,,,,,,,,,,,,,,,,,,
5136660,2027,actual,,,,,,,,,,,,,,,,,,,,,,,,,,,,
5136706,2023,projected,,,,,,,,,,,,,,,,,,,,,,,,,,,,
5136706,2023,actual,,,,,,,,,,,,,,,,,,,,,,,,,,,,
5136706,2024,projected,,,,,,,,,,,,,,,,,,,,,,,,,,,,
5136706,2024,actual,,,,,,,,,,,,,,,,,,,,,,,,,,,,
5136706,2025,projected,,,,,,,,,,,,,,,,,,,,,,,,,,,,
5136706,2025,actual,,,,,,,,,,,,,,,,,,,,,,,,,,,,
5136706,2026,projected,,,,,,,,,,,,,,,,,,,,,,,,,,,,
5136706,2026,actual,34.0,3.0,0.0,30.0,3.0,41.0,0.0,0.0,0.0,30.0,0.0,0.0,4.0,510.63,11.0,3.0,3.0,2.0,15319.0,8.0,7.0,0.0,26.0,401.0,,,44.0,1.47
5136706,2027,projected,,,,,,,,,,,,,,,,,,,,,,,,,,,,
5136706,2027,actual,,,,,,,,,,,,,,,,,,,,,,,,,,,,
5142131,2023,projected,,,,,,,,,,,,,,,,,,,,,,,,,,,,
5142131,2023,actual,,,,,,,,,,,,,,,,,,,,,,,,,,,,
5142131,2024,projected,,,,,,,,,,,,,,,,,,,,,,,,,,,,
5142131,2024,actual,,,,,,,,,,,,,,,,,,,,,,,,,,,,
5142131,2025,projected,,,,,,,,,,,,,,,,,,,,,,,,,,,,
5142131,2025,actual,5.0,0.0,0.0,8.0,0.0,1.0,0.0,0.0,-2.0,6.0,0.0,0.0,1.0,691.83,1.0,0.0,0.0,2.0,4151.0,3.0,0.0,0.0,1.0,91.0,,,7.55,1.26
5142131,2026,projected,,,,,,,,,,,,,,,,,,,,,,,,,,,,
5142131,2026,actual,6.0,0.0,0.0,9.0,0.0,0.0,0.0,1.0,-3.0,7.0,0.0,0.0,1.0,715.86,1.0,0.0,0.0,2.0,5011.0,1.0,0.0,0.0,0.0,114.0,,,7.9,1.13
5142131,2027,projected,,,,,,,,,,,,,,,,,,,,,,,,,,,,
5142131,2027,actual,,,,,,,,,,,,,,,,,,,,,,,,,,,,
5149125,2023,projected,,,,,,,,,,,,,,,,,,,,,,,,,,,,
5149125,2023,actual,,,,,,,,,,,,,,,,,,,,,,,,,,,,
5149125,2024,projected,322.0,30.0,0.0,72.0,30.0,325.0,0.0,2.0,-10.0,82.0,10.0,0.0,33.0,1170.0,90.0,20.0,20.0,18.0,95940.0,71.0,57.0,10.0,207.0,1333.0,,,367.2,4.48
5149125,2024,actual,206.0,21.0,0.0,51.0,21.0,325.0,0.0,2.0,-44.0,68.0,4.0,0.0,22.0,1186.99,61.0,17.0,17.0,28.0,80715.0,27.0,39.0,4.0,207.0,1333.0,,,242.6,3.57
5149125,2025,projected,271.0,24.0,,68.0,24.0,,,,-26.0,78.0,6.0,,34.0,1176.0,76.0,18.0,18.0,32.0,91728.0,35.0,42.0,6.0,,,,,309.05,3.96
5149125,2025,actual,195.0,29.0,0.0,47.0,29.0,405.0,0.0,5.0,-36.0,82.0,11.0,0.0,23.0,1217.13,67.0,18.0,18.0,70.0,99805.0,37.0,44.0,11.0,251.0,1697.0,,,288.95,3.52
5149125,2026,projected,221.0,34.0,,51.0,34.0,,,,-28.0,76.0,13.0,,25.0,1200.0,72.0,21.0,21.0,52.0,91200.0,39.0,47.0,13.0,,,,,298.35,3.93
5149125,2026,actual,226.0,21.0,0.0,31.0,21.0,354.0,0.0,5.0,-18.0,69.0,7.0,0.0,30.0,1252.0,75.0,14.0,14.0,50.0,86388.0,27.0,45.0,7.0,315.0,1539.0,2.0,,303.1,4.39
5149125,2027,projected,199.0,21.0,,32.0,21.0,,,,-15.0,64.0,6.0,,28.0,1263.92,71.0,15.0,15.0,44.0,80891.01,25.0,43.0,6.0,,,,,270.95,4.23
5149125,2027,actual,,,,,,,,,,,,,,,,,,,,,,,,,,,,
5149153,2023,projected,,,,,,,,,,,,,,,,,,,,,,,,,,,,
5149153,2023,actual,,,,,,,,,,,,,,,,,,,,,,,,,,,,
5149153,2024,projected,108.0,9.0,0.0,64.0,9.0,366.0,0.0,0.0,-19.0,71.0,3.0,0.0,10.0,930.0,31.0,6.0,6.0,14.0,66030.0,20.0,21.0,3.0,195.0,1144.0,1.0,,131.4,1.85
5149153,2024,actual,109.0,9.0,0.0,21.0,9.0,366.0,0.0,0.0,-11.0,55.0,4.0,0.0,12.0,1086.55,29.0,5.0,5.0,16.0,59760.0,25.0,17.0,4.0,195.0,1144.0,1.0,,129.35,2.35
5149153,2025,projected,197.0,16.0,,41.0,16.0,,,,-26.0,79.0,7.0,,24.0,1110.0,51.0,9.0,9.0,32.0,87690.0,43.0,27.0,7.0,,,,,228.35,2.89
5149153,2025,actual,114.0,7.0,1.0,24.0,9.0,428.0,1.0,5.0,6.0,76.0,4.0,2.0,20.0,974.42,45.0,4.0,3.0,14.0,74056.0,36.0,25.0,5.0,302.0,1474.0,,,179.4,2.36
5149153,2026,projected,159.0,15.0,1.0,31.0,17.0,,1.0,,11.0,79.0,7.0,2.0,26.0,1026.0,49.0,9.0,8.0,18.0,81054.0,39.0,23.0,8.0,,,,,209.35,2.65
5149153,2026,actual,193.0,18.0,2.0,14.0,21.0,545.0,1.0,3.0,4.0,70.0,4.0,3.0,29.0,1149.01,67.0,15.0,14.0,33.0,80431.0,29.0,38.0,6.0,431.0,1579.0,,,262.65,3.75
5149153,2027,projected,177.0,17.0,2.0,19.0,21.0,,2.0,,3.0,76.0,4.0,4.0,28.0,1142.12,65.0,15.0,13.0,33.0,86801.12,34.0,37.0,6.0,,,,,254.15,3.34
5149153,2027,actual,,,,,,,,,,,,,,,,,,,,,,,,,,,,
5149155,2023,projected,,,,,,,,,,,,,,,,,,,,,,,,,,,,
5149155,2023,actual,,,,,,,,,,,,,,,,,,,,,,,,,,,,
5149155,2024,projected,,,,,,,,,,,,,,,,,,,,,,,,,,,,
5149155,2024,actual,,,,,,,,,,,,,,,,,,,,,,,,,,,,
5149155,2025,projected,,,,,,,,,,,,,,,,,,,,,,,,,,,,
5149155,2025,actual,127.0,12.0,0.0,13.0,12.0,113.0,0.0,1.0,-15.0,74.0,5.0,0.0,18.0,951.16,45.0,7.0,7.0,18.0,70386.0,16.0,27.0,5.0,65.0,1343.0,,,167.55,2.26
5149155,2026,projected,189.0,15.0,,20.0,15.0,,,,-29.0,76.0,9.0,,27.0,996.0,65.0,6.0,6.0,32.0,75696.0,23.0,38.0,9.0,,,,,245.75,3.23
5149155,2026,actual,166.0,17.0,0.0,16.0,17.0,34.0,0.0,5.0,1.0,69.0,8.0,0.0,24.0,1090.99,59.0,9.0,9.0,16.0,75278.0,12.0,35.0,8.0,14.0,1350.0,,,216.6,3.14
5149155,2027,projected,159.0,17.0,,16.0,17.0,,,,-1.0,72.0,8.0,,24.0,1106.35,59.0,9.0,9.0,18.0,79657.2,12.0,35.0,8.0,,,,,210.85,2.93
5149155,2027,actual,,,,,,,,,,,,,,,,,,,,,,,,,,,,
5149170,2023,projected,,,,,,,,,,,,,,,,,,,,,,,,,,,,
5149170,2023,actual,,,,,,,,,,,,,,,,,,,,,,,,,,,,
5149170,2024,projected,,,,,,,,,,,,,,,,,,,,,,,,,,,,
5149170,2024,actual,,,,,,,,,,,,,,,,,,,,,,,,,,,,
5149170,2025,projected,,,,,,,,,,,,,,,,,,,,,,,,,,,,
5149170,2025,actual,199.0,17.0,0.0,29.0,17.0,22.0,0.0,3.0,-18.0,80.0,8.0,0.0,26.0,1001.06,63.0,9.0,9.0,46.0,80085.0,23.0,37.0,8.0,19.0,1560.0,,,254.65,3.18
5149170,2026,projected,243.0,20.0,,36.0,20.0,,,,-25.0,81.0,9.0,,31.0,1014.0,72.0,11.0,11.0,60.0,82134.0,31.0,41.0,9.0,,,,,299.35,3.7
5149170,2026,actual,163.0,12.0,0.0,33.0,12.0,11.0,0.0,3.0,0.0,81.0,4.0,0.0,20.0,890.41,51.0,8.0,8.0,71.0,72123.0,19.0,31.0,4.0,1.0,1607.0,,,222.05,2.74
5149170,2027,projected,183.0,12.0,,35.0,12.0,,,,-3.0,84.0,4.0,,21.0,896.6,55.0,8.0,8.0,75.0,75313.98,20.0,34.0,4.0,,,,,235.75,2.81
5149170,2027,actual,,,,,,,,,,,,,,,,,,,,,,,,,,,,
5149172,2023,projected,,,,,,,,,,,,,,,,,,,,,,,,,,,,
5149172,2023,actual,,,,,,,,,,,,,,,,,,,,,,,,,,,,
5149172,2024,projected,,,,,,,,,,,,,,,,,,,,,,,,,,,,
5149172,2024,actual,,,,,,,,,,,,,,,,,,,,,,,,,,,,
5149172,2025,projected,,,,,,,,,,,,,,,,,,,,,,,,,,,,
5149172,2025,actual,17.0,0.0,0.0,18.0,0.0,0.0,0.0,0.0,-4.0,9.0,0.0,0.0,1.0,850.67,1.0,0.0,0.0,11.0,7656.0,4.0,0.0,0.0,1.0,162.0,,,16.55,1.84
5149172,2026,projected,,,,,,,,,,,,,,,,,,,,,,,,,,,,
5149172,2026,actual,153.0,14.0,0.0,124.0,14.0,5.0,0.0,3.0,2.0,75.0,4.0,0.0,20.0,864.81,45.0,10.0,10.0,47.0,64861.0,25.0,25.0,4.0,6.0,1345.0,,,208.65,2.78
5149172,2027,projected,150.0,13.0,,124.0,13.0,,,,1.0,74.0,3.0,,19.0,886.24,43.0,10.0,10.0,47.0,65581.98,25.0,24.0,3.0,,,,,198.9,2.69
5149172,2027,actual,,,,,,,,,,,,,,,,,,,,,,,,,,,,
5149175,2023,projected,,,,,,,,,,,,,,,,,,,,,,,,,,,,
5149175,2023,actual,,,,,,,,,,,,,,,,,,,,,,,,,,,,
5149175,2024,projected,,,,,,,,,,,,,,,,,,,,,,,,,,,,
5149175,2024,actual,,,,,,,,,,,,,,,,,,,,,,,,,,,,
5149175,2025,projected,,,,,,,,,,,,,,,,,,,,,,,,,,,,
5149175,2025,actual,,,,,,,,,,,,,,,,,,,,,,,,,,,,
5149175,2026,projected,,,,,,,,,,,,,,,,,,,,,,,,,,,,
5149175,2026,actual,31.0,3.0,0.0,8.0,3.0,91.0,0.0,0.0,-7.0,28.0,0.0,0.0,2.0,663.18,7.0,3.0,3.0,4.0,18569.0,9.0,5.0,0.0,55.0,436.0,,,32.55,1.16
5149175,2027,projected,,,,,,,,,,,,,,,,,,,,,,,,,,,,
5149175,2027,actual,,,,,,,,,,,,,,,,,,,,,,,,,,,,
5149178,2023,projected,,,,,,,,,,,,,,,,,,,,,,,,,,,,
5149178,2023,actual,,,,,,,,,,,,,,,,,,,,,,,,,,,,
5149178,2024,projected,,,,,,,,,,,,,,,,,,,,,,,,,,,,
5149178,2024,actual,,,,,,,,,,,,,,,,,,,,,,,,,,,,
5149178,2025,projected,,,,,,,,,,,,,,,,,,,,,,,,,,,,
5149178,2025,actual,2.0,0.0,0.0,0.0,0.0,3.0,0.0,0.0,0.0,2.0,0.0,0.0,0.0,564.5,0.0,0.0,0.0,0.0,1129.0,0.0,0.0,0.0,3.0,26.0,,,0.5,0.25
5149178,2026,projected,,,,,,,,,,,,,,,,,,,,,,,,,,,,
5149178,2026,actual,93.0,7.0,0.0,77.0,7.0,394.0,0.0,0.0,-6.0,71.0,5.0,0.0,12.0,860.34,21.0,2.0,2.0,26.0,61084.0,24.0,9.0,5.0,335.0,1333.0,,,115.95,1.63
5149178,2027,projected,,,,,,,,,,,,,,,,,,,,,,,,,,,,
5149178,2027,actual,,,,,,,,,,,,,,,,,,,,,,,,,,,,
5149183,2023,projected,,,,,,,,,,,,,,,,,,,,,,,,,,,,
5149183,2023,actual,,,,,,,,,,,,,,,,,,,,,,,,,,,,
5149183,2024,projected,,,,,,,,,,,,,,,,,,,,,,,,,,,,
5149183,2024,actual,,,,,,,,,,,,,,,,,,,,,,,,,,,,
5149183,2025,projected,,,,,,,,,,,,,,,,,,,,,,,,,,,,
5149183,2025,actual,,,,,,,,,,,,,,,,,,,,,,,,,,,,
5149183,2026,projected,,,,,,,,,,,,,,,,,,,,,,,,,,,,
5149183,2026,actual,43.0,3.0,0.0,16.0,3.0,14.0,0.0,0.0,1.0,29.0,1.0,0.0,3.0,748.17,7.0,2.0,2.0,8.0,21697.0,18.0,4.0,1.0,7.0,482.0,,,44.35,1.53
5149183,2027,projected,,,,,,,,,,,,,,,,,,,,,,,,,,,,
5149183,2027,actual,,,,,,,,,,,,,,,,,,,,,,,,,,,,
5149186,2023,projected,,,,,,,,,,,,,,,,,,,,,,,,,,,,
5149186,2023,actual,,,,,,,,,,,,,,,,,,,,,,,,,,,,
5149186,2024,projected,,,,,,,,,,,,,,,,,,,,,,,,,,,,
5149186,2024,actual,98.0,2.0,0.0,30.0,2.0,12.0,0.0,1.0,-3.0,71.0,0.0,0.0,11.0,871.04,30.0,2.0,2.0,36.0,61844.0,35.0,19.0,0.0,5.0,1286.0,,,136.0,1.92
5149186,2025,projected,208.0,13.0,,38.0,13.0,,,,-14.0,75.0,4.0,,23.0,972.0,51.0,9.0,9.0,52.0,72900.0,39.0,28.0,4.0,,,,,234.8,3.13
5149186,2025,actual,120.0,4.0,0.0,35.0,4.0,17.0,0.0,0.0,-2.0,75.0,3.0,0.0,10.0,889.11,28.0,1.0,1.0,60.0,66683.0,29.0,18.0,3.0,4.0,1509.0,,,147.5,1.97
5149186,2026,projected,,,,,,,,,,,,,,,,,,,,,,,,,,,,
5149186,2026,actual,116.0,5.0,1.0,40.0,7.0,8.0,1.0,4.0,27.0,65.0,1.0,2.0,13.0,953.26,43.0,5.0,4.0,42.0,61962.0,22.0,30.0,2.0,7.0,1343.0,,,174.0,2.68
5149186,2027,projected,114.0,4.0,1.0,38.0,6.0,,1.0,,20.0,69.0,1.0,2.0,12.0,906.81,40.0,4.0,3.0,47.0,62570.03,26.0,28.0,2.0,,,,,166.3,2.41
5149186,2027,actual,,,,,,,,,,,,,,,,,,,,,,,,,,,,
5149188,2023,projected,,,,,,,,,,,,,,,,,,,,,,,,,,,,
5149188,2023,actual,,,,,,,,,,,,,,,,,,,,,,,,,,,,
5149188,2024,projected,,,,,,,,,,,,,,,,,,,,,,,,,,,,
5149188,2024,actual,,,,,,,,,,,,,,,,,,,,,,,,,,,,
5149188,2025,projected,,,,,,,,,,,,,,,,,,,,,,,,,,,,
5149188,2025,actual,,,,,,,,,,,,,,,,,,,,,,,,,,,,
5149188,2026,projected,,,,,,,,,,,,,,,,,,,,,,,,,,,,
5149188,2026,actual,2.0,0.0,0.0,0.0,0.0,13.0,0.0,0.0,0.0,3.0,0.0,0.0,0.0,659.33,0.0,0.0,0.0,2.0,1978.0,0.0,0.0,0.0,6.0,49.0,,,1.5,0.5
5149188,2027,projected,,,,,,,,,,,,,,,,,,,,,,,,,,,,
5149188,2027,actual,,,,,,,,,,,,,,,,,,,,,,,,,,,,
5149189,2023,projected,,,,,,,,,,,,,,,,,,,,,,,,,,,,
5149189,2023,actual,,,,,,,,,,,,,,,,,,,,,,,,,,,,
5149189,2024,projected,,,,,,,,,,,,,,,,,,,,,,,,,,,,
5149189,2024,actual,,,,,,,,,,,,,,,,,,,,,,,,,,,,
5149189,2025,projected,,,,,,,,,,,,,,,,,,,,,,,,,,,,
5149189,2025,actual,8.0,0.0,0.0,2.0,0.0,2.0,0.0,0.0,0.0,6.0,0.0,0.0,0.0,694.83,1.0,0.0,0.0,2.0,4169.0,2.0,1.0,0.0,1.0,103.0,,,6.2,1.03
5149189,2026,projected,,,,,,,,,,,,,,,,,,,,,,,,,,,,
5149189,2026,actual,103.0,8.0,1.0,53.0,9.0,124.0,0.0,1.0,-3.0,71.0,4.0,1.0,17.0,739.27,30.0,4.0,4.0,14.0,52488.0,25.0,13.0,5.0,82.0,1080.0,1.0,,139.55,1.97
5149189,2027,projected,,,,,,,,,,,,,,,,,,,,,,,,,,,,
5149189,2027,actual,,,,,,,,,,,,,,,,,,,,,,,,,,,,
5149191,2023,projected,,,,,,,,,,,,,,,,,,,,,,,,,,,,
5149191,2023,actual,,,,,,,,,,,,,,,,,,,,,,,,,,,,
5149191,2024,projected,,,,,,,,,,,,,,,,,,,,,,,,,,,,
5149191,2024,actual,,,,,,,,,,,,,,,,,,,,,,,,,,,,
5149191,2025,projected,,,,,,,,,,,,,,,,,,,,,,,,,,,,
5149191,2025,actual,6.0,0.0,0.0,6.0,0.0,1.0,0.0,0.0,-1.0,5.0,0.0,0.0,0.0,743.6,0.0,0.0,0.0,2.0,3718.0,2.0,0.0,0.0,0.0,83.0,,,4.1,0.82
5149191,2026,projected,,,,,,,,,,,,,,,,,,,,,,,,,,,,
5149191,2026,actual,22.0,0.0,0.0,35.0,0.0,5.0,0.0,0.0,1.0,18.0,0.0,0.0,2.0,740.5,4.0,0.0,0.0,2.0,13329.0,6.0,2.0,0.0,6.0,342.0,,,23.0,1.28
5149191,2027,projected,,,,,,,,,,,,,,,,,,,,,,,,,,,,
5149191,2027,actual,,,,,,,,,,,,,,,,,,,,,,,,,,,,
5149194,2023,projected,,,,,,,,,,,,,,,,,,,,,,,,,,,,
5149194,2023,actual,,,,,,,,,,,,,,,,,,,,,,,,,,,,
5149194,2024,projected,,,,,,,,,,,,,,,,,,,,,,,,,,,,
5149194,2024,actual,,,,,,,,,,,,,,,,,,,,,,,,,,,,
5149194,2025,projected,,,,,,,,,,,,,,,,,,,,,,,,,,,,
5149194,2025,actual,10.0,0.0,0.0,6.0,0.0,16.0,0.0,0.0,-2.0,9.0,0.0,0.0,0.0,814.67,4.0,0.0,0.0,4.0,7332.0,2.0,4.0,0.0,11.0,154.0,,,14.1,1.57
5149194,2026,projected,,,,,,,,,,,,,,,,,,,,,,,,,,,,
5149194,2026,actual,57.0,5.0,0.0,25.0,5.0,106.0,0.0,0.0,-15.0,51.0,2.0,0.0,5.0,770.63,19.0,3.0,3.0,19.0,39302.0,13.0,14.0,2.0,99.0,897.0,,,79.25,1.55
5149194,2027,projected,,,,,,,,,,,,,,,,,,,,,,,,,,,,
5149194,2027,actual,,,,,,,,,,,,,,,,,,,,,,,,,,,,
5149204,2023,projected,,,,,,,,,,,,,,,,,,,,,,,,,,,,
5149204,2023,actual,,,,,,,,,,,,,,,,,,,,,,,,,,,,
5149204,2024,projected,,,,,,,,,,,,,,,,,,,,,,,,,,,,
5149204,2024,actual,,,,,,,,,,,,,,,,,,,,,,,,,,,,
5149204,2025,projected,,,,,,,,,,,,,,,,,,,,,,,,,,,,
5149204,2025,actual,5.0,0.0,0.0,1.0,0.0,1.0,0.0,0.0,-1.0,5.0,0.0,0.0,0.0,866.2,0.0,0.0,0.0,0.0,4331.0,1.0,0.0,0.0,0.0,96.0,,,1.85,0.37
5149204,2026,projected,,,,,,,,,,,,,,,,,,,,,,,,,,,,
5149204,2026,actual,73.0,6.0,0.0,25.0,6.0,5.0,0.0,3.0,0.0,49.0,3.0,0.0,12.0,959.18,27.0,3.0,3.0,10.0,47000.0,22.0,15.0,3.0,5.0,990.0,1.0,,113.25,2.31
5149204,2027,projected,,,,,,,,,,,,,,,,,,,,,,,,,,,,
5149204,2027,actual,,,,,,,,,,,,,,,,,,,,,,,,,,,,
5149208,2023,projected,,,,,,,,,,,,,,,,,,,,,,,,,,,,
5149208,2023,actual,,,,,,,,,,,,,,,,,,,,,,,,,,,,
5149208,2024,projected,,,,,,,,,,,,,,,,,,,,,,,,,,,,
5149208,2024,actual,,,,,,,,,,,,,,,,,,,,,,,,,,,,
5149208,2025,projected,,,,,,,,,,,,,,,,,,,,,,,,,,,,
5149208,2025,actual,,,,,,,,,,,,,,,,,,,,,,,,,,,,
5149208,2026,projected,,,,,,,,,,,,,,,,,,,,,,,,,,,,
5149208,2026,actual,31.0,0.0,0.0,49.0,1.0,10.0,1.0,0.0,3.0,32.0,0.0,1.0,3.0,817.12,10.0,1.0,0.0,5.0,26148.0,15.0,7.0,0.0,4.0,615.0,,,46.65,1.46
5149208,2027,projected,,,,,,,,,,,,,,,,,,,,,,,,,,,,
5149208,2027,actual,,,,,,,,,,,,,,,,,,,,,,,,,,,,
5149210,2023,projected,,,,,,,,,,,,,,,,,,,,,,,,,,,,
5149210,2023,actual,,,,,,,,,,,,,,,,,,,,,,,,,,,,
5149210,2024,projected,,,,,,,,,,,,,,,,,,,,,,,,,,,,
5149210,2024,actual,,,,,,,,,,,,,,,,,,,,,,,,,,,,
5149210,2025,projected,,,,,,,,,,,,,,,,,,,,,,,,,,,,
5149210,2025,actual,11.0,0.0,0.0,6.0,0.0,4.0,0.0,0.0,-7.0,7.0,0.0,0.0,1.0,766.86,1.0,0.0,0.0,0.0,5368.0,2.0,0.0,0.0,3.0,115.0,,,7.35,1.05
5149210,2026,projected,,,,,,,,,,,,,,,,,,,,,,,,,,,,
5149210,2026,actual,79.0,11.0,0.0,17.0,11.0,196.0,0.0,4.0,-14.0,65.0,5.0,0.0,13.0,807.97,30.0,6.0,6.0,22.0,52518.0,34.0,17.0,5.0,114.0,1093.0,,,134.45,2.07
5149210,2027,projected,,,,,,,,,,,,,,,,,,,,,,,,,,,,
5149210,2027,actual,,,,,,,,,,,,,,,,,,,,,,,,,,,,
5149211,2023,projected,,,,,,,,,,,,,,,,,,,,,,,,,,,,
5149211,2023,actual,,,,,,,,,,,,,,,,,,,,,,,,,,,,
5149211,2024,projected,,,,,,,,,,,,,,,,,,,,,,,,,,,,
5149211,2024,actual,,,,,,,,,,,,,,,,,,,,,,,,,,,,
5149211,2025,projected,,,,,,,,,,,,,,,,,,,,,,,,,,,,
5149211,2025,actual,,,,,,,,,,,,,,,,,,,,,,,,,,,,
5149211,2026,projected,,,,,,,,,,,,,,,,,,,,,,,,,,,,
5149211,2026,actual,92.0,6.0,0.0,72.0,6.0,4.0,0.0,1.0,-5.0,66.0,2.0,0.0,11.0,882.67,29.0,4.0,4.0,45.0,58256.0,32.0,18.0,2.0,2.0,1168.0,,,142.7,2.16
5149211,2027,projected,,,,,,,,,,,,,,,,,,,,,,,,,,,,
5149211,2027,actual,,,,,,,,,,,,,,,,,,,,,,,,,,,,
5149213,2023,projected,,,,,,,,,,,,,,,,,,,,,,,,,,,,
5149213,2023,actual,,,,,,,,,,,,,,,,,,,,,,,,,,,,
5149213,2024,projected,,,,,,,,,,,,,,,,,,,,,,,,,,,,
5149213,2024,actual,3.0,0.0,0.0,0.0,0.0,0.0,0.0,0.0,-3.0,1.0,0.0,0.0,0.0,1148.0,0.0,0.0,0.0,0.0,1148.0,1.0,0.0,0.0,0.0,22.0,,,1.25,1.25
5149213,2025,projected,,,,,,,,,,,,,,,,,,,,,,,,,,,,
5149213,2025,actual,8.0,0.0,0.0,2.0,0.0,0.0,0.0,0.0,0.0,2.0,0.0,0.0,0.0,689.0,1.0,0.0,0.0,0.0,1378.0,1.0,1.0,0.0,0.0,30.0,,,4.7,2.35
5149213,2026,projected,,,,,,,,,,,,,,,,,,,,,,,,,,,,
5149213,2026,actual,12.0,1.0,0.0,21.0,1.0,3.0,0.0,0.0,1.0,12.0,1.0,0.0,3.0,777.67,3.0,0.0,0.0,2.0,9332.0,5.0,0.0,1.0,0.0,196.0,,,18.6,1.55
5149213,2027,projected,,,,,,,,,,,,,,,,,,,,,,,,,,,,
5149213,2027,actual,,,,,,,,,,,,,,,,,,,,,,,,,,,,
5149239,2023,projected,,,,,,,,,,,,,,,,,,,,,,,,,,,,
5149239,2023,actual,,,,,,,,,,,,,,,,,,,,,,,,,,,,
5149239,2024,projected,,,,,,,,,,,,,,,,,,,,,,,,,,,,
5149239,2024,actual,,,,,,,,,,,,,,,,,,,,,,,,,,,,
5149239,2025,projected,,,,,,,,,,,,,,,,,,,,,,,,,,,,
5149239,2025,actual,,,,,,,,,,,,,,,,,,,,,,,,,,,,
5149239,2026,projected,,,,,,,,,,,,,,,,,,,,,,,,,,,,
5149239,2026,actual,6.0,0.0,0.0,9.0,0.0,42.0,0.0,0.0,2.0,13.0,0.0,0.0,0.0,554.15,2.0,0.0,0.0,2.0,7204.0,8.0,2.0,0.0,34.0,175.0,,,11.4,0.88
5149239,2027,projected,,,,,,,,,,,,,,,,,,,,,,,,,,,,
5149239,2027,actual,,,,,,,,,,,,,,,,,,,,,,,,,,,,
5149245,2023,projected,,,,,,,,,,,,,,,,,,,,,,,,,,,,
5149245,2023,actual,,,,,,,,,,,,,,,,,,,,,,,,,,,,
5149245,2024,projected,,,,,,,,,,,,,,,,,,,,,,,,,,,,
5149245,2024,actual,,,,,,,,,,,,,,,,,,,,,,,,,,,,
5149245,2025,projected,,,,,,,,,,,,,,,,,,,,,,,,,,,,
5149245,2025,actual,,,,,,,,,,,,,,,,,,,,,,,,,,,,
5149245,2026,projected,,,,,,,,,,,,,,,,,,,,,,,,,,,,
5149245,2026,actual,47.0,0.0,0.0,20.0,0.0,5.0,0.0,0.0,-3.0,33.0,0.0,0.0,2.0,730.88,8.0,0.0,0.0,14.0,24119.0,16.0,6.0,0.0,0.0,554.0,,,46.75,1.42
5149245,2027,projected,,,,,,,,,,,,,,,,,,,,,,,,,,,,
5149245,2027,actual,,,,,,,,,,,,,,,,,,,,,,,,,,,,
5149249,2023,projected,,,,,,,,,,,,,,,,,,,,,,,,,,,,
5149249,2023,actual,,,,,,,,,,,,,,,,,,,,,,,,,,,,
5149249,2024,projected,,,,,,,,,,,,,,,,,,,,,,,,,,,,
5149249,2024,actual,,,,,,,,,,,,,,,,,,,,,,,,,,,,
5149249,2025,projected,,,,,,,,,,,,,,,,,,,,,,,,,,,,
5149249,2025,actual,,,,,,,,,,,,,,,,,,,,,,,,,,,,
5149249,2026,projected,,,,,,,,,,,,,,,,,,,,,,,,,,,,
5149249,2026,actual,0.0,0.0,0.0,0.0,0.0,0.0,0.0,0.0,1.0,1.0,0.0,0.0,0.0,875.0,1.0,0.0,0.0,0.0,875.0,1.0,1.0,0.0,0.0,17.0,,,2.5,2.5
5149249,2027,projected,,,,,,,,,,,,,,,,,,,,,,,,,,,,
5149249,2027,actual,,,,,,,,,,,,,,,,,,,,,,,,,,,,
5172806,2023,projected,,,,,,,,,,,,,,,,,,,,,,,,,,,,
5172806,2023,actual,,,,,,,,,,,,,,,,,,,,,,,,,,,,
5172806,2024,projected,,,,,,,,,,,,,,,,,,,,,,,,,,,,
5172806,2024,actual,,,,,,,,,,,,,,,,,,,,,,,,,,,,
5172806,2025,projected,,,,,,,,,,,,,,,,,,,,,,,,,,,,
5172806,2025,actual,,,,,,,,,,,,,,,,,,,,,,,,,,,,
5172806,2026,projected,,,,,,,,,,,,,,,,,,,,,,,,,,,,
5172806,2026,actual,25.0,0.0,0.0,23.0,0.0,4.0,0.0,0.0,-4.0,16.0,0.0,0.0,5.0,670.12,5.0,0.0,0.0,12.0,10722.0,9.0,0.0,0.0,1.0,228.0,,,34.05,2.13
5172806,2027,projected,,,,,,,,,,,,,,,,,,,,,,,,,,,,
5172806,2027,actual,,,,,,,,,,,,,,,,,,,,,,,,,,,,
5173105,2023,projected,,,,,,,,,,,,,,,,,,,,,,,,,,,,
5173105,2023,actual,,,,,,,,,,,,,,,,,,,,,,,,,,,,
5173105,2024,projected,,,,,,,,,,,,,,,,,,,,,,,,,,,,
5173105,2024,actual,,,,,,,,,,,,,,,,,,,,,,,,,,,,
5173105,2025,projected,,,,,,,,,,,,,,,,,,,,,,,,,,,,
5173105,2025,actual,,,,,,,,,,,,,,,,,,,,,,,,,,,,
5173105,2026,projected,,,,,,,,,,,,,,,,,,,,,,,,,,,,
5173105,2026,actual,43.0,4.0,0.0,43.0,4.0,11.0,0.0,0.0,-6.0,43.0,1.0,0.0,5.0,804.44,17.0,3.0,3.0,16.0,34591.0,19.0,12.0,1.0,7.0,753.0,,,74.05,1.72
5173105,2027,projected,,,,,,,,,,,,,,,,,,,,,,,,,,,,
5173105,2027,actual,,,,,,,,,,,,,,,,,,,,,,,,,,,,
5173114,2023,projected,,,,,,,,,,,,,,,,,,,,,,,,,,,,
5173114,2023,actual,,,,,,,,,,,,,,,,,,,,,,,,,,,,
5173114,2024,projected,,,,,,,,,,,,,,,,,,,,,,,,,,,,
5173114,2024,actual,,,,,,,,,,,,,,,,,,,,,,,,,,,,
5173114,2025,projected,,,,,,,,,,,,,,,,,,,,,,,,,,,,
5173114,2025,actual,2.0,0.0,0.0,5.0,0.0,0.0,0.0,0.0,1.0,3.0,0.0,0.0,1.0,470.0,1.0,0.0,0.0,2.0,1410.0,1.0,0.0,0.0,0.0,36.0,,,5.5,1.83
5173114,2026,projected,,,,,,,,,,,,,,,,,,,,,,,,,,,,
5173114,2026,actual,10.0,0.0,0.0,27.0,0.0,36.0,0.0,0.0,-2.0,15.0,0.0,0.0,0.0,585.0,1.0,0.0,0.0,4.0,8775.0,12.0,1.0,0.0,30.0,200.0,,,15.2,1.01
5173114,2027,projected,,,,,,,,,,,,,,,,,,,,,,,,,,,,
5173114,2027,actual,,,,,,,,,,,,,,,,,,,,,,,,,,,,
5173616,2023,projected,,,,,,,,,,,,,,,,,,,,,,,,,,,,
5173616,2023,actual,,,,,,,,,,,,,,,,,,,,,,,,,,,,
5173616,2024,projected,,,,,,,,,,,,,,,,,,,,,,,,,,,,
5173616,2024,actual,,,,,,,,,,,,,,,,,,,,,,,,,,,,
5173616,2025,projected,,,,,,,,,,,,,,,,,,,,,,,,,,,,
5173616,2025,actual,,,,,,,,,,,,,,,,,,,,,,,,,,,,
5173616,2026,projected,,,,,,,,,,,,,,,,,,,,,,,,,,,,
5173616,2026,actual,9.0,0.0,0.0,18.0,0.0,1.0,0.0,0.0,-4.0,10.0,0.0,0.0,0.0,523.0,1.0,0.0,0.0,10.0,5230.0,1.0,1.0,0.0,0.0,118.0,,,11.55,1.16
5173616,2027,projected,,,,,,,,,,,,,,,,,,,,,,,,,,,,
5173616,2027,actual,,,,,,,,,,,,,,,,,,,,,,,,,,,,
5173765,2023,projected,,,,,,,,,,,,,,,,,,,,,,,,,,,,
5173765,2023,actual,,,,,,,,,,,,,,,,,,,,,,,,,,,,
5173765,2024,projected,,,,,,,,,,,,,,,,,,,,,,,,,,,,
5173765,2024,actual,,,,,,,,,,,,,,,,,,,,,,,,,,,,
5173765,2025,projected,,,,,,,,,,,,,,,,,,,,,,,,,,,,
5173765,2025,actual,,,,,,,,,,,,,,,,,,,,,,,,,,,,
5173765,2026,projected,,,,,,,,,,,,,,,,,,,,,,,,,,,,
5173765,2026,actual,57.0,3.0,0.0,57.0,3.0,1.0,0.0,0.0,-18.0,41.0,2.0,0.0,10.0,760.37,15.0,1.0,1.0,10.0,31175.0,12.0,5.0,2.0,1.0,693.0,,,73.45,1.79
5173765,2027,projected,,,,,,,,,,,,,,,,,,,,,,,,,,,,
5173765,2027,actual,,,,,,,,,,,,,,,,,,,,,,,,,,,,
5188343,2023,projected,,,,,,,,,,,,,,,,,,,,,,,,,,,,
5188343,2023,actual,,,,,,,,,,,,,,,,,,,,,,,,,,,,
5188343,2024,projected,,,,,,,,,,,,,,,,,,,,,,,,,,,,
5188343,2024,actual,,,,,,,,,,,,,,,,,,,,,,,,,,,,
5188343,2025,projected,,,,,,,,,,,,,,,,,,,,,,,,,,,,
5188343,2025,actual,,,,,,,,,,,,,,,,,,,,,,,,,,,,
5188343,2026,projected,,,,,,,,,,,,,,,,,,,,,,,,,,,,
5188343,2026,actual,35.0,0.0,0.0,50.0,0.0,99.0,0.0,0.0,6.0,60.0,0.0,0.0,1.0,432.27,10.0,0.0,0.0,14.0,25936.0,22.0,9.0,0.0,73.0,620.0,,,52.75,0.88
5188343,2027,projected,,,,,,,,,,,,,,,,,,,,,,,,,,,,
5188343,2027,actual,,,,,,,,,,,,,,,,,,,,,,,,,,,,
5188348,2023,projected,,,,,,,,,,,,,,,,,,,,,,,,,,,,
5188348,2023,actual,,,,,,,,,,,,,,,,,,,,,,,,,,,,
5188348,2024,projected,,,,,,,,,,,,,,,,,,,,,,,,,,,,
5188348,2024,actual,,,,,,,,,,,,,,,,,,,,,,,,,,,,
5188348,2025,projected,,,,,,,,,,,,,,,,,,,,,,,,,,,,
5188348,2025,actual,,,,,,,,,,,,,,,,,,,,,,,,,,,,
5188348,2026,projected,,,,,,,,,,,,,,,,,,,,,,,,,,,,
5188348,2026,actual,23.0,0.0,0.0,53.0,0.0,4.0,0.0,1.0,-2.0,28.0,0.0,0.0,4.0,549.07,6.0,0.0,0.0,11.0,15374.0,16.0,2.0,0.0,0.0,354.0,,,41.55,1.48
5188348,2027,projected,,,,,,,,,,,,,,,,,,,,,,,,,,,,
5188348,2027,actual,,,,,,,,,,,,,,,,,,,,,,,,,,,,
5188356,2023,projected,,,,,,,,,,,,,,,,,,,,,,,,,,,,
5188356,2023,actual,,,,,,,,,,,,,,,,,,,,,,,,,,,,
5188356,2024,projected,,,,,,,,,,,,,,,,,,,,,,,,,,,,
5188356,2024,actual,,,,,,,,,,,,,,,,,,,,,,,,,,,,
5188356,2025,projected,,,,,,,,,,,,,,,,,,,,,,,,,,,,
5188356,2025,actual,,,,,,,,,,,,,,,,,,,,,,,,,,,,
5188356,2026,projected,,,,,,,,,,,,,,,,,,,,,,,,,,,,
5188356,2026,actual,23.0,0.0,0.0,16.0,0.0,2.0,0.0,1.0,3.0,17.0,0.0,0.0,5.0,758.47,9.0,0.0,0.0,2.0,12894.0,7.0,4.0,0.0,0.0,300.0,,,35.85,2.11
5188356,2027,projected,,,,,,,,,,,,,,,,,,,,,,,,,,,,
5188356,2027,actual,,,,,,,,,,,,,,,,,,,,,,,,,,,,
5188370,2023,projected,,,,,,,,,,,,,,,,,,,,,,,,,,,,
5188370,2023,actual,,,,,,,,,,,,,,,,,,,,,,,,,,,,
5188370,2024,projected,,,,,,,,,,,,,,,,,,,,,,,,,,,,
5188370,2024,actual,,,,,,,,,,,,,,,,,,,,,,,,,,,,
5188370,2025,projected,,,,,,,,,,,,,,,,,,,,,,,,,,,,
5188370,2025,actual,,,,,,,,,,,,,,,,,,,,,,,,,,,,
5188370,2026,projected,,,,,,,,,,,,,,,,,,,,,,,,,,,,
5188370,2026,actual,73.0,5.0,0.0,109.0,5.0,321.0,0.0,1.0,2.0,74.0,3.0,0.0,9.0,808.26,24.0,2.0,2.0,31.0,59811.0,43.0,15.0,3.0,331.0,1405.0,,,128.15,1.73
5188370,2027,projected,,,,,,,,,,,,,,,,,,,,,,,,,,,,
5188370,2027,actual,,,,,,,,,,,,,,,,,,,,,,,,,,,,
5188457,2023,projected,,,,,,,,,,,,,,,,,,,,,,,,,,,,
5188457,2023,actual,,,,,,,,,,,,,,,,,,,,,,,,,,,,
5188457,2024,projected,,,,,,,,,,,,,,,,,,,,,,,,,,,,
5188457,2024,actual,,,,,,,,,,,,,,,,,,,,,,,,,,,,
5188457,2025,projected,,,,,,,,,,,,,,,,,,,,,,,,,,,,
5188457,2025,actual,,,,,,,,,,,,,,,,,,,,,,,,,,,,
5188457,2026,projected,,,,,,,,,,,,,,,,,,,,,,,,,,,,
5188457,2026,actual,4.0,0.0,0.0,9.0,0.0,0.0,0.0,0.0,-1.0,5.0,0.0,0.0,0.0,575.8,1.0,0.0,0.0,7.0,2879.0,4.0,1.0,0.0,0.0,63.0,,,9.4,1.88
5188457,2027,projected,,,,,,,,,,,,,,,,,,,,,,,,,,,,
5188457,2027,actual,,,,,,,,,,,,,,,,,,,,,,,,,,,,
5188490,2023,projected,,,,,,,,,,,,,,,,,,,,,,,,,,,,
5188490,2023,actual,,,,,,,,,,,,,,,,,,,,,,,,,,,,
5188490,2024,projected,,,,,,,,,,,,,,,,,,,,,,,,,,,,
5188490,2024,actual,,,,,,,,,,,,,,,,,,,,,,,,,,,,
5188490,2025,projected,,,,,,,,,,,,,,,,,,,,,,,,,,,,
5188490,2025,actual,2.0,0.0,0.0,13.0,0.0,0.0,0.0,0.0,-3.0,7.0,0.0,0.0,0.0,524.86,0.0,0.0,0.0,2.0,3674.0,1.0,0.0,0.0,1.0,90.0,,,3.3,0.47
5188490,2026,projected,,,,,,,,,,,,,,,,,,,,,,,,,,,,
5188490,2026,actual,32.0,0.0,0.0,86.0,0.0,2.0,0.0,0.0,-7.0,55.0,0.0,0.0,4.0,677.2,14.0,0.0,0.0,46.0,37246.0,17.0,10.0,0.0,4.0,832.0,,,80.1,1.46
5188490,2027,projected,,,,,,,,,,,,,,,,,,,,,,,,,,,,
5188490,2027,actual,,,,,,,,,,,,,,,,,,,,,,,,,,,,
5188491,2023,projected,,,,,,,,,,,,,,,,,,,,,,,,,,,,
5188491,2023,actual,,,,,,,,,,,,,,,,,,,,,,,,,,,,
5188491,2024,projected,,,,,,,,,,,,,,,,,,,,,,,,,,,,
5188491,2024,actual,,,,,,,,,,,,,,,,,,,,,,,,,,,,
5188491,2025,projected,,,,,,,,,,,,,,,,,,,,,,,,,,,,
5188491,2025,actual,1.0,0.0,0.0,5.0,0.0,0.0,0.0,0.0,0.0,2.0,0.0,0.0,1.0,471.5,1.0,0.0,0.0,0.0,943.0,0.0,0.0,0.0,0.0,26.0,,,3.75,1.88
5188491,2026,projected,,,,,,,,,,,,,,,,,,,,,,,,,,,,
5188491,2026,actual,1.0,0.0,0.0,0.0,0.0,0.0,0.0,0.0,-1.0,1.0,0.0,0.0,0.0,562.0,0.0,0.0,0.0,0.0,562.0,0.0,0.0,0.0,0.0,14.0,,,0.25,0.25
5188491,2027,projected,,,,,,,,,,,,,,,,,,,,,,,,,,,,
5188491,2027,actual,,,,,,,,,,,,,,,,,,,,,,,,,,,,
5188510,2023,projected,,,,,,,,,,,,,,,,,,,,,,,,,,,,
5188510,2023,actual,,,,,,,,,,,,,,,,,,,,,,,,,,,,
5188510,2024,projected,,,,,,,,,,,,,,,,,,,,,,,,,,,,
5188510,2024,actual,,,,,,,,,,,,,,,,,,,,,,,,,,,,
5188510,2025,projected,,,,,,,,,,,,,,,,,,,,,,,,,,,,
5188510,2025,actual,,,,,,,,,,,,,,,,,,,,,,,,,,,,
5188510,2026,projected,,,,,,,,,,,,,,,,,,,,,,,,,,,,
5188510,2026,actual,6.0,0.0,0.0,2.0,0.0,1.0,0.0,0.0,-6.0,5.0,0.0,0.0,0.0,623.6,0.0,0.0,0.0,0.0,3118.0,3.0,0.0,0.0,1.0,73.0,,,3.2,0.64
5188510,2027,projected,,,,,,,,,,,,,,,,,,,,,,,,,,,,
5188510,2027,actual,,,,,,,,,,,,,,,,,,,,,,,,,,,,
5188599,2023,projected,,,,,,,,,,,,,,,,,,,,,,,,,,,,
5188599,2023,actual,,,,,,,,,,,,,,,,,,,,,,,,,,,,
5188599,2024,projected,,,,,,,,,,,,,,,,,,,,,,,,,,,,
5188599,2024,actual,,,,,,,,,,,,,,,,,,,,,,,,,,,,
5188599,2025,projected,,,,,,,,,,,,,,,,,,,,,,,,,,,,
5188599,2025,actual,,,,,,,,,,,,,,,,,,,,,,,,,,,,
5188599,2026,projected,,,,,,,,,,,,,,,,,,,,,,,,,,,,
5188599,2026,actual,120.0,8.0,0.0,131.0,8.0,61.0,0.0,1.0,-10.0,82.0,4.0,0.0,13.0,930.0,30.0,4.0,4.0,6.0,76260.0,41.0,17.0,4.0,48.0,1639.0,,,146.6,1.79
5188599,2027,projected,128.0,8.0,,134.0,8.0,,,,-10.0,84.0,4.0,,13.0,946.1,30.0,4.0,4.0,6.0,79471.98,41.0,17.0,4.0,,,,,147.9,1.76
5188599,2027,actual,,,,,,,,,,,,,,,,,,,,,,,,,,,,
5188609,2023,projected,,,,,,,,,,,,,,,,,,,,,,,,,,,,
5188609,2023,actual,,,,,,,,,,,,,,,,,,,,,,,,,,,,
5188609,2024,projected,,,,,,,,,,,,,,,,,,,,,,,,,,,,
5188609,2024,actual,,,,,,,,,,,,,,,,,,,,,,,,,,,,
5188609,2025,projected,,,,,,,,,,,,,,,,,,,,,,,,,,,,
5188609,2025,actual,,,,,,,,,,,,,,,,,,,,,,,,,,,,
5188609,2026,projected,,,,,,,,,,,,,,,,,,,,,,,,,,,,
5188609,2026,actual,6.0,0.0,0.0,2.0,0.0,0.0,0.0,0.0,-1.0,3.0,0.0,0.0,0.0,826.0,0.0,0.0,0.0,0.0,2478.0,1.0,0.0,0.0,0.0,50.0,,,2.2,0.73
5188609,2027,projected,,,,,,,,,,,,,,,,,,,,,,,,,,,,
5188609,2027,actual,,,,,,,,,,,,,,,,,,,,,,,,,,,,
5188613,2023,projected,,,,,,,,,,,,,,,,,,,,,,,,,,,,
5188613,2023,actual,,,,,,,,,,,,,,,,,,,,,,,,,,,,
5188613,2024,projected,,,,,,,,,,,,,,,,,,,,,,,,,,,,
5188613,2024,actual,,,,,,,,,,,,,,,,,,,,,,,,,,,,
5188613,2025,projected,,,,,,,,,,,,,,,,,,,,,,,,,,,,
5188613,2025,actual,,,,,,,,,,,,,,,,,,,,,,,,,,,,
5188613,2026,projected,,,,,,,,,,,,,,,,,,,,,,,,,,,,
5188613,2026,actual,9.0,0.0,0.0,2.0,0.0,0.0,0.0,0.0,0.0,6.0,0.0,0.0,0.0,697.33,1.0,0.0,0.0,2.0,4184.0,3.0,1.0,0.0,0.0,97.0,,,6.95,1.16
5188613,2027,projected,,,,,,,,,,,,,,,,,,,,,,,,,,,,
5188613,2027,actual,,,,,,,,,,,,,,,,,,,,,,,,,,,,
5188640,2023,projected,,,,,,,,,,,,,,,,,,,,,,,,,,,,
5188640,2023,actual,,,,,,,,,,,,,,,,,,,,,,,,,,,,
5188640,2024,projected,,,,,,,,,,,,,,,,,,,,,,,,,,,,
5188640,2024,actual,,,,,,,,,,,,,,,,,,,,,,,,,,,,
5188640,2025,projected,,,,,,,,,,,,,,,,,,,,,,,,,,,,
5188640,2025,actual,1.0,0.0,0.0,1.0,0.0,10.0,0.0,0.0,0.0,2.0,0.0,0.0,0.0,617.5,0.0,0.0,0.0,2.0,1235.0,4.0,0.0,0.0,5.0,27.0,,,3.35,1.68
5188640,2026,projected,,,,,,,,,,,,,,,,,,,,,,,,,,,,
5188640,2026,actual,2.0,0.0,0.0,5.0,0.0,11.0,0.0,0.0,1.0,6.0,0.0,0.0,1.0,651.33,1.0,0.0,0.0,2.0,3908.0,4.0,0.0,0.0,10.0,86.0,,,7.0,1.17
5188640,2027,projected,,,,,,,,,,,,,,,,,,,,,,,,,,,,
5188640,2027,actual,,,,,,,,,,,,,,,,,,,,,,,,,,,,
5206628,2023,projected,,,,,,,,,,,,,,,,,,,,,,,,,,,,
5206628,2023,actual,,,,,,,,,,,,,,,,,,,,,,,,,,,,
5206628,2024,projected,,,,,,,,,,,,,,,,,,,,,,,,,,,,
5206628,2024,actual,,,,,,,,,,,,,,,,,,,,,,,,,,,,
5206628,2025,projected,,,,,,,,,,,,,,,,,,,,,,,,,,,,
5206628,2025,actual,236.0,22.0,0.0,37.0,22.0,544.0,0.0,4.0,-31.0,70.0,8.0,0.0,25.0,1187.29,63.0,14.0,14.0,28.0,83110.0,53.0,38.0,8.0,507.0,1425.0,1.0,,276.2,3.95
5206628,2026,projected,296.0,30.0,,42.0,30.0,,,,-29.0,77.0,11.0,,31.0,1206.0,79.0,19.0,19.0,38.0,92862.0,59.0,48.0,11.0,,,,,336.2,4.37
5206628,2026,actual,287.0,33.0,0.0,53.0,33.0,660.0,0.0,5.0,8.0,82.0,8.0,0.0,45.0,1278.95,115.0,25.0,25.0,44.0,104874.0,53.0,70.0,8.0,625.0,1741.0,2.0,,432.05,5.27
5206628,2027,projected,280.0,32.0,,50.0,32.0,,,,2.0,83.0,8.0,,41.0,1227.78,108.0,24.0,24.0,41.0,101905.74,56.0,67.0,8.0,,,,,400.5,4.83
5206628,2027,actual,,,,,,,,,,,,,,,,,,,,,,,,,,,,
5206895,2023,projected,,,,,,,,,,,,,,,,,,,,,,,,,,,,
5206895,2023,actual,,,,,,,,,,,,,,,,,,,,,,,,,,,,
5206895,2024,projected,,,,,,,,,,,,,,,,,,,,,,,,,,,,
5206895,2024,actual,,,,,,,,,,,,,,,,,,,,,,,,,,,,
5206895,2025,projected,,,,,,,,,,,,,,,,,,,,,,,,,,,,
5206895,2025,actual,,,,,,,,,,,,,,,,,,,,,,,,,,,,
5206895,2026,projected,,,,,,,,,,,,,,,,,,,,,,,,,,,,
5206895,2026,actual,5.0,0.0,0.0,4.0,0.0,26.0,0.0,0.0,-2.0,6.0,0.0,0.0,1.0,661.5,1.0,0.0,0.0,2.0,3969.0,5.0,0.0,0.0,27.0,102.0,,,8.15,1.36
5206895,2027,projected,,,,,,,,,,,,,,,,,,,,,,,,,,,,
5206895,2027,actual,,,,,,,,,,,,,,,,,,,,,,,,,,,,
5209793,2023,projected,,,,,,,,,,,,,,,,,,,,,,,,,,,,
5209793,2023,actual,,,,,,,,,,,,,,,,,,,,,,,,,,,,
5209793,2024,projected,,,,,,,,,,,,,,,,,,,,,,,,,,,,
5209793,2024,actual,,,,,,,,,,,,,,,,,,,,,,,,,,,,
5209793,2025,projected,,,,,,,,,,,,,,,,,,,,,,,,,,,,
5209793,2025,actual,5.0,0.0,0.0,4.0,0.0,5.0,0.0,0.0,0.0,5.0,0.0,0.0,0.0,545.0,1.0,0.0,0.0,0.0,2725.0,3.0,1.0,0.0,11.0,57.0,,,5.15,1.03
5209793,2026,projected,,,,,,,,,,,,,,,,,,,,,,,,,,,,
5209793,2026,actual,24.0,0.0,1.0,32.0,1.0,88.0,0.0,0.0,1.0,20.0,0.0,1.0,3.0,706.55,5.0,0.0,0.0,2.0,14131.0,6.0,2.0,1.0,121.0,344.0,,,28.2,1.41
5209793,2027,projected,,,,,,,,,,,,,,,,,,,,,,,,,,,,
5209793,2027,actual,,,,,,,,,,,,,,,,,,,,,,,,,,,,
5212753,2023,projected,,,,,,,,,,,,,,,,,,,,,,,,,,,,
5212753,2023,actual,,,,,,,,,,,,,,,,,,,,,,,,,,,,
5212753,2024,projected,,,,,,,,,,,,,,,,,,,,,,,,,,,,
5212753,2024,actual,,,,,,,,,,,,,,,,,,,,,,,,,,,,
5212753,2025,projected,,,,,,,,,,,,,,,,,,,,,,,,,,,,
5212753,2025,actual,116.0,3.0,0.0,139.0,3.0,13.0,0.0,1.0,4.0,77.0,1.0,0.0,10.0,898.03,35.0,2.0,2.0,39.0,69148.0,40.0,25.0,1.0,10.0,1429.0,,,165.4,2.15
5212753,2026,projected,143.0,5.0,,152.0,5.0,,,,-4.0,79.0,1.0,,12.0,906.0,41.0,4.0,4.0,52.0,71574.0,52.0,29.0,1.0,,,,,199.95,2.53
5212753,2026,actual,42.0,0.0,0.0,83.0,0.0,11.0,0.0,0.0,-17.0,49.0,0.0,0.0,2.0,547.24,4.0,0.0,0.0,6.0,26815.0,8.0,2.0,0.0,9.0,601.0,,,35.8,0.73
5212753,2027,projected,169.0,16.0,,143.0,16.0,,,,-14.0,73.0,5.0,,15.0,807.0,48.0,11.0,11.0,34.0,58911.0,29.0,33.0,5.0,,,,,209.55,2.87
5212753,2027,actual,,,,,,,,,,,,,,,,,,,,,,,,,,,,
5216858,2023,projected,,,,,,,,,,,,,,,,,,,,,,,,,,,,
5216858,2023,actual,,,,,,,,,,,,,,,,,,,,,,,,,,,,
5216858,2024,projected,,,,,,,,,,,,,,,,,,,,,,,,,,,,
5216858,2024,actual,,,,,,,,,,,,,,,,,,,,,,,,,,,,
5216858,2025,projected,,,,,,,,,,,,,,,,,,,,,,,,,,,,
5216858,2025,actual,,,,,,,,,,,,,,,,,,,,,,,,,,,,
5216858,2026,projected,,,,,,,,,,,,,,,,,,,,,,,,,,,,
5216858,2026,actual,197.0,13.0,1.0,97.0,14.0,2.0,0.0,2.0,-12.0,82.0,1.0,1.0,23.0,1046.71,60.0,12.0,12.0,62.0,85830.0,24.0,37.0,2.0,3.0,1740.0,1.0,,258.95,3.16
5216858,2027,projected,210.0,13.0,1.0,98.0,15.0,,1.0,,-12.0,84.0,1.0,2.0,23.0,1095.37,60.0,13.0,12.0,65.0,92011.08,26.0,37.0,2.0,,,,,260.8,3.1
5216858,2027,actual,,,,,,,,,,,,,,,,,,,,,,,,,,,,
5216860,2023,projected,,,,,,,,,,,,,,,,,,,,,,,,,,,,
5216860,2023,actual,,,,,,,,,,,,,,,,,,,,,,,,,,,,
5216860,2024,projected,,,,,,,,,,,,,,,,,,,,,,,,,,,,
5216860,2024,actual,,,,,,,,,,,,,,,,,,,,,,,,,,,,
5216860,2025,projected,,,,,,,,,,,,,,,,,,,,,,,,,,,,
5216860,2025,actual,5.0,0.0,0.0,2.0,0.0,1.0,0.0,0.0,1.0,2.0,0.0,0.0,1.0,822.5,2.0,0.0,0.0,0.0,1645.0,0.0,1.0,0.0,0.0,33.0,,,6.45,3.23
5216860,2026,projected,,,,,,,,,,,,,,,,,,,,,,,,,,,,
5216860,2026,actual,127.0,20.0,0.0,28.0,20.0,0.0,0.0,4.0,3.0,82.0,7.0,0.0,19.0,929.88,62.0,13.0,13.0,34.0,76250.0,26.0,43.0,7.0,0.0,1469.0,,,225.05,2.74
5216860,2027,projected,119.0,19.0,,28.0,19.0,,,,3.0,79.0,7.0,,18.0,923.43,59.0,12.0,12.0,33.0,72950.97,24.0,41.0,7.0,,,,,210.05,2.66
5216860,2027,actual,,,,,,,,,,,,,,,,,,,,,,,,,,,,
5216877,2023,projected,,,,,,,,,,,,,,,,,,,,,,,,,,,,
5216877,2023,actual,,,,,,,,,,,,,,,,,,,,,,,,,,,,
5216877,2024,projected,,,,,,,,,,,,,,,,,,,,,,,,,,,,
5216877,2024,actual,,,,,,,,,,,,,,,,,,,,,,,,,,,,
5216877,2025,projected,,,,,,,,,,,,,,,,,,,,,,,,,,,,
5216877,2025,actual,,,,,,,,,,,,,,,,,,,,,,,,,,,,
5216877,2026,projected,,,,,,,,,,,,,,,,,,,,,,,,,,,,
5216877,2026,actual,78.0,2.0,0.0,8.0,2.0,88.0,0.0,2.0,-8.0,66.0,1.0,0.0,7.0,776.14,17.0,1.0,1.0,31.0,51225.0,30.0,10.0,1.0,70.0,1158.0,,,95.3,1.44
5216877,2027,projected,,,,,,,,,,,,,,,,,,,,,,,,,,,,
5216877,2027,actual,,,,,,,,,,,,,,,,,,,,,,,,,,,,
5216881,2023,projected,,,,,,,,,,,,,,,,,,,,,,,,,,,,
5216881,2023,actual,,,,,,,,,,,,,,,,,,,,,,,,,,,,
5216881,2024,projected,,,,,,,,,,,,,,,,,,,,,,,,,,,,
5216881,2024,actual,,,,,,,,,,,,,,,,,,,,,,,,,,,,
5216881,2025,projected,,,,,,,,,,,,,,,,,,,,,,,,,,,,
5216881,2025,actual,3.0,0.0,0.0,6.0,0.0,20.0,0.0,0.0,-3.0,4.0,0.0,0.0,0.0,843.25,0.0,0.0,0.0,2.0,3373.0,0.0,0.0,0.0,17.0,76.0,,,2.35,0.59
5216881,2026,projected,,,,,,,,,,,,,,,,,,,,,,,,,,,,
5216881,2026,actual,1.0,0.0,0.0,2.0,0.0,10.0,0.0,0.0,-3.0,4.0,0.0,0.0,0.0,538.0,0.0,0.0,0.0,2.0,2152.0,3.0,0.0,0.0,11.0,45.0,,,2.95,0.74
5216881,2027,projected,,,,,,,,,,,,,,,,,,,,,,,,,,,,
5216881,2027,actual,,,,,,,,,,,,,,,,,,,,,,,,,,,,
5216882,2023,projected,,,,,,,,,,,,,,,,,,,,,,,,,,,,
5216882,2023,actual,,,,,,,,,,,,,,,,,,,,,,,,,,,,
5216882,2024,projected,,,,,,,,,,,,,,,,,,,,,,,,,,,,
5216882,2024,actual,,,,,,,,,,,,,,,,,,,,,,,,,,,,
5216882,2025,projected,,,,,,,,,,,,,,,,,,,,,,,,,,,,
5216882,2025,actual,,,,,,,,,,,,,,,,,,,,,,,,,,,,
5216882,2026,projected,,,,,,,,,,,,,,,,,,,,,,,,,,,,
5216882,2026,actual,15.0,0.0,0.0,10.0,0.0,14.0,0.0,0.0,1.0,9.0,0.0,0.0,1.0,714.56,4.0,0.0,0.0,0.0,6431.0,3.0,3.0,0.0,10.0,134.0,,,15.25,1.69
5216882,2027,projected,,,,,,,,,,,,,,,,,,,,,,,,,,,,
5216882,2027,actual,,,,,,,,,,,,,,,,,,,,,,,,,,,,
5216883,2023,projected,,,,,,,,,,,,,,,,,,,,,,,,,,,,
5216883,2023,actual,,,,,,,,,,,,,,,,,,,,,,,,,,,,
5216883,2024,projected,,,,,,,,,,,,,,,,,,,,,,,,,,,,
5216883,2024,actual,,,,,,,,,,,,,,,,,,,,,,,,,,,,
5216883,2025,projected,,,,,,,,,,,,,,,,,,,,,,,,,,,,
5216883,2025,actual,,,,,,,,,,,,,,,,,,,,,,,,,,,,
5216883,2026,projected,,,,,,,,,,,,,,,,,,,,,,,,,,,,
5216883,2026,actual,20.0,0.0,0.0,43.0,0.0,0.0,0.0,0.0,-5.0,14.0,0.0,0.0,0.0,751.0,1.0,0.0,0.0,2.0,10514.0,3.0,1.0,0.0,0.0,239.0,,,13.8,0.99
5216883,2027,projected,,,,,,,,,,,,,,,,,,,,,,,,,,,,
5216883,2027,actual,,,,,,,,,,,,,,,,,,,,,,,,,,,,
5216886,2023,projected,,,,,,,,,,,,,,,,,,,,,,,,,,,,
5216886,2023,actual,,,,,,,,,,,,,,,,,,,,,,,,,,,,
5216886,2024,projected,,,,,,,,,,,,,,,,,,,,,,,,,,,,
5216886,2024,actual,,,,,,,,,,,,,,,,,,,,,,,,,,,,
5216886,2025,projected,,,,,,,,,,,,,,,,,,,,,,,,,,,,
5216886,2025,actual,,,,,,,,,,,,,,,,,,,,,,,,,,,,
5216886,2026,projected,,,,,,,,,,,,,,,,,,,,,,,,,,,,
5216886,2026,actual,6.0,0.0,0.0,9.0,0.0,28.0,0.0,1.0,-1.0,7.0,0.0,0.0,1.0,554.71,2.0,0.0,0.0,9.0,3883.0,1.0,1.0,0.0,17.0,90.0,,,13.4,1.91
5216886,2027,projected,,,,,,,,,,,,,,,,,,,,,,,,,,,,
5216886,2027,actual,,,,,,,,,,,,,,,,,,,,,,,,,,,,
5216897,2023,projected,,,,,,,,,,,,,,,,,,,,,,,,,,,,
5216897,2023,actual,,,,,,,,,,,,,,,,,,,,,,,,,,,,
5216897,2024,projected,,,,,,,,,,,,,,,,,,,,,,,,,,,,
5216897,2024,actual,,,,,,,,,,,,,,,,,,,,,,,,,,,,
5216897,2025,projected,,,,,,,,,,,,,,,,,,,,,,,,,,,,
5216897,2025,actual,,,,,,,,,,,,,,,,,,,,,,,,,,,,
5216897,2026,projected,,,,,,,,,,,,,,,,,,,,,,,,,,,,
5216897,2026,actual,70.0,7.0,0.0,11.0,7.0,14.0,0.0,0.0,-14.0,37.0,1.0,0.0,6.0,908.78,20.0,6.0,6.0,2.0,33625.0,28.0,14.0,1.0,3.0,704.0,,,83.6,2.26
5216897,2027,projected,,,,,,,,,,,,,,,,,,,,,,,,,,,,
5216897,2027,actual,,,,,,,,,,,,,,,,,,,,,,,,,,,,
5216907,2023,projected,,,,,,,,,,,,,,,,,,,,,,,,,,,,
5216907,2023,actual,,,,,,,,,,,,,,,,,,,,,,,,,,,,
5216907,2024,projected,,,,,,,,,,,,,,,,,,,,,,,,,,,,
5216907,2024,actual,,,,,,,,,,,,,,,,,,,,,,,,,,,,
5216907,2025,projected,,,,,,,,,,,,,,,,,,,,,,,,,,,,
5216907,2025,actual,,,,,,,,,,,,,,,,,,,,,,,,,,,,
5216907,2026,projected,,,,,,,,,,,,,,,,,,,,,,,,,,,,
5216907,2026,actual,46.0,5.0,0.0,17.0,5.0,0.0,0.0,2.0,2.0,28.0,3.0,0.0,9.0,903.46,19.0,2.0,2.0,6.0,25297.0,13.0,10.0,3.0,0.0,496.0,,,75.7,2.7
5216907,2027,projected,,,,,,,,,,,,,,,,,,,,,,,,,,,,
5216907,2027,actual,,,,,,,,,,,,,,,,,,,,,,,,,,,,
5229146,2023,projected,,,,,,,,,,,,,,,,,,,,,,,,,,,,
5229146,2023,actual,,,,,,,,,,,,,,,,,,,,,,,,,,,,
5229146,2024,projected,,,,,,,,,,,,,,,,,,,,,,,,,,,,
5229146,2024,actual,,,,,,,,,,,,,,,,,,,,,,,,,,,,
5229146,2025,projected,,,,,,,,,,,,,,,,,,,,,,,,,,,,
5229146,2025,actual,,,,,,,,,,,,,,,,,,,,,,,,,,,,
5229146,2026,projected,,,,,,,,,,,,,,,,,,,,,,,,,,,,
5229146,2026,actual,7.0,1.0,0.0,0.0,1.0,23.0,0.0,0.0,1.0,4.0,1.0,0.0,1.0,953.5,4.0,0.0,0.0,2.0,3814.0,2.0,3.0,1.0,19.0,77.0,,,13.75,3.44
5229146,2027,projected,,,,,,,,,,,,,,,,,,,,,,,,,,,,
5229146,2027,actual,,,,,,,,,,,,,,,,,,,,,,,,,,,,
5229176,2023,projected,,,,,,,,,,,,,,,,,,,,,,,,,,,,
5229176,2023,actual,,,,,,,,,,,,,,,,,,,,,,,,,,,,
5229176,2024,projected,,,,,,,,,,,,,,,,,,,,,,,,,,,,
5229176,2024,actual,,,,,,,,,,,,,,,,,,,,,,,,,,,,
5229176,2025,projected,,,,,,,,,,,,,,,,,,,,,,,,,,,,
5229176,2025,actual,3.0,0.0,0.0,8.0,0.0,2.0,0.0,0.0,1.0,5.0,0.0,0.0,0.0,472.8,1.0,0.0,0.0,0.0,2364.0,0.0,1.0,0.0,3.0,59.0,,,3.55,0.71
5229176,2026,projected,,,,,,,,,,,,,,,,,,,,,,,,,,,,
5229176,2026,actual,83.0,5.0,0.0,119.0,5.0,154.0,0.0,1.0,1.0,81.0,2.0,0.0,14.0,797.98,30.0,3.0,3.0,43.0,64636.0,45.0,16.0,2.0,189.0,1423.0,,,155.15,1.92
5229176,2027,projected,,,,,,,,,,,,,,,,,,,,,,,,,,,,
5229176,2027,actual,,,,,,,,,,,,,,,,,,,,,,,,,,,,
5238047,2023,projected,,,,,,,,,,,,,,,,,,,,,,,,,,,,
5238047,2023,actual,,,,,,,,,,,,,,,,,,,,,,,,,,,,
5238047,2024,projected,,,,,,,,,,,,,,,,,,,,,,,,,,,,
5238047,2024,actual,,,,,,,,,,,,,,,,,,,,,,,,,,,,
5238047,2025,projected,,,,,,,,,,,,,,,,,,,,,,,,,,,,
5238047,2025,actual,,,,,,,,,,,,,,,,,,,,,,,,,,,,
5238047,2026,projected,,,,,,,,,,,,,,,,,,,,,,,,,,,,
5238047,2026,actual,3.0,0.0,0.0,17.0,0.0,0.0,0.0,0.0,1.0,5.0,0.0,0.0,1.0,432.4,1.0,0.0,0.0,13.0,2162.0,3.0,0.0,0.0,0.0,50.0,,,13.45,2.69
5238047,2027,projected,,,,,,,,,,,,,,,,,,,,,,,,,,,,
5238047,2027,actual,,,,,,,,,,,,,,,,,,,,,,,,,,,,
5238077,2023,projected,,,,,,,,,,,,,,,,,,,,,,,,,,,,
5238077,2023,actual,,,,,,,,,,,,,,,,,,,,,,,,,,,,
5238077,2024,projected,,,,,,,,,,,,,,,,,,,,,,,,,,,,
5238077,2024,actual,,,,,,,,,,,,,,,,,,,,,,,,,,,,
5238077,2025,projected,,,,,,,,,,,,,,,,,,,,,,,,,,,,
5238077,2025,actual,,,,,,,,,,,,,,,,,,,,,,,,,,,,
5238077,2026,projected,,,,,,,,,,,,,,,,,,,,,,,,,,,,
5238077,2026,actual,2.0,0.0,0.0,7.0,0.0,0.0,0.0,0.0,-1.0,5.0,0.0,0.0,0.0,514.4,0.0,0.0,0.0,2.0,2572.0,1.0,0.0,0.0,0.0,57.0,,,2.7,0.54
5238077,2027,projected,,,,,,,,,,,,,,,,,,,,,,,,,,,,
5238077,2027,actual,,,,,,,,,,,,,,,,,,,,,,,,,,,,
5239180,2023,projected,,,,,,,,,,,,,,,,,,,,,,,,,,,,
5239180,2023,actual,,,,,,,,,,,,,,,,,,,,,,,,,,,,
5239180,2024,projected,,,,,,,,,,,,,,,,,,,,,,,,,,,,
5239180,2024,actual,,,,,,,,,,,,,,,,,,,,,,,,,,,,
5239180,2025,projected,,,,,,,,,,,,,,,,,,,,,,,,,,,,
5239180,2025,actual,,,,,,,,,,,,,,,,,,,,,,,,,,,,
5239180,2026,projected,,,,,,,,,,,,,,,,,,,,,,,,,,,,
5239180,2026,actual,2.0,0.0,0.0,7.0,0.0,15.0,0.0,0.0,-1.0,3.0,0.0,0.0,0.0,731.0,0.0,0.0,0.0,5.0,2193.0,3.0,0.0,0.0,13.0,52.0,,,5.2,1.73
5239180,2027,projected,,,,,,,,,,,,,,,,,,,,,,,,,,,,
5239180,2027,actual,,,,,,,,,,,,,,,,,,,,,,,,,,,,
5272307,2023,projected,,,,,,,,,,,,,,,,,,,,,,,,,,,,
5272307,2023,actual,,,,,,,,,,,,,,,,,,,,,,,,,,,,
5272307,2024,projected,,,,,,,,,,,,,,,,,,,,,,,,,,,,
5272307,2024,actual,,,,,,,,,,,,,,,,,,,,,,,,,,,,
5272307,2025,projected,,,,,,,,,,,,,,,,,,,,,,,,,,,,
5272307,2025,actual,,,,,,,,,,,,,,,,,,,,,,,,,,,,
5272307,2026,projected,,,,,,,,,,,,,,,,,,,,,,,,,,,,
5272307,2026,actual,75.0,4.0,0.0,19.0,4.0,9.0,0.0,2.0,-16.0,54.0,2.0,0.0,8.0,847.87,26.0,2.0,2.0,12.0,45785.0,24.0,18.0,2.0,3.0,973.0,,,103.65,1.92
5272307,2027,projected,,,,,,,,,,,,,,,,,,,,,,,,,,,,
5272307,2027,actual,,,,,,,,,,,,,,,,,,,,,,,,,,,,
5275337,2023,projected,,,,,,,,,,,,,,,,,,,,,,,,,,,,
5275337,2023,actual,,,,,,,,,,,,,,,,,,,,,,,,,,,,
5275337,2024,projected,,,,,,,,,,,,,,,,,,,,,,,,,,,,
5275337,2024,actual,,,,,,,,,,,,,,,,,,,,,,,,,,,,
5275337,2025,projected,,,,,,,,,,,,,,,,,,,,,,,,,,,,
5275337,2025,actual,,,,,,,,,,,,,,,,,,,,,,,,,,,,
5275337,2026,projected,,,,,,,,,,,,,,,,,,,,,,,,,,,,
5275337,2026,actual,2.0,0.0,0.0,1.0,0.0,0.0,0.0,0.0,1.0,2.0,0.0,0.0,0.0,873.0,1.0,0.0,0.0,2.0,1746.0,0.0,1.0,0.0,1.0,37.0,,,3.6,1.8
5275337,2027,projected,,,,,,,,,,,,,,,,,,,,,,,,,,,,
5275337,2027,actual,,,,,,,,,,,,,,,,,,,,,,,,,,,,
5278080,2023,projected,,,,,,,,,,,,,,,,,,,,,,,,,,,,
5278080,2023,actual,,,,,,,,,,,,,,,,,,,,,,,,,,,,
5278080,2024,projected,,,,,,,,,,,,,,,,,,,,,,,,,,,,
5278080,2024,actual,,,,,,,,,,,,,,,,,,,,,,,,,,,,
5278080,2025,projected,,,,,,,,,,,,,,,,,,,,,,,,,,,,
5278080,2025,actual,,,,,,,,,,,,,,,,,,,,,,,,,,,,
5278080,2026,projected,,,,,,,,,,,,,,,,,,,,,,,,,,,,
5278080,2026,actual,9.0,0.0,0.0,27.0,0.0,58.0,0.0,0.0,2.0,24.0,0.0,0.0,2.0,633.33,4.0,0.0,0.0,6.0,15200.0,14.0,2.0,0.0,54.0,384.0,,,24.95,1.04
5278080,2027,projected,,,,,,,,,,,,,,,,,,,,,,,,,,,,
5278080,2027,actual,,,,,,,,,,,,,,,,,,,,,,,,,,,,
5278081,2023,projected,,,,,,,,,,,,,,,,,,,,,,,,,,,,
5278081,2023,actual,,,,,,,,,,,,,,,,,,,,,,,,,,,,
5278081,2024,projected,,,,,,,,,,,,,,,,,,,,,,,,,,,,
5278081,2024,actual,,,,,,,,,,,,,,,,,,,,,,,,,,,,
5278081,2025,projected,,,,,,,,,,,,,,,,,,,,,,,,,,,,
5278081,2025,actual,,,,,,,,,,,,,,,,,,,,,,,,,,,,
5278081,2026,projected,,,,,,,,,,,,,,,,,,,,,,,,,,,,
5278081,2026,actual,30.0,2.0,0.0,17.0,2.0,34.0,0.0,0.0,-6.0,22.0,0.0,0.0,3.0,645.5,5.0,2.0,2.0,10.0,14201.0,6.0,2.0,0.0,30.0,298.0,,,31.2,1.42
5278081,2027,projected,,,,,,,,,,,,,,,,,,,,,,,,,,,,
5278081,2027,actual,,,,,,,,,,,,,,,,,,,,,,,,,,,,
5291934,2023,projected,,,,,,,,,,,,,,,,,,,,,,,,,,,,
5291934,2023,actual,,,,,,,,,,,,,,,,,,,,,,,,,,,,
5291934,2024,projected,,,,,,,,,,,,,,,,,,,,,,,,,,,,
5291934,2024,actual,,,,,,,,,,,,,,,,,,,,,,,,,,,,
5291934,2025,projected,,,,,,,,,,,,,,,,,,,,,,,,,,,,
5291934,2025,actual,,,,,,,,,,,,,,,,,,,,,,,,,,,,
5291934,2026,projected,,,,,,,,,,,,,,,,,,,,,,,,,,,,
5291934,2026,actual,58.0,4.0,0.0,14.0,4.0,192.0,0.0,1.0,-2.0,45.0,2.0,0.0,9.0,768.64,21.0,2.0,2.0,10.0,34589.0,23.0,12.0,2.0,162.0,728.0,,,87.4,1.94
5291934,2027,projected,,,,,,,,,,,,,,,,,,,,,,,,,,,,
5291934,2027,actual,,,,,,,,,,,,,,,,,,,,,,,,,,,,
5291935,2023,projected,,,,,,,,,,,,,,,,,,,,,,,,,,,,
5291935,2023,actual,,,,,,,,,,,,,,,,,,,,,,,,,,,,
5291935,2024,projected,,,,,,,,,,,,,,,,,,,,,,,,,,,,
5291935,2024,actual,,,,,,,,,,,,,,,,,,,,,,,,,,,,
5291935,2025,projected,,,,,,,,,,,,,,,,,,,,,,,,,,,,
5291935,2025,actual,,,,,,,,,,,,,,,,,,,,,,,,,,,,
5291935,2026,projected,,,,,,,,,,,,,,,,,,,,,,,,,,,,
5291935,2026,actual,36.0,2.0,0.0,8.0,2.0,74.0,0.0,0.0,-1.0,12.0,0.0,0.0,3.0,1061.58,9.0,2.0,2.0,4.0,12739.0,13.0,6.0,0.0,32.0,237.0,,,40.3,3.36
5291935,2027,projected,,,,,,,,,,,,,,,,,,,,,,,,,,,,
5291935,2027,actual,,,,,,,,,,,,,,,,,,,,,,,,,,,,
5291937,2023,projected,,,,,,,,,,,,,,,,,,,,,,,,,,,,
5291937,2023,actual,,,,,,,,,,,,,,,,,,,,,,,,,,,,
5291937,2024,projected,,,,,,,,,,,,,,,,,,,,,,,,,,,,
5291937,2024,actual,,,,,,,,,,,,,,,,,,,,,,,,,,,,
5291937,2025,projected,,,,,,,,,,,,,,,,,,,,,,,,,,,,
5291937,2025,actual,,,,,,,,,,,,,,,,,,,,,,,,,,,,
5291937,2026,projected,,,,,,,,,,,,,,,,,,,,,,,,,,,,
5291937,2026,actual,2.0,0.0,0.0,0.0,0.0,11.0,0.0,0.0,0.0,3.0,0.0,0.0,0.0,685.0,1.0,0.0,0.0,0.0,2055.0,2.0,1.0,0.0,5.0,39.0,,,3.5,1.17
5291937,2027,projected,,,,,,,,,,,,,,,,,,,,,,,,,,,,
5291937,2027,actual,,,,,,,,,,,,,,,,,,,,,,,,,,,,
5291941,2023,projected,,,,,,,,,,,,,,,,,,,,,,,,,,,,
5291941,2023,actual,,,,,,,,,,,,,,,,,,,,,,,,,,,,
5291941,2024,projected,,,,,,,,,,,,,,,,,,,,,,,,,,,,
5291941,2024,actual,,,,,,,,,,,,,,,,,,,,,,,,,,,,
5291941,2025,projected,,,,,,,,,,,,,,,,,,,,,,,,,,,,
5291941,2025,actual,,,,,,,,,,,,,,,,,,,,,,,,,,,,
5291941,2026,projected,,,,,,,,,,,,,,,,,,,,,,,,,,,,
5291941,2026,actual,32.0,4.0,0.0,16.0,4.0,2.0,0.0,1.0,4.0,9.0,2.0,0.0,4.0,1022.44,10.0,2.0,2.0,6.0,9202.0,2.0,6.0,2.0,1.0,190.0,,,41.6,4.62
5291941,2027,projected,,,,,,,,,,,,,,,,,,,,,,,,,,,,
5291941,2027,actual,,,,,,,,,,,,,,,,,,,,,,,,,,,,
5291947,2023,projected,,,,,,,,,,,,,,,,,,,,,,,,,,,,
5291947,2023,actual,,,,,,,,,,,,,,,,,,,,,,,,,,,,
5291947,2024,projected,,,,,,,,,,,,,,,,,,,,,,,,,,,,
5291947,2024,actual,,,,,,,,,,,,,,,,,,,,,,,,,,,,
5291947,2025,projected,,,,,,,,,,,,,,,,,,,,,,,,,,,,
5291947,2025,actual,,,,,,,,,,,,,,,,,,,,,,,,,,,,
5291947,2026,projected,,,,,,,,,,,,,,,,,,,,,,,,,,,,
5291947,2026,actual,151.0,10.0,1.0,30.0,12.0,367.0,1.0,4.0,-5.0,77.0,4.0,2.0,17.0,903.79,35.0,7.0,6.0,18.0,69592.0,58.0,18.0,5.0,282.0,1427.0,,,179.75,2.33
5291947,2027,projected,151.0,10.0,1.0,31.0,12.0,,1.0,,-5.0,79.0,4.0,2.0,18.0,878.38,35.0,7.0,6.0,17.0,69392.02,61.0,17.0,5.0,,,,,177.85,2.25
5291947,2027,actual,,,,,,,,,,,,,,,,,,,,,,,,,,,,
5291951,2023,projected,,,,,,,,,,,,,,,,,,,,,,,,,,,,
5291951,2023,actual,,,,,,,,,,,,,,,,,,,,,,,,,,,,
5291951,2024,projected,,,,,,,,,,,,,,,,,,,,,,,,,,,,
5291951,2024,actual,,,,,,,,,,,,,,,,,,,,,,,,,,,,
5291951,2025,projected,,,,,,,,,,,,,,,,,,,,,,,,,,,,
5291951,2025,actual,,,,,,,,,,,,,,,,,,,,,,,,,,,,
5291951,2026,projected,,,,,,,,,,,,,,,,,,,,,,,,,,,,
5291951,2026,actual,0.0,0.0,0.0,3.0,0.0,8.0,0.0,0.0,-2.0,3.0,0.0,0.0,0.0,646.67,0.0,0.0,0.0,0.0,1940.0,1.0,0.0,0.0,5.0,44.0,,,0.8,0.27
5291951,2027,projected,,,,,,,,,,,,,,,,,,,,,,,,,,,,
5291951,2027,actual,,,,,,,,,,,,,,,,,,,,,,,,,,,,
5291952,2023,projected,,,,,,,,,,,,,,,,,,,,,,,,,,,,
5291952,2023,actual,,,,,,,,,,,,,,,,,,,,,,,,,,,,
5291952,2024,projected,,,,,,,,,,,,,,,,,,,,,,,,,,,,
5291952,2024,actual,,,,,,,,,,,,,,,,,,,,,,,,,,,,
5291952,2025,projected,,,,,,,,,,,,,,,,,,,,,,,,,,,,
5291952,2025,actual,,,,,,,,,,,,,,,,,,,,,,,,,,,,
5291952,2026,projected,,,,,,,,,,,,,,,,,,,,,,,,,,,,
5291952,2026,actual,2.0,0.0,0.0,2.0,0.0,0.0,0.0,0.0,0.0,1.0,0.0,0.0,0.0,930.0,1.0,0.0,0.0,0.0,930.0,0.0,1.0,0.0,0.0,18.0,,,2.7,2.7
5291952,2027,projected,,,,,,,,,,,,,,,,,,,,,,,,,,,,
5291952,2027,actual,,,,,,,,,,,,,,,,,,,,,,,,,,,,
5302535,2023,projected,,,,,,,,,,,,,,,,,,,,,,,,,,,,
5302535,2023,actual,,,,,,,,,,,,,,,,,,,,,,,,,,,,
5302535,2024,projected,,,,,,,,,,,,,,,,,,,,,,,,,,,,
5302535,2024,actual,,,,,,,,,,,,,,,,,,,,,,,,,,,,
5302535,2025,projected,,,,,,,,,,,,,,,,,,,,,,,,,,,,
5302535,2025,actual,,,,,,,,,,,,,,,,,,,,,,,,,,,,
5302535,2026,projected,,,,,,,,,,,,,,,,,,,,,,,,,,,,
5302535,2026,actual,56.0,5.0,0.0,27.0,5.0,2.0,0.0,0.0,-5.0,44.0,0.0,0.0,5.0,820.98,18.0,5.0,5.0,2.0,36123.0,16.0,13.0,0.0,0.0,736.0,,,69.2,1.57
5302535,2027,projected,,,,,,,,,,,,,,,,,,,,,,,,,,,,
5302535,2027,actual,,,,,,,,,,,,,,,,,,,,,,,,,,,,
5302558,2023,projected,,,,,,,,,,,,,,,,,,,,,,,,,,,,
5302558,2023,actual,,,,,,,,,,,,,,,,,,,,,,,,,,,,
5302558,2024,projected,,,,,,,,,,,,,,,,,,,,,,,,,,,,
5302558,2024,actual,,,,,,,,,,,,,,,,,,,,,,,,,,,,
5302558,2025,projected,,,,,,,,,,,,,,,,,,,,,,,,,,,,
5302558,2025,actual,,,,,,,,,,,,,,,,,,,,,,,,,,,,
5302558,2026,projected,,,,,,,,,,,,,,,,,,,,,,,,,,,,
5302558,2026,actual,3.0,0.0,0.0,3.0,0.0,18.0,0.0,0.0,-2.0,4.0,0.0,0.0,0.0,813.25,1.0,0.0,0.0,2.0,3253.0,2.0,1.0,0.0,8.0,70.0,,,5.05,1.26
5302558,2027,projected,,,,,,,,,,,,,,,,,,,,,,,,,,,,
5302558,2027,actual,,,,,,,,,,,,,,,,,,,,,,,,,,,,
5342529,2023,projected,,,,,,,,,,,,,,,,,,,,,,,,,,,,
5342529,2023,actual,,,,,,,,,,,,,,,,,,,,,,,,,,,,
5342529,2024,projected,,,,,,,,,,,,,,,,,,,,,,,,,,,,
5342529,2024,actual,,,,,,,,,,,,,,,,,,,,,,,,,,,,
5342529,2025,projected,,,,,,,,,,,,,,,,,,,,,,,,,,,,
5342529,2025,actual,,,,,,,,,,,,,,,,,,,,,,,,,,,,
5342529,2026,projected,,,,,,,,,,,,,,,,,,,,,,,,,,,,
5342529,2026,actual,,,,,,,,,,,,,,,,,,,,,,,,,,,,
5342529,2027,projected,169.0,12.0,,29.0,12.0,,,,-9.0,72.0,7.0,,19.0,870.0,42.0,5.0,5.0,24.0,62640.0,61.0,23.0,7.0,,,,,200.15,2.78
5342529,2027,actual,,,,,,,,,,,,,,,,,,,,,,,,,,,,
5361709,2023,projected,,,,,,,,,,,,,,,,,,,,,,,,,,,,
5361709,2023,actual,,,,,,,,,,,,,,,,,,,,,,,,,,,,
5361709,2024,projected,,,,,,,,,,,,,,,,,,,,,,,,,,,,
5361709,2024,actual,,,,,,,,,,,,,,,,,,,,,,,,,,,,
5361709,2025,projected,,,,,,,,,,,,,,,,,,,,,,,,,,,,
5361709,2025,actual,,,,,,,,,,,,,,,,,,,,,,,,,,,,
5361709,2026,projected,,,,,,,,,,,,,,,,,,,,,,,,,,,,
5361709,2026,actual,,,,,,,,,,,,,,,,,,,,,,,,,,,,
5361709,2027,projected,89.0,7.0,,43.0,7.0,,,,-6.0,51.0,2.0,,10.0,900.04,24.0,5.0,5.0,15.0,45901.99,46.0,14.0,2.0,,,,,119.55,2.34
5361709,2027,actual,,,,,,,,,,,,,,,,,,,,,,,,,,,,
